ISO-10303-21;
HEADER;
FILE_DESCRIPTION (( 'STEP AP214' ),
    '1' );
FILE_NAME ('stellfuss.STEP',
    '2026-04-02T12:49:32',
    ( '' ),
    ( '' ),
    'SwSTEP 2.0',
    'SolidWorks 2026',
    '' );
FILE_SCHEMA (( 'AUTOMOTIVE_DESIGN' ));
ENDSEC;

DATA;
#1 = ADVANCED_FACE ( 'NONE', ( #715, #2148 ), #767, .T. ) ;
#2 = CARTESIAN_POINT ( 'NONE',  ( 8.000000000002190248, 2.220446049249658819E-16, 10.42264973081374890 ) ) ;
#3 = CARTESIAN_POINT ( 'NONE',  ( 4.125686153387597699, -6.854101966249581679, 4.954700538379430697 ) ) ;
#4 = ORIENTED_EDGE ( 'NONE', *, *, #2114, .F. ) ;
#5 = ADVANCED_FACE ( 'NONE', ( #740 ), #1158, .T. ) ;
#6 = DIRECTION ( 'NONE',  ( 7.315828852335735501E-17, -8.078619584905368877E-17, 1.000000000000000000 ) ) ;
#7 = CARTESIAN_POINT ( 'NONE',  ( 2.553606960823146199, -6.999999999999760192, -4.406047778043272523 ) ) ;
#8 = CARTESIAN_POINT ( 'NONE',  ( -7.765076801711318311, 5.550492454753092275, 61.48141919490401364 ) ) ;
#9 = EDGE_LOOP ( 'NONE', ( #1511, #2286 ) ) ;
#10 = CARTESIAN_POINT ( 'NONE',  ( 0.9510795493315902238, 7.253398108789137488, -0.9797077941468336215 ) ) ;
#11 = CARTESIAN_POINT ( 'NONE',  ( 2.602489903398315096, -6.999999999999785949, 4.632763299403348078 ) ) ;
#12 = DIRECTION ( 'NONE',  ( -1.000000000000000000, -2.775557561562857763E-17, -9.130123557772069293E-17 ) ) ;
#13 = CARTESIAN_POINT ( 'NONE',  ( -6.714116776794044839, -2.370808614641127132, 4.442598473479851151 ) ) ;
#14 = DIRECTION ( 'NONE',  ( 1.000000000000000000, 2.775557561562887345E-17, 5.782411586589348764E-17 ) ) ;
#15 = EDGE_LOOP ( 'NONE', ( #949, #1373, #1536, #2319 ) ) ;
#16 = AXIS2_PLACEMENT_3D ( 'NONE', #1961, #748, #730 ) ;
#17 = CARTESIAN_POINT ( 'NONE',  ( -4.690142921205008975, 5.852568613751623516, -1.877730425543459702 ) ) ;
#18 = CARTESIAN_POINT ( 'NONE',  ( 2.645012286362782294, -6.999999999999738876, -2.912043836337496305 ) ) ;
#19 = ORIENTED_EDGE ( 'NONE', *, *, #1432, .F. ) ;
#20 = CARTESIAN_POINT ( 'NONE',  ( -5.252331927815795609, 4.902694242805824665, -1.334540353603417495 ) ) ;
#21 = EDGE_LOOP ( 'NONE', ( #19, #1344, #1571, #479 ) ) ;
#22 = AXIS2_PLACEMENT_3D ( 'NONE', #103, #926, #562 ) ;
#23 =( BOUNDED_SURFACE ( )  B_SPLINE_SURFACE ( 3, 3, ( 
 ( #2133, #898, #951, #2363 ),
 ( #2187, #1366, #1351, #2594 ),
 ( #1314, #288, #343, #117 ),
 ( #1111, #1567, #1912, #1712 ) ),
 .UNSPECIFIED., .F., .F., .T. ) 
 B_SPLINE_SURFACE_WITH_KNOTS ( ( 4, 4 ),
 ( 4, 4 ),
 ( 0.000000000000000000, 1.000000000000000000 ),
 ( 0.000000000000000000, 1.000000000000000000 ),
 .UNSPECIFIED. ) 
 GEOMETRIC_REPRESENTATION_ITEM ( )  RATIONAL_B_SPLINE_SURFACE ( (
 ( 1.000000000000000000, 0.3333333333333332038, 0.3333333333333332038, 1.000000000000000000),
 ( 0.9593234442540291562, 0.3197744814180095707, 0.3197744814180095707, 0.9593234442540291562),
 ( 0.9593234442540291562, 0.3197744814180095707, 0.3197744814180095707, 0.9593234442540291562),
 ( 1.000000000000000000, 0.3333333333333332038, 0.3333333333333332038, 1.000000000000000000) ) ) 
 REPRESENTATION_ITEM ( '' )  SURFACE ( )  );
#24 = EDGE_CURVE ( 'NONE', #2562, #1135, #52, .T. ) ;
#25 = CARTESIAN_POINT ( 'NONE',  ( -2.723401636296758799, 6.857816822082607899, -1.945675139458953096 ) ) ;
#26 = DIRECTION ( 'NONE',  ( 0.5000000000000168754, 0.8660254037844289376, -3.338375361870354567E-17 ) ) ;
#27 = CIRCLE ( 'NONE', #1402, 6.000000000000009770 ) ;
#28 = CARTESIAN_POINT ( 'NONE',  ( 7.338981306902317314, -1.288511500646965180, -4.406047778043013174 ) ) ;
#29 = DIRECTION ( 'NONE',  ( 7.315828852335735501E-17, -8.078619584905368877E-17, 1.000000000000000000 ) ) ;
#30 = ORIENTED_EDGE ( 'NONE', *, *, #896, .F. ) ;
#31 = EDGE_CURVE ( 'NONE', #1559, #1135, #105, .T. ) ;
#32 = FACE_OUTER_BOUND ( 'NONE', #963, .T. ) ;
#33 = CARTESIAN_POINT ( 'NONE',  ( 0.000000000000000000, 0.000000000000000000, -1.083390805280970426 ) ) ;
#34 = EDGE_LOOP ( 'NONE', ( #2142, #319, #1458, #2192, #231 ) ) ;
#35 = CARTESIAN_POINT ( 'NONE',  ( 5.999999999936965089, -2.330567030179654073E-12, 75.99999999999906208 ) ) ;
#36 = VERTEX_POINT ( 'NONE', #540 ) ;
#37 = APPLICATION_PROTOCOL_DEFINITION ( 'draft international standard', 'automotive_design', 1998, #867 ) ;
#38 = CARTESIAN_POINT ( 'NONE',  ( -38.00000000000249401, -1.120770143359096032E-13, -19.99999999999979750 ) ) ;
#39 = CARTESIAN_POINT ( 'NONE',  ( -2.740235220357976509, -7.145980601643501906, -2.783799682603056436 ) ) ;
#40 = CONICAL_SURFACE ( 'NONE', #1072, 36.98196246847759738, 0.7853981633972998422 ) ;
#41 = CARTESIAN_POINT ( 'NONE',  ( 5.910012820349756169, -3.763557521770696024, -6.192473841424316561 ) ) ;
#42 = FACE_BOUND ( 'NONE', #1271, .T. ) ;
#43 = ORIENTED_EDGE ( 'NONE', *, *, #1533, .T. ) ;
#44 = CONICAL_SURFACE ( 'NONE', #2017, 38.00000000000249401, 0.08314123188842262313 ) ;
#45 = CARTESIAN_POINT ( 'NONE',  ( 0.000000000000000000, -1.110223024625156540E-13, -19.99999999999979394 ) ) ;
#46 = CARTESIAN_POINT ( 'NONE',  ( -7.363422778190264140, 1.246177630563621630, 4.632763299403180213 ) ) ;
#47 = EDGE_CURVE ( 'NONE', #442, #2204, #1818, .T. ) ;
#48 = CARTESIAN_POINT ( 'NONE',  ( -7.408469028274899060, 1.168155236726583279, -3.500000000000057732 ) ) ;
#49 = ORIENTED_EDGE ( 'NONE', *, *, #31, .T. ) ;
#50 = CARTESIAN_POINT ( 'NONE',  ( 3.330669073875469621E-13, -7.000000000001116440, 11.00000000000433964 ) ) ;
#51 = CARTESIAN_POINT ( 'NONE',  ( 1.986097237525749959, 6.999999999999894307, -1.677637312935038372 ) ) ;
#52 = B_SPLINE_CURVE_WITH_KNOTS ( 'NONE', 3,
 ( #134, #701, #1941, #505, #308, #941, #1956, #119 ),
 .UNSPECIFIED., .F., .F.,
 ( 4, 2, 2, 4 ),
 ( 0.005549746705475812683, 0.006931994053726055205, 0.008314241401976297727, 0.01107873609847678277 ),
 .UNSPECIFIED. ) ;
#53 = CARTESIAN_POINT ( 'NONE',  ( -6.655894930843730961, -2.471651809939801048, -1.083390805280970426 ) ) ;
#54 = CYLINDRICAL_SURFACE ( 'NONE', #837, 7.100000000000011191 ) ;
#55 = CARTESIAN_POINT ( 'NONE',  ( -2.220446049250313081E-13, -6.661338147750939243E-13, 44.00000000000004263 ) ) ;
#56 = ORIENTED_EDGE ( 'NONE', *, *, #1225, .F. ) ;
#57 = CARTESIAN_POINT ( 'NONE',  ( -6.174478473098705678, 4.154522019100536312, -1.019143215915878198 ) ) ;
#58 = CARTESIAN_POINT ( 'NONE',  ( -7.295164929653203068, -6.364403692247062594, 61.54360673973253171 ) ) ;
#59 = CARTESIAN_POINT ( 'NONE',  ( 8.000000000000000000, 2.220446049254012838E-16, 4.954700538378985719 ) ) ;
#60 = EDGE_CURVE ( 'NONE', #1234, #563, #1132, .T. ) ;
#61 = LINE ( 'NONE', #258, #966 ) ;
#62 = ORIENTED_EDGE ( 'NONE', *, *, #839, .T. ) ;
#63 = CARTESIAN_POINT ( 'NONE',  ( 0.6598416071315669207, -7.000000000000006217, 11.00000000000500400 ) ) ;
#64 = CARTESIAN_POINT ( 'NONE',  ( 0.6664609477696139539, -6.999999999999784173, 4.377890667539793057 ) ) ;
#65 = CARTESIAN_POINT ( 'NONE',  ( 5.484827513997592163, -9.500000000001840306, 62.31038597888016994 ) ) ;
#66 = AXIS2_PLACEMENT_3D ( 'NONE', #713, #1192, #550 ) ;
#67 = DIRECTION ( 'NONE',  ( -7.315828852335735501E-17, 8.078619584905368877E-17, -1.000000000000000000 ) ) ;
#68 = CARTESIAN_POINT ( 'NONE',  ( 10.96965511460012976, -1.776356839400250465E-12, 60.99999999999894129 ) ) ;
#69 = ORIENTED_EDGE ( 'NONE', *, *, #1247, .F. ) ;
#70 = AXIS2_PLACEMENT_3D ( 'NONE', #146, #605, #1410 ) ;
#71 = CARTESIAN_POINT ( 'NONE',  ( 0.000000000000000000, 0.000000000000000000, -1.083390805280970426 ) ) ;
#72 = DIRECTION ( 'NONE',  ( -1.000000000000000000, -2.775557561562887037E-17, -7.315828852335739199E-17 ) ) ;
#73 = ADVANCED_FACE ( 'NONE', ( #1850, #983 ), #1381, .T. ) ;
#74 = CARTESIAN_POINT ( 'NONE',  ( -7.339447516193582821, 1.287704002466643294, -2.639888555169213724 ) ) ;
#75 = ORIENTED_EDGE ( 'NONE', *, *, #2317, .F. ) ;
#76 = CARTESIAN_POINT ( 'NONE',  ( -6.150721031278312267, 3.346638670642557489, -6.192611768379269854 ) ) ;
#77 = CARTESIAN_POINT ( 'NONE',  ( -6.214342832631562175, -3.236442478229601516, -6.192473841425636394 ) ) ;
#78 = AXIS2_PLACEMENT_3D ( 'NONE', #165, #613, #177 ) ;
#79 = CARTESIAN_POINT ( 'NONE',  ( 8.689405896853791944, 3.949507499057838267, 66.51858080219194846 ) ) ;
#80 = DIRECTION ( 'NONE',  ( -0.8660254037844289376, 0.5000000000000168754, -1.037500342831469377E-16 ) ) ;
#81 = EDGE_CURVE ( 'NONE', #2601, #180, #2509, .T. ) ;
#82 = EDGE_LOOP ( 'NONE', ( #590, #86, #2411, #825 ) ) ;
#83 = CARTESIAN_POINT ( 'NONE',  ( -6.174478473098710118, 4.663048876204379134, -4.792892697710489536 ) ) ;
#84 = EDGE_CURVE ( 'NONE', #176, #1532, #1728, .T. ) ;
#85 = DIRECTION ( 'NONE',  ( -7.315828852335735501E-17, 8.078619584905368877E-17, -1.000000000000000000 ) ) ;
#86 = ORIENTED_EDGE ( 'NONE', *, *, #166, .T. ) ;
#87 = CARTESIAN_POINT ( 'NONE',  ( -23.70570084204821981, 47.41140168409702227, -0.2057008420499291668 ) ) ;
#88 = CARTESIAN_POINT ( 'NONE',  ( -5.476090069178106035, -4.515133773359048419, -5.942946062433049015 ) ) ;
#89 = DIRECTION ( 'NONE',  ( -7.315828852335735501E-17, 8.078619584905368877E-17, -1.000000000000000000 ) ) ;
#90 = FACE_OUTER_BOUND ( 'NONE', #284, .T. ) ;
#91 = CARTESIAN_POINT ( 'NONE',  ( -4.415037895442624816, -6.263821026877379516, 11.74578762887765393 ) ) ;
#92 = CARTESIAN_POINT ( 'NONE',  ( 7.408469028274828005, 1.168155236727037805, -3.500000000000059064 ) ) ;
#93 = CARTESIAN_POINT ( 'NONE',  ( 5.737632712678688129, -4.062128626471158910, 4.390368239128818573 ) ) ;
#94 = ORIENTED_EDGE ( 'NONE', *, *, #2495, .T. ) ;
#95 = CARTESIAN_POINT ( 'NONE',  ( -7.142775796530078658, -2.048402144844311490, -1.323283916773523305 ) ) ;
#96 = CARTESIAN_POINT ( 'NONE',  ( -10.98327304528943849, -2.442795501240860058E-12, 65.68175169266898195 ) ) ;
#97 = VERTEX_POINT ( 'NONE', #355 ) ;
#98 = CARTESIAN_POINT ( 'NONE',  ( -24.08578643762681537, 48.17157287525419918, -0.5857864376303801857 ) ) ;
#99 = CARTESIAN_POINT ( 'NONE',  ( -4.996785330938645409, -5.345313932298237702, -1.826248997377674099 ) ) ;
#100 = AXIS2_PLACEMENT_3D ( 'NONE', #1396, #606, #386 ) ;
#101 = EDGE_CURVE ( 'NONE', #1406, #449, #1998, .T. ) ;
#102 = EDGE_CURVE ( 'NONE', #1349, #877, #270, .T. ) ;
#103 = CARTESIAN_POINT ( 'NONE',  ( 0.000000000000000000, 0.000000000000000000, 10.42264973081397095 ) ) ;
#104 = CARTESIAN_POINT ( 'NONE',  ( 6.385260587117425501, -7.940404243542181106, 61.83793356269204367 ) ) ;
#105 = LINE ( 'NONE', #2584, #2291 ) ;
#106 = CARTESIAN_POINT ( 'NONE',  ( 10.96965511460123999, -1.443289932012703503E-12, 62.31038599138061329 ) ) ;
#107 = DIRECTION ( 'NONE',  ( 1.000000000000000000, 2.775557561562657774E-17, 1.084202172485532660E-16 ) ) ;
#108 = CONICAL_SURFACE ( 'NONE', #925, 10.98327304528932835, 1.047197551196400456 ) ;
#109 = ORIENTED_EDGE ( 'NONE', *, *, #712, .F. ) ;
#110 = AXIS2_PLACEMENT_3D ( 'NONE', #295, #691, #2368 ) ;
#111 = CARTESIAN_POINT ( 'NONE',  ( -7.421128048519423537, -1.228797965037638384, -3.832541309635481230 ) ) ;
#112 = CARTESIAN_POINT ( 'NONE',  ( -2.692582403567536087, 6.999999999999894307, -3.500000000000058176 ) ) ;
#113 = ORIENTED_EDGE ( 'NONE', *, *, #1247, .T. ) ;
#114 = ORIENTED_EDGE ( 'NONE', *, *, #1360, .T. ) ;
#115 = ADVANCED_FACE ( 'NONE', ( #1236 ), #2200, .T. ) ;
#116 = CARTESIAN_POINT ( 'NONE',  ( -6.882983959847053690, 2.078322073862377106, -5.641501035342646020 ) ) ;
#117 = CARTESIAN_POINT ( 'NONE',  ( 37.52114004509142831, -1.088725458427522947E-13, -14.25368054104485971 ) ) ;
#118 = DIRECTION ( 'NONE',  ( -1.000000000000000000, -2.775557561562887037E-17, 0.000000000000000000 ) ) ;
#119 = CARTESIAN_POINT ( 'NONE',  ( 5.484827578952300442, 9.499999962496620043, 62.31038597888016994 ) ) ;
#120 = CIRCLE ( 'NONE', #1991, 6.000000000000009770 ) ;
#121 = CARTESIAN_POINT ( 'NONE',  ( -22.67157287525065357, -45.34314575049971552, 4.576836257877806708E-15 ) ) ;
#122 = DIRECTION ( 'NONE',  ( 7.315828852335735501E-17, -8.078619584905368877E-17, 1.000000000000000000 ) ) ;
#123 = ORIENTED_EDGE ( 'NONE', *, *, #326, .T. ) ;
#124 =( BOUNDED_SURFACE ( )  B_SPLINE_SURFACE ( 3, 3, ( 
 ( #2149, #121, #529, #2176 ),
 ( #727, #1769, #942, #2599 ),
 ( #914, #1756, #2138, #320 ),
 ( #903, #2340, #689, #493 ) ),
 .UNSPECIFIED., .F., .F., .F. ) 
 B_SPLINE_SURFACE_WITH_KNOTS ( ( 4, 4 ),
 ( 4, 4 ),
 ( 0.000000000000000000, 1.000000000000000000 ),
 ( 0.000000000000000000, 1.000000000000000000 ),
 .UNSPECIFIED. ) 
 GEOMETRIC_REPRESENTATION_ITEM ( )  RATIONAL_B_SPLINE_SURFACE ( (
 ( 1.000000000000000000, 0.3333333333333286519, 0.3333333333333286519, 1.000000000000000000),
 ( 0.9492530216738664928, 0.3164176738912843900, 0.3164176738912843900, 0.9492530216738664928),
 ( 0.9492530216738664928, 0.3164176738912843900, 0.3164176738912843900, 0.9492530216738664928),
 ( 1.000000000000000000, 0.3333333333333286519, 0.3333333333333286519, 1.000000000000000000) ) ) 
 REPRESENTATION_ITEM ( '' )  SURFACE ( )  );
#125 = DIRECTION ( 'NONE',  ( -7.315828852335735501E-17, 8.078619584905368877E-17, -1.000000000000000000 ) ) ;
#126 = DIRECTION ( 'NONE',  ( 7.315828852335735501E-17, -8.078619584905368877E-17, 1.000000000000000000 ) ) ;
#127 = EDGE_LOOP ( 'NONE', ( #43, #1910, #932, #1108, #1162 ) ) ;
#128 = MECHANICAL_DESIGN_GEOMETRIC_PRESENTATION_REPRESENTATION (  '', ( #384 ), #2333 ) ;
#129 = ORIENTED_EDGE ( 'NONE', *, *, #102, .T. ) ;
#130 = FACE_OUTER_BOUND ( 'NONE', #82, .T. ) ;
#131 = EDGE_CURVE ( 'NONE', #404, #1959, #1183, .T. ) ;
#132 = CARTESIAN_POINT ( 'NONE',  ( 5.561202408592689217, -4.367714877143529684, -0.9922509955774111434 ) ) ;
#133 = CARTESIAN_POINT ( 'NONE',  ( 7.765076769250383038, -5.550492510982294014, 61.48141919843511261 ) ) ;
#134 = CARTESIAN_POINT ( 'NONE',  ( 8.377661979482336237E-16, 9.499999999998287592, 61.46188021534943857 ) ) ;
#135 = CARTESIAN_POINT ( 'NONE',  ( 0.8097011837195717820, 6.999999999999896083, -0.9239494892510012880 ) ) ;
#136 = CARTESIAN_POINT ( 'NONE',  ( -5.406410223844119400, 4.635822805741141472, 10.94534149418290703 ) ) ;
#137 = ORIENTED_EDGE ( 'NONE', *, *, #24, .F. ) ;
#138 = CARTESIAN_POINT ( 'NONE',  ( -6.000000000000111022, -6.677871805351670275E-13, 66.99999999999894840 ) ) ;
#139 = CARTESIAN_POINT ( 'NONE',  ( 7.125558022430580785, 2.685721675186777624, -5.107122564057092973 ) ) ;
#140 = ORIENTED_EDGE ( 'NONE', *, *, #2466, .T. ) ;
#141 = ADVANCED_FACE ( 'NONE', ( #770 ), #1640, .T. ) ;
#142 = EDGE_LOOP ( 'NONE', ( #2069, #1935 ) ) ;
#143 = CARTESIAN_POINT ( 'NONE',  ( -36.98196246847780344, 73.96392493695552162, -13.48196246847118296 ) ) ;
#144 = B_SPLINE_CURVE_WITH_KNOTS ( 'NONE', 3,
 ( #1596, #2665, #2027, #1796, #2188, #754, #815, #2637 ),
 .UNSPECIFIED., .F., .F.,
 ( 4, 2, 2, 4 ),
 ( 9.350236223897763061E-16, 0.0006111959718842267754, 0.001222391943767518535, 0.002444783887534104222 ),
 .UNSPECIFIED. ) ;
#145 = VECTOR ( 'NONE', #312, 1000.000000000000000 ) ;
#146 = CARTESIAN_POINT ( 'NONE',  ( 0.000000000000000000, 0.000000000000000000, 10.42264973081374890 ) ) ;
#147 = CARTESIAN_POINT ( 'NONE',  ( -7.135247462739363833, 2.194942182955554877, -2.778562227940706286 ) ) ;
#148 = LINE ( 'NONE', #1784, #671 ) ;
#149 = CARTESIAN_POINT ( 'NONE',  ( 0.000000000000000000, 3.330669073875469621E-13, 4.954700538379652741 ) ) ;
#150 = ORIENTED_EDGE ( 'NONE', *, *, #1198, .F. ) ;
#151 = AXIS2_PLACEMENT_3D ( 'NONE', #749, #976, #349 ) ;
#152 = VECTOR ( 'NONE', #2567, 1000.000000000000000 ) ;
#153 = DIRECTION ( 'NONE',  ( 1.000000000000000000, 2.775557561562884880E-17, 9.381457122266982050E-17 ) ) ;
#154 = LINE ( 'NONE', #720, #276 ) ;
#155 = CARTESIAN_POINT ( 'NONE',  ( 5.241371693134470711, 4.921677926137086878, -5.641501035342415982 ) ) ;
#156 = VERTEX_POINT ( 'NONE', #2217 ) ;
#157 = CARTESIAN_POINT ( 'NONE',  ( -37.31999900220704802, -9.412340338647417197E-14, -13.81999900219771149 ) ) ;
#158 = DIRECTION ( 'NONE',  ( 7.315828852335735501E-17, -8.078619584905368877E-17, 1.000000000000000000 ) ) ;
#159 = CARTESIAN_POINT ( 'NONE',  ( 6.500000000000061284, 0.000000000000000000, 10.99999999999989875 ) ) ;
#160 = CARTESIAN_POINT ( 'NONE',  ( 2.723401636296757022, 6.988067224019545165, -4.366598638910893726 ) ) ;
#161 = EDGE_CURVE ( 'NONE', #2534, #1173, #996, .T. ) ;
#162 = CARTESIAN_POINT ( 'NONE',  ( -6.717945429137045288, 2.364177194258617831, 10.94534149418295144 ) ) ;
#163 = CARTESIAN_POINT ( 'NONE',  ( -1.857286163120093203, 9.499999999998289368, 61.54274715343885305 ) ) ;
#164 = ORIENTED_EDGE ( 'NONE', *, *, #2126, .F. ) ;
#165 = CARTESIAN_POINT ( 'NONE',  ( 0.000000000000000000, -2.442490654175344389E-12, 62.31824830732890774 ) ) ;
#166 = EDGE_CURVE ( 'NONE', #854, #1122, #668, .T. ) ;
#167 = CARTESIAN_POINT ( 'NONE',  ( 7.413544557502782517, 1.135498610268205866, -3.500000000000059064 ) ) ;
#168 = ORIENTED_EDGE ( 'NONE', *, *, #2372, .T. ) ;
#169 = VERTEX_POINT ( 'NONE', #1209 ) ;
#170 = DIRECTION ( 'NONE',  ( 1.000000000000000000, 1.804112415015877012E-15, 0.000000000000000000 ) ) ;
#171 = CARTESIAN_POINT ( 'NONE',  ( -6.268262436413546190, -3.143050984955215288, -0.8313357695160075167 ) ) ;
#172 = DIRECTION ( 'NONE',  ( -0.8660254037844290487, -0.5000000000000167644, -2.296383843408976690E-17 ) ) ;
#173 = CARTESIAN_POINT ( 'NONE',  ( 0.9510795493315906679, 7.503658340687631600, -5.388268382523186517 ) ) ;
#174 = LINE ( 'NONE', #388, #2268 ) ;
#175 = CARTESIAN_POINT ( 'NONE',  ( -5.468460722138801522, 4.528348190059428013, -1.083390805281303493 ) ) ;
#176 = VERTEX_POINT ( 'NONE', #2028 ) ;
#177 = DIRECTION ( 'NONE',  ( 2.775557561562886729E-17, -1.000000000000000000, 0.000000000000000000 ) ) ;
#178 = CARTESIAN_POINT ( 'NONE',  ( -0.6010955310319312517, -6.999999999999785061, -6.142114343326412929 ) ) ;
#179 = CARTESIAN_POINT ( 'NONE',  ( -4.442410124809951455, -6.305519955771225149, 10.59970381336627909 ) ) ;
#180 = VERTEX_POINT ( 'NONE', #183 ) ;
#181 = CARTESIAN_POINT ( 'NONE',  ( 0.000000000000000000, 0.000000000000000000, 10.42264973081374890 ) ) ;
#182 = DIRECTION ( 'NONE',  ( -1.000000000000000000, -2.775557561562886729E-17, -7.315828852335737966E-17 ) ) ;
#183 = CARTESIAN_POINT ( 'NONE',  ( 1.187434208704152283, -7.000000000000339284, -1.083390805280970426 ) ) ;
#184 = CIRCLE ( 'NONE', #2595, 7.100000000000011191 ) ;
#185 = CARTESIAN_POINT ( 'NONE',  ( 5.404263478829483880, 4.639541077177714357, 4.432547248652204175 ) ) ;
#186 = EDGE_CURVE ( 'NONE', #473, #434, #1011, .T. ) ;
#187 = CLOSED_SHELL ( 'NONE', ( #499, #1141, #1889, #409, #1788, #474, #188, #1367, #289, #514, #141, #772, #873, #917, #980, #2292, #1311, #1913, #952, #609, #196, #381, #2280, #302, #2323, #1, #471, #777, #1095, #2635, #1838, #985, #1813, #115, #2598, #2373, #2146, #357, #2016, #2156, #212, #1980, #1892, #5, #548, #690, #2351, #1645, #1704, #1305, #921, #2326, #2206, #2515, #1872, #2290, #1707, #73, #1429, #2266, #2212, #656, #2431, #2492, #2269, #2036, #1981, #666, #2245, #2303, #680, #1031 ) ) ;
#188 = ADVANCED_FACE ( 'NONE', ( #1627 ), #40, .T. ) ;
#189 = CARTESIAN_POINT ( 'NONE',  ( 1.851080783270142360, 9.499999999998289368, 66.44124303971345569 ) ) ;
#190 = DIRECTION ( 'NONE',  ( 1.000000000000000000, 9.159339953157529626E-16, 0.000000000000000000 ) ) ;
#191 = VERTEX_POINT ( 'NONE', #2243 ) ;
#192 = DIRECTION ( 'NONE',  ( 1.000000000000000000, 2.775557561563815797E-17, 0.000000000000000000 ) ) ;
#193 = CARTESIAN_POINT ( 'NONE',  ( -3.872983346206337885, 7.000000000000117240, 4.954700538379097630 ) ) ;
#194 = AXIS2_PLACEMENT_3D ( 'NONE', #484, #85, #2331 ) ;
#195 = CARTESIAN_POINT ( 'NONE',  ( -2.601337673063099487, 6.999999999999896971, 10.74489535305239585 ) ) ;
#196 = ADVANCED_FACE ( 'NONE', ( #2116 ), #2575, .T. ) ;
#197 = VERTEX_POINT ( 'NONE', #2489 ) ;
#198 = CONICAL_SURFACE ( 'NONE', #70, 8.000000000002264855, 1.047197551196399568 ) ;
#199 = EDGE_CURVE ( 'NONE', #877, #2261, #1973, .T. ) ;
#200 = DIRECTION ( 'NONE',  ( -7.315828852335735501E-17, 8.078619584905368877E-17, -1.000000000000000000 ) ) ;
#201 = DIRECTION ( 'NONE',  ( 7.315828852335735501E-17, -8.078619584905368877E-17, 1.000000000000000000 ) ) ;
#202 = CARTESIAN_POINT ( 'NONE',  ( 6.386722940303227070, 2.937871373528512020, 4.390368239128494388 ) ) ;
#203 = DIRECTION ( 'NONE',  ( 0.8660254037843406749, 1.704876553768108880E-16, -0.5000000000001696421 ) ) ;
#204 = CARTESIAN_POINT ( 'NONE',  ( -6.470411557935841884, 2.792918435773048547, -0.9011111858741561731 ) ) ;
#205 = ORIENTED_EDGE ( 'NONE', *, *, #1393, .F. ) ;
#206 = CARTESIAN_POINT ( 'NONE',  ( 6.062177826492320953, 3.500000000000169642, 11.00000000000400746 ) ) ;
#207 = CARTESIAN_POINT ( 'NONE',  ( 2.112763931008932783, -6.999999999999771738, -5.196499026400385191 ) ) ;
#208 = B_SPLINE_CURVE_WITH_KNOTS ( 'NONE', 3,
 ( #1495, #179, #221, #2485, #1005, #1407 ),
 .UNSPECIFIED., .F., .F.,
 ( 4, 2, 4 ),
 ( 2.683920524501233660E-16, 0.001957890020745771745, 0.003915780041491274607 ),
 .UNSPECIFIED. ) ;
#209 = CARTESIAN_POINT ( 'NONE',  ( -5.933170284413550988, 8.723447617430458934, 65.94846480280644130 ) ) ;
#210 = ORIENTED_EDGE ( 'NONE', *, *, #1537, .T. ) ;
#211 = B_SPLINE_CURVE_WITH_KNOTS ( 'NONE', 3,
 ( #1195, #1010, #1222, #171, #1809, #786, #1610, #385 ),
 .UNSPECIFIED., .F., .F.,
 ( 4, 2, 2, 4 ),
 ( 7.364282021170406161E-16, 0.0006111959718839600616, 0.001222391943767183733, 0.002444783887533632377 ),
 .UNSPECIFIED. ) ;
#212 = ADVANCED_FACE ( 'NONE', ( #1686 ), #660, .T. ) ;
#213 = CARTESIAN_POINT ( 'NONE',  ( 3.872983346209668554, -7.000000000000228262, 10.42264973081397095 ) ) ;
#214 = DIRECTION ( 'NONE',  ( -9.470910429910629627E-17, -1.000000000000000000, -2.423585875471630508E-16 ) ) ;
#215 = CARTESIAN_POINT ( 'NONE',  ( 0.1779782650922696052, 6.999999999999888978, -6.192552964905285506 ) ) ;
#216 = CARTESIAN_POINT ( 'NONE',  ( 0.000000000000000000, 3.330669073875469621E-13, 4.954700538378986607 ) ) ;
#217 = DIRECTION ( 'NONE',  ( 0.08304547985372158492, 9.298225400238244883E-17, -0.9965457582448812301 ) ) ;
#218 = ORIENTED_EDGE ( 'NONE', *, *, #334, .F. ) ;
#219 = CARTESIAN_POINT ( 'NONE',  ( 5.406410223844797081, 4.635822805740294150, 10.94534149418291236 ) ) ;
#220 = CARTESIAN_POINT ( 'NONE',  ( -2.562972780238268022, -6.999999999999783284, -2.620497889478216713 ) ) ;
#221 = CARTESIAN_POINT ( 'NONE',  ( -4.761508989958723959, -5.752824508694369676, 10.74489535305252907 ) ) ;
#222 = ORIENTED_EDGE ( 'NONE', *, *, #1500, .T. ) ;
#223 = EDGE_CURVE ( 'NONE', #2403, #36, #1085, .T. ) ;
#224 = CARTESIAN_POINT ( 'NONE',  ( 0.000000000000000000, 3.330669073875469621E-13, 4.954700538378986607 ) ) ;
#225 = CARTESIAN_POINT ( 'NONE',  ( 7.017780691223464373, -1.844847286425109534, -5.420735008251411635 ) ) ;
#226 = ORIENTED_EDGE ( 'NONE', *, *, #1198, .T. ) ;
#227 = PLANE ( 'NONE',  #1018 ) ;
#228 = ORIENTED_EDGE ( 'NONE', *, *, #1337, .T. ) ;
#229 = DIRECTION ( 'NONE',  ( 1.000000000000000000, 2.775557561562887037E-17, 7.315828852335739199E-17 ) ) ;
#230 = CARTESIAN_POINT ( 'NONE',  ( -4.762459760914222962, 5.751177725093167048, 4.631976595081074066 ) ) ;
#231 = ORIENTED_EDGE ( 'NONE', *, *, #102, .F. ) ;
#232 = CARTESIAN_POINT ( 'NONE',  ( -7.058435559907612955, 1.774430988288247635, -1.671623988896148827 ) ) ;
#233 = ORIENTED_EDGE ( 'NONE', *, *, #1783, .F. ) ;
#234 = AXIS2_PLACEMENT_3D ( 'NONE', #246, #2546, #2101 ) ;
#235 = AXIS2_PLACEMENT_3D ( 'NONE', #1263, #1288, #236 ) ;
#236 = DIRECTION ( 'NONE',  ( 1.000000000000000000, 2.775557561562991808E-17, 0.000000000000000000 ) ) ;
#237 = CARTESIAN_POINT ( 'NONE',  ( 7.099999999999999645, 1.066563814265606610E-15, -5.194238485158393259E-16 ) ) ;
#238 = CARTESIAN_POINT ( 'NONE',  ( 0.9344508408413086942, -9.500000000002394529, 61.46188021534898382 ) ) ;
#239 = AXIS2_PLACEMENT_3D ( 'NONE', #851, #2072, #2277 ) ;
#240 = DIRECTION ( 'NONE',  ( 7.315828852335735501E-17, -8.078619584905368877E-17, 1.000000000000000000 ) ) ;
#241 = FACE_BOUND ( 'NONE', #1136, .T. ) ;
#242 = VERTEX_POINT ( 'NONE', #1074 ) ;
#243 = EDGE_CURVE ( 'NONE', #1206, #2534, #1418, .T. ) ;
#244 = DIRECTION ( 'NONE',  ( -0.7071067811664513147, 3.749831117976449165E-17, -0.7071067812066437197 ) ) ;
#245 = CARTESIAN_POINT ( 'NONE',  ( -4.690142921205011639, 5.213996207612479061, -6.614477135683833886 ) ) ;
#246 = CARTESIAN_POINT ( 'NONE',  ( 0.000000000000000000, 3.330669073875469621E-13, 4.954700538378986607 ) ) ;
#247 = ORIENTED_EDGE ( 'NONE', *, *, #495, .F. ) ;
#248 = VECTOR ( 'NONE', #294, 1000.000000000000000 ) ;
#249 = CARTESIAN_POINT ( 'NONE',  ( 2.723401636296756578, 6.600949094910454562, -1.206410112113160071 ) ) ;
#250 = CARTESIAN_POINT ( 'NONE',  ( 1.315828695321643593, -6.999999999999785061, 4.432547248652499050 ) ) ;
#251 = CARTESIAN_POINT ( 'NONE',  ( -6.913941891089733005, -2.024701364052748254, -1.392774045507352065 ) ) ;
#252 = DIRECTION ( 'NONE',  ( 1.000000000000000000, 2.775557561562991808E-17, 7.228014483236684722E-17 ) ) ;
#253 = CARTESIAN_POINT ( 'NONE',  ( -5.484827557301064083, -9.500000000001730172, 65.68961400861694244 ) ) ;
#254 = ORIENTED_EDGE ( 'NONE', *, *, #1762, .F. ) ;
#255 = AXIS2_PLACEMENT_3D ( 'NONE', #885, #1448, #2282 ) ;
#256 = CARTESIAN_POINT ( 'NONE',  ( 8.838721854641913001E-16, 8.699999999998572875, 60.99999999999761258 ) ) ;
#257 = CARTESIAN_POINT ( 'NONE',  ( -5.932611934505378493, -8.724414632847770079, 62.05185756475298575 ) ) ;
#258 = CARTESIAN_POINT ( 'NONE',  ( 36.98196246847759738, -1.054668626104866192E-13, -13.48196246848254098 ) ) ;
#259 = EDGE_LOOP ( 'NONE', ( #2254, #902, #411, #1896 ) ) ;
#260 = CARTESIAN_POINT ( 'NONE',  ( -0.9510795493315927773, 7.678779650925684486, -3.500000000000059508 ) ) ;
#261 = CARTESIAN_POINT ( 'NONE',  ( -0.6490902276253671666, -6.999999999999785949, 4.390368239128846994 ) ) ;
#262 = CARTESIAN_POINT ( 'NONE',  ( -6.792352654935764456, -2.235300098725878648, -1.217491569263288387 ) ) ;
#263 = CARTESIAN_POINT ( 'NONE',  ( 6.655894930842842783, -2.471651809940134115, -1.083390805281192470 ) ) ;
#264 = DIRECTION ( 'NONE',  ( 7.315828852335735501E-17, -8.078619584905368877E-17, 1.000000000000000000 ) ) ;
#265 = ORIENTED_EDGE ( 'NONE', *, *, #838, .T. ) ;
#266 = EDGE_CURVE ( 'NONE', #176, #1587, #1898, .T. ) ;
#267 = CARTESIAN_POINT ( 'NONE',  ( -7.413544557502853571, 1.135498610267746455, -3.500000000000059064 ) ) ;
#268 = DIRECTION ( 'NONE',  ( -7.315828852335735501E-17, 8.078619584905368877E-17, -1.000000000000000000 ) ) ;
#269 = AXIS2_PLACEMENT_3D ( 'NONE', #1120, #545, #1174 ) ;
#270 = B_SPLINE_CURVE_WITH_KNOTS ( 'NONE', 3,
 ( #555, #1024, #2419, #2666, #1611, #1797 ),
 .UNSPECIFIED., .F., .F.,
 ( 4, 2, 4 ),
 ( 1.455631186541005791E-15, 0.001957890020746691582, 0.003915780041491927731 ),
 .UNSPECIFIED. ) ;
#271 = CARTESIAN_POINT ( 'NONE',  ( -1.187434208704374328, -7.000000000000117240, -1.083390805280970426 ) ) ;
#272 = ORIENTED_EDGE ( 'NONE', *, *, #1061, .F. ) ;
#273 = EDGE_CURVE ( 'NONE', #345, #2658, #857, .T. ) ;
#274 = DIRECTION ( 'NONE',  ( -7.315828852335735501E-17, 8.078619584905368877E-17, -1.000000000000000000 ) ) ;
#275 = CARTESIAN_POINT ( 'NONE',  ( 3.683780432363939372, -9.500000000002394529, 61.83798523619109488 ) ) ;
#276 = VECTOR ( 'NONE', #339, 1000.000000000000000 ) ;
#277 = EDGE_CURVE ( 'NONE', #1103, #449, #801, .T. ) ;
#278 = CARTESIAN_POINT ( 'NONE',  ( 6.736656401350477275, 2.331768839726279907, -5.836958964123991400 ) ) ;
#279 = DIRECTION ( 'NONE',  ( 7.315828852335735501E-17, -8.078619584905368877E-17, 1.000000000000000000 ) ) ;
#280 = ORIENTED_EDGE ( 'NONE', *, *, #1456, .T. ) ;
#281 = CONICAL_SURFACE ( 'NONE', #362, 8.000000000002264855, 1.047197551196399568 ) ;
#282 = CARTESIAN_POINT ( 'NONE',  ( -7.413544557502853571, 0.7839774782207845627, -2.678576596655254161 ) ) ;
#283 = DIRECTION ( 'NONE',  ( -1.000000000000000000, -2.775557561562857763E-17, -9.130123557772069293E-17 ) ) ;
#284 = EDGE_LOOP ( 'NONE', ( #164, #222, #781, #991 ) ) ;
#285 = DIRECTION ( 'NONE',  ( 7.315828852335735501E-17, -8.078619584905368877E-17, 1.000000000000000000 ) ) ;
#286 = ORIENTED_EDGE ( 'NONE', *, *, #1847, .F. ) ;
#287 = CARTESIAN_POINT ( 'NONE',  ( -6.659399663548605908, 2.465581434825803164, -5.919623769508238098 ) ) ;
#288 = CARTESIAN_POINT ( 'NONE',  ( -37.52114004509144252, -75.04228009018297030, -14.25368054104486149 ) ) ;
#289 = ADVANCED_FACE ( 'NONE', ( #463 ), #1861, .T. ) ;
#290 = CONICAL_SURFACE ( 'NONE', #1365, 8.000000000002366107, 1.047197551196399790 ) ;
#291 = CARTESIAN_POINT ( 'NONE',  ( 7.399942178157311368, 1.182924174359099689, -3.850481158283552752 ) ) ;
#292 = CYLINDRICAL_SURFACE ( 'NONE', #1521, 8.000000000000012434 ) ;
#293 = CARTESIAN_POINT ( 'NONE',  ( 4.415037895442625704, -10.17555234314149537, -0.1554800992413689353 ) ) ;
#294 = DIRECTION ( 'NONE',  ( 7.315828852335735501E-17, -8.078619584905368877E-17, 1.000000000000000000 ) ) ;
#295 = CARTESIAN_POINT ( 'NONE',  ( 0.000000000000000000, 0.000000000000000000, -1.083390805280970426 ) ) ;
#296 = B_SPLINE_CURVE_WITH_KNOTS ( 'NONE', 3,
 ( #774, #1401, #2613, #163, #2451, #1843 ),
 .UNSPECIFIED., .F., .F.,
 ( 4, 2, 4 ),
 ( 1.391548133922087975E-11, 0.002774873359695646715, 0.005549746705475812683 ),
 .UNSPECIFIED. ) ;
#297 = CARTESIAN_POINT ( 'NONE',  ( -0.6598416071316958176, -7.000000000000006217, 11.00000000000500755 ) ) ;
#298 = EDGE_CURVE ( 'NONE', #156, #2611, #2092, .T. ) ;
#299 = FACE_OUTER_BOUND ( 'NONE', #2279, .T. ) ;
#300 = ORIENTED_EDGE ( 'NONE', *, *, #634, .F. ) ;
#301 = EDGE_CURVE ( 'NONE', #1608, #806, #646, .T. ) ;
#302 = ADVANCED_FACE ( 'NONE', ( #1249 ), #2296, .F. ) ;
#303 = CARTESIAN_POINT ( 'NONE',  ( -7.373197410289989762, 1.229247471141600823, -4.205713818532704984 ) ) ;
#304 = CARTESIAN_POINT ( 'NONE',  ( -4.739671683308694483, -5.790647833312654313, -2.912043836337958602 ) ) ;
#305 = EDGE_CURVE ( 'NONE', #393, #1206, #436, .T. ) ;
#306 = CARTESIAN_POINT ( 'NONE',  ( 5.628323121979264876, 4.251458391316449870, -6.055064628947079086 ) ) ;
#307 = CARTESIAN_POINT ( 'NONE',  ( 7.301700937766482546, -6.353082994111843185, 61.55875696171209910 ) ) ;
#308 = CARTESIAN_POINT ( 'NONE',  ( 2.317370577881649130, 9.499999999998284039, 61.61703056862796757 ) ) ;
#309 = CARTESIAN_POINT ( 'NONE',  ( 9.382916132474530713, 2.748312535393702571, 61.61618343030395550 ) ) ;
#310 = CARTESIAN_POINT ( 'NONE',  ( 7.998669499595045806, -0.1458980337500914715, 4.954700538379430697 ) ) ;
#311 = ORIENTED_EDGE ( 'NONE', *, *, #2660, .F. ) ;
#312 = DIRECTION ( 'NONE',  ( -0.8660254037843402308, 1.635606434474881962E-17, -0.5000000000001704192 ) ) ;
#313 = CARTESIAN_POINT ( 'NONE',  ( 7.998669499595045806, -0.1458980337500914715, 4.954700538379430697 ) ) ;
#314 = VECTOR ( 'NONE', #1933, 1000.000000000000000 ) ;
#315 = VERTEX_POINT ( 'NONE', #237 ) ;
#316 = CARTESIAN_POINT ( 'NONE',  ( -5.713575860376674420, 4.103796316927547316, -6.106670665397462727 ) ) ;
#317 = CARTESIAN_POINT ( 'NONE',  ( 5.468460722139356633, -4.528348190059872103, -1.083390805280970426 ) ) ;
#318 = CARTESIAN_POINT ( 'NONE',  ( 6.184046493966216751, -3.199719526560111493, -6.886478461837500120 ) ) ;
#319 = ORIENTED_EDGE ( 'NONE', *, *, #243, .T. ) ;
#320 = CARTESIAN_POINT ( 'NONE',  ( 23.70570084204792138, -1.128435039730648829E-13, -0.2057008420498807055 ) ) ;
#321 = FACE_OUTER_BOUND ( 'NONE', #1228, .T. ) ;
#322 = AXIS2_PLACEMENT_3D ( 'NONE', #1542, #1754, #912 ) ;
#323 = ORIENTED_EDGE ( 'NONE', *, *, #1060, .F. ) ;
#324 = AXIS2_PLACEMENT_3D ( 'NONE', #416, #1427, #2031 ) ;
#325 = DIRECTION ( 'NONE',  ( 1.000000000000000000, 2.775557561562884880E-17, 9.381457122266982050E-17 ) ) ;
#326 = EDGE_CURVE ( 'NONE', #1758, #1715, #1159, .T. ) ;
#327 = CARTESIAN_POINT ( 'NONE',  ( -1.992515466833350457, 6.999999999999831246, -1.671623988896771884 ) ) ;
#328 = VERTEX_POINT ( 'NONE', #2391 ) ;
#329 = VERTEX_POINT ( 'NONE', #342 ) ;
#330 = DIRECTION ( 'NONE',  ( -0.5000000000000167644, 0.8660254037844290487, -1.065420421420627249E-16 ) ) ;
#331 = DIRECTION ( 'NONE',  ( -0.5000000000000168754, -0.8660254037844289376, 3.338375361870354567E-17 ) ) ;
#332 = DIRECTION ( 'NONE',  ( 7.315828852335735501E-17, -8.078619584905368877E-17, 1.000000000000000000 ) ) ;
#333 = AXIS2_PLACEMENT_3D ( 'NONE', #2450, #1371, #2626 ) ;
#334 = EDGE_CURVE ( 'NONE', #683, #2506, #1639, .T. ) ;
#335 = DIRECTION ( 'NONE',  ( -1.000000000000000000, -8.909539772616867037E-15, -6.108181253439452538E-17 ) ) ;
#336 = CARTESIAN_POINT ( 'NONE',  ( 6.000000000000009770, 1.665334536937734811E-16, 10.99999999999989875 ) ) ;
#337 = VERTEX_POINT ( 'NONE', #2171 ) ;
#338 = CARTESIAN_POINT ( 'NONE',  ( -7.421128048519423537, -0.7434526162847610031, -2.709976775772825253 ) ) ;
#339 = DIRECTION ( 'NONE',  ( 7.315828852335735501E-17, -8.078619584905368877E-17, 1.000000000000000000 ) ) ;
#340 = ORIENTED_EDGE ( 'NONE', *, *, #2632, .F. ) ;
#341 = ORIENTED_EDGE ( 'NONE', *, *, #1493, .T. ) ;
#342 = CARTESIAN_POINT ( 'NONE',  ( -6.000000000000000000, -6.649192705824934795E-13, 10.99999999999989875 ) ) ;
#343 = CARTESIAN_POINT ( 'NONE',  ( 37.52114004509142120, -75.04228009018298451, -14.25368054104486681 ) ) ;
#344 = CARTESIAN_POINT ( 'NONE',  ( 0.000000000000000000, 0.000000000000000000, 0.000000000000000000 ) ) ;
#345 = VERTEX_POINT ( 'NONE', #501 ) ;
#346 = CARTESIAN_POINT ( 'NONE',  ( 4.856865071082640206, 5.587662931376892850, -2.293948165575786291 ) ) ;
#347 = CARTESIAN_POINT ( 'NONE',  ( 1.040215952391869562E-15, 10.98327304528688586, 62.31824830732890774 ) ) ;
#348 = ORIENTED_EDGE ( 'NONE', *, *, #1620, .F. ) ;
#349 = DIRECTION ( 'NONE',  ( 1.000000000000000000, 2.775557561562886729E-17, 7.228014483236684722E-17 ) ) ;
#350 = ORIENTED_EDGE ( 'NONE', *, *, #2372, .F. ) ;
#351 = CARTESIAN_POINT ( 'NONE',  ( 5.464955989432949579, 4.534418565173495175, -5.919623769508141287 ) ) ;
#352 = ORIENTED_EDGE ( 'NONE', *, *, #1868, .F. ) ;
#353 = CARTESIAN_POINT ( 'NONE',  ( 36.98196246847783186, 73.96392493695552162, -13.48196246847118829 ) ) ;
#354 = DIRECTION ( 'NONE',  ( 1.000000000000000000, -1.748601263784619579E-15, 0.000000000000000000 ) ) ;
#355 = CARTESIAN_POINT ( 'NONE',  ( -5.000000000052425619, -2.331607129590908495E-12, 76.99999999994034283 ) ) ;
#356 = CARTESIAN_POINT ( 'NONE',  ( -2.420717135368867901, 6.999999999999895195, -4.692018832927532301 ) ) ;
#357 = ADVANCED_FACE ( 'NONE', ( #130 ), #1110, .T. ) ;
#358 = FACE_OUTER_BOUND ( 'NONE', #259, .T. ) ;
#359 = LINE ( 'NONE', #2463, #576 ) ;
#360 = VERTEX_POINT ( 'NONE', #950 ) ;
#361 = CIRCLE ( 'NONE', #1776, 5.000000000052314597 ) ;
#362 = AXIS2_PLACEMENT_3D ( 'NONE', #1726, #2393, #118 ) ;
#363 = CARTESIAN_POINT ( 'NONE',  ( 7.301700944314505115, -6.353082982770333231, 66.44124303971540257 ) ) ;
#364 = CARTESIAN_POINT ( 'NONE',  ( 7.125558022430573679, 3.015730774721808949, -2.661659156036051854 ) ) ;
#365 = ORIENTED_EDGE ( 'NONE', *, *, #1946, .F. ) ;
#366 = VECTOR ( 'NONE', #1164, 1000.000000000000000 ) ;
#367 = CARTESIAN_POINT ( 'NONE',  ( 7.138597963178411554, 1.635585632966737091, -5.154871780183907681 ) ) ;
#368 = EDGE_LOOP ( 'NONE', ( #598, #1240, #485, #94, #1071, #1857, #729, #1689, #670, #979, #470, #2619, #1363, #1191 ) ) ;
#369 = LINE ( 'NONE', #1194, #607 ) ;
#370 = DIRECTION ( 'NONE',  ( -7.315828852335735501E-17, 8.078619584905368877E-17, -1.000000000000000000 ) ) ;
#371 = CARTESIAN_POINT ( 'NONE',  ( 7.998669499594601717, 0.1458980337505355607, 10.99999999999989875 ) ) ;
#372 = DIRECTION ( 'NONE',  ( 1.000000000000000000, 2.775557561562991808E-17, 0.000000000000000000 ) ) ;
#373 = CARTESIAN_POINT ( 'NONE',  ( -3.687349559469174753, -9.500000000002396305, 61.83873419158040718 ) ) ;
#374 = CARTESIAN_POINT ( 'NONE',  ( -5.856093216567315629, 3.856949015044973894, -0.8313357695162346683 ) ) ;
#375 = ORIENTED_EDGE ( 'NONE', *, *, #747, .T. ) ;
#376 = CONICAL_SURFACE ( 'NONE', #78, 10.98327304528932835, 1.047197551196400456 ) ;
#377 = CARTESIAN_POINT ( 'NONE',  ( 8.698792664903347571, -3.933249139876746181, 66.53752218664243401 ) ) ;
#378 = CARTESIAN_POINT ( 'NONE',  ( -1.174080150783433529, -6.999999999999783284, -5.942052382766195961 ) ) ;
#379 = ORIENTED_EDGE ( 'NONE', *, *, #887, .T. ) ;
#380 = B_SPLINE_CURVE_WITH_KNOTS ( 'NONE', 3,
 ( #1729, #2555, #2395, #1306, #1544, #703, #506, #1330, #309, #1129, #1943, #106 ),
 .UNSPECIFIED., .F., .F.,
 ( 4, 2, 2, 2, 2, 4 ),
 ( 0.000000000000000000, 0.002769683990146079491, 0.005539367980292156379, 0.006924209975365194607, 0.008309051970438234569, 0.01107873596058431276 ),
 .UNSPECIFIED. ) ;
#381 = ADVANCED_FACE ( 'NONE', ( #536 ), #1584, .T. ) ;
#382 = CARTESIAN_POINT ( 'NONE',  ( -10.52187069165177924, 0.7755853713814788719, 65.94814246574600247 ) ) ;
#383 = ORIENTED_EDGE ( 'NONE', *, *, #1730, .T. ) ;
#384 = STYLED_ITEM ( 'NONE', ( #1654 ), #483 ) ;
#385 = CARTESIAN_POINT ( 'NONE',  ( -5.468460722139023567, -4.528348190060760281, -1.083390805280970426 ) ) ;
#386 = DIRECTION ( 'NONE',  ( 1.000000000000000000, 2.775557561562887037E-17, 1.084202172485502708E-16 ) ) ;
#387 = CARTESIAN_POINT ( 'NONE',  ( -0.9510795493315934435, 7.678779650925685374, -4.452254719461784305 ) ) ;
#388 = CARTESIAN_POINT ( 'NONE',  ( -3.872983346206670952, 7.000000000000006217, 10.99999999999956657 ) ) ;
#389 = CARTESIAN_POINT ( 'NONE',  ( 0.000000000000000000, 0.000000000000000000, 10.42264973081374890 ) ) ;
#390 = ORIENTED_EDGE ( 'NONE', *, *, #896, .T. ) ;
#391 = CARTESIAN_POINT ( 'NONE',  ( 4.125686153386598498, -6.854101966251802125, 10.42264973081441504 ) ) ;
#392 = CARTESIAN_POINT ( 'NONE',  ( 7.125558022430573679, 2.685051845503907852, -1.891291181345002848 ) ) ;
#393 = VERTEX_POINT ( 'NONE', #59 ) ;
#394 = EDGE_CURVE ( 'NONE', #1715, #1022, #1045, .T. ) ;
#395 = CARTESIAN_POINT ( 'NONE',  ( -5.069129207727243625, 5.220010662083992337, -1.677637312934504132 ) ) ;
#396 = EDGE_LOOP ( 'NONE', ( #1006, #1782, #114, #1220 ) ) ;
#397 = CARTESIAN_POINT ( 'NONE',  ( -6.062177826491987886, -3.500000000001279865, 11.00000000000433964 ) ) ;
#398 = DIRECTION ( 'NONE',  ( -1.000000000000000000, -2.775557561562886729E-17, 0.000000000000000000 ) ) ;
#399 = DIRECTION ( 'NONE',  ( -1.000000000000000000, 9.470910429908445469E-17, 2.168404344971006896E-16 ) ) ;
#400 = AXIS2_PLACEMENT_3D ( 'NONE', #975, #1442, #989 ) ;
#401 = CARTESIAN_POINT ( 'NONE',  ( -1.194443674115017728, 6.999999999999896083, -5.919623769507602162 ) ) ;
#402 = CARTESIAN_POINT ( 'NONE',  ( 0.4558242981430485341, 9.499999999998285816, 66.53841357307413773 ) ) ;
#403 = CARTESIAN_POINT ( 'NONE',  ( -1.851080783270080632, -9.500000000002398082, 66.44124303971391043 ) ) ;
#404 = VERTEX_POINT ( 'NONE', #2408 ) ;
#405 = CARTESIAN_POINT ( 'NONE',  ( 6.717945429137473390, 2.364177194258208825, 10.94534149418280222 ) ) ;
#406 = CARTESIAN_POINT ( 'NONE',  ( 7.413544557502782517, 0.7821621963385394505, -2.676847892221733360 ) ) ;
#407 = ORIENTED_EDGE ( 'NONE', *, *, #2400, .F. ) ;
#408 = CIRCLE ( 'NONE', #2078, 8.000000000000012434 ) ;
#409 = ADVANCED_FACE ( 'NONE', ( #756 ), #1242, .F. ) ;
#410 = CARTESIAN_POINT ( 'NONE',  ( -10.96965511460101794, -2.331468351712828735E-12, 65.68961400861716982 ) ) ;
#411 = ORIENTED_EDGE ( 'NONE', *, *, #600, .F. ) ;
#412 = AXIS2_PLACEMENT_3D ( 'NONE', #1395, #370, #398 ) ;
#413 = CARTESIAN_POINT ( 'NONE',  ( 7.135284905119245735, 1.641324017853639905, -1.869247783595878287 ) ) ;
#414 = CARTESIAN_POINT ( 'NONE',  ( 2.152840273374976299, 6.999999999999894307, -5.154871780183400531 ) ) ;
#415 = CARTESIAN_POINT ( 'NONE',  ( 7.416944584427918485, -1.153475142848035651, -3.514511090652054914 ) ) ;
#416 = CARTESIAN_POINT ( 'NONE',  ( -4.041451884326807686, 6.999999999999895195, 10.99999999999956657 ) ) ;
#417 = ORIENTED_EDGE ( 'NONE', *, *, #1946, .T. ) ;
#418 = EDGE_CURVE ( 'NONE', #718, #197, #1290, .T. ) ;
#419 = CARTESIAN_POINT ( 'NONE',  ( 5.484827557298954659, -9.500000000001730172, 65.68961400861739719 ) ) ;
#420 = CARTESIAN_POINT ( 'NONE',  ( 2.599436131152246698, 6.999999999999895195, 4.631976595081176207 ) ) ;
#421 = AXIS2_PLACEMENT_3D ( 'NONE', #891, #850, #1706 ) ;
#422 = CARTESIAN_POINT ( 'NONE',  ( -4.715886624706278951, 5.831844763273156040, -3.250709416082541825 ) ) ;
#423 = ORIENTED_EDGE ( 'NONE', *, *, #1750, .T. ) ;
#424 = CARTESIAN_POINT ( 'NONE',  ( 2.723401636296756578, 6.988067224019540724, -2.717380162582704983 ) ) ;
#425 = CARTESIAN_POINT ( 'NONE',  ( 0.000000000000000000, -1.110223024625156540E-13, -13.48196246848254454 ) ) ;
#426 = FACE_OUTER_BOUND ( 'NONE', #2423, .T. ) ;
#427 = CARTESIAN_POINT ( 'NONE',  ( 8.700000000000684963, -2.441065489155042637E-12, 67.00000000000028422 ) ) ;
#428 = CARTESIAN_POINT ( 'NONE',  ( -10.52131238748702735, -0.7765523825698497085, 65.94846480280568812 ) ) ;
#429 = ORIENTED_EDGE ( 'NONE', *, *, #1017, .T. ) ;
#430 = B_SPLINE_CURVE_WITH_KNOTS ( 'NONE', 3,
 ( #2471, #811, #1419, #1806, #1607, #2061, #8, #1650, #2428, #1664, #1245, #1205 ),
 .UNSPECIFIED., .F., .F.,
 ( 4, 2, 2, 2, 2, 4 ),
 ( 1.033462907829341641E-15, 0.002769683990238765766, 0.005539367980476498504, 0.006924209975595362922, 0.008309051970714229074, 0.01107873596095196485 ),
 .UNSPECIFIED. ) ;
#431 = CARTESIAN_POINT ( 'NONE',  ( -7.125558022430712235, 3.015730774721696594, -2.664071606253753277 ) ) ;
#432 = DIRECTION ( 'NONE',  ( -0.5000000000000167644, 0.8660254037844290487, -1.065420421420627249E-16 ) ) ;
#433 = CARTESIAN_POINT ( 'NONE',  ( -5.484827557300731016, 9.499999999998287592, 60.99999999999860734 ) ) ;
#434 = VERTEX_POINT ( 'NONE', #1197 ) ;
#435 = CARTESIAN_POINT ( 'NONE',  ( 0.9510795493315901128, 7.535655078156772824, -1.792043031723250524 ) ) ;
#436 = LINE ( 'NONE', #1264, #1967 ) ;
#437 = EDGE_CURVE ( 'NONE', #1718, #1173, #780, .T. ) ;
#438 = CARTESIAN_POINT ( 'NONE',  ( 4.587580686275321007, -9.500000000002396305, 62.05137313319031733 ) ) ;
#439 = CONICAL_SURFACE ( 'NONE', #1218, 10.98327304528932835, 1.047197551196400456 ) ;
#440 = CARTESIAN_POINT ( 'NONE',  ( 7.384683969672117598, -1.209352166688487884, -2.912043836337900871 ) ) ;
#441 = DIRECTION ( 'NONE',  ( -7.315828852335739199E-17, -8.078619584905368877E-17, 1.000000000000000000 ) ) ;
#442 = VERTEX_POINT ( 'NONE', #1887 ) ;
#443 = EDGE_CURVE ( 'NONE', #1420, #2547, #2488, .T. ) ;
#444 = CARTESIAN_POINT ( 'NONE',  ( -2.692582403567536087, 6.999999999999894307, -3.500000000000058176 ) ) ;
#445 = CARTESIAN_POINT ( 'NONE',  ( 19.00000000000034817, -7.771561172376095783E-13, -20.00000000000001776 ) ) ;
#446 = EDGE_LOOP ( 'NONE', ( #1578, #1415, #1755, #1287 ) ) ;
#447 = AXIS2_PLACEMENT_3D ( 'NONE', #567, #172, #816 ) ;
#448 = DIRECTION ( 'NONE',  ( 1.000000000000000000, 2.775557561562581353E-17, 1.084202172485502708E-16 ) ) ;
#449 = VERTEX_POINT ( 'NONE', #1876 ) ;
#450 = AXIS2_PLACEMENT_3D ( 'NONE', #2610, #200, #2216 ) ;
#451 = CARTESIAN_POINT ( 'NONE',  ( 1.619691797348987938, 6.999999999999895195, -1.334540353604245722 ) ) ;
#452 = AXIS2_PLACEMENT_3D ( 'NONE', #33, #1105, #1080 ) ;
#453 = CARTESIAN_POINT ( 'NONE',  ( 6.361862446514433778, -2.980931011872499425, -6.142486975393025794 ) ) ;
#454 = CARTESIAN_POINT ( 'NONE',  ( -7.755690006997635777, -5.566750860126956191, 66.53752218664128293 ) ) ;
#455 = ORIENTED_EDGE ( 'NONE', *, *, #1802, .T. ) ;
#456 = DIRECTION ( 'NONE',  ( -1.000000000000000000, -2.775557561561464314E-17, 0.000000000000000000 ) ) ;
#457 = CARTESIAN_POINT ( 'NONE',  ( -5.410238876186915569, 4.629191385358901734, 4.442598473479721477 ) ) ;
#458 = CARTESIAN_POINT ( 'NONE',  ( -37.56084042259756473, -1.122837879622559483E-13, -14.73008507114026067 ) ) ;
#459 = ORIENTED_EDGE ( 'NONE', *, *, #277, .T. ) ;
#460 = AXIS2_PLACEMENT_3D ( 'NONE', #2109, #1691, #665 ) ;
#461 = EDGE_CURVE ( 'NONE', #1761, #1349, #2503, .T. ) ;
#462 = CARTESIAN_POINT ( 'NONE',  ( -0.9510795493315932214, 7.535655078156772824, -1.792043031723250968 ) ) ;
#463 = FACE_OUTER_BOUND ( 'NONE', #1097, .T. ) ;
#464 = CARTESIAN_POINT ( 'NONE',  ( 7.361895892066892877, 1.248822274907000818, 4.631976595081204628 ) ) ;
#465 = CARTESIAN_POINT ( 'NONE',  ( 5.343397877600502888, -4.744963390940086789, -5.796858318652851949 ) ) ;
#466 = PLANE ( 'NONE',  #617 ) ;
#467 = ORIENTED_EDGE ( 'NONE', *, *, #810, .T. ) ;
#468 = CARTESIAN_POINT ( 'NONE',  ( 3.239535403362054033, 6.999999999999674927, 10.59970381336621159 ) ) ;
#469 = CARTESIAN_POINT ( 'NONE',  ( -7.125558022430719340, 2.081692223274195452, -5.682015030462339134 ) ) ;
#470 = ORIENTED_EDGE ( 'NONE', *, *, #2585, .T. ) ;
#471 = ADVANCED_FACE ( 'NONE', ( #661 ), #2063, .F. ) ;
#472 = CARTESIAN_POINT ( 'NONE',  ( -0.8097011837197268802, -6.999999999999786837, -0.9239494892506256996 ) ) ;
#473 = VERTEX_POINT ( 'NONE', #1449 ) ;
#474 = ADVANCED_FACE ( 'NONE', ( #426 ), #44, .T. ) ;
#475 = CARTESIAN_POINT ( 'NONE',  ( 3.872983346207559130, -6.999999999999784173, 4.954700538379430697 ) ) ;
#476 = CARTESIAN_POINT ( 'NONE',  ( 0.000000000000000000, -1.110223024625156540E-13, -19.99999999999979394 ) ) ;
#477 = CARTESIAN_POINT ( 'NONE',  ( 4.992031544926018860, 5.353547731200329451, -5.143288846642103174 ) ) ;
#478 = FACE_BOUND ( 'NONE', #1282, .T. ) ;
#479 = ORIENTED_EDGE ( 'NONE', *, *, #2380, .F. ) ;
#480 = DIRECTION ( 'NONE',  ( 2.775557561562886729E-17, -1.000000000000000000, 0.000000000000000000 ) ) ;
#481 = FACE_OUTER_BOUND ( 'NONE', #935, .T. ) ;
#482 = AXIS2_PLACEMENT_3D ( 'NONE', #2237, #2048, #1646 ) ;
#483 = MANIFOLD_SOLID_BREP ( 'Fl\X2\00e4\X0\che verschieben1', #187 ) ;
#484 = CARTESIAN_POINT ( 'NONE',  ( -1.110223024625156540E-13, -2.442490654175344389E-12, 67.00000000000028422 ) ) ;
#485 = ORIENTED_EDGE ( 'NONE', *, *, #1868, .T. ) ;
#486 = CARTESIAN_POINT ( 'NONE',  ( -5.627880496893099327, 4.252225040454173488, -6.054724639420010490 ) ) ;
#487 = CARTESIAN_POINT ( 'NONE',  ( -5.344083222729537397, -4.743776338354900979, -5.797670749360461784 ) ) ;
#488 = CIRCLE ( 'NONE', #1734, 6.000000000000009770 ) ;
#489 = AXIS2_PLACEMENT_3D ( 'NONE', #2242, #1997, #1781 ) ;
#490 = CARTESIAN_POINT ( 'NONE',  ( 4.851819258805971202, 5.596402534606158774, -4.692018832927651317 ) ) ;
#491 = DIRECTION ( 'NONE',  ( -7.315828852335735501E-17, 8.078619584905368877E-17, -1.000000000000000000 ) ) ;
#492 = AXIS2_PLACEMENT_3D ( 'NONE', #707, #560, #1976 ) ;
#493 = CARTESIAN_POINT ( 'NONE',  ( 24.08578643762653115, -1.075554130914372308E-13, -0.5857864376303242304 ) ) ;
#494 = CARTESIAN_POINT ( 'NONE',  ( 7.363422778190923168, -1.246177630563365168, 4.632763299403595880 ) ) ;
#495 = EDGE_CURVE ( 'NONE', #2592, #169, #2131, .T. ) ;
#496 = CARTESIAN_POINT ( 'NONE',  ( 0.000000000000000000, 0.000000000000000000, 10.42264973081374890 ) ) ;
#497 = CARTESIAN_POINT ( 'NONE',  ( -1.001950835797607908, -7.000000000000116351, -0.9922509955773300971 ) ) ;
#498 = VERTEX_POINT ( 'NONE', #1552 ) ;
#499 = ADVANCED_FACE ( 'NONE', ( #525 ), #23, .T. ) ;
#500 = EDGE_LOOP ( 'NONE', ( #2197, #664 ) ) ;
#501 = CARTESIAN_POINT ( 'NONE',  ( -3.872983346206337885, 7.000000000000117240, 4.954700538379097630 ) ) ;
#502 = CARTESIAN_POINT ( 'NONE',  ( 6.655894930842842783, -2.471651809940134115, -1.083390805281192470 ) ) ;
#503 = CARTESIAN_POINT ( 'NONE',  ( 6.151166959036813431, 3.345866301108663343, -6.192552964905860158 ) ) ;
#504 = CARTESIAN_POINT ( 'NONE',  ( 4.125686153387153610, -6.854101966250136790, 10.99999999999989875 ) ) ;
#505 = CARTESIAN_POINT ( 'NONE',  ( 1.857991247739501972, 9.499999999998289368, 61.55954815974583738 ) ) ;
#506 = CARTESIAN_POINT ( 'NONE',  ( 8.689405915245728806, 3.949507467202067357, 61.48141919997367921 ) ) ;
#507 = CARTESIAN_POINT ( 'NONE',  ( -10.96965511460079590, -3.219646771412953967E-12, 62.31038599137983169 ) ) ;
#508 = EDGE_LOOP ( 'NONE', ( #2046, #4, #2494, #1623 ) ) ;
#509 = CARTESIAN_POINT ( 'NONE',  ( 0.000000000000000000, -1.110223024625156540E-13, -13.48196246847699342 ) ) ;
#510 = CARTESIAN_POINT ( 'NONE',  ( 7.125558022430579896, 3.015730774721814722, -3.500000000000060396 ) ) ;
#511 = EDGE_LOOP ( 'NONE', ( #722, #721 ) ) ;
#512 = CARTESIAN_POINT ( 'NONE',  ( -23.20909507938108973, -8.952738431034746220E-14, 4.128984299714906603E-14 ) ) ;
#513 = CARTESIAN_POINT ( 'NONE',  ( 22.67157287525001408, -5.551115123125782702E-13, 0.000000000000000000 ) ) ;
#514 = ADVANCED_FACE ( 'NONE', ( #1723 ), #648, .T. ) ;
#515 = CARTESIAN_POINT ( 'NONE',  ( -10.96965511459968567, -2.664535259100375697E-12, 60.99999999999860734 ) ) ;
#516 = CARTESIAN_POINT ( 'NONE',  ( 4.415037895442624816, -6.263821026877384845, 11.74578762887766104 ) ) ;
#517 = CARTESIAN_POINT ( 'NONE',  ( -0.9431026579067562920, 9.499999999998285816, 66.53752218664047291 ) ) ;
#518 = DIRECTION ( 'NONE',  ( -7.315828852335735501E-17, 8.078619584905368877E-17, -1.000000000000000000 ) ) ;
#519 = ORIENTED_EDGE ( 'NONE', *, *, #60, .F. ) ;
#520 = CARTESIAN_POINT ( 'NONE',  ( 0.000000000000000000, -1.110223024625156540E-13, -19.99999999999979394 ) ) ;
#521 = CARTESIAN_POINT ( 'NONE',  ( 4.125686153386598498, -6.854101966251802125, 10.42264973081441504 ) ) ;
#522 = AXIS2_PLACEMENT_3D ( 'NONE', #1180, #553, #2039 ) ;
#523 = ORIENTED_EDGE ( 'NONE', *, *, #199, .T. ) ;
#524 = CARTESIAN_POINT ( 'NONE',  ( 2.657125610362330637, 6.999999999999895195, -2.998445300878430864 ) ) ;
#525 = FACE_OUTER_BOUND ( 'NONE', #2020, .T. ) ;
#526 = EDGE_CURVE ( 'NONE', #1916, #612, #2001, .T. ) ;
#527 = CARTESIAN_POINT ( 'NONE',  ( 5.999999999999787725, -6.659672813214001508E-13, 44.00000000000004263 ) ) ;
#528 = CARTESIAN_POINT ( 'NONE',  ( 0.000000000000000000, 0.000000000000000000, -1.083390805280970426 ) ) ;
#529 = CARTESIAN_POINT ( 'NONE',  ( 22.67157287524950604, -45.34314575050028395, 1.259609318506023954E-15 ) ) ;
#530 = CARTESIAN_POINT ( 'NONE',  ( 6.000000000000009770, 3.332334408412407356E-13, 3.800000000000026024 ) ) ;
#531 = ORIENTED_EDGE ( 'NONE', *, *, #1444, .T. ) ;
#532 = CARTESIAN_POINT ( 'NONE',  ( 5.999999999999787725, -6.659672813214001508E-13, 44.00000000000004263 ) ) ;
#533 = LINE ( 'NONE', #96, #366 ) ;
#534 = EDGE_LOOP ( 'NONE', ( #551, #365, #1440, #1590 ) ) ;
#535 = EDGE_LOOP ( 'NONE', ( #2182, #2221, #1860, #1978 ) ) ;
#536 = FACE_OUTER_BOUND ( 'NONE', #571, .T. ) ;
#537 = CARTESIAN_POINT ( 'NONE',  ( -5.106574961757533337, -5.155152713575721357, -5.420735008252231424 ) ) ;
#538 = EDGE_CURVE ( 'NONE', #1234, #2458, #847, .T. ) ;
#539 = LINE ( 'NONE', #1368, #1140 ) ;
#540 = CARTESIAN_POINT ( 'NONE',  ( 10.96965511460123999, -1.443289932012703503E-12, 62.31038599138061329 ) ) ;
#541 = VECTOR ( 'NONE', #1855, 1000.000000000000000 ) ;
#542 = CARTESIAN_POINT ( 'NONE',  ( -7.681945528172461124, 0.6944800442289070785, 10.59970381336596823 ) ) ;
#543 = CARTESIAN_POINT ( 'NONE',  ( -10.52131238660480683, -0.7765523840987021975, 62.05153519668203899 ) ) ;
#544 = EDGE_LOOP ( 'NONE', ( #1094, #2553, #2155, #841, #1091 ) ) ;
#545 = DIRECTION ( 'NONE',  ( -7.315828852335735501E-17, 8.078619584905368877E-17, -1.000000000000000000 ) ) ;
#546 = CARTESIAN_POINT ( 'NONE',  ( 6.174478473098742981, 4.152775023636585239, -5.985000030196674814 ) ) ;
#547 = VERTEX_POINT ( 'NONE', #2392 ) ;
#548 = ADVANCED_FACE ( 'NONE', ( #1138 ), #1954, .T. ) ;
#549 = EDGE_CURVE ( 'NONE', #1959, #393, #369, .T. ) ;
#550 = DIRECTION ( 'NONE',  ( -1.000000000000000000, -2.775557561562886729E-17, -6.108181253439452538E-17 ) ) ;
#551 = ORIENTED_EDGE ( 'NONE', *, *, #1152, .F. ) ;
#552 = B_SPLINE_CURVE_WITH_KNOTS ( 'NONE', 3,
 ( #2037, #1021, #195, #1834, #2663, #1636 ),
 .UNSPECIFIED., .F., .F.,
 ( 4, 2, 4 ),
 ( 1.310670835998453166E-16, 0.001957890020745905318, 0.003915780041491679665 ),
 .UNSPECIFIED. ) ;
#553 = DIRECTION ( 'NONE',  ( -7.315828852335735501E-17, 8.078619584905368877E-17, -1.000000000000000000 ) ) ;
#554 = DIRECTION ( 'NONE',  ( -7.315828852335735501E-17, 8.078619584905368877E-17, -1.000000000000000000 ) ) ;
#555 = CARTESIAN_POINT ( 'NONE',  ( 7.998669499596489096, -0.1458980337480930700, 10.42264973081374890 ) ) ;
#556 = DIRECTION ( 'NONE',  ( -7.315828852335735501E-17, 8.078619584905368877E-17, -1.000000000000000000 ) ) ;
#557 = DIRECTION ( 'NONE',  ( -7.315828852335735501E-17, 8.078619584905368877E-17, -1.000000000000000000 ) ) ;
#558 = ORIENTED_EDGE ( 'NONE', *, *, #277, .F. ) ;
#559 = CYLINDRICAL_SURFACE ( 'NONE', #2311, 8.000000000000012434 ) ;
#560 = DIRECTION ( 'NONE',  ( -7.315828852335735501E-17, 8.078619584905368877E-17, -1.000000000000000000 ) ) ;
#561 = ORIENTED_EDGE ( 'NONE', *, *, #1695, .F. ) ;
#562 = DIRECTION ( 'NONE',  ( 1.000000000000000000, -6.480926906249342469E-14, 0.000000000000000000 ) ) ;
#563 = VERTEX_POINT ( 'NONE', #1979 ) ;
#564 = EDGE_CURVE ( 'NONE', #1406, #434, #1341, .T. ) ;
#565 = CARTESIAN_POINT ( 'NONE',  ( -37.56084042259992373, -9.523141412026699420E-14, -14.73008507114006882 ) ) ;
#566 = CARTESIAN_POINT ( 'NONE',  ( 3.872983346207448108, -7.000000000000228262, 10.99999999999989875 ) ) ;
#567 = CARTESIAN_POINT ( 'NONE',  ( -4.041451884326807686, -6.999999999999784173, 10.99999999999989875 ) ) ;
#568 = CARTESIAN_POINT ( 'NONE',  ( -0.9510795493315933324, 7.678779650925686262, -3.500000000000064393 ) ) ;
#569 = CARTESIAN_POINT ( 'NONE',  ( -7.362846663022342142, 1.247175491305475337, 10.74489535305259125 ) ) ;
#570 = PLANE ( 'NONE',  #324 ) ;
#571 = EDGE_LOOP ( 'NONE', ( #519, #1294, #423, #1165 ) ) ;
#572 = CIRCLE ( 'NONE', #2339, 8.700000000000807532 ) ;
#573 = DIRECTION ( 'NONE',  ( 1.000000000000000000, 2.775557561562886729E-17, 1.080340565463169243E-16 ) ) ;
#574 = EDGE_CURVE ( 'NONE', #1963, #329, #1556, .T. ) ;
#575 = CARTESIAN_POINT ( 'NONE',  ( 0.3024059480179780435, -6.999999999999779732, -6.192690621986897348 ) ) ;
#576 = VECTOR ( 'NONE', #1200, 1000.000000000000000 ) ;
#577 = CARTESIAN_POINT ( 'NONE',  ( 0.000000000000000000, -1.110223024625156540E-13, -14.73008507114026422 ) ) ;
#578 = ORIENTED_EDGE ( 'NONE', *, *, #1824, .F. ) ;
#579 = CARTESIAN_POINT ( 'NONE',  ( -1.110223024625156540E-13, -2.442490654175344389E-12, 65.68175169266898195 ) ) ;
#580 = CARTESIAN_POINT ( 'NONE',  ( 22.67157287525001408, -5.551115123125782702E-13, 0.000000000000000000 ) ) ;
#581 = CARTESIAN_POINT ( 'NONE',  ( 7.390740631672203520, 1.198861720379513107, -2.998445300878196829 ) ) ;
#582 = CARTESIAN_POINT ( 'NONE',  ( -0.3530100010428359192, 6.999999999999895195, -6.175100268988411578 ) ) ;
#583 = CARTESIAN_POINT ( 'NONE',  ( 5.210413761892185747, -4.975298635946501236, -1.392774045508269110 ) ) ;
#584 = CARTESIAN_POINT ( 'NONE',  ( -5.468460722138801522, 4.528348190059428013, -1.083390805281303493 ) ) ;
#585 = ORIENTED_EDGE ( 'NONE', *, *, #1444, .F. ) ;
#586 = AXIS2_PLACEMENT_3D ( 'NONE', #1530, #1957, #1918 ) ;
#587 = DIRECTION ( 'NONE',  ( -7.315828852335735501E-17, 8.078619584905368877E-17, -1.000000000000000000 ) ) ;
#588 = CARTESIAN_POINT ( 'NONE',  ( 6.174478473098736764, 4.663048876204190840, -2.203722373664846579 ) ) ;
#589 = CARTESIAN_POINT ( 'NONE',  ( -5.484827557299287726, 9.499999999997621458, 65.68961400861716982 ) ) ;
#590 = ORIENTED_EDGE ( 'NONE', *, *, #2495, .F. ) ;
#591 = CARTESIAN_POINT ( 'NONE',  ( -7.362846663021930915, -1.247175491306100614, 10.74489535305276533 ) ) ;
#592 = VECTOR ( 'NONE', #1460, 1000.000000000000000 ) ;
#593 = DIRECTION ( 'NONE',  ( 1.000000000000000000, 2.775557561562991808E-17, 7.228014483236684722E-17 ) ) ;
#594 = DIRECTION ( 'NONE',  ( -7.315828852335735501E-17, 8.078619584905368877E-17, -1.000000000000000000 ) ) ;
#595 = CARTESIAN_POINT ( 'NONE',  ( -2.723401636296759243, 6.515396397583165466, -6.026399277583973202 ) ) ;
#596 = CARTESIAN_POINT ( 'NONE',  ( 2.003474095103767794E-16, -9.500000000002394529, 61.46188021534898382 ) ) ;
#597 = CARTESIAN_POINT ( 'NONE',  ( -5.561202408592365920, 4.367714877143181518, -0.9922509955779580393 ) ) ;
#598 = ORIENTED_EDGE ( 'NONE', *, *, #526, .T. ) ;
#599 = B_SPLINE_CURVE_WITH_KNOTS ( 'NONE', 3,
 ( #1745, #2571, #716, #2367, #517, #402, #2018, #189, #2246, #1799, #773, #2421 ),
 .UNSPECIFIED., .F., .F.,
 ( 4, 2, 2, 2, 2, 4 ),
 ( 1.577191848012185158E-16, 0.002769684012899871831, 0.005539368025799585801, 0.006924210032249443654, 0.008309052038699299772, 0.01107873605159901895 ),
 .UNSPECIFIED. ) ;
#600 = EDGE_CURVE ( 'NONE', #884, #1705, #2115, .T. ) ;
#601 = DIRECTION ( 'NONE',  ( 1.000000000000000000, 2.775557561562991808E-17, 0.000000000000000000 ) ) ;
#602 = CARTESIAN_POINT ( 'NONE',  ( 1.629167118814675908, 6.999999999999895195, 4.481463663658406205 ) ) ;
#603 = CARTESIAN_POINT ( 'NONE',  ( -4.733615021308918536, 5.801138279620647431, -2.998445300877963238 ) ) ;
#604 = ORIENTED_EDGE ( 'NONE', *, *, #741, .T. ) ;
#605 = DIRECTION ( 'NONE',  ( -7.315828852335735501E-17, 8.078619584905368877E-17, -1.000000000000000000 ) ) ;
#606 = DIRECTION ( 'NONE',  ( 7.315828852335735501E-17, -8.078619584905368877E-17, 1.000000000000000000 ) ) ;
#607 = VECTOR ( 'NONE', #1168, 1000.000000000000000 ) ;
#608 = CARTESIAN_POINT ( 'NONE',  ( -0.6971442202639787089, 6.999999999999893419, -6.106677472594310707 ) ) ;
#609 = ADVANCED_FACE ( 'NONE', ( #1379 ), #965, .T. ) ;
#610 = DIRECTION ( 'NONE',  ( -1.000000000000000000, -2.775557561562887037E-17, 0.000000000000000000 ) ) ;
#611 = FACE_OUTER_BOUND ( 'NONE', #1844, .T. ) ;
#612 = VERTEX_POINT ( 'NONE', #1795 ) ;
#613 = DIRECTION ( 'NONE',  ( 7.315828852335730571E-17, 7.715611049475885810E-17, 1.000000000000000000 ) ) ;
#614 = CARTESIAN_POINT ( 'NONE',  ( 2.563148052937831878, -6.999999999999728217, -2.621360990901305144 ) ) ;
#615 = EDGE_LOOP ( 'NONE', ( #2111, #429, #140, #2452, #417, #1403, #1736 ) ) ;
#616 = AXIS2_PLACEMENT_3D ( 'NONE', #1064, #859, #610 ) ;
#617 = AXIS2_PLACEMENT_3D ( 'NONE', #68, #675, #2299 ) ;
#618 = CARTESIAN_POINT ( 'NONE',  ( -5.113091784341098567, 5.143865245757163862, -1.586208739690589953 ) ) ;
#619 = ORIENTED_EDGE ( 'NONE', *, *, #2008, .F. ) ;
#620 = AXIS2_PLACEMENT_3D ( 'NONE', #2437, #2422, #1815 ) ;
#621 = CARTESIAN_POINT ( 'NONE',  ( -1.629167118814690340, -6.999999999999785949, 4.481463663658717955 ) ) ;
#622 = DIRECTION ( 'NONE',  ( 7.315828852335735501E-17, -8.078619584905368877E-17, 1.000000000000000000 ) ) ;
#623 = CARTESIAN_POINT ( 'NONE',  ( 4.996944991636005362, -5.345037391859433384, -1.825626881355723707 ) ) ;
#624 = CARTESIAN_POINT ( 'NONE',  ( -6.383660886693555803, -7.943175005957545665, 66.16121657317859217 ) ) ;
#625 = ORIENTED_EDGE ( 'NONE', *, *, #131, .F. ) ;
#626 = DIRECTION ( 'NONE',  ( -7.315828852335735501E-17, 8.078619584905368877E-17, -1.000000000000000000 ) ) ;
#627 = FACE_OUTER_BOUND ( 'NONE', #752, .T. ) ;
#628 =( GEOMETRIC_REPRESENTATION_CONTEXT ( 3 ) GLOBAL_UNCERTAINTY_ASSIGNED_CONTEXT ( ( #2484 ) ) GLOBAL_UNIT_ASSIGNED_CONTEXT ( ( #2487, #635, #2064 ) ) REPRESENTATION_CONTEXT ( 'NONE', 'WORKASPACE' ) );
#629 = AXIS2_PLACEMENT_3D ( 'NONE', #2520, #2507, #229 ) ;
#630 = EDGE_CURVE ( 'NONE', #1523, #2113, #874, .T. ) ;
#631 = CARTESIAN_POINT ( 'NONE',  ( -7.999999999998640199, 3.338245802219397615E-13, 4.954700538378987495 ) ) ;
#632 = VERTEX_POINT ( 'NONE', #766 ) ;
#633 = B_SPLINE_CURVE_WITH_KNOTS ( 'NONE', 3,
 ( #1852, #2067, #2312, #1291, #2106, #1439, #2259, #13, #2479, #831, #1657, #2273 ),
 .UNSPECIFIED., .F., .F.,
 ( 4, 2, 2, 2, 2, 4 ),
 ( 1.869521719379616406E-16, 0.001952732202527839977, 0.003905464405055493037, 0.004881830506319318266, 0.005858196607583144797, 0.007810928810110796122 ),
 .UNSPECIFIED. ) ;
#634 = EDGE_CURVE ( 'NONE', #2332, #2074, #2582, .T. ) ;
#635 =( NAMED_UNIT ( * ) PLANE_ANGLE_UNIT ( ) SI_UNIT ( $, .RADIAN. ) );
#636 = DIRECTION ( 'NONE',  ( 0.8660254037844289376, -0.5000000000000168754, 1.037500342831469377E-16 ) ) ;
#637 = CARTESIAN_POINT ( 'NONE',  ( -7.127410661345984444, -1.654962608139689761, -1.825626881354958764 ) ) ;
#638 = CARTESIAN_POINT ( 'NONE',  ( 6.213380800499914258, -3.238108766761099488, -6.192690621986385757 ) ) ;
#639 = FACE_OUTER_BOUND ( 'NONE', #500, .T. ) ;
#640 = ORIENTED_EDGE ( 'NONE', *, *, #24, .T. ) ;
#641 = CARTESIAN_POINT ( 'NONE',  ( -6.174478473098704789, 4.663048876204369364, -3.500000000000058176 ) ) ;
#642 = CARTESIAN_POINT ( 'NONE',  ( -6.395408300375641453, 2.922827888600734170, 4.377890667539385383 ) ) ;
#643 = DIRECTION ( 'NONE',  ( 7.315828852335730571E-17, 7.715611049475885810E-17, 1.000000000000000000 ) ) ;
#644 = EDGE_LOOP ( 'NONE', ( #2267, #1637 ) ) ;
#645 = B_SPLINE_CURVE_WITH_KNOTS ( 'NONE', 3,
 ( #206, #1819, #405, #1832, #2262, #821 ),
 .UNSPECIFIED., .F., .F.,
 ( 4, 2, 4 ),
 ( 3.216602556230914870E-16, 0.001957890020746246192, 0.003915780041492170592 ),
 .UNSPECIFIED. ) ;
#646 = LINE ( 'NONE', #38, #1753 ) ;
#647 = FILL_AREA_STYLE_COLOUR ( '', #1541 ) ;
#648 = CONICAL_SURFACE ( 'NONE', #1177, 7.999999999999792166, 1.047197551196400012 ) ;
#649 = CARTESIAN_POINT ( 'NONE',  ( 4.910945001106615138, -5.493993744906772392, -2.071362410657457964 ) ) ;
#650 = FACE_OUTER_BOUND ( 'NONE', #2168, .T. ) ;
#651 = EDGE_LOOP ( 'NONE', ( #2607, #531, #907, #890 ) ) ;
#652 = AXIS2_PLACEMENT_3D ( 'NONE', #528, #332, #954 ) ;
#653 = PLANE ( 'NONE',  #629 ) ;
#654 = CARTESIAN_POINT ( 'NONE',  ( -4.690142921205011639, 5.852568613751636839, -3.500000000000058176 ) ) ;
#655 = ORIENTED_EDGE ( 'NONE', *, *, #574, .F. ) ;
#656 = ADVANCED_FACE ( 'NONE', ( #2608 ), #1609, .T. ) ;
#657 = CARTESIAN_POINT ( 'NONE',  ( -7.390748908664158456, 1.198847384208577616, -2.998554018575986468 ) ) ;
#658 = ORIENTED_EDGE ( 'NONE', *, *, #1262, .T. ) ;
#659 = VECTOR ( 'NONE', #769, 1000.000000000000000 ) ;
#660 = PLANE ( 'NONE',  #855 ) ;
#661 = FACE_OUTER_BOUND ( 'NONE', #1519, .T. ) ;
#662 = CARTESIAN_POINT ( 'NONE',  ( 7.127570322042218187, -1.654686067702816565, -1.826248997378186134 ) ) ;
#663 = DIRECTION ( 'NONE',  ( 2.775557561562886729E-17, -1.000000000000000000, 0.000000000000000000 ) ) ;
#664 = ORIENTED_EDGE ( 'NONE', *, *, #1017, .F. ) ;
#665 = DIRECTION ( 'NONE',  ( 1.000000000000000000, 2.775557561562581353E-17, 1.084202172485502708E-16 ) ) ;
#666 = ADVANCED_FACE ( 'NONE', ( #2430 ), #439, .T. ) ;
#667 = CARTESIAN_POINT ( 'NONE',  ( -7.755690000686179530, -5.566750871058718353, 61.46247781398541576 ) ) ;
#668 = B_SPLINE_CURVE_WITH_KNOTS ( 'NONE', 3,
 ( #1223, #1840, #2014, #1810, #2638, #413, #787, #1436, #2434, #581, #1411, #2230 ),
 .UNSPECIFIED., .F., .F.,
 ( 4, 2, 2, 2, 2, 4 ),
 ( 9.437700854521359578E-16, 0.0007462082653257361489, 0.001119312397988132595, 0.001492416530650529476, 0.002238624795975323236, 0.002984833061300117864 ),
 .UNSPECIFIED. ) ;
#669 = CARTESIAN_POINT ( 'NONE',  ( -6.655894930842398693, 2.471651809939356959, -1.083390805281525537 ) ) ;
#670 = ORIENTED_EDGE ( 'NONE', *, *, #1119, .T. ) ;
#671 = VECTOR ( 'NONE', #1199, 1000.000000000000000 ) ;
#672 = DIRECTION ( 'NONE',  ( -7.315828852335735501E-17, 8.078619584905368877E-17, -1.000000000000000000 ) ) ;
#673 =( LENGTH_UNIT ( ) NAMED_UNIT ( * ) SI_UNIT ( .MILLI., .METRE. ) );
#674 = DIRECTION ( 'NONE',  ( 1.000000000000000000, 2.775557561562991808E-17, 0.000000000000000000 ) ) ;
#675 = DIRECTION ( 'NONE',  ( 0.8660254037844289376, -0.5000000000000168754, 1.037500342831469377E-16 ) ) ;
#676 = EDGE_LOOP ( 'NONE', ( #75, #1554, #1216, #849 ) ) ;
#677 = CARTESIAN_POINT ( 'NONE',  ( -5.999999999914759741, -2.331634885166520085E-12, 76.00000000002083311 ) ) ;
#678 = CARTESIAN_POINT ( 'NONE',  ( -7.413544557502860677, 1.135498610267748454, -3.814832183931723186 ) ) ;
#679 = ORIENTED_EDGE ( 'NONE', *, *, #734, .T. ) ;
#680 = ADVANCED_FACE ( 'NONE', ( #1748 ), #1301, .T. ) ;
#681 = CARTESIAN_POINT ( 'NONE',  ( -7.408469028274899060, 1.168155236726579727, -3.251163923951062795 ) ) ;
#682 = ADVANCED_BREP_SHAPE_REPRESENTATION ( 'stellfuss', ( #483, #1793 ), #628 ) ;
#683 = VERTEX_POINT ( 'NONE', #2344 ) ;
#684 = CARTESIAN_POINT ( 'NONE',  ( 2.692582403567533866, 6.999999999999895195, -3.500000000000058176 ) ) ;
#685 = CARTESIAN_POINT ( 'NONE',  ( -7.018597855055957346, -1.843431917148159016, -5.419161147875600548 ) ) ;
#686 = CARTESIAN_POINT ( 'NONE',  ( 8.455153485022723459, 4.355244578144778167, 66.53841357307463511 ) ) ;
#687 = CARTESIAN_POINT ( 'NONE',  ( 4.681478679241736884, -4.024188014703604210, -7.759068935591689531 ) ) ;
#688 = ORIENTED_EDGE ( 'NONE', *, *, #2185, .F. ) ;
#689 = CARTESIAN_POINT ( 'NONE',  ( 24.08578643762631089, -48.17157287525385101, -0.5857864376303282272 ) ) ;
#690 = ADVANCED_FACE ( 'NONE', ( #1719 ), #1346, .T. ) ;
#691 = DIRECTION ( 'NONE',  ( 7.315828852335735501E-17, -8.078619584905368877E-17, 1.000000000000000000 ) ) ;
#692 = CARTESIAN_POINT ( 'NONE',  ( -4.681629138902676956, -4.019011341604547205, -7.763788977169559402 ) ) ;
#693 = CARTESIAN_POINT ( 'NONE',  ( -6.769084428920185914, 2.275601848385722104, -1.194625242672083365 ) ) ;
#694 = ORIENTED_EDGE ( 'NONE', *, *, #166, .F. ) ;
#695 = CARTESIAN_POINT ( 'NONE',  ( -5.241138670989627713, 4.922081532330914833, -5.641177576082425205 ) ) ;
#696 = CARTESIAN_POINT ( 'NONE',  ( -22.67157287524912235, 45.34314575050039764, 1.061015039046801360E-15 ) ) ;
#697 = CIRCLE ( 'NONE', #1656, 2.000000000000001776 ) ;
#698 = CIRCLE ( 'NONE', #1908, 8.000000000000012434 ) ;
#699 = CARTESIAN_POINT ( 'NONE',  ( 6.410779792604813565, 2.896203683071982393, -6.106670665396924491 ) ) ;
#700 = DIRECTION ( 'NONE',  ( 7.315828852335735501E-17, -8.078619584905368877E-17, 1.000000000000000000 ) ) ;
#701 = CARTESIAN_POINT ( 'NONE',  ( 0.4654779020169163561, 9.499999999998289368, 61.46188021534943147 ) ) ;
#702 = AXIS2_PLACEMENT_3D ( 'NONE', #2382, #943, #717 ) ;
#703 = CARTESIAN_POINT ( 'NONE',  ( 8.455153505297369421, 4.355244543028065962, 61.46158642815743889 ) ) ;
#704 = DIRECTION ( 'NONE',  ( -0.8660254037844290487, -0.5000000000000167644, -2.296383843408976690E-17 ) ) ;
#705 = ORIENTED_EDGE ( 'NONE', *, *, #945, .T. ) ;
#706 = CARTESIAN_POINT ( 'NONE',  ( -7.142775796530077770, -3.384903909600615268, -2.581001035974917812 ) ) ;
#707 = CARTESIAN_POINT ( 'NONE',  ( 0.000000000000000000, 0.000000000000000000, -0.5857864376290766728 ) ) ;
#708 = ORIENTED_EDGE ( 'NONE', *, *, #746, .F. ) ;
#709 = EDGE_CURVE ( 'NONE', #180, #1916, #184, .T. ) ;
#710 = DIRECTION ( 'NONE',  ( 0.8660254037844290487, 0.5000000000000167644, 2.296383843408976690E-17 ) ) ;
#711 = CARTESIAN_POINT ( 'NONE',  ( -4.910229528753872863, -5.495232979372136839, -2.073888178662264714 ) ) ;
#712 = EDGE_CURVE ( 'NONE', #1727, #2314, #1560, .T. ) ;
#713 = CARTESIAN_POINT ( 'NONE',  ( 0.000000000000000000, 0.000000000000000000, -1.083390805280970426 ) ) ;
#714 = CARTESIAN_POINT ( 'NONE',  ( 4.681478679241737773, -6.632685736870615578, -1.706577422394695454 ) ) ;
#715 = FACE_BOUND ( 'NONE', #1774, .T. ) ;
#716 = CARTESIAN_POINT ( 'NONE',  ( -3.687160898514644458, 9.499999999998287592, 66.16121657317808058 ) ) ;
#717 = DIRECTION ( 'NONE',  ( 1.000000000000000000, 2.775557561562887345E-17, 5.782411586589348764E-17 ) ) ;
#718 = VERTEX_POINT ( 'NONE', #138 ) ;
#719 = LINE ( 'NONE', #2545, #1004 ) ;
#720 = CARTESIAN_POINT ( 'NONE',  ( -6.000000000000009770, 1.115905570883102788E-13, 2.399999999999957279 ) ) ;
#721 = ORIENTED_EDGE ( 'NONE', *, *, #538, .F. ) ;
#722 = ORIENTED_EDGE ( 'NONE', *, *, #1472, .F. ) ;
#723 = CARTESIAN_POINT ( 'NONE',  ( 4.041451884326918709, 7.000000000000006217, 10.99999999999956657 ) ) ;
#724 = CARTESIAN_POINT ( 'NONE',  ( 5.657327234631521762, -4.201221794574953705, -0.9239494892508938184 ) ) ;
#725 = CARTESIAN_POINT ( 'NONE',  ( 6.184046493966218527, -5.273792871570088359, -2.074010652591224080 ) ) ;
#726 = DIRECTION ( 'NONE',  ( -7.315828852335735501E-17, 8.078619584905368877E-17, -1.000000000000000000 ) ) ;
#727 = CARTESIAN_POINT ( 'NONE',  ( -23.20909507938097605, 4.464318678367935281E-13, 7.529483740605547958E-14 ) ) ;
#728 = DIRECTION ( 'NONE',  ( 0.5000000000000167644, -0.8660254037844290487, 1.065420421420627249E-16 ) ) ;
#729 = ORIENTED_EDGE ( 'NONE', *, *, #47, .T. ) ;
#730 = DIRECTION ( 'NONE',  ( 1.000000000000000000, 2.775557561562887037E-17, 1.084202172485502708E-16 ) ) ;
#731 = CARTESIAN_POINT ( 'NONE',  ( 4.041451884327362798, -6.999999999999784173, 10.99999999999989875 ) ) ;
#732 = ORIENTED_EDGE ( 'NONE', *, *, #1659, .F. ) ;
#733 = CIRCLE ( 'NONE', #400, 2.000000000000001776 ) ;
#734 = EDGE_CURVE ( 'NONE', #563, #1993, #719, .T. ) ;
#735 = ORIENTED_EDGE ( 'NONE', *, *, #2574, .F. ) ;
#736 = CARTESIAN_POINT ( 'NONE',  ( 23.20909507938108973, -4.439127182201826671E-13, 3.789396764878226417E-14 ) ) ;
#737 = CARTESIAN_POINT ( 'NONE',  ( -7.281269375487160467, -1.388471498059967280, -4.682139158924152333 ) ) ;
#738 = CIRCLE ( 'NONE', #2165, 8.700000000000809308 ) ;
#739 = DIRECTION ( 'NONE',  ( -0.8660254037844289376, 0.5000000000000168754, -1.037500342831469377E-16 ) ) ;
#740 = FACE_OUTER_BOUND ( 'NONE', #1106, .T. ) ;
#741 = EDGE_CURVE ( 'NONE', #1959, #1721, #1938, .T. ) ;
#742 = CARTESIAN_POINT ( 'NONE',  ( -5.484827557301064083, -9.500000000001730172, 65.68961400861694244 ) ) ;
#743 = CARTESIAN_POINT ( 'NONE',  ( -7.998669499594823762, -0.1458980337504245384, 10.42264973081230650 ) ) ;
#744 = AXIS2_PLACEMENT_3D ( 'NONE', #2653, #1626, #593 ) ;
#745 = ORIENTED_EDGE ( 'NONE', *, *, #630, .T. ) ;
#746 = EDGE_CURVE ( 'NONE', #1963, #242, #905, .T. ) ;
#747 = EDGE_CURVE ( 'NONE', #1993, #1751, #782, .T. ) ;
#748 = DIRECTION ( 'NONE',  ( 7.315828852335735501E-17, -8.078619584905368877E-17, 1.000000000000000000 ) ) ;
#749 = CARTESIAN_POINT ( 'NONE',  ( 0.000000000000000000, 0.000000000000000000, 0.9999999999998898659 ) ) ;
#750 = ORIENTED_EDGE ( 'NONE', *, *, #2470, .F. ) ;
#751 =( BOUNDED_SURFACE ( )  B_SPLINE_SURFACE ( 3, 3, ( 
 ( #1035, #424, #1248, #249 ),
 ( #870, #2525, #435, #10 ),
 ( #260, #2308, #462, #1459 ),
 ( #2281, #843, #25, #1666 ) ),
 .UNSPECIFIED., .F., .F., .F. ) 
 B_SPLINE_SURFACE_WITH_KNOTS ( ( 4, 4 ),
 ( 4, 4 ),
 ( 0.000000000000000000, 1.000000000000000000 ),
 ( 0.000000000000000000, 1.000000000000000000 ),
 .UNSPECIFIED. ) 
 GEOMETRIC_REPRESENTATION_ITEM ( )  RATIONAL_B_SPLINE_SURFACE ( (
 ( 1.000000000000000000, 0.9907023275995495704, 0.9907023275995495704, 1.000000000000000000),
 ( 0.9544948643572924718, 0.9456202838005860478, 0.9456202838005860478, 0.9544948643572924718),
 ( 0.9544948643572924718, 0.9456202838005860478, 0.9456202838005860478, 0.9544948643572924718),
 ( 1.000000000000000000, 0.9907023275995495704, 0.9907023275995495704, 1.000000000000000000) ) ) 
 REPRESENTATION_ITEM ( '' )  SURFACE ( )  );
#752 = EDGE_LOOP ( 'NONE', ( #218, #1388 ) ) ;
#753 = CARTESIAN_POINT ( 'NONE',  ( -5.484827557300731016, 9.499999999998287592, 60.99999999999860734 ) ) ;
#754 = CARTESIAN_POINT ( 'NONE',  ( 5.858670316028250724, 3.852485347842806718, -0.8072734407597560446 ) ) ;
#755 = DIRECTION ( 'NONE',  ( -7.315828852335739199E-17, -8.078619584905368877E-17, 1.000000000000000000 ) ) ;
#756 = FACE_OUTER_BOUND ( 'NONE', #142, .T. ) ;
#757 = VECTOR ( 'NONE', #1513, 1000.000000000000114 ) ;
#758 = DIRECTION ( 'NONE',  ( 7.315828852335735501E-17, -8.078619584905368877E-17, 1.000000000000000000 ) ) ;
#759 = CARTESIAN_POINT ( 'NONE',  ( -5.484827573954853541, 9.499999999997953637, 62.31038599618865703 ) ) ;
#760 = ORIENTED_EDGE ( 'NONE', *, *, #899, .F. ) ;
#761 = EDGE_CURVE ( 'NONE', #1658, #1147, #2560, .T. ) ;
#762 = CARTESIAN_POINT ( 'NONE',  ( 24.08578643762790605, -1.069564125411126709E-13, -0.5857864376290784492 ) ) ;
#763 = CARTESIAN_POINT ( 'NONE',  ( 7.413544557502789623, 1.135498610268209196, -3.500000000000059064 ) ) ;
#764 = CARTESIAN_POINT ( 'NONE',  ( 7.408469028274828894, 1.168155236727037805, -3.675810251482343194 ) ) ;
#765 = ORIENTED_EDGE ( 'NONE', *, *, #1345, .F. ) ;
#766 = CARTESIAN_POINT ( 'NONE',  ( 38.00000000000249401, -1.053139327523614410E-13, -19.99999999999979750 ) ) ;
#767 =( BOUNDED_SURFACE ( )  B_SPLINE_SURFACE ( 3, 3, ( 
 ( #2137, #1528, #1983, #1543 ),
 ( #2366, #1340, #516, #293 ),
 ( #1143, #2354, #91, #1115 ),
 ( #147, #913, #1369, #2175 ) ),
 .UNSPECIFIED., .F., .F., .T. ) 
 B_SPLINE_SURFACE_WITH_KNOTS ( ( 4, 4 ),
 ( 4, 4 ),
 ( 0.000000000000000000, 1.000000000000000000 ),
 ( 0.000000000000000000, 1.000000000000000000 ),
 .UNSPECIFIED. ) 
 GEOMETRIC_REPRESENTATION_ITEM ( )  RATIONAL_B_SPLINE_SURFACE ( (
 ( 1.000000000000000000, 0.5414986741308638329, 0.5414986741308638329, 1.000000000000000000),
 ( 0.5387079063054509565, 0.2917096170082152939, 0.2917096170082152939, 0.5387079063054509565),
 ( 0.5387079063054509565, 0.2917096170082152939, 0.2917096170082152939, 0.5387079063054509565),
 ( 1.000000000000000000, 0.5414986741308638329, 0.5414986741308638329, 1.000000000000000000) ) ) 
 REPRESENTATION_ITEM ( '' )  SURFACE ( )  );
#768 = AXIS2_PLACEMENT_3D ( 'NONE', #425, #274, #1494 ) ;
#769 = DIRECTION ( 'NONE',  ( 7.315828852335735501E-17, -8.078619584905368877E-17, 1.000000000000000000 ) ) ;
#770 = FACE_OUTER_BOUND ( 'NONE', #1987, .T. ) ;
#771 = CARTESIAN_POINT ( 'NONE',  ( -0.9510795493315929994, 7.159389237629381064, -6.276112870829885892 ) ) ;
#772 = ADVANCED_FACE ( 'NONE', ( #918 ), #2639, .T. ) ;
#773 = CARTESIAN_POINT ( 'NONE',  ( 4.588142103071956690, 9.499999999997733369, 65.94846480280490653 ) ) ;
#774 = CARTESIAN_POINT ( 'NONE',  ( -5.484827573954853541, 9.499999999997953637, 62.31038599618865703 ) ) ;
#775 = EDGE_LOOP ( 'NONE', ( #745, #272, #2051, #323 ) ) ;
#776 = B_SPLINE_CURVE_WITH_KNOTS ( 'NONE', 3,
 ( #1079, #1476, #2098, #219, #864, #1453 ),
 .UNSPECIFIED., .F., .F.,
 ( 4, 2, 4 ),
 ( 1.546313327883670259E-15, 0.001957890020746832962, 0.003915780041492119418 ),
 .UNSPECIFIED. ) ;
#777 = ADVANCED_FACE ( 'NONE', ( #2153 ), #1503, .F. ) ;
#778 = DIRECTION ( 'NONE',  ( 1.000000000000000000, 2.775557561562887037E-17, 1.084202172485502708E-16 ) ) ;
#779 = CARTESIAN_POINT ( 'NONE',  ( -1.315828695321790143, 6.999999999999892530, 4.432547248652198846 ) ) ;
#780 = B_SPLINE_CURVE_WITH_KNOTS ( 'NONE', 3,
 ( #2015, #2029, #1224, #185, #803, #2042, #202, #1841, #2667, #464, #2117, #2283 ),
 .UNSPECIFIED., .F., .F.,
 ( 4, 2, 2, 2, 2, 4 ),
 ( 1.069812561049740836E-16, 0.001952732202527812438, 0.003905464405055518191, 0.004881830506319371175, 0.005858196607583224594, 0.007810928810110934033 ),
 .UNSPECIFIED. ) ;
#781 = ORIENTED_EDGE ( 'NONE', *, *, #334, .T. ) ;
#782 = CIRCLE ( 'NONE', #2289, 36.98196246848314672 ) ;
#783 = CARTESIAN_POINT ( 'NONE',  ( -4.989070747861945598, 5.358675982146401395, -1.869247783595503476 ) ) ;
#784 = VERTEX_POINT ( 'NONE', #933 ) ;
#785 = CARTESIAN_POINT ( 'NONE',  ( -37.52114004509139278, 75.04228009018270029, -14.25368054104491122 ) ) ;
#786 = CARTESIAN_POINT ( 'NONE',  ( -5.858670316028064207, -3.852485347842716124, -0.8072734407591886097 ) ) ;
#787 = CARTESIAN_POINT ( 'NONE',  ( 7.171753728085973556, 1.578158163583033069, -1.970009016911916655 ) ) ;
#788 = VECTOR ( 'NONE', #1036, 1000.000000000000000 ) ;
#789 = CARTESIAN_POINT ( 'NONE',  ( 0.9510795493315903348, 7.678779650925686262, -3.500000000000063949 ) ) ;
#790 = CARTESIAN_POINT ( 'NONE',  ( 5.468460722139356633, -4.528348190059872103, -1.083390805280970426 ) ) ;
#791 = CARTESIAN_POINT ( 'NONE',  ( 0.000000000000000000, 0.000000000000000000, 11.00000000000367351 ) ) ;
#792 = ORIENTED_EDGE ( 'NONE', *, *, #2570, .T. ) ;
#793 = AXIS2_PLACEMENT_3D ( 'NONE', #1040, #2107, #1890 ) ;
#794 = CARTESIAN_POINT ( 'NONE',  ( 0.000000000000000000, -1.110223024625156540E-13, -13.48196246847699342 ) ) ;
#795 = FACE_OUTER_BOUND ( 'NONE', #1028, .T. ) ;
#796 = CIRCLE ( 'NONE', #1144, 8.000000000000012434 ) ;
#797 = CARTESIAN_POINT ( 'NONE',  ( -5.468460722138801522, 4.528348190059428013, -1.083390805281303493 ) ) ;
#798 = ORIENTED_EDGE ( 'NONE', *, *, #1203, .F. ) ;
#799 = CARTESIAN_POINT ( 'NONE',  ( 2.220446049250313081E-13, -2.331468351712828735E-12, 75.99999999999906208 ) ) ;
#800 = CARTESIAN_POINT ( 'NONE',  ( 0.000000000000000000, 0.000000000000000000, 11.00000000000367351 ) ) ;
#801 = B_SPLINE_CURVE_WITH_KNOTS ( 'NONE', 3,
 ( #475, #1099, #11, #250, #64, #1678, #261, #2309, #621, #1299, #2502, #2526 ),
 .UNSPECIFIED., .F., .F.,
 ( 4, 2, 2, 2, 2, 4 ),
 ( 7.411645384262649629E-16, 0.001952732202528000222, 0.003905464405055259283, 0.004881830506318888922, 0.005858196607582518561, 0.007810928810109777840 ),
 .UNSPECIFIED. ) ;
#802 = DIRECTION ( 'NONE',  ( 7.315828852335735501E-17, -8.078619584905368877E-17, 1.000000000000000000 ) ) ;
#803 = CARTESIAN_POINT ( 'NONE',  ( 5.728947352605584520, 4.077172111399254284, 4.377890667539458214 ) ) ;
#804 = CARTESIAN_POINT ( 'NONE',  ( -0.4654778923648225097, -9.500000000002396305, 61.46188021534897672 ) ) ;
#805 = DIRECTION ( 'NONE',  ( -1.000000000000000000, -2.775557561562886729E-17, 0.000000000000000000 ) ) ;
#806 = VERTEX_POINT ( 'NONE', #1975 ) ;
#807 = CONICAL_SURFACE ( 'NONE', #1877, 38.00000000000249401, 0.08314123188842262313 ) ;
#808 = CARTESIAN_POINT ( 'NONE',  ( 35.56774890611036710, -3.330669073875469621E-13, -14.89617603084991693 ) ) ;
#809 = CARTESIAN_POINT ( 'NONE',  ( -2.554092628900966222, -6.999999999999782396, -4.404905812767847095 ) ) ;
#810 = EDGE_CURVE ( 'NONE', #2261, #1406, #2615, .T. ) ;
#811 = CARTESIAN_POINT ( 'NONE',  ( -10.52187069531560404, 0.7755853650352496631, 62.05185753636663293 ) ) ;
#812 = VERTEX_POINT ( 'NONE', #1759 ) ;
#813 = VECTOR ( 'NONE', #622, 1000.000000000000000 ) ;
#814 = B_SPLINE_CURVE_WITH_KNOTS ( 'NONE', 3,
 ( #797, #1848, #20, #618, #395, #783, #1046, #2226, #1859, #603, #422, #1033 ),
 .UNSPECIFIED., .F., .F.,
 ( 4, 2, 2, 2, 2, 4 ),
 ( 5.597999038597811992E-16, 0.0007462082653251191295, 0.001119312397987399892, 0.001492416530649680545, 0.002238624795974242937, 0.002984833061298805979 ),
 .UNSPECIFIED. ) ;
#815 = CARTESIAN_POINT ( 'NONE',  ( 5.653944095045964069, 4.207081564226204051, -0.9011111858732419044 ) ) ;
#816 = DIRECTION ( 'NONE',  ( 0.5000000000000167644, -0.8660254037844290487, 1.065420421420627249E-16 ) ) ;
#817 = CARTESIAN_POINT ( 'NONE',  ( 1.194262316523236223, 6.999999999999896083, -5.919671916721110705 ) ) ;
#818 = CARTESIAN_POINT ( 'NONE',  ( -1.857991211136419851, -9.500000000002394529, 61.55954815592077267 ) ) ;
#819 = CARTESIAN_POINT ( 'NONE',  ( 3.872983346209890598, 6.999999999999895195, 10.42264973081408286 ) ) ;
#820 = ORIENTED_EDGE ( 'NONE', *, *, #1507, .F. ) ;
#821 = CARTESIAN_POINT ( 'NONE',  ( 7.998669499596489096, 0.1458980337488702261, 10.42264973081441504 ) ) ;
#822 = CARTESIAN_POINT ( 'NONE',  ( 2.691117540378227257, -6.999999999999758415, -3.815780731410514548 ) ) ;
#823 = ORIENTED_EDGE ( 'NONE', *, *, #305, .T. ) ;
#824 = CARTESIAN_POINT ( 'NONE',  ( -7.765076775046679813, 5.550492500937602713, 66.51858080219355429 ) ) ;
#825 = ORIENTED_EDGE ( 'NONE', *, *, #1258, .T. ) ;
#826 = EDGE_CURVE ( 'NONE', #632, #806, #2377, .T. ) ;
#827 = DIRECTION ( 'NONE',  ( 0.000000000000000000, 0.000000000000000000, 1.000000000000000000 ) ) ;
#828 = DIRECTION ( 'NONE',  ( 7.315828852335735501E-17, -8.078619584905368877E-17, 1.000000000000000000 ) ) ;
#829 = AXIS2_PLACEMENT_3D ( 'NONE', #2005, #2467, #1243 ) ;
#830 = CARTESIAN_POINT ( 'NONE',  ( -7.416994899966627308, -1.153387993777610365, -3.513454268210963516 ) ) ;
#831 = CARTESIAN_POINT ( 'NONE',  ( -7.361895892066690372, -1.248822274906935315, 4.631976595081146009 ) ) ;
#832 = FACE_OUTER_BOUND ( 'NONE', #1408, .T. ) ;
#833 = ORIENTED_EDGE ( 'NONE', *, *, #2380, .T. ) ;
#834 = EDGE_CURVE ( 'NONE', #2614, #2534, #645, .T. ) ;
#835 = DIRECTION ( 'NONE',  ( -1.000000000000000000, -2.775557561562886729E-17, 0.000000000000000000 ) ) ;
#836 = CARTESIAN_POINT ( 'NONE',  ( 2.303896595472298525, -6.999999999999726441, -2.073888178661988491 ) ) ;
#837 = AXIS2_PLACEMENT_3D ( 'NONE', #1484, #67, #1238 ) ;
#838 = EDGE_CURVE ( 'NONE', #156, #315, #1649, .T. ) ;
#839 = EDGE_CURVE ( 'NONE', #1993, #1608, #733, .T. ) ;
#840 = CARTESIAN_POINT ( 'NONE',  ( -7.999329186877844222, 5.144755421850495836, 66.53841357307634041 ) ) ;
#841 = ORIENTED_EDGE ( 'NONE', *, *, #1233, .F. ) ;
#842 = AXIS2_PLACEMENT_3D ( 'NONE', #2139, #2572, #1343 ) ;
#843 = CARTESIAN_POINT ( 'NONE',  ( -2.723401636296758799, 6.988067224019539836, -2.717380162582705427 ) ) ;
#844 = DIRECTION ( 'NONE',  ( 7.315828852335735501E-17, -8.078619584905368877E-17, 1.000000000000000000 ) ) ;
#845 = CARTESIAN_POINT ( 'NONE',  ( 2.739869907530723125, -6.589793922154613348, -1.193979845417181496 ) ) ;
#846 = CARTESIAN_POINT ( 'NONE',  ( 4.739923925581422282, -5.790210936881468484, -2.909342134756867981 ) ) ;
#847 =( BOUNDED_CURVE ( )  B_SPLINE_CURVE ( 3, ( #1752, #696, #1155, #513 ),
 .UNSPECIFIED., .F., .F. ) 
 B_SPLINE_CURVE_WITH_KNOTS ( ( 4, 4 ),
 ( 0.000000000000000000, 1.000000000000000000 ),
 .UNSPECIFIED. ) 
 CURVE ( )  GEOMETRIC_REPRESENTATION_ITEM ( )  RATIONAL_B_SPLINE_CURVE ( ( 1.000000000000000000, 0.3333333333333333703, 0.3333333333333333703, 1.000000000000000000 ) ) 
 REPRESENTATION_ITEM ( '' )  );
#848 = CARTESIAN_POINT ( 'NONE',  ( -1.110223024625156540E-13, -2.442490654175344389E-12, 66.99999999999894840 ) ) ;
#849 = ORIENTED_EDGE ( 'NONE', *, *, #1802, .F. ) ;
#850 = DIRECTION ( 'NONE',  ( 0.8660254037844289376, -0.5000000000000168754, 1.037500342831469377E-16 ) ) ;
#851 = CARTESIAN_POINT ( 'NONE',  ( 0.000000000000000000, 0.000000000000000000, 7.688675134595035487 ) ) ;
#852 = PRODUCT_DEFINITION_FORMATION_WITH_SPECIFIED_SOURCE ( 'ANY', '', #1917, .NOT_KNOWN. ) ;
#853 = CYLINDRICAL_SURFACE ( 'NONE', #1863, 8.000000000000012434 ) ;
#854 = VERTEX_POINT ( 'NONE', #1030 ) ;
#855 = AXIS2_PLACEMENT_3D ( 'NONE', #1653, #636, #26 ) ;
#856 = CARTESIAN_POINT ( 'NONE',  ( 1.187434208704152283, 6.999999999999784173, -1.083390805281303493 ) ) ;
#857 = CIRCLE ( 'NONE', #1883, 8.000000000000012434 ) ;
#858 = SURFACE_SIDE_STYLE ('',( #1668 ) ) ;
#859 = DIRECTION ( 'NONE',  ( -7.315828852335735501E-17, 8.078619584905368877E-17, -1.000000000000000000 ) ) ;
#860 = EDGE_CURVE ( 'NONE', #2403, #1201, #1618, .T. ) ;
#861 = DIRECTION ( 'NONE',  ( 1.000000000000000000, 2.775557561562887037E-17, 7.315828852335739199E-17 ) ) ;
#862 = ORIENTED_EDGE ( 'NONE', *, *, #495, .T. ) ;
#863 = EDGE_CURVE ( 'NONE', #877, #1786, #2321, .T. ) ;
#864 = CARTESIAN_POINT ( 'NONE',  ( 5.732257022925235646, 4.071439594249728344, 11.00000000000469313 ) ) ;
#865 = B_SPLINE_CURVE_WITH_KNOTS ( 'NONE', 3,
 ( #1014, #542, #569, #162, #1829, #1383 ),
 .UNSPECIFIED., .F., .F.,
 ( 4, 2, 4 ),
 ( 7.299625898753788702E-16, 0.001957890020746270044, 0.003915780041491810637 ),
 .UNSPECIFIED. ) ;
#866 = CARTESIAN_POINT ( 'NONE',  ( -4.442761614193193154, 6.304911158300510188, 4.777449967289484789 ) ) ;
#867 = APPLICATION_CONTEXT ( 'automotive_design' ) ;
#868 = CARTESIAN_POINT ( 'NONE',  ( 0.000000000000000000, 0.000000000000000000, -3.500000000000058620 ) ) ;
#869 = VERTEX_POINT ( 'NONE', #762 ) ;
#870 = CARTESIAN_POINT ( 'NONE',  ( 0.9510795493315904459, 7.678779650925684486, -3.500000000000059064 ) ) ;
#871 = CARTESIAN_POINT ( 'NONE',  ( 0.000000000000000000, 0.000000000000000000, 11.00000000000367351 ) ) ;
#872 = CARTESIAN_POINT ( 'NONE',  ( 2.739869907530723570, -6.504344371322303253, -6.037048913414261975 ) ) ;
#873 = ADVANCED_FACE ( 'NONE', ( #1588 ), #2033, .T. ) ;
#874 = CIRCLE ( 'NONE', #962, 8.000000000002264855 ) ;
#875 = CARTESIAN_POINT ( 'NONE',  ( 0.000000000000000000, 3.330669073875469621E-13, 3.800000000000025580 ) ) ;
#876 = CARTESIAN_POINT ( 'NONE',  ( -8.000000000008903100, -2.220446049249732035E-16, 10.42264973080997414 ) ) ;
#877 = VERTEX_POINT ( 'NONE', #2413 ) ;
#878 = CARTESIAN_POINT ( 'NONE',  ( -7.125558022430712235, 3.015730774721696594, -3.500000000000058620 ) ) ;
#879 = CARTESIAN_POINT ( 'NONE',  ( -7.125558022430719340, 2.686685088259006093, -5.104838006201218192 ) ) ;
#880 = AXIS2_PLACEMENT_3D ( 'NONE', #2415, #1540, #674 ) ;
#881 = CARTESIAN_POINT ( 'NONE',  ( -0.2049363176975869116, -6.999999999999785061, -0.8074899269984266992 ) ) ;
#882 = ORIENTED_EDGE ( 'NONE', *, *, #186, .F. ) ;
#883 = B_SPLINE_CURVE_WITH_KNOTS ( 'NONE', 3,
 ( #213, #1447, #2270, #2091, #63, #50 ),
 .UNSPECIFIED., .F., .F.,
 ( 4, 2, 4 ),
 ( 1.228922190888624652E-15, 0.001957890020746125628, 0.003915780041491021338 ),
 .UNSPECIFIED. ) ;
#884 = VERTEX_POINT ( 'NONE', #1202 ) ;
#885 = CARTESIAN_POINT ( 'NONE',  ( 0.000000000000000000, 1.110223024625156540E-13, 2.399999999999957723 ) ) ;
#886 = CARTESIAN_POINT ( 'NONE',  ( -0.9576760880090672279, -7.250046757883776394, -0.9629322035185204909 ) ) ;
#887 = EDGE_CURVE ( 'NONE', #1464, #242, #1469, .T. ) ;
#888 = CARTESIAN_POINT ( 'NONE',  ( 4.843086277494800029, -5.611528501939206492, -4.682139158923203759 ) ) ;
#889 = CARTESIAN_POINT ( 'NONE',  ( 0.000000000000000000, -2.442490654175344389E-12, 62.31824830732890774 ) ) ;
#890 = ORIENTED_EDGE ( 'NONE', *, *, #2405, .F. ) ;
#891 = CARTESIAN_POINT ( 'NONE',  ( 8.082903768655057775, 4.440892098500626162E-13, 10.99999999999989875 ) ) ;
#892 = DIRECTION ( 'NONE',  ( -7.315828852335735501E-17, 8.078619584905368877E-17, -1.000000000000000000 ) ) ;
#893 = CARTESIAN_POINT ( 'NONE',  ( 0.000000000000000000, 0.000000000000000000, 10.42264973081374890 ) ) ;
#894 = EDGE_LOOP ( 'NONE', ( #1151, #1697, #205, #798, #820, #2500 ) ) ;
#895 = CIRCLE ( 'NONE', #586, 7.100000000000011191 ) ;
#896 = EDGE_CURVE ( 'NONE', #1751, #1993, #1817, .T. ) ;
#897 = CARTESIAN_POINT ( 'NONE',  ( -22.67157287524988618, -7.716548638954807833E-14, 7.654035629313755722E-15 ) ) ;
#898 = CARTESIAN_POINT ( 'NONE',  ( -36.98196246847778212, -73.96392493695560688, -13.48196246847109236 ) ) ;
#899 = EDGE_CURVE ( 'NONE', #1751, #1949, #1960, .T. ) ;
#900 = CARTESIAN_POINT ( 'NONE',  ( 9.152781727586351224, 3.146917017229643232, 66.44124303971405254 ) ) ;
#901 = CARTESIAN_POINT ( 'NONE',  ( 7.420635654421174010, -0.7475105895119261712, -2.709181182000932164 ) ) ;
#902 = ORIENTED_EDGE ( 'NONE', *, *, #1038, .T. ) ;
#903 = CARTESIAN_POINT ( 'NONE',  ( -24.08578643762653115, 4.466568688637080992E-13, -0.5857864376303206777 ) ) ;
#904 = CARTESIAN_POINT ( 'NONE',  ( -6.720092174151745645, 2.360458922822259442, 4.432547248652154437 ) ) ;
#905 = LINE ( 'NONE', #532, #1508 ) ;
#906 = DIRECTION ( 'NONE',  ( 1.000000000000000000, 2.775557561562887037E-17, 1.084202172485502708E-16 ) ) ;
#907 = ORIENTED_EDGE ( 'NONE', *, *, #600, .T. ) ;
#908 = B_SPLINE_CURVE_WITH_KNOTS ( 'NONE', 3,
 ( #1020, #1634, #1647, #1190, #2223, #220, #1833, #990, #2661, #809, #2456, #2006, #1002, #2251, #378, #178, #2049, #575, #1820, #1605, #1856, #2263, #207, #1846, #7, #822, #2468, #18, #614, #836, #1663, #1804, #1871, #1717 ),
 .UNSPECIFIED., .F., .F.,
 ( 4, 2, 2, 2, 2, 2, 2, 2, 2, 2, 2, 2, 2, 2, 2, 2, 4 ),
 ( 1.299952527137014667E-16, 0.0008992979800933165830, 0.001798595960186502628, 0.002697893940279688998, 0.003597191920372875152, 0.004496489900466061305, 0.005395787880559247893, 0.006295085860652434480, 0.007194383840745621067, 0.008093681820838806787, 0.008992979800931994241, 0.009892277781025179961, 0.01079157576111836568, 0.01169087374121155487, 0.01259017172130474059, 0.01348946970139792804, 0.01438876768149111203 ),
 .UNSPECIFIED. ) ;
#909 = CARTESIAN_POINT ( 'NONE',  ( -5.387699251630865938, 4.668231160273504265, -5.836958964124509208 ) ) ;
#910 = CARTESIAN_POINT ( 'NONE',  ( -5.005795860985706724, -5.329707236453614883, -5.196499026400762666 ) ) ;
#911 = CARTESIAN_POINT ( 'NONE',  ( -1.110223024625156540E-13, -2.442490654175344389E-12, 67.00000000000028422 ) ) ;
#912 = DIRECTION ( 'NONE',  ( -1.000000000000000000, 5.301314942585114592E-15, -6.108181253439452538E-17 ) ) ;
#913 = CARTESIAN_POINT ( 'NONE',  ( -7.135247462739364721, 1.351152697636539335, -0.2113704248634835914 ) ) ;
#914 = CARTESIAN_POINT ( 'NONE',  ( -23.70570084204792138, 4.465287542893020030E-13, -0.2057008420498772638 ) ) ;
#915 = CARTESIAN_POINT ( 'NONE',  ( 5.410238876187683843, -4.629191385358454092, 4.442598473480141585 ) ) ;
#916 = ORIENTED_EDGE ( 'NONE', *, *, #549, .T. ) ;
#917 = ADVANCED_FACE ( 'NONE', ( #2250 ), #376, .T. ) ;
#918 = FACE_OUTER_BOUND ( 'NONE', #2542, .T. ) ;
#919 = CARTESIAN_POINT ( 'NONE',  ( -1.110223024625156540E-13, -2.442490654175344389E-12, 66.99999999999894840 ) ) ;
#920 = ORIENTED_EDGE ( 'NONE', *, *, #31, .F. ) ;
#921 = ADVANCED_FACE ( 'NONE', ( #1001 ), #559, .T. ) ;
#922 = CARTESIAN_POINT ( 'NONE',  ( -24.08578643762659510, -1.095475002568453418E-13, -0.5857864376303840714 ) ) ;
#923 = CARTESIAN_POINT ( 'NONE',  ( -5.332002998045995312, -4.764699901274562777, -1.217491569263043472 ) ) ;
#924 = VECTOR ( 'NONE', #1895, 1000.000000000000000 ) ;
#925 = AXIS2_PLACEMENT_3D ( 'NONE', #889, #2505, #663 ) ;
#926 = DIRECTION ( 'NONE',  ( 7.315828852335735501E-17, -8.078619584905368877E-17, 1.000000000000000000 ) ) ;
#927 = CARTESIAN_POINT ( 'NONE',  ( 5.484827513997592163, -9.500000000001840306, 62.31038597888016994 ) ) ;
#928 = ORIENTED_EDGE ( 'NONE', *, *, #2070, .F. ) ;
#929 = AXIS2_PLACEMENT_3D ( 'NONE', #1708, #2110, #432 ) ;
#930 = CARTESIAN_POINT ( 'NONE',  ( 5.484827557298954659, -9.500000000001730172, 65.68961400861739719 ) ) ;
#931 = CARTESIAN_POINT ( 'NONE',  ( -4.125686153386043387, 6.854101966251691103, 10.42264973081408286 ) ) ;
#932 = ORIENTED_EDGE ( 'NONE', *, *, #266, .T. ) ;
#933 = CARTESIAN_POINT ( 'NONE',  ( -3.872983346208558331, 6.999999999999784173, 10.42264973081363877 ) ) ;
#934 = DIRECTION ( 'NONE',  ( 1.000000000000000000, 2.775557561563815797E-17, 0.000000000000000000 ) ) ;
#935 = EDGE_LOOP ( 'NONE', ( #2038, #1428 ) ) ;
#936 = VERTEX_POINT ( 'NONE', #2205 ) ;
#937 = CARTESIAN_POINT ( 'NONE',  ( -4.784731168203827600, 5.712602516111514817, -4.367926340622914516 ) ) ;
#938 = AXIS2_PLACEMENT_3D ( 'NONE', #1682, #2329, #480 ) ;
#939 = CARTESIAN_POINT ( 'NONE',  ( 0.000000000000000000, 3.330669073875469621E-13, 4.954700538379652741 ) ) ;
#940 = CARTESIAN_POINT ( 'NONE',  ( 7.141587086836207021, -2.054219088784790426, -5.674118275780231535 ) ) ;
#941 = CARTESIAN_POINT ( 'NONE',  ( 3.687349630969440906, 9.499999999998287592, 61.83873420580784597 ) ) ;
#942 = CARTESIAN_POINT ( 'NONE',  ( 23.20909507938073801, -46.41819015876272658, 6.814901305656426742E-14 ) ) ;
#943 = DIRECTION ( 'NONE',  ( 7.315828852335735501E-17, -8.078619584905368877E-17, 1.000000000000000000 ) ) ;
#944 = ORIENTED_EDGE ( 'NONE', *, *, #1824, .T. ) ;
#945 = EDGE_CURVE ( 'NONE', #563, #869, #1579, .T. ) ;
#946 = AXIS2_PLACEMENT_3D ( 'NONE', #723, #710, #330 ) ;
#947 = CARTESIAN_POINT ( 'NONE',  ( -6.185063161944712284, -5.276319142524649841, -4.927894680518879689 ) ) ;
#948 = DIRECTION ( 'NONE',  ( -1.000000000000000000, -1.804112415015876617E-15, -6.108181253439452538E-17 ) ) ;
#949 = ORIENTED_EDGE ( 'NONE', *, *, #564, .F. ) ;
#950 = CARTESIAN_POINT ( 'NONE',  ( 3.872983346209668554, -7.000000000000228262, 10.42264973081397095 ) ) ;
#951 = CARTESIAN_POINT ( 'NONE',  ( 36.98196246847773949, -73.96392493695564951, -13.48196246847109769 ) ) ;
#952 = ADVANCED_FACE ( 'NONE', ( #2222 ), #807, .T. ) ;
#953 = CARTESIAN_POINT ( 'NONE',  ( 9.159317732059044204, -3.135596325404050866, 61.54360673739363108 ) ) ;
#954 = DIRECTION ( 'NONE',  ( -1.000000000000000000, -1.068589661201711592E-14, -6.108181253439452538E-17 ) ) ;
#955 = EDGE_CURVE ( 'NONE', #612, #547, #2225, .T. ) ;
#956 = CARTESIAN_POINT ( 'NONE',  ( 1.187434208704152283, 6.999999999999784173, -1.083390805281303493 ) ) ;
#957 = CARTESIAN_POINT ( 'NONE',  ( -4.442410124809432759, 6.305519955770969354, 10.59970381336605172 ) ) ;
#958 = ORIENTED_EDGE ( 'NONE', *, *, #1139, .T. ) ;
#959 = CARTESIAN_POINT ( 'NONE',  ( -6.185063161944712284, -5.275152139614323055, -2.067800008257140831 ) ) ;
#960 = CARTESIAN_POINT ( 'NONE',  ( 6.174478473098740317, 3.214808403645807999, -6.877725825125234671 ) ) ;
#961 = ORIENTED_EDGE ( 'NONE', *, *, #418, .T. ) ;
#962 = AXIS2_PLACEMENT_3D ( 'NONE', #181, #2012, #2622 ) ;
#963 = EDGE_LOOP ( 'NONE', ( #619, #1805, #1699, #1777 ) ) ;
#964 = CARTESIAN_POINT ( 'NONE',  ( -37.31999900220701250, 74.63999800441393973, -13.81999900219770439 ) ) ;
#965 =( BOUNDED_SURFACE ( )  B_SPLINE_SURFACE ( 3, 3, ( 
 ( #2241, #353, #143, #1995 ),
 ( #994, #1008, #964, #157 ),
 ( #1595, #1392, #785, #2651 ),
 ( #981, #1779, #1422, #565 ) ),
 .UNSPECIFIED., .F., .F., .T. ) 
 B_SPLINE_SURFACE_WITH_KNOTS ( ( 4, 4 ),
 ( 4, 4 ),
 ( 0.000000000000000000, 1.000000000000000000 ),
 ( 0.000000000000000000, 1.000000000000000000 ),
 .UNSPECIFIED. ) 
 GEOMETRIC_REPRESENTATION_ITEM ( )  RATIONAL_B_SPLINE_SURFACE ( (
 ( 1.000000000000000000, 0.3333333333333335369, 0.3333333333333335369, 1.000000000000000000),
 ( 0.9593234442540361506, 0.3197744814180122352, 0.3197744814180122352, 0.9593234442540361506),
 ( 0.9593234442540361506, 0.3197744814180122352, 0.3197744814180122352, 0.9593234442540361506),
 ( 1.000000000000000000, 0.3333333333333335369, 0.3333333333333335369, 1.000000000000000000) ) ) 
 REPRESENTATION_ITEM ( '' )  SURFACE ( )  );
#966 = VECTOR ( 'NONE', #1696, 999.9999999999998863 ) ;
#967 = CARTESIAN_POINT ( 'NONE',  ( 0.000000000000000000, 0.000000000000000000, 10.42264973081397095 ) ) ;
#968 = ORIENTED_EDGE ( 'NONE', *, *, #298, .T. ) ;
#969 = AXIS2_PLACEMENT_3D ( 'NONE', #1142, #491, #2541 ) ;
#970 = EDGE_CURVE ( 'NONE', #1761, #393, #2662, .T. ) ;
#971 = CARTESIAN_POINT ( 'NONE',  ( 4.715886624706637775, 5.831844763272863830, -3.500000000000058176 ) ) ;
#972 = DIRECTION ( 'NONE',  ( 1.000000000000000000, 2.775557561562887037E-17, 0.000000000000000000 ) ) ;
#973 = AXIS2_PLACEMENT_3D ( 'NONE', #1962, #126, #948 ) ;
#974 = VERTEX_POINT ( 'NONE', #256 ) ;
#975 = CARTESIAN_POINT ( 'NONE',  ( -35.56774890611036710, 1.153780954475901154E-13, -14.89617603084990805 ) ) ;
#976 = DIRECTION ( 'NONE',  ( -7.315828852335735501E-17, 8.078619584905368877E-17, -1.000000000000000000 ) ) ;
#977 = ORIENTED_EDGE ( 'NONE', *, *, #955, .F. ) ;
#978 = CARTESIAN_POINT ( 'NONE',  ( 4.893792496262817870, 5.523702754772211954, -4.849352944828932088 ) ) ;
#979 = ORIENTED_EDGE ( 'NONE', *, *, #2000, .T. ) ;
#980 = ADVANCED_FACE ( 'NONE', ( #1067 ), #1625, .T. ) ;
#981 = CARTESIAN_POINT ( 'NONE',  ( 37.56084042259992373, -1.055597862741052031E-13, -14.73008507114007415 ) ) ;
#982 = DIRECTION ( 'NONE',  ( -0.5000000000000168754, -0.8660254037844289376, 3.338375361870354567E-17 ) ) ;
#983 = FACE_OUTER_BOUND ( 'NONE', #1131, .T. ) ;
#984 = CARTESIAN_POINT ( 'NONE',  ( 2.353566614553197489, 6.999999999999896083, -4.854189114602951882 ) ) ;
#985 = ADVANCED_FACE ( 'NONE', ( #2287 ), #2071, .T. ) ;
#986 = CARTESIAN_POINT ( 'NONE',  ( 10.98327304528921644, -2.440840744091921400E-12, 65.68175169266898195 ) ) ;
#987 = CARTESIAN_POINT ( 'NONE',  ( 0.9431026579067719462, -9.500000000002394529, 66.53752218664089924 ) ) ;
#988 = ORIENTED_EDGE ( 'NONE', *, *, #1432, .T. ) ;
#989 = DIRECTION ( 'NONE',  ( -1.000000000000000000, 9.470910429910910659E-17, 0.000000000000000000 ) ) ;
#990 = CARTESIAN_POINT ( 'NONE',  ( -2.709634146951344746, -6.999999999999784173, -3.513454268211141596 ) ) ;
#991 = ORIENTED_EDGE ( 'NONE', *, *, #1632, .T. ) ;
#992 = CARTESIAN_POINT ( 'NONE',  ( -10.96965511460101794, -2.331468351712828735E-12, 65.68961400861716982 ) ) ;
#993 = ORIENTED_EDGE ( 'NONE', *, *, #1393, .T. ) ;
#994 = CARTESIAN_POINT ( 'NONE',  ( 37.31999900220704802, -1.069512914342482406E-13, -13.81999900219771682 ) ) ;
#995 = LINE ( 'NONE', #566, #659 ) ;
#996 = LINE ( 'NONE', #371, #2075 ) ;
#997 = CARTESIAN_POINT ( 'NONE',  ( 2.692582403567535643, 6.999999999999893419, -3.675810251482418245 ) ) ;
#998 = CARTESIAN_POINT ( 'NONE',  ( -5.484827548973392197, -9.500000014425303618, 62.31038599618899099 ) ) ;
#999 = CARTESIAN_POINT ( 'NONE',  ( 1.864152798737330974, -9.500000000002396305, 66.45639326178546469 ) ) ;
#1000 = ORIENTED_EDGE ( 'NONE', *, *, #2385, .T. ) ;
#1001 = FACE_OUTER_BOUND ( 'NONE', #2605, .T. ) ;
#1002 = CARTESIAN_POINT ( 'NONE',  ( -1.912840057130433591, -6.999999999999781508, -5.419161147874883788 ) ) ;
#1003 = EDGE_CURVE ( 'NONE', #2097, #2614, #1920, .T. ) ;
#1004 = VECTOR ( 'NONE', #2386, 999.9999999999998863 ) ;
#1005 = CARTESIAN_POINT ( 'NONE',  ( -5.732257022924758694, -4.071439594250673366, 11.00000000000497380 ) ) ;
#1006 = ORIENTED_EDGE ( 'NONE', *, *, #2459, .T. ) ;
#1007 = AXIS2_PLACEMENT_3D ( 'NONE', #159, #755, #1582 ) ;
#1008 = CARTESIAN_POINT ( 'NONE',  ( 37.31999900220704092, 74.63999800441392551, -13.81999900219770971 ) ) ;
#1009 = B_SPLINE_CURVE_WITH_KNOTS ( 'NONE', 3,
 ( #1907, #1919, #46, #904, #642, #1255, #2304, #457, #2330, #230, #866, #1466 ),
 .UNSPECIFIED., .F., .F.,
 ( 4, 2, 2, 2, 2, 4 ),
 ( 5.874104912727741423E-17, 0.001952732202527829785, 0.003905464405055600590, 0.004881830506319486535, 0.005858196607583372045, 0.007810928810111144802 ),
 .UNSPECIFIED. ) ;
#1010 = CARTESIAN_POINT ( 'NONE',  ( -6.563153244389492436, -2.632285122856842463, -0.9922509955767138123 ) ) ;
#1011 = LINE ( 'NONE', #2654, #1606 ) ;
#1012 = CARTESIAN_POINT ( 'NONE',  ( 1.348957149719221205, 6.999999999999895195, -5.836958964123456717 ) ) ;
#1013 = AXIS2_PLACEMENT_3D ( 'NONE', #893, #285, #1297 ) ;
#1014 = CARTESIAN_POINT ( 'NONE',  ( -7.998669499595045806, 0.1458980337497584046, 10.42264973081186241 ) ) ;
#1015 = CARTESIAN_POINT ( 'NONE',  ( -6.655894930842398693, 2.471651809939356959, -1.083390805281525537 ) ) ;
#1016 = EDGE_LOOP ( 'NONE', ( #2397, #1329, #1324, #341, #1298 ) ) ;
#1017 = EDGE_CURVE ( 'NONE', #974, #1549, #1794, .T. ) ;
#1018 = AXIS2_PLACEMENT_3D ( 'NONE', #848, #441, #861 ) ;
#1019 = CARTESIAN_POINT ( 'NONE',  ( 5.732257022925100642, -4.071439594250624516, 11.00000000000477307 ) ) ;
#1020 = CARTESIAN_POINT ( 'NONE',  ( -1.187434208704374328, -7.000000000000117240, -1.083390805280970426 ) ) ;
#1021 = CARTESIAN_POINT ( 'NONE',  ( -3.239535403361999855, 7.000000000000227374, 10.59970381336618317 ) ) ;
#1022 = VERTEX_POINT ( 'NONE', #444 ) ;
#1023 = CARTESIAN_POINT ( 'NONE',  ( 2.003474095103767794E-16, -9.500000000002394529, 61.46188021534898382 ) ) ;
#1024 = CARTESIAN_POINT ( 'NONE',  ( 7.681945528171955750, -0.6944800442288222575, 10.59970381336627199 ) ) ;
#1025 = CARTESIAN_POINT ( 'NONE',  ( 0.6972039322281076146, 6.999999999999892530, -6.106670665396344511 ) ) ;
#1026 = CARTESIAN_POINT ( 'NONE',  ( -2.317370532477518452, -9.500000000002394529, 61.61703056260788003 ) ) ;
#1027 = PLANE ( 'NONE',  #1660 ) ;
#1028 = EDGE_LOOP ( 'NONE', ( #2151, #694, #2388, #1564 ) ) ;
#1029 = CONICAL_SURFACE ( 'NONE', #2052, 5.999999999914981785, 0.7853981633690265696 ) ;
#1030 = CARTESIAN_POINT ( 'NONE',  ( 6.655894930843953006, 2.471651809939245936, -1.083390805281303493 ) ) ;
#1031 = ADVANCED_FACE ( 'NONE', ( #1662 ), #653, .T. ) ;
#1032 = DIRECTION ( 'NONE',  ( -7.315828852335735501E-17, 8.078619584905368877E-17, -1.000000000000000000 ) ) ;
#1033 = CARTESIAN_POINT ( 'NONE',  ( -4.715886624706274510, 5.831844763273156929, -3.500000000000057732 ) ) ;
#1034 = EDGE_LOOP ( 'NONE', ( #1631, #1903, #658, #2511, #1335 ) ) ;
#1035 = CARTESIAN_POINT ( 'NONE',  ( 2.723401636296756578, 6.988067224019542500, -3.500000000000058176 ) ) ;
#1036 = DIRECTION ( 'NONE',  ( -7.315828852335735501E-17, 8.078619584905368877E-17, -1.000000000000000000 ) ) ;
#1037 = CARTESIAN_POINT ( 'NONE',  ( 1.780496723490060607, 6.999999999999895195, -5.527476727491746011 ) ) ;
#1038 = EDGE_CURVE ( 'NONE', #1665, #1705, #1269, .T. ) ;
#1039 = CARTESIAN_POINT ( 'NONE',  ( 5.105757797925802421, -5.156568082851366697, -5.419161147874357098 ) ) ;
#1040 = CARTESIAN_POINT ( 'NONE',  ( 11.75000000000003908, 0.000000000000000000, 0.000000000000000000 ) ) ;
#1041 = ORIENTED_EDGE ( 'NONE', *, *, #101, .F. ) ;
#1042 = CARTESIAN_POINT ( 'NONE',  ( 3.330669073875469621E-13, 7.000000000001005418, 11.00000000000400746 ) ) ;
#1043 = B_SPLINE_CURVE_WITH_KNOTS ( 'NONE', 3,
 ( #175, #597, #1614, #374, #1586, #1785, #204, #1015 ),
 .UNSPECIFIED., .F., .F.,
 ( 4, 2, 2, 4 ),
 ( 4.807111329925201478E-16, 0.0006111959718836332831, 0.001222391943766784747, 0.002444783887533088541 ),
 .UNSPECIFIED. ) ;
#1044 = CARTESIAN_POINT ( 'NONE',  ( 6.174478473098736764, 4.151739305005421876, -1.012547236693886132 ) ) ;
#1045 = B_SPLINE_CURVE_WITH_KNOTS ( 'NONE', 3,
 ( #1628, #997, #1412, #1184, #2655, #984, #414, #1037, #1851, #1012, #817, #2435, #1025, #2448, #215, #1437, #582, #608, #2231, #401, #1237, #1811, #2640, #1583, #2055, #1598, #356, #1999, #1425, #1641 ),
 .UNSPECIFIED., .F., .F.,
 ( 4, 2, 2, 2, 2, 2, 2, 2, 2, 2, 2, 2, 2, 2, 4 ),
 ( 0.002984833061299321626, 0.003511090654840378668, 0.004037348248381435710, 0.005089863435463552396, 0.005616121029004609438, 0.006142378622545667348, 0.006668636216086725257, 0.007194893809627783167, 0.007721151403168841076, 0.008247408996709898119, 0.008773666590250955161, 0.009299924183792013938, 0.009826181777333072714, 0.01035243937087413149, 0.01140495455795624904 ),
 .UNSPECIFIED. ) ;
#1046 = CARTESIAN_POINT ( 'NONE',  ( -4.952601924895228436, 5.421841836416991356, -1.970009016911506095 ) ) ;
#1047 = ORIENTED_EDGE ( 'NONE', *, *, #2470, .T. ) ;
#1048 = DIRECTION ( 'NONE',  ( -7.315828852335735501E-17, 8.078619584905368877E-17, -1.000000000000000000 ) ) ;
#1049 = CARTESIAN_POINT ( 'NONE',  ( 5.932611980249437700, 8.724414628613182288, 65.94814246574425454 ) ) ;
#1050 = FACE_OUTER_BOUND ( 'NONE', #396, .T. ) ;
#1051 = EDGE_LOOP ( 'NONE', ( #705, #2379, #1118, #1454 ) ) ;
#1052 =( BOUNDED_SURFACE ( )  B_SPLINE_SURFACE ( 3, 3, ( 
 ( #901, #1570, #1339, #1126 ),
 ( #2583, #1328, #1353, #940 ),
 ( #2552, #725, #1114, #318 ),
 ( #1510, #714, #2160, #687 ) ),
 .UNSPECIFIED., .F., .F., .T. ) 
 B_SPLINE_SURFACE_WITH_KNOTS ( ( 4, 4 ),
 ( 4, 4 ),
 ( 0.000000000000000000, 1.000000000000000000 ),
 ( 0.000000000000000000, 1.000000000000000000 ),
 .UNSPECIFIED. ) 
 GEOMETRIC_REPRESENTATION_ITEM ( )  RATIONAL_B_SPLINE_SURFACE ( (
 ( 1.000000000000000000, 0.7912358467079808610, 0.7912358467079808610, 1.000000000000000000),
 ( 0.9535390268136469949, 0.7544742592500000011, 0.7544742592500000011, 0.9535390268136469949),
 ( 0.9535390268136469949, 0.7544742592500000011, 0.7544742592500000011, 0.9535390268136469949),
 ( 1.000000000000000000, 0.7912358467079808610, 0.7912358467079808610, 1.000000000000000000) ) ) 
 REPRESENTATION_ITEM ( '' )  SURFACE ( )  );
#1053 = CARTESIAN_POINT ( 'NONE',  ( -1.110223024625156540E-13, -2.442490654175344389E-12, 65.68175169266898195 ) ) ;
#1054 = CARTESIAN_POINT ( 'NONE',  ( -6.174478473098710118, 4.154264693166233258, -5.981467551425295959 ) ) ;
#1055 = AXIS2_PLACEMENT_3D ( 'NONE', #868, #2128, #1518 ) ;
#1056 = APPLICATION_CONTEXT ( 'automotive_design' ) ;
#1057 = CARTESIAN_POINT ( 'NONE',  ( -7.267490581898385038, 1.412337068622816938, -2.293948165575915521 ) ) ;
#1058 = EDGE_LOOP ( 'NONE', ( #109, #1213, #2224, #928 ) ) ;
#1059 = AXIS2_PLACEMENT_3D ( 'NONE', #1971, #704, #728 ) ;
#1060 = EDGE_CURVE ( 'NONE', #1523, #2614, #776, .T. ) ;
#1061 = EDGE_CURVE ( 'NONE', #2097, #2113, #2454, .T. ) ;
#1062 = CARTESIAN_POINT ( 'NONE',  ( 1.413890586544496841, 6.999999999999785949, -1.194663265228484983 ) ) ;
#1063 = FILL_AREA_STYLE ('',( #647 ) ) ;
#1064 = CARTESIAN_POINT ( 'NONE',  ( 0.000000000000000000, 0.000000000000000000, 11.00000000000367351 ) ) ;
#1065 = CARTESIAN_POINT ( 'NONE',  ( 0.000000000000000000, 0.000000000000000000, 10.42264973081374890 ) ) ;
#1066 = ORIENTED_EDGE ( 'NONE', *, *, #2347, .F. ) ;
#1067 = FACE_OUTER_BOUND ( 'NONE', #894, .T. ) ;
#1068 = CARTESIAN_POINT ( 'NONE',  ( -6.174478473098710118, 4.663048876204380910, -3.500000000000058176 ) ) ;
#1069 = AXIS2_PLACEMENT_3D ( 'NONE', #1053, #626, #456 ) ;
#1070 = CARTESIAN_POINT ( 'NONE',  ( 5.000000000052195581, -2.330682533405333356E-12, 76.99999999994034283 ) ) ;
#1071 = ORIENTED_EDGE ( 'NONE', *, *, #1113, .T. ) ;
#1072 = AXIS2_PLACEMENT_3D ( 'NONE', #2447, #594, #1424 ) ;
#1073 = APPLICATION_PROTOCOL_DEFINITION ( 'draft international standard', 'automotive_design', 1998, #1056 ) ;
#1074 = CARTESIAN_POINT ( 'NONE',  ( 6.000000000000009770, -2.220279515796619307E-12, 60.99999999999894129 ) ) ;
#1075 = CARTESIAN_POINT ( 'NONE',  ( 2.739869907530722681, -7.146127354230538131, -2.783784974439786897 ) ) ;
#1076 = CARTESIAN_POINT ( 'NONE',  ( 7.998669499596489096, -0.1458980337480930700, 10.42264973081374890 ) ) ;
#1077 = FACE_OUTER_BOUND ( 'NONE', #535, .T. ) ;
#1078 = EDGE_LOOP ( 'NONE', ( #1480, #168, #379, #708 ) ) ;
#1079 = CARTESIAN_POINT ( 'NONE',  ( 4.125686153385932364, 6.854101966252135192, 10.42264973081341495 ) ) ;
#1080 = DIRECTION ( 'NONE',  ( -1.000000000000000000, 7.965850201685487133E-15, -6.108181253439452538E-17 ) ) ;
#1081 = LINE ( 'NONE', #2112, #924 ) ;
#1082 = EDGE_LOOP ( 'NONE', ( #2252, #1593, #2108, #604 ) ) ;
#1083 = EDGE_CURVE ( 'NONE', #97, #884, #1092, .T. ) ;
#1084 = CARTESIAN_POINT ( 'NONE',  ( -4.125686153386931565, 6.854101966250247813, 4.954700538379097630 ) ) ;
#1085 = LINE ( 'NONE', #2104, #1635 ) ;
#1086 = CARTESIAN_POINT ( 'NONE',  ( -7.343664216610036988, -1.280400463104964137, -2.620497889477794384 ) ) ;
#1087 = B_SPLINE_CURVE_WITH_KNOTS ( 'NONE', 3,
 ( #2196, #764, #291, #1725, #2551, #2529, #367, #2540, #1302, #278, #2364, #1791, #699, #1526, #503, #1327, #1316, #2145, #306, #351, #1101, #155, #1509, #1992, #477, #978, #490, #2336, #2135, #1592 ),
 .UNSPECIFIED., .F., .F.,
 ( 4, 2, 2, 2, 2, 2, 2, 2, 2, 2, 2, 2, 2, 2, 4 ),
 ( 0.002984833061300117864, 0.003511090654841224779, 0.004037348248382331695, 0.005089863435464548128, 0.005616121029005655477, 0.006142378622546762826, 0.006668636216087870175, 0.007194893809628978391, 0.007721151403170085741, 0.008247408996711193957, 0.008773666590252301306, 0.009299924183793408655, 0.009826181777334517739, 0.01035243937087562682, 0.01140495455795784152 ),
 .UNSPECIFIED. ) ;
#1088 = AXIS2_PLACEMENT_3D ( 'NONE', #799, #1624, #1580 ) ;
#1089 = DIRECTION ( 'NONE',  ( 1.000000000000000000, 2.775557561562581353E-17, 1.084202172485502708E-16 ) ) ;
#1090 = CARTESIAN_POINT ( 'NONE',  ( -7.998669499594823762, -0.1458980337507576053, 10.99999999999956657 ) ) ;
#1091 = ORIENTED_EDGE ( 'NONE', *, *, #2173, .T. ) ;
#1092 = LINE ( 'NONE', #677, #2569 ) ;
#1093 = CARTESIAN_POINT ( 'NONE',  ( -8.689405892296136358, -3.949507506955872049, 61.48141919726804616 ) ) ;
#1094 = ORIENTED_EDGE ( 'NONE', *, *, #761, .F. ) ;
#1095 = ADVANCED_FACE ( 'NONE', ( #32 ), #2134, .F. ) ;
#1096 = CARTESIAN_POINT ( 'NONE',  ( 0.4070150209242761052, -6.999999999999786837, -0.8072734407598081141 ) ) ;
#1097 = EDGE_LOOP ( 'NONE', ( #2464, #2088, #228, #625 ) ) ;
#1098 = VECTOR ( 'NONE', #1638, 1000.000000000000114 ) ;
#1099 = CARTESIAN_POINT ( 'NONE',  ( 3.239861104068017639, -6.999999999999782396, 4.777737491943426562 ) ) ;
#1100 = DIRECTION ( 'NONE',  ( -7.315828852335735501E-17, 8.078619584905368877E-17, -1.000000000000000000 ) ) ;
#1101 = CARTESIAN_POINT ( 'NONE',  ( 5.387595256035199398, 4.668411285929297883, -5.836807852850562028 ) ) ;
#1102 = CARTESIAN_POINT ( 'NONE',  ( -8.082903768654613685, -5.551115123125782702E-13, 10.99999999999956657 ) ) ;
#1103 = VERTEX_POINT ( 'NONE', #2543 ) ;
#1104 = FACE_OUTER_BOUND ( 'NONE', #2208, .T. ) ;
#1105 = DIRECTION ( 'NONE',  ( 7.315828852335735501E-17, -8.078619584905368877E-17, 1.000000000000000000 ) ) ;
#1106 = EDGE_LOOP ( 'NONE', ( #2236, #578, #113, #2294, #2328 ) ) ;
#1107 = DIRECTION ( 'NONE',  ( 7.315828852335735501E-17, -8.078619584905368877E-17, 1.000000000000000000 ) ) ;
#1108 = ORIENTED_EDGE ( 'NONE', *, *, #1257, .T. ) ;
#1109 = VECTOR ( 'NONE', #203, 1000.000000000000227 ) ;
#1110 = PLANE ( 'NONE',  #946 ) ;
#1111 = CARTESIAN_POINT ( 'NONE',  ( -37.56084042259992373, -1.013181254899933474E-13, -14.73008507114005106 ) ) ;
#1112 = CARTESIAN_POINT ( 'NONE',  ( -3.872983346207559130, -7.000000000000006217, 10.42264973081263868 ) ) ;
#1113 = EDGE_CURVE ( 'NONE', #191, #1758, #1241, .T. ) ;
#1114 = CARTESIAN_POINT ( 'NONE',  ( 6.184046493966216751, -5.273503032427562687, -4.927060838970926504 ) ) ;
#1115 = CARTESIAN_POINT ( 'NONE',  ( -4.415037895442623928, -10.17555234314149182, -0.1554800992413689353 ) ) ;
#1116 = CARTESIAN_POINT ( 'NONE',  ( 0.000000000000000000, 0.000000000000000000, -1.083390805280970426 ) ) ;
#1117 = CARTESIAN_POINT ( 'NONE',  ( 6.395408300376344890, -2.922827888600397106, 4.377890667539836578 ) ) ;
#1118 = ORIENTED_EDGE ( 'NONE', *, *, #747, .F. ) ;
#1119 = EDGE_CURVE ( 'NONE', #1767, #2611, #895, .T. ) ;
#1120 = CARTESIAN_POINT ( 'NONE',  ( 2.220446049250313081E-13, -2.331468351712828735E-12, 76.00000000002083311 ) ) ;
#1121 = CARTESIAN_POINT ( 'NONE',  ( -2.554539379404941357, 6.999999999999893419, -2.639888555169460638 ) ) ;
#1122 = VERTEX_POINT ( 'NONE', #92 ) ;
#1123 = CARTESIAN_POINT ( 'NONE',  ( 23.20909507938197791, 46.41819015876280474, 4.164391664990665553E-14 ) ) ;
#1124 = CARTESIAN_POINT ( 'NONE',  ( -4.780603800021244965, -5.719751327505180782, -2.621360990901201227 ) ) ;
#1125 = FACE_OUTER_BOUND ( 'NONE', #1490, .T. ) ;
#1126 = CARTESIAN_POINT ( 'NONE',  ( 7.420635654421174010, -0.7473498967509447644, -4.290970679709714020 ) ) ;
#1127 = DIRECTION ( 'NONE',  ( -2.775557561562885804E-17, 1.000000000000000000, 8.078619584905368877E-17 ) ) ;
#1128 = AXIS2_PLACEMENT_3D ( 'NONE', #520, #587, #1214 ) ;
#1129 = CARTESIAN_POINT ( 'NONE',  ( 10.06922208407292096, 1.559595757688442719, 61.83793356282713205 ) ) ;
#1130 = CARTESIAN_POINT ( 'NONE',  ( 6.720092174152434872, -2.360458922821949912, 4.432547248652600302 ) ) ;
#1131 = EDGE_LOOP ( 'NONE', ( #1644, #688, #1502, #1304, #2023, #1066, #735 ) ) ;
#1132 = CIRCLE ( 'NONE', #2641, 2.000000000000001776 ) ;
#1133 = DIRECTION ( 'NONE',  ( -7.315828852335735501E-17, 8.078619584905368877E-17, -1.000000000000000000 ) ) ;
#1134 = CARTESIAN_POINT ( 'NONE',  ( -1.620001924559950401, 6.999999999999830358, -1.334666194793539207 ) ) ;
#1135 = VERTEX_POINT ( 'NONE', #2123 ) ;
#1136 = EDGE_LOOP ( 'NONE', ( #1446, #961 ) ) ;
#1137 = CARTESIAN_POINT ( 'NONE',  ( -7.076634716149172277, 1.742909125022986894, -5.278887224626171992 ) ) ;
#1138 = FACE_OUTER_BOUND ( 'NONE', #127, .T. ) ;
#1139 = EDGE_CURVE ( 'NONE', #1721, #1532, #1716, .T. ) ;
#1140 = VECTOR ( 'NONE', #279, 1000.000000000000000 ) ;
#1141 = ADVANCED_FACE ( 'NONE', ( #1104 ), #124, .T. ) ;
#1142 = CARTESIAN_POINT ( 'NONE',  ( 0.000000000000000000, 0.000000000000000000, 11.00000000000367351 ) ) ;
#1143 = CARTESIAN_POINT ( 'NONE',  ( -4.415037895442624816, 10.17555234314152557, -0.1554800992414713257 ) ) ;
#1144 = AXIS2_PLACEMENT_3D ( 'NONE', #1499, #892, #2316 ) ;
#1145 = CARTESIAN_POINT ( 'NONE',  ( -7.413544557502853571, 1.011667281269272189, -2.895886788796943723 ) ) ;
#1146 = PLANE ( 'NONE',  #1951 ) ;
#1147 = VERTEX_POINT ( 'NONE', #742 ) ;
#1148 = CARTESIAN_POINT ( 'NONE',  ( 0.000000000000000000, 0.000000000000000000, -1.083390805280970426 ) ) ;
#1149 = CARTESIAN_POINT ( 'NONE',  ( -1.187434208703930238, 7.000000000000006217, -1.083390805281303493 ) ) ;
#1150 = EDGE_LOOP ( 'NONE', ( #2007, #1675 ) ) ;
#1151 = ORIENTED_EDGE ( 'NONE', *, *, #1399, .T. ) ;
#1152 = EDGE_CURVE ( 'NONE', #2004, #1497, #2586, .T. ) ;
#1153 = CARTESIAN_POINT ( 'NONE',  ( -4.985757689802804649, 5.364414367033258024, -5.154871780184332231 ) ) ;
#1154 = CIRCLE ( 'NONE', #333, 8.000000000000012434 ) ;
#1155 = CARTESIAN_POINT ( 'NONE',  ( 22.67157287525090226, 45.34314575049950946, 7.999908942954028160E-15 ) ) ;
#1156 =( BOUNDED_CURVE ( )  B_SPLINE_CURVE ( 3, ( #1702, #2325, #2073, #1622 ),
 .UNSPECIFIED., .F., .T. ) 
 B_SPLINE_CURVE_WITH_KNOTS ( ( 4, 4 ),
 ( 0.000000000000000000, 1.000000000000000000 ),
 .UNSPECIFIED. ) 
 CURVE ( )  GEOMETRIC_REPRESENTATION_ITEM ( )  RATIONAL_B_SPLINE_CURVE ( ( 1.000000000000000000, 0.3333333333333333703, 0.3333333333333333703, 1.000000000000000000 ) ) 
 REPRESENTATION_ITEM ( '' )  );
#1157 = DIRECTION ( 'NONE',  ( -7.315828852335735501E-17, 8.078619584905368877E-17, -1.000000000000000000 ) ) ;
#1158 = PLANE ( 'NONE',  #2159 ) ;
#1159 = B_SPLINE_CURVE_WITH_KNOTS ( 'NONE', 3,
 ( #856, #1062, #451, #1886, #51, #1289, #1504, #2580, #1739, #524, #1364, #684 ),
 .UNSPECIFIED., .F., .F.,
 ( 4, 2, 2, 2, 2, 4 ),
 ( 1.299952527137014667E-16, 0.0007462082653249270088, 0.001119312397987325732, 0.001492416530649724564, 0.002238624795974523095, 0.002984833061299321626 ),
 .UNSPECIFIED. ) ;
#1160 = CARTESIAN_POINT ( 'NONE',  ( -7.413544557502853571, 1.135498610267746233, -3.185251900687422033 ) ) ;
#1161 = CARTESIAN_POINT ( 'NONE',  ( -9.152781723968759664, -3.146917023499436361, 61.55875695945680093 ) ) ;
#1162 = ORIENTED_EDGE ( 'NONE', *, *, #2047, .T. ) ;
#1163 = CARTESIAN_POINT ( 'NONE',  ( -8.000000000002366107, -2.220446049250966356E-16, 10.42264973081374890 ) ) ;
#1164 = DIRECTION ( 'NONE',  ( -0.8660254037843405639, 1.635606434474876723E-17, -0.5000000000001698641 ) ) ;
#1165 = ORIENTED_EDGE ( 'NONE', *, *, #945, .F. ) ;
#1166 = ORIENTED_EDGE ( 'NONE', *, *, #2405, .T. ) ;
#1167 = EDGE_CURVE ( 'NONE', #1758, #442, #1565, .T. ) ;
#1168 = DIRECTION ( 'NONE',  ( 0.8660254037843403419, -1.635606434474879805E-17, 0.5000000000001701972 ) ) ;
#1169 = CARTESIAN_POINT ( 'NONE',  ( -7.408469028274899060, 1.168155236726583279, -3.500000000000057732 ) ) ;
#1170 = ORIENTED_EDGE ( 'NONE', *, *, #970, .F. ) ;
#1171 = CARTESIAN_POINT ( 'NONE',  ( 4.985465089014987861, 5.364921166464426072, -1.864465378709996068 ) ) ;
#1172 = CARTESIAN_POINT ( 'NONE',  ( -4.761508989958540106, 5.752824508694771133, 10.74489535305242605 ) ) ;
#1173 = VERTEX_POINT ( 'NONE', #2355 ) ;
#1174 = DIRECTION ( 'NONE',  ( -1.000000000000000000, -2.775557561562882415E-17, 0.000000000000000000 ) ) ;
#1175 = CARTESIAN_POINT ( 'NONE',  ( 4.690142921205379345, 4.034889460072986545, -7.739366276185596583 ) ) ;
#1176 = ORIENTED_EDGE ( 'NONE', *, *, #81, .T. ) ;
#1177 = AXIS2_PLACEMENT_3D ( 'NONE', #939, #1765, #2376 ) ;
#1178 = CARTESIAN_POINT ( 'NONE',  ( 7.295164936582465565, 6.364403680241283112, 66.45639326178532258 ) ) ;
#1179 = ORIENTED_EDGE ( 'NONE', *, *, #2459, .F. ) ;
#1180 = CARTESIAN_POINT ( 'NONE',  ( 0.000000000000000000, 0.000000000000000000, 10.99999999999989875 ) ) ;
#1181 = VECTOR ( 'NONE', #2210, 1000.000000000000000 ) ;
#1182 = CARTESIAN_POINT ( 'NONE',  ( 3.048470655156263084E-16, -10.98327304529177084, 62.31824830732890774 ) ) ;
#1183 = LINE ( 'NONE', #2624, #2295 ) ;
#1184 = CARTESIAN_POINT ( 'NONE',  ( 2.606680248210468065, 6.999999999999347189, -4.197501948572542219 ) ) ;
#1185 = CARTESIAN_POINT ( 'NONE',  ( 2.220446049250313081E-13, -2.331468351712828735E-12, 76.00000000002083311 ) ) ;
#1186 = CARTESIAN_POINT ( 'NONE',  ( 38.00000000000249401, -1.053139327523614410E-13, -19.99999999999979394 ) ) ;
#1187 = CIRCLE ( 'NONE', #2652, 8.000000000000012434 ) ;
#1188 = EDGE_LOOP ( 'NONE', ( #750, #2536, #977, #407, #1885, #1268, #1849, #2369, #1475, #1972 ) ) ;
#1189 = CARTESIAN_POINT ( 'NONE',  ( 10.52187069165210254, -0.7755853713855029863, 65.94814246574638616 ) ) ;
#1190 = CARTESIAN_POINT ( 'NONE',  ( -2.130465669710439158, -6.999999999999781508, -1.825626881355665754 ) ) ;
#1191 = ORIENTED_EDGE ( 'NONE', *, *, #709, .T. ) ;
#1192 = DIRECTION ( 'NONE',  ( 7.315828852335735501E-17, -8.078619584905368877E-17, 1.000000000000000000 ) ) ;
#1193 = ORIENTED_EDGE ( 'NONE', *, *, #2498, .T. ) ;
#1194 = CARTESIAN_POINT ( 'NONE',  ( 7.999999999999792166, 3.332889519924719934E-13, 4.954700538379653629 ) ) ;
#1195 = CARTESIAN_POINT ( 'NONE',  ( -6.655894930843730961, -2.471651809939801048, -1.083390805280970426 ) ) ;
#1196 = DIRECTION ( 'NONE',  ( -7.315828852335735501E-17, 8.078619584905368877E-17, -1.000000000000000000 ) ) ;
#1197 = CARTESIAN_POINT ( 'NONE',  ( -4.125686153386376454, -6.854101966250358835, 10.42264973081241664 ) ) ;
#1198 = EDGE_CURVE ( 'NONE', #1135, #36, #380, .T. ) ;
#1199 = DIRECTION ( 'NONE',  ( 7.315828852335735501E-17, -8.078619584905368877E-17, 1.000000000000000000 ) ) ;
#1200 = DIRECTION ( 'NONE',  ( -7.315828852335735501E-17, 8.078619584905368877E-17, -1.000000000000000000 ) ) ;
#1201 = VERTEX_POINT ( 'NONE', #930 ) ;
#1202 = CARTESIAN_POINT ( 'NONE',  ( -5.999999999936519224, -2.331634885166518873E-12, 75.99999999999906208 ) ) ;
#1203 = EDGE_CURVE ( 'NONE', #2058, #1559, #599, .T. ) ;
#1204 = CARTESIAN_POINT ( 'NONE',  ( 3.238832424594740189, 7.000000000000227374, 4.777449967289322252 ) ) ;
#1205 = CARTESIAN_POINT ( 'NONE',  ( -5.484827573954853541, 9.499999999997953637, 62.31038599618865703 ) ) ;
#1206 = VERTEX_POINT ( 'NONE', #2 ) ;
#1207 = DIRECTION ( 'NONE',  ( 7.315828852335735501E-17, -8.078619584905368877E-17, 1.000000000000000000 ) ) ;
#1208 = FACE_OUTER_BOUND ( 'NONE', #1082, .T. ) ;
#1209 = CARTESIAN_POINT ( 'NONE',  ( -5.468460722139023567, -4.528348190060760281, -1.083390805280970426 ) ) ;
#1210 = CARTESIAN_POINT ( 'NONE',  ( -2.723401636296759243, 6.988067224019543389, -4.366598638910893726 ) ) ;
#1211 = DIRECTION ( 'NONE',  ( 7.315828852335735501E-17, -8.078619584905368877E-17, 1.000000000000000000 ) ) ;
#1212 = DIRECTION ( 'NONE',  ( -7.315828852335735501E-17, 8.078619584905368877E-17, -1.000000000000000000 ) ) ;
#1213 = ORIENTED_EDGE ( 'NONE', *, *, #2524, .T. ) ;
#1214 = DIRECTION ( 'NONE',  ( -1.000000000000000000, -2.775557561562857763E-17, -9.130123557772069293E-17 ) ) ;
#1215 = CARTESIAN_POINT ( 'NONE',  ( 4.690142921205377569, 5.852568613751333082, -1.873048631484031112 ) ) ;
#1216 = ORIENTED_EDGE ( 'NONE', *, *, #2183, .T. ) ;
#1217 = B_SPLINE_CURVE_WITH_KNOTS ( 'NONE', 3,
 ( #971, #1814, #2190, #2656, #1629, #346, #1985, #1171, #1400, #2219, #2642, #1426 ),
 .UNSPECIFIED., .F., .F.,
 ( 4, 2, 2, 2, 2, 4 ),
 ( 0.01140495455795784152, 0.01215090783884150566, 0.01252388447928333946, 0.01289686111972517153, 0.01364281440060883741, 0.01438876768149250154 ),
 .UNSPECIFIED. ) ;
#1218 = AXIS2_PLACEMENT_3D ( 'NONE', #579, #2228, #1823 ) ;
#1219 = CARTESIAN_POINT ( 'NONE',  ( 2.414735078559935666E-16, -8.700000000003027978, 60.99999999999761258 ) ) ;
#1220 = ORIENTED_EDGE ( 'NONE', *, *, #1555, .F. ) ;
#1221 = DIRECTION ( 'NONE',  ( -2.775557561562885804E-17, 1.000000000000000000, 8.078619584905368877E-17 ) ) ;
#1222 = CARTESIAN_POINT ( 'NONE',  ( -6.467028418349888952, -2.798778205425170196, -0.9239494892495261347 ) ) ;
#1223 = CARTESIAN_POINT ( 'NONE',  ( 6.655894930843953006, 2.471651809939245936, -1.083390805281303493 ) ) ;
#1224 = CARTESIAN_POINT ( 'NONE',  ( 4.760932874790988478, 5.753822369436319306, 4.632763299403174884 ) ) ;
#1225 = EDGE_CURVE ( 'NONE', #1103, #936, #1154, .T. ) ;
#1226 = DIRECTION ( 'NONE',  ( -7.315828852335735501E-17, 8.078619584905368877E-17, -1.000000000000000000 ) ) ;
#1227 = CARTESIAN_POINT ( 'NONE',  ( -2.311349567428435670, -9.500000000002396305, 66.38381657329279051 ) ) ;
#1228 = EDGE_LOOP ( 'NONE', ( #1822, #2469, #916, #1170, #1332, #56, #459, #2588, #1309, #1358 ) ) ;
#1229 = CIRCLE ( 'NONE', #322, 7.100000000000011191 ) ;
#1230 = CARTESIAN_POINT ( 'NONE',  ( 0.000000000000000000, -2.220446049250313081E-12, 60.99999999999894129 ) ) ;
#1231 = CARTESIAN_POINT ( 'NONE',  ( 0.3183735515650856773, 6.999999999999895195, 4.377086138461727671 ) ) ;
#1232 = CARTESIAN_POINT ( 'NONE',  ( 0.000000000000000000, -2.220446049250313081E-12, 60.99999999999761258 ) ) ;
#1233 = EDGE_CURVE ( 'NONE', #1201, #1420, #2234, .T. ) ;
#1234 = VERTEX_POINT ( 'NONE', #1599 ) ;
#1235 = EDGE_CURVE ( 'NONE', #1385, #2403, #1842, .T. ) ;
#1236 = FACE_OUTER_BOUND ( 'NONE', #2164, .T. ) ;
#1237 = CARTESIAN_POINT ( 'NONE',  ( -1.349165140910595806, 6.999999999999893419, -5.836807852850152578 ) ) ;
#1238 = DIRECTION ( 'NONE',  ( -1.000000000000000000, -2.775557561562886729E-17, -7.635226566799315056E-17 ) ) ;
#1239 = DIRECTION ( 'NONE',  ( 1.000000000000000000, 2.775557561562903061E-17, 5.542123519472105102E-16 ) ) ;
#1240 = ORIENTED_EDGE ( 'NONE', *, *, #955, .T. ) ;
#1241 = CIRCLE ( 'NONE', #2616, 7.100000000000011191 ) ;
#1242 =( BOUNDED_SURFACE ( )  B_SPLINE_SURFACE ( 3, 3, ( 
 ( #1382, #2201, #160, #2420 ),
 ( #1798, #173, #2625, #789 ),
 ( #771, #1612, #387, #568 ),
 ( #595, #2244, #1210, #1827 ) ),
 .UNSPECIFIED., .F., .F., .F. ) 
 B_SPLINE_SURFACE_WITH_KNOTS ( ( 4, 4 ),
 ( 4, 4 ),
 ( 0.000000000000000000, 1.000000000000000000 ),
 ( 0.000000000000000000, 1.000000000000000000 ),
 .UNSPECIFIED. ) 
 GEOMETRIC_REPRESENTATION_ITEM ( )  RATIONAL_B_SPLINE_SURFACE ( (
 ( 1.000000000000000000, 0.9886297534553936117, 0.9886297534553936117, 1.000000000000000000),
 ( 0.9544948643572924718, 0.9436420224239894239, 0.9436420224239894239, 0.9544948643572924718),
 ( 0.9544948643572924718, 0.9436420224239894239, 0.9436420224239894239, 0.9544948643572924718),
 ( 1.000000000000000000, 0.9886297534553936117, 0.9886297534553936117, 1.000000000000000000) ) ) 
 REPRESENTATION_ITEM ( '' )  SURFACE ( )  );
#1243 = DIRECTION ( 'NONE',  ( 1.000000000000000000, 2.775557561562991808E-17, 0.000000000000000000 ) ) ;
#1244 = CARTESIAN_POINT ( 'NONE',  ( -0.6664609477697327478, 6.999999999999893419, 4.377890667539479530 ) ) ;
#1245 = CARTESIAN_POINT ( 'NONE',  ( -5.933170324525578465, 8.723447547953586678, 62.05153517709724298 ) ) ;
#1246 = ORIENTED_EDGE ( 'NONE', *, *, #1695, .T. ) ;
#1247 = EDGE_CURVE ( 'NONE', #345, #784, #174, .T. ) ;
#1248 = CARTESIAN_POINT ( 'NONE',  ( 2.723401636296756578, 6.857816822082609676, -1.945675139458952652 ) ) ;
#1249 = FACE_OUTER_BOUND ( 'NONE', #2523, .T. ) ;
#1250 = SURFACE_STYLE_USAGE ( .BOTH. , #858 ) ;
#1251 = CARTESIAN_POINT ( 'NONE',  ( 5.484827557301175105, 9.499999999997621458, 65.68961400861617506 ) ) ;
#1252 = LINE ( 'NONE', #1090, #1478 ) ;
#1253 = EDGE_LOOP ( 'NONE', ( #833, #2240, #1546, #129, #1801 ) ) ;
#1254 = CARTESIAN_POINT ( 'NONE',  ( -7.125558022430712235, 2.686851508504603192, -1.895556994991362654 ) ) ;
#1255 = CARTESIAN_POINT ( 'NONE',  ( -5.902991050708109810, 3.775719583548187597, 4.377086138461591780 ) ) ;
#1256 = EDGE_CURVE ( 'NONE', #2547, #1658, #2307, .T. ) ;
#1257 = EDGE_CURVE ( 'NONE', #1587, #498, #865, .T. ) ;
#1258 = EDGE_CURVE ( 'NONE', #2402, #191, #1217, .T. ) ;
#1259 = DIRECTION ( 'NONE',  ( 7.315828852335735501E-17, -8.078619584905368877E-17, 1.000000000000000000 ) ) ;
#1260 = ORIENTED_EDGE ( 'NONE', *, *, #2585, .F. ) ;
#1261 = AXIS2_PLACEMENT_3D ( 'NONE', #2198, #2404, #170 ) ;
#1262 = EDGE_CURVE ( 'NONE', #1718, #1523, #148, .T. ) ;
#1263 = CARTESIAN_POINT ( 'NONE',  ( 0.000000000000000000, -2.220446049250313081E-12, 60.99999999999894129 ) ) ;
#1264 = CARTESIAN_POINT ( 'NONE',  ( 8.000000000000012434, 2.220446049250313081E-16, 7.688675134595036376 ) ) ;
#1265 = CARTESIAN_POINT ( 'NONE',  ( -7.407924720194339230, -1.169098005976995092, -3.813216984433819512 ) ) ;
#1266 = DIRECTION ( 'NONE',  ( -7.315828852335735501E-17, 8.078619584905368877E-17, -1.000000000000000000 ) ) ;
#1267 = CYLINDRICAL_SURFACE ( 'NONE', #1778, 6.000000000000009770 ) ;
#1268 = ORIENTED_EDGE ( 'NONE', *, *, #81, .F. ) ;
#1269 = LINE ( 'NONE', #2060, #541 ) ;
#1270 = CARTESIAN_POINT ( 'NONE',  ( 5.468460722139356633, -4.528348190059872103, -1.083390805280970426 ) ) ;
#1271 = EDGE_LOOP ( 'NONE', ( #265, #1047 ) ) ;
#1272 = AXIS2_PLACEMENT_3D ( 'NONE', #1669, #1266, #2491 ) ;
#1273 = CONICAL_SURFACE ( 'NONE', #2125, 8.000000000002264855, 1.047197551196399568 ) ;
#1274 = DIRECTION ( 'NONE',  ( 7.315828852335735501E-17, -8.078619584905368877E-17, 1.000000000000000000 ) ) ;
#1275 = ORIENTED_EDGE ( 'NONE', *, *, #2498, .F. ) ;
#1276 = AXIS2_PLACEMENT_3D ( 'NONE', #445, #2124, #72 ) ;
#1277 = CARTESIAN_POINT ( 'NONE',  ( 0.000000000000000000, 0.000000000000000000, 0.000000000000000000 ) ) ;
#1278 = DIRECTION ( 'NONE',  ( -7.315828852335735501E-17, 8.078619584905368877E-17, -1.000000000000000000 ) ) ;
#1279 = CARTESIAN_POINT ( 'NONE',  ( 2.003474095103767794E-16, -9.500000000002394529, 61.46188021534898382 ) ) ;
#1280 = CARTESIAN_POINT ( 'NONE',  ( 7.407736596679852070, -1.169423845463155809, -3.815780731410185034 ) ) ;
#1281 = DIRECTION ( 'NONE',  ( 1.000000000000000000, 2.775557561562991808E-17, 0.000000000000000000 ) ) ;
#1282 = EDGE_LOOP ( 'NONE', ( #311, #1318 ) ) ;
#1283 = DIRECTION ( 'NONE',  ( -1.000000000000000000, -2.775557561562857763E-17, -9.130123557772069293E-17 ) ) ;
#1284 = CARTESIAN_POINT ( 'NONE',  ( 0.000000000000000000, -1.110223024625156540E-13, -19.99999999999979394 ) ) ;
#1285 = AXIS2_PLACEMENT_3D ( 'NONE', #216, #240, #1089 ) ;
#1286 = DIRECTION ( 'NONE',  ( -1.000000000000000000, -2.775557561562887037E-17, 0.000000000000000000 ) ) ;
#1287 = ORIENTED_EDGE ( 'NONE', *, *, #826, .F. ) ;
#1288 = DIRECTION ( 'NONE',  ( -7.315828852335735501E-17, 8.078619584905368877E-17, -1.000000000000000000 ) ) ;
#1289 = CARTESIAN_POINT ( 'NONE',  ( 2.146214157256407074, 6.999999999999895195, -1.869247783596098778 ) ) ;
#1290 = CIRCLE ( 'NONE', #2449, 6.000000000000009770 ) ;
#1291 = CARTESIAN_POINT ( 'NONE',  ( -5.404263478829292922, -4.639541077177630868, 4.432547248652343619 ) ) ;
#1292 = EDGE_CURVE ( 'NONE', #854, #191, #2179, .T. ) ;
#1293 = DIRECTION ( 'NONE',  ( -7.315828852335735501E-17, 8.078619584905368877E-17, -1.000000000000000000 ) ) ;
#1294 = ORIENTED_EDGE ( 'NONE', *, *, #538, .T. ) ;
#1295 = CARTESIAN_POINT ( 'NONE',  ( -4.690142921205008975, 5.214319176066509520, -0.3862894352584854696 ) ) ;
#1296 = CARTESIAN_POINT ( 'NONE',  ( -7.413544557502860677, 1.011604619854274523, -4.104261939103175827 ) ) ;
#1297 = DIRECTION ( 'NONE',  ( 1.000000000000000000, 1.003919170017296666E-13, 0.000000000000000000 ) ) ;
#1298 = ORIENTED_EDGE ( 'NONE', *, *, #634, .T. ) ;
#1299 = CARTESIAN_POINT ( 'NONE',  ( -2.599436131152210727, -6.999999999999785061, 4.631976595081472858 ) ) ;
#1300 = CARTESIAN_POINT ( 'NONE',  ( -7.384431727400703416, -1.209789063117418406, -2.909342134756839116 ) ) ;
#1301 = CONICAL_SURFACE ( 'NONE', #269, 5.999999999914981785, 0.7853981633690265696 ) ;
#1302 = CARTESIAN_POINT ( 'NONE',  ( 6.883216981991732375, 2.077918467668840918, -5.641177576081831901 ) ) ;
#1303 = DIRECTION ( 'NONE',  ( 7.315828852335735501E-17, -8.078619584905368877E-17, 1.000000000000000000 ) ) ;
#1304 = ORIENTED_EDGE ( 'NONE', *, *, #1360, .F. ) ;
#1305 = ADVANCED_FACE ( 'NONE', ( #1413 ), #290, .T. ) ;
#1306 = CARTESIAN_POINT ( 'NONE',  ( 7.295164966387063465, 6.364403628618204856, 61.54360673182226549 ) ) ;
#1307 = FACE_OUTER_BOUND ( 'NONE', #1034, .T. ) ;
#1308 = FACE_OUTER_BOUND ( 'NONE', #21, .T. ) ;
#1309 = ORIENTED_EDGE ( 'NONE', *, *, #1370, .T. ) ;
#1310 = VECTOR ( 'NONE', #1157, 1000.000000000000000 ) ;
#1311 = ADVANCED_FACE ( 'NONE', ( #358 ), #1029, .T. ) ;
#1312 = AXIS2_PLACEMENT_3D ( 'NONE', #731, #1443, #1032 ) ;
#1313 = CARTESIAN_POINT ( 'NONE',  ( -7.230563156718294415, 1.476297245227423227, -4.849352944828771328 ) ) ;
#1314 = CARTESIAN_POINT ( 'NONE',  ( -37.52114004509142831, -1.012081495855819424E-13, -14.25368054104485438 ) ) ;
#1315 = EDGE_CURVE ( 'NONE', #1916, #612, #2439, .T. ) ;
#1316 = CARTESIAN_POINT ( 'NONE',  ( 5.885672825969190392, 3.805715628693220776, -6.175100268988960472 ) ) ;
#1317 = CARTESIAN_POINT ( 'NONE',  ( 10.96965511460123999, -1.443289932012703503E-12, 62.31038599138061329 ) ) ;
#1318 = ORIENTED_EDGE ( 'NONE', *, *, #887, .F. ) ;
#1319 = CARTESIAN_POINT ( 'NONE',  ( -10.96965511459968567, -2.664535259100375697E-12, 60.99999999999860734 ) ) ;
#1320 = CARTESIAN_POINT ( 'NONE',  ( -10.06922207501776256, -1.559595773376384331, 61.83793355855681995 ) ) ;
#1321 = CARTESIAN_POINT ( 'NONE',  ( -7.421128048519423537, -0.7440970741388274190, -4.289416260117044466 ) ) ;
#1322 = CYLINDRICAL_SURFACE ( 'NONE', #2209, 8.000000000000012434 ) ;
#1323 = ORIENTED_EDGE ( 'NONE', *, *, #1336, .T. ) ;
#1324 = ORIENTED_EDGE ( 'NONE', *, *, #186, .T. ) ;
#1325 = CARTESIAN_POINT ( 'NONE',  ( -7.408469028274899948, 1.168155236726579504, -3.851099399717448080 ) ) ;
#1326 = CARTESIAN_POINT ( 'NONE',  ( -6.362725592006450270, -2.979436000025032172, -6.142114343327206072 ) ) ;
#1327 = CARTESIAN_POINT ( 'NONE',  ( 5.973634621703062919, 3.653361329357160958, -6.192611768378847970 ) ) ;
#1328 = CARTESIAN_POINT ( 'NONE',  ( 7.141587086836209686, -3.385773627078842996, -2.584515216557129236 ) ) ;
#1329 = ORIENTED_EDGE ( 'NONE', *, *, #1370, .F. ) ;
#1330 = CARTESIAN_POINT ( 'NONE',  ( 9.152781742249260333, 3.146916991832740873, 61.55875696363287375 ) ) ;
#1331 = CARTESIAN_POINT ( 'NONE',  ( -5.732257022924719614, 4.071439594250044536, 11.00000000000446221 ) ) ;
#1332 = ORIENTED_EDGE ( 'NONE', *, *, #2089, .T. ) ;
#1333 = DIRECTION ( 'NONE',  ( -1.000000000000000000, -2.775557561562887037E-17, 0.000000000000000000 ) ) ;
#1334 = CARTESIAN_POINT ( 'NONE',  ( 6.174478473098742981, 4.663048876204200610, -4.794890236718121201 ) ) ;
#1335 = ORIENTED_EDGE ( 'NONE', *, *, #834, .T. ) ;
#1336 = EDGE_CURVE ( 'NONE', #393, #1173, #2442, .T. ) ;
#1337 = EDGE_CURVE ( 'NONE', #1721, #1959, #120, .T. ) ;
#1338 = CARTESIAN_POINT ( 'NONE',  ( -4.885394519213454245, 5.538248477702705230, -4.854189114603149058 ) ) ;
#1339 = CARTESIAN_POINT ( 'NONE',  ( 7.420635654421173122, -1.231717940927623767, -3.833314767688074554 ) ) ;
#1340 = CARTESIAN_POINT ( 'NONE',  ( 4.415037895442624816, 6.263821026877535836, 11.74578762887759176 ) ) ;
#1341 = CIRCLE ( 'NONE', #1261, 8.000000000000012434 ) ;
#1342 = CARTESIAN_POINT ( 'NONE',  ( -7.999999999999792166, 3.338245802219397615E-13, 4.954700538379651853 ) ) ;
#1343 = DIRECTION ( 'NONE',  ( 1.000000000000000000, 2.775557561562886729E-17, 7.228014483236684722E-17 ) ) ;
#1344 = ORIENTED_EDGE ( 'NONE', *, *, #2570, .F. ) ;
#1345 = EDGE_CURVE ( 'NONE', #97, #1665, #2602, .T. ) ;
#1346 = CYLINDRICAL_SURFACE ( 'NONE', #16, 8.000000000000012434 ) ;
#1347 = CARTESIAN_POINT ( 'NONE',  ( 4.690142921205380233, 5.212126531062688528, -6.618910731585313734 ) ) ;
#1348 = CONICAL_SURFACE ( 'NONE', #2122, 8.000000000002264855, 1.047197551196399568 ) ;
#1349 = VERTEX_POINT ( 'NONE', #1076 ) ;
#1350 = CARTESIAN_POINT ( 'NONE',  ( -6.496032531002366106, 2.748541608682714799, -6.055064628947185668 ) ) ;
#1351 = CARTESIAN_POINT ( 'NONE',  ( 37.31999900220700539, -74.63999800441413868, -13.81999900219762800 ) ) ;
#1352 = CIRCLE ( 'NONE', #412, 7.000000000002152944 ) ;
#1353 = CARTESIAN_POINT ( 'NONE',  ( 7.141587086836207021, -3.385587550426088832, -4.416172680742086243 ) ) ;
#1354 = ORIENTED_EDGE ( 'NONE', *, *, #1974, .T. ) ;
#1355 = B_SPLINE_CURVE_WITH_KNOTS ( 'NONE', 3,
 ( #193, #2426, #2022, #779, #1244, #1231, #2207, #2483, #602, #420, #1204, #1387 ),
 .UNSPECIFIED., .F., .F.,
 ( 4, 2, 2, 2, 2, 4 ),
 ( 3.596634441443180715E-16, 0.001952732202527709005, 0.003905464405055058055, 0.004881830506318732797, 0.005858196607582407539, 0.007810928810109757023 ),
 .UNSPECIFIED. ) ;
#1356 = CARTESIAN_POINT ( 'NONE',  ( -0.4070150209242202610, 6.999999999999894307, -0.8072734407602062401 ) ) ;
#1357 = CARTESIAN_POINT ( 'NONE',  ( -6.062177826491654820, 3.500000000000169642, 11.00000000000400746 ) ) ;
#1358 = ORIENTED_EDGE ( 'NONE', *, *, #2609, .F. ) ;
#1359 = CARTESIAN_POINT ( 'NONE',  ( -5.484827557300842038, -9.500000000001950440, 60.99999999999894129 ) ) ;
#1360 = EDGE_CURVE ( 'NONE', #498, #2097, #2255, .T. ) ;
#1361 = CARTESIAN_POINT ( 'NONE',  ( 7.413544557502791399, 1.011241870562236800, -4.105122132689698056 ) ) ;
#1362 = ORIENTED_EDGE ( 'NONE', *, *, #1897, .F. ) ;
#1363 = ORIENTED_EDGE ( 'NONE', *, *, #1676, .T. ) ;
#1364 = CARTESIAN_POINT ( 'NONE',  ( 2.692582403567534755, 6.999999999999892530, -3.250709416082369074 ) ) ;
#1365 = AXIS2_PLACEMENT_3D ( 'NONE', #2409, #556, #2202 ) ;
#1366 = CARTESIAN_POINT ( 'NONE',  ( -37.31999900220702671, -74.63999800441412447, -13.81999900219762267 ) ) ;
#1367 = ADVANCED_FACE ( 'NONE', ( #2462 ), #54, .F. ) ;
#1368 = CARTESIAN_POINT ( 'NONE',  ( -6.000000000000231815, -6.655655601492993373E-13, 44.00000000000004263 ) ) ;
#1369 = CARTESIAN_POINT ( 'NONE',  ( -7.135247462739363833, -1.351152697636506916, -0.2113704248634701577 ) ) ;
#1370 = EDGE_CURVE ( 'NONE', #473, #812, #633, .T. ) ;
#1371 = DIRECTION ( 'NONE',  ( 7.315828852335735501E-17, -8.078619584905368877E-17, 1.000000000000000000 ) ) ;
#1372 = CARTESIAN_POINT ( 'NONE',  ( 37.56084042259756473, -1.055597862741049885E-13, -14.73008507114026777 ) ) ;
#1373 = ORIENTED_EDGE ( 'NONE', *, *, #810, .F. ) ;
#1374 = DIRECTION ( 'NONE',  ( 7.315828852335735501E-17, -8.078619584905368877E-17, 1.000000000000000000 ) ) ;
#1375 = CARTESIAN_POINT ( 'NONE',  ( 4.690142921205379345, 5.852568613751341964, -3.500000000000062617 ) ) ;
#1376 = EDGE_LOOP ( 'NONE', ( #2444, #558, #792, #2647, #467 ) ) ;
#1377 = DIRECTION ( 'NONE',  ( -1.000000000000000000, -2.775557561564098678E-17, 0.000000000000000000 ) ) ;
#1378 = ORIENTED_EDGE ( 'NONE', *, *, #2548, .F. ) ;
#1379 = FACE_OUTER_BOUND ( 'NONE', #1952, .T. ) ;
#1380 = PLANE ( 'NONE',  #489 ) ;
#1381 = PLANE ( 'NONE',  #1007 ) ;
#1382 = CARTESIAN_POINT ( 'NONE',  ( 2.723401636296757022, 6.515396397583166355, -6.026399277583973202 ) ) ;
#1383 = CARTESIAN_POINT ( 'NONE',  ( -6.062177826491654820, 3.500000000000169642, 11.00000000000400746 ) ) ;
#1384 = CARTESIAN_POINT ( 'NONE',  ( -0.9243291218050447844, -9.500000000002394529, 66.51858080219186320 ) ) ;
#1385 = VERTEX_POINT ( 'NONE', #427 ) ;
#1386 = CARTESIAN_POINT ( 'NONE',  ( 10.07082178520765225, -1.556824994045765242, 66.16121657317967220 ) ) ;
#1387 = CARTESIAN_POINT ( 'NONE',  ( 3.872983346207337085, 7.000000000000117240, 4.954700538379097630 ) ) ;
#1388 = ORIENTED_EDGE ( 'NONE', *, *, #2008, .T. ) ;
#1389 = B_SPLINE_CURVE_WITH_KNOTS ( 'NONE', 3,
 ( #253, #1451, #624, #2096, #454, #2327, #2313, #1703, #1688, #2274, #428, #2119 ),
 .UNSPECIFIED., .F., .F.,
 ( 4, 2, 2, 2, 2, 4 ),
 ( 3.567894380573850339E-16, 0.002769684012900287731, 0.005539368025800220710, 0.006924210032250184381, 0.008309052038700146317, 0.01107873605160007366 ),
 .UNSPECIFIED. ) ;
#1390 = LINE ( 'NONE', #1742, #1181 ) ;
#1391 = ORIENTED_EDGE ( 'NONE', *, *, #60, .T. ) ;
#1392 = CARTESIAN_POINT ( 'NONE',  ( 37.52114004509141409, 75.04228009018268608, -14.25368054104491655 ) ) ;
#1393 = EDGE_CURVE ( 'NONE', #1559, #2403, #2563, .T. ) ;
#1394 = AXIS2_PLACEMENT_3D ( 'NONE', #577, #2024, #2265 ) ;
#1395 = CARTESIAN_POINT ( 'NONE',  ( 0.000000000000000000, 0.000000000000000000, 11.00000000000367351 ) ) ;
#1396 = CARTESIAN_POINT ( 'NONE',  ( 0.000000000000000000, 0.000000000000000000, 7.688675134595035487 ) ) ;
#1397 = CARTESIAN_POINT ( 'NONE',  ( -1.110223024625156540E-13, -2.442490654175344389E-12, 66.99999999999894840 ) ) ;
#1398 = CIRCLE ( 'NONE', #235, 6.000000000000009770 ) ;
#1399 = EDGE_CURVE ( 'NONE', #2195, #1385, #738, .T. ) ;
#1400 = CARTESIAN_POINT ( 'NONE',  ( 5.065920093073722263, 5.225569011711487910, -1.671623988896627333 ) ) ;
#1401 = CARTESIAN_POINT ( 'NONE',  ( -4.587580784113004739, 9.499999962497398087, 62.05137318120284817 ) ) ;
#1402 = AXIS2_PLACEMENT_3D ( 'NONE', #2643, #1630, #190 ) ;
#1403 = ORIENTED_EDGE ( 'NONE', *, *, #1520, .T. ) ;
#1404 = CARTESIAN_POINT ( 'NONE',  ( 10.96965511460135190, -1.554312234475219157E-12, 65.68961400861749667 ) ) ;
#1405 = CARTESIAN_POINT ( 'NONE',  ( 7.413544557502784293, 1.135498610268206532, -3.184343552404859334 ) ) ;
#1406 = VERTEX_POINT ( 'NONE', #1112 ) ;
#1407 = CARTESIAN_POINT ( 'NONE',  ( -6.062177826491987886, -3.500000000001279865, 11.00000000000433964 ) ) ;
#1408 = EDGE_LOOP ( 'NONE', ( #2486, #2558 ) ) ;
#1409 = DIRECTION ( 'NONE',  ( -0.5000000000000168754, -0.8660254037844289376, 3.338375361870354567E-17 ) ) ;
#1410 = DIRECTION ( 'NONE',  ( -1.000000000000000000, -2.775557561562887037E-17, 0.000000000000000000 ) ) ;
#1411 = CARTESIAN_POINT ( 'NONE',  ( 7.408469028274828894, 1.168155236727038027, -3.250709416082503633 ) ) ;
#1412 = CARTESIAN_POINT ( 'NONE',  ( 2.675528703333436287, 6.999999999999348077, -3.850481158283776129 ) ) ;
#1413 = FACE_OUTER_BOUND ( 'NONE', #34, .T. ) ;
#1414 = CARTESIAN_POINT ( 'NONE',  ( -0.4558242981429749818, -9.500000000002392753, 66.53841357307457827 ) ) ;
#1415 = ORIENTED_EDGE ( 'NONE', *, *, #2152, .T. ) ;
#1416 = DIRECTION ( 'NONE',  ( -2.775557561562887037E-17, 1.000000000000000000, -8.078619584905658537E-17 ) ) ;
#1417 = CARTESIAN_POINT ( 'NONE',  ( 6.174478473098736764, 3.212034358883400831, -0.1196360995861303761 ) ) ;
#1418 = CIRCLE ( 'NONE', #2578, 8.000000000002200906 ) ;
#1419 = CARTESIAN_POINT ( 'NONE',  ( -10.07082179258818400, 1.556824981257103335, 61.83878343030429647 ) ) ;
#1420 = VERTEX_POINT ( 'NONE', #2566 ) ;
#1421 = EDGE_CURVE ( 'NONE', #1122, #2402, #1087, .T. ) ;
#1422 = CARTESIAN_POINT ( 'NONE',  ( -37.56084042259988820, 75.12168084519970535, -14.73008507114006171 ) ) ;
#1423 = CARTESIAN_POINT ( 'NONE',  ( -1.187434208704374328, -7.000000000000117240, -1.083390805280970426 ) ) ;
#1424 = DIRECTION ( 'NONE',  ( -1.000000000000000000, -2.775557561562868548E-17, -9.381457122268389674E-17 ) ) ;
#1425 = CARTESIAN_POINT ( 'NONE',  ( -2.692582403567537419, 6.999999999999896083, -3.851099399717648364 ) ) ;
#1426 = CARTESIAN_POINT ( 'NONE',  ( 5.468460722138690500, 4.528348190060760281, -1.083390805281303493 ) ) ;
#1427 = DIRECTION ( 'NONE',  ( -2.775557561562885804E-17, 1.000000000000000000, 8.078619584905368877E-17 ) ) ;
#1428 = ORIENTED_EDGE ( 'NONE', *, *, #826, .T. ) ;
#1429 = ADVANCED_FACE ( 'NONE', ( #1125 ), #1939, .T. ) ;
#1430 = DIRECTION ( 'NONE',  ( -7.315828852335735501E-17, 8.078619584905368877E-17, -1.000000000000000000 ) ) ;
#1431 = CARTESIAN_POINT ( 'NONE',  ( 7.125558022430572791, 3.015730774721808505, -3.500000000000060840 ) ) ;
#1432 = EDGE_CURVE ( 'NONE', #360, #1786, #2384, .T. ) ;
#1433 = AXIS2_PLACEMENT_3D ( 'NONE', #496, #2399, #1333 ) ;
#1434 = CARTESIAN_POINT ( 'NONE',  ( -9.159317735318330378, 3.135596319753588546, 66.45639326178718420 ) ) ;
#1435 = ORIENTED_EDGE ( 'NONE', *, *, #2183, .F. ) ;
#1436 = CARTESIAN_POINT ( 'NONE',  ( 7.270561985349260681, 1.407017241795690987, -2.287045163988951302 ) ) ;
#1437 = CARTESIAN_POINT ( 'NONE',  ( -0.1770864095751034928, 6.999999999999887201, -6.192611768378294634 ) ) ;
#1438 = CIRCLE ( 'NONE', #194, 8.700000000000809308 ) ;
#1439 = CARTESIAN_POINT ( 'NONE',  ( -6.221364602272887012, -3.224280416451779985, 4.377086138461751652 ) ) ;
#1440 = ORIENTED_EDGE ( 'NONE', *, *, #761, .T. ) ;
#1441 = AXIS2_PLACEMENT_3D ( 'NONE', #2517, #264, #14 ) ;
#1442 = DIRECTION ( 'NONE',  ( -9.470910429910629627E-17, -1.000000000000000000, -2.423585875471630508E-16 ) ) ;
#1443 = DIRECTION ( 'NONE',  ( 2.775557561562885804E-17, -1.000000000000000000, -8.078619584905368877E-17 ) ) ;
#1444 = EDGE_CURVE ( 'NONE', #718, #884, #1390, .T. ) ;
#1445 = CARTESIAN_POINT ( 'NONE',  ( 4.125686153385932364, 6.854101966252135192, 10.42264973081341495 ) ) ;
#1446 = ORIENTED_EDGE ( 'NONE', *, *, #1762, .T. ) ;
#1447 = CARTESIAN_POINT ( 'NONE',  ( 3.239535403362288513, -7.000000000000007105, 10.59970381336643896 ) ) ;
#1448 = DIRECTION ( 'NONE',  ( 7.315828852335735501E-17, -8.078619584905368877E-17, 1.000000000000000000 ) ) ;
#1449 = CARTESIAN_POINT ( 'NONE',  ( -4.125686153386820543, -6.854101966249914746, 4.954700538379430697 ) ) ;
#1450 = CARTESIAN_POINT ( 'NONE',  ( 5.761630060974985312, -4.020563999975050429, -6.142114343325895121 ) ) ;
#1451 = CARTESIAN_POINT ( 'NONE',  ( -5.932611980249470562, -8.724414628617566336, 65.94814246574500771 ) ) ;
#1452 = ORIENTED_EDGE ( 'NONE', *, *, #838, .F. ) ;
#1453 = CARTESIAN_POINT ( 'NONE',  ( 6.062177826492320953, 3.500000000000169642, 11.00000000000400746 ) ) ;
#1454 = ORIENTED_EDGE ( 'NONE', *, *, #734, .F. ) ;
#1455 = PRODUCT_DEFINITION_CONTEXT ( 'detailed design', #1056, 'design' ) ;
#1456 = EDGE_CURVE ( 'NONE', #2592, #169, #2554, .T. ) ;
#1457 = CARTESIAN_POINT ( 'NONE',  ( -10.07082178520718330, 1.556824994041375421, 66.16121657318002747 ) ) ;
#1458 = ORIENTED_EDGE ( 'NONE', *, *, #834, .F. ) ;
#1459 = CARTESIAN_POINT ( 'NONE',  ( -0.9510795493315929994, 7.253398108789137488, -0.9797077941468341766 ) ) ;
#1460 = DIRECTION ( 'NONE',  ( 7.315828852335735501E-17, -8.078619584905368877E-17, 1.000000000000000000 ) ) ;
#1461 = CARTESIAN_POINT ( 'NONE',  ( -7.213410651875448387, -1.506006255092221968, -2.071362410656945485 ) ) ;
#1462 = CARTESIAN_POINT ( 'NONE',  ( 5.005330097214891971, -5.330513962969975594, -5.195429538167574357 ) ) ;
#1463 = FACE_OUTER_BOUND ( 'NONE', #511, .T. ) ;
#1464 = VERTEX_POINT ( 'NONE', #2009 ) ;
#1465 = CARTESIAN_POINT ( 'NONE',  ( 0.6598416071325924337, 6.999999999999895195, 11.00000000000463451 ) ) ;
#1466 = CARTESIAN_POINT ( 'NONE',  ( -4.125686153386931565, 6.854101966250247813, 4.954700538379097630 ) ) ;
#1467 = CARTESIAN_POINT ( 'NONE',  ( -1.110223024625156540E-13, -2.331468351712828735E-12, 76.99999999994034283 ) ) ;
#1468 = ORIENTED_EDGE ( 'NONE', *, *, #223, .T. ) ;
#1469 = CIRCLE ( 'NONE', #2249, 6.000000000000009770 ) ;
#1470 = CARTESIAN_POINT ( 'NONE',  ( -7.099999999999999645, -1.970645868709648816E-16, -1.083390805280969982 ) ) ;
#1471 = DIRECTION ( 'NONE',  ( -0.08304547985372170982, 7.820216570249850710E-17, -0.9965457582448811191 ) ) ;
#1472 = EDGE_CURVE ( 'NONE', #2458, #1234, #1156, .T. ) ;
#1473 = CARTESIAN_POINT ( 'NONE',  ( 4.707360753015491284, -5.846612006221292290, -3.513454268210840059 ) ) ;
#1474 = DIRECTION ( 'NONE',  ( -7.315828852335735501E-17, 8.078619584905368877E-17, -1.000000000000000000 ) ) ;
#1475 = ORIENTED_EDGE ( 'NONE', *, *, #2000, .F. ) ;
#1476 = CARTESIAN_POINT ( 'NONE',  ( 4.442410124809693883, 6.305519955770837903, 10.59970381336592560 ) ) ;
#1477 = PLANE ( 'NONE',  #929 ) ;
#1478 = VECTOR ( 'NONE', #1474, 1000.000000000000000 ) ;
#1479 = CARTESIAN_POINT ( 'NONE',  ( 0.8164674628906275489, -7.000000000000339284, -0.9011111858734719426 ) ) ;
#1480 = ORIENTED_EDGE ( 'NONE', *, *, #2090, .F. ) ;
#1481 = VECTOR ( 'NONE', #217, 1000.000000000000114 ) ;
#1482 = CARTESIAN_POINT ( 'NONE',  ( 6.062177826492320953, 3.500000000000169642, 11.00000000000400746 ) ) ;
#1483 = DIRECTION ( 'NONE',  ( -1.000000000000000000, -2.775557561562887037E-17, 0.000000000000000000 ) ) ;
#1484 = CARTESIAN_POINT ( 'NONE',  ( 0.000000000000000000, 0.000000000000000000, -0.5416954026404852129 ) ) ;
#1485 = DIRECTION ( 'NONE',  ( -7.315828852335739199E-17, -8.078619584905368877E-17, 1.000000000000000000 ) ) ;
#1486 = EDGE_LOOP ( 'NONE', ( #2227, #561 ) ) ;
#1487 = CARTESIAN_POINT ( 'NONE',  ( 0.000000000000000000, 0.000000000000000000, 11.00000000000367351 ) ) ;
#1488 = CARTESIAN_POINT ( 'NONE',  ( -8.455153479964886643, -4.355244586909149618, 61.46158642661904281 ) ) ;
#1489 = AXIS2_PLACEMENT_3D ( 'NONE', #71, #1881, #1906 ) ;
#1490 = EDGE_LOOP ( 'NONE', ( #350, #655, #2010, #2275 ) ) ;
#1491 = FACE_OUTER_BOUND ( 'NONE', #2170, .T. ) ;
#1492 = ORIENTED_EDGE ( 'NONE', *, *, #1926, .F. ) ;
#1493 = EDGE_CURVE ( 'NONE', #434, #2332, #208, .T. ) ;
#1494 = DIRECTION ( 'NONE',  ( -1.000000000000000000, -2.775557561562868548E-17, -9.381457122268389674E-17 ) ) ;
#1495 = CARTESIAN_POINT ( 'NONE',  ( -4.125686153386376454, -6.854101966250358835, 10.42264973081241664 ) ) ;
#1496 = CYLINDRICAL_SURFACE ( 'NONE', #2606, 6.000000000000009770 ) ;
#1497 = VERTEX_POINT ( 'NONE', #410 ) ;
#1498 = DIRECTION ( 'NONE',  ( -7.315828852335735501E-17, 8.078619584905368877E-17, -1.000000000000000000 ) ) ;
#1499 = CARTESIAN_POINT ( 'NONE',  ( 0.000000000000000000, 0.000000000000000000, 10.42264973080997414 ) ) ;
#1500 = EDGE_CURVE ( 'NONE', #2204, #683, #814, .T. ) ;
#1501 = CARTESIAN_POINT ( 'NONE',  ( 1.187434208704152283, -7.000000000000339284, -1.083390805280970426 ) ) ;
#1502 = ORIENTED_EDGE ( 'NONE', *, *, #1003, .F. ) ;
#1503 =( BOUNDED_SURFACE ( )  B_SPLINE_SURFACE ( 3, 3, ( 
 ( #2193, #2358, #1988, #692 ),
 ( #2180, #959, #947, #1772 ),
 ( #95, #706, #1947, #2603 ),
 ( #338, #1516, #111, #1321 ) ),
 .UNSPECIFIED., .F., .F., .F. ) 
 B_SPLINE_SURFACE_WITH_KNOTS ( ( 4, 4 ),
 ( 4, 4 ),
 ( 0.000000000000000000, 1.000000000000000000 ),
 ( 0.000000000000000000, 1.000000000000000000 ),
 .UNSPECIFIED. ) 
 GEOMETRIC_REPRESENTATION_ITEM ( )  RATIONAL_B_SPLINE_SURFACE ( (
 ( 1.000000000000000000, 0.7904090421632300467, 0.7904090421632300467, 1.000000000000000000),
 ( 0.9534867456363145255, 0.7536445453337347056, 0.7536445453337347056, 0.9534867456363145255),
 ( 0.9534867456363145255, 0.7536445453337347056, 0.7536445453337347056, 0.9534867456363145255),
 ( 1.000000000000000000, 0.7904090421632300467, 0.7904090421632300467, 1.000000000000000000) ) ) 
 REPRESENTATION_ITEM ( '' )  SURFACE ( )  );
#1504 = CARTESIAN_POINT ( 'NONE',  ( 2.219151803189868044, 6.999999999999896083, -1.970009016912131816 ) ) ;
#1505 = PRODUCT_DEFINITION_SHAPE ( 'NONE', 'NONE',  #2059 ) ;
#1506 = CARTESIAN_POINT ( 'NONE',  ( -4.843642675925503127, -5.610564791586989841, -4.684300942372322751 ) ) ;
#1507 = EDGE_CURVE ( 'NONE', #1497, #2058, #1515, .T. ) ;
#1508 = VECTOR ( 'NONE', #1374, 1000.000000000000000 ) ;
#1509 = CARTESIAN_POINT ( 'NONE',  ( 5.172038392966712195, 5.041766724684062950, -5.527692786735968866 ) ) ;
#1510 = CARTESIAN_POINT ( 'NONE',  ( 4.681478679241737773, -4.025053282613061612, 0.7582512194480839351 ) ) ;
#1511 = ORIENTED_EDGE ( 'NONE', *, *, #526, .F. ) ;
#1512 = B_SPLINE_CURVE_WITH_KNOTS ( 'NONE', 3,
 ( #2247, #2057, #2003, #999, #987, #1414, #1384, #403, #1227, #1800, #2627, #1601 ),
 .UNSPECIFIED., .F., .F.,
 ( 4, 2, 2, 2, 2, 4 ),
 ( 7.843271687421813124E-17, 0.002769684012899696623, 0.005539368025799314317, 0.006924210032249123598, 0.008309052038698933745, 0.01107873605159854884 ),
 .UNSPECIFIED. ) ;
#1513 = DIRECTION ( 'NONE',  ( -0.8660254037843404529, 4.162739236814615126E-17, 0.5000000000001699751 ) ) ;
#1514 = CARTESIAN_POINT ( 'NONE',  ( 3.872983346207337085, 7.000000000000117240, 4.954700538379097630 ) ) ;
#1515 = B_SPLINE_CURVE_WITH_KNOTS ( 'NONE', 3,
 ( #992, #382, #1457, #1434, #2050, #840, #824, #2633, #2443, #1821, #209, #589 ),
 .UNSPECIFIED., .F., .F.,
 ( 4, 2, 2, 2, 2, 4 ),
 ( 4.541441985683668997E-16, 0.002769684012900735289, 0.005539368025801016948, 0.006924210032251156693, 0.008309052038701296439, 0.01107873605160157940 ),
 .UNSPECIFIED. ) ;
#1516 = CARTESIAN_POINT ( 'NONE',  ( -7.421128048519423537, -1.228526182614576578, -3.166456029697584551 ) ) ;
#1517 = CIRCLE ( 'NONE', #1394, 37.56084042259762157 ) ;
#1518 = DIRECTION ( 'NONE',  ( 1.000000000000000000, 2.775557561562887345E-17, 5.782411586589348764E-17 ) ) ;
#1519 = EDGE_LOOP ( 'NONE', ( #286, #1176 ) ) ;
#1520 = EDGE_CURVE ( 'NONE', #2004, #2120, #430, .T. ) ;
#1521 = AXIS2_PLACEMENT_3D ( 'NONE', #2337, #700, #1928 ) ;
#1522 = AXIS2_PLACEMENT_3D ( 'NONE', #1284, #268, #283 ) ;
#1523 = VERTEX_POINT ( 'NONE', #1445 ) ;
#1524 = CARTESIAN_POINT ( 'NONE',  ( -4.715886624706276287, 5.831844763273153376, -3.675810251482327207 ) ) ;
#1525 = CARTESIAN_POINT ( 'NONE',  ( -5.910974852481330366, -3.761891233239323729, -6.192690621987599897 ) ) ;
#1526 = CARTESIAN_POINT ( 'NONE',  ( 6.238578229819129461, 3.194465538959539330, -6.175136794965362164 ) ) ;
#1527 = CARTESIAN_POINT ( 'NONE',  ( -6.062177826491987886, -3.500000000001279865, 11.00000000000433964 ) ) ;
#1528 = CARTESIAN_POINT ( 'NONE',  ( 7.135247462739364721, 1.351152697636538891, -0.2113704248634831473 ) ) ;
#1529 = EDGE_CURVE ( 'NONE', #1608, #1949, #1517, .T. ) ;
#1530 = CARTESIAN_POINT ( 'NONE',  ( 0.000000000000000000, 0.000000000000000000, -1.083390805280970426 ) ) ;
#1531 = CARTESIAN_POINT ( 'NONE',  ( 4.762459760915027651, -5.751177725092662563, 4.631976595081440884 ) ) ;
#1532 = VERTEX_POINT ( 'NONE', #631 ) ;
#1533 = EDGE_CURVE ( 'NONE', #328, #2658, #2648, .T. ) ;
#1534 = AXIS2_PLACEMENT_3D ( 'NONE', #1604, #2425, #573 ) ;
#1535 = CARTESIAN_POINT ( 'NONE',  ( -3.239535403362052701, -7.000000000000006217, 10.59970381336647094 ) ) ;
#1536 = ORIENTED_EDGE ( 'NONE', *, *, #2574, .T. ) ;
#1537 = EDGE_CURVE ( 'NONE', #2120, #2058, #2239, .T. ) ;
#1538 = CARTESIAN_POINT ( 'NONE',  ( -7.408469028274899060, 1.168155236726583279, -3.500000000000057732 ) ) ;
#1539 = CARTESIAN_POINT ( 'NONE',  ( -5.468460722139023567, -4.528348190060760281, -1.083390805280970426 ) ) ;
#1540 = DIRECTION ( 'NONE',  ( 7.315828852335735501E-17, -8.078619584905368877E-17, 1.000000000000000000 ) ) ;
#1541 = COLOUR_RGB ( '',0.7921568627450980005, 0.8196078431372548767, 0.9333333333333333481 ) ;
#1542 = CARTESIAN_POINT ( 'NONE',  ( 0.000000000000000000, 0.000000000000000000, -1.083390805280970426 ) ) ;
#1543 = CARTESIAN_POINT ( 'NONE',  ( 7.135247462739364721, -2.194942182955546439, -2.778562227940683638 ) ) ;
#1544 = CARTESIAN_POINT ( 'NONE',  ( 7.755690033144982287, 5.566750814834477090, 61.46247781080348460 ) ) ;
#1545 = DIRECTION ( 'NONE',  ( 2.775557561562885804E-17, -1.000000000000000000, -8.078619584905368877E-17 ) ) ;
#1546 = ORIENTED_EDGE ( 'NONE', *, *, #461, .T. ) ;
#1547 = CARTESIAN_POINT ( 'NONE',  ( -2.601337673062865008, -6.999999999999784173, 10.74489535305249355 ) ) ;
#1548 = CARTESIAN_POINT ( 'NONE',  ( 2.692582403567533866, 6.999999999999895195, -3.500000000000058176 ) ) ;
#1549 = VERTEX_POINT ( 'NONE', #1219 ) ;
#1550 = ORIENTED_EDGE ( 'NONE', *, *, #1421, .F. ) ;
#1551 = CARTESIAN_POINT ( 'NONE',  ( 22.67157287524988618, -4.439276374583645091E-13, 4.336808689942017736E-15 ) ) ;
#1552 = CARTESIAN_POINT ( 'NONE',  ( -6.062177826491654820, 3.500000000000169642, 11.00000000000400746 ) ) ;
#1553 = CARTESIAN_POINT ( 'NONE',  ( 10.96965511460135190, -1.554312234475219157E-12, 65.68961400861749667 ) ) ;
#1554 = ORIENTED_EDGE ( 'NONE', *, *, #326, .F. ) ;
#1555 = EDGE_CURVE ( 'NONE', #784, #2097, #552, .T. ) ;
#1556 = CIRCLE ( 'NONE', #522, 6.000000000000009770 ) ;
#1557 = CARTESIAN_POINT ( 'NONE',  ( 0.2049363176975598777, 6.999999999999892530, -0.8074899269988249362 ) ) ;
#1558 = CARTESIAN_POINT ( 'NONE',  ( 5.484827557301508172, -9.500000000002394529, 60.99999999999894129 ) ) ;
#1559 = VERTEX_POINT ( 'NONE', #2457 ) ;
#1560 = LINE ( 'NONE', #1163, #145 ) ;
#1561 = CARTESIAN_POINT ( 'NONE',  ( 7.413544557502791399, 1.135498610268209196, -3.815318604475018027 ) ) ;
#1562 = ORIENTED_EDGE ( 'NONE', *, *, #461, .F. ) ;
#1563 = VECTOR ( 'NONE', #1259, 1000.000000000000000 ) ;
#1564 = ORIENTED_EDGE ( 'NONE', *, *, #1258, .F. ) ;
#1565 = B_SPLINE_CURVE_WITH_KNOTS ( 'NONE', 3,
 ( #956, #1572, #135, #1930, #1557, #1356, #2381, #1970 ),
 .UNSPECIFIED., .F., .F.,
 ( 4, 2, 2, 4 ),
 ( 6.311882012369128821E-17, 0.0006111959718834347657, 0.001222391943766806431, 0.002444783887533549978 ),
 .UNSPECIFIED. ) ;
#1566 = CARTESIAN_POINT ( 'NONE',  ( -23.70570084204802086, -1.008984354168255846E-13, -0.2057008420499329970 ) ) ;
#1567 = CARTESIAN_POINT ( 'NONE',  ( -37.56084042259995215, -75.12168084519998956, -14.73008507114005639 ) ) ;
#1568 = EDGE_CURVE ( 'NONE', #1549, #974, #572, .T. ) ;
#1569 = CIRCLE ( 'NONE', #1828, 7.000000000002152944 ) ;
#1570 = CARTESIAN_POINT ( 'NONE',  ( 7.420635654421174010, -1.231785637877759854, -3.166935497718621040 ) ) ;
#1571 = ORIENTED_EDGE ( 'NONE', *, *, #1225, .T. ) ;
#1572 = CARTESIAN_POINT ( 'NONE',  ( 1.001950835797422723, 6.999999999999783284, -0.9922509955776809276 ) ) ;
#1573 = DIRECTION ( 'NONE',  ( 1.185996345543778350E-16, 0.8660254037843406749, 0.5000000000001695311 ) ) ;
#1574 = EDGE_LOOP ( 'NONE', ( #2390, #1354, #640, #226, #1000, #1710, #1792 ) ) ;
#1575 = DIRECTION ( 'NONE',  ( 1.000000000000000000, 2.775557561562991808E-17, 7.228014483236684722E-17 ) ) ;
#1576 = CARTESIAN_POINT ( 'NONE',  ( 1.187434208704152283, 6.999999999999784173, -1.083390805281303493 ) ) ;
#1577 = ORIENTED_EDGE ( 'NONE', *, *, #1533, .F. ) ;
#1578 = ORIENTED_EDGE ( 'NONE', *, *, #2121, .F. ) ;
#1579 = CIRCLE ( 'NONE', #1534, 24.08578643762794513 ) ;
#1580 = DIRECTION ( 'NONE',  ( 1.000000000000000000, 2.775557561562991808E-17, 0.000000000000000000 ) ) ;
#1581 = CARTESIAN_POINT ( 'NONE',  ( 7.998669499596489096, 0.1458980337488702261, 10.42264973081441504 ) ) ;
#1582 = DIRECTION ( 'NONE',  ( 1.000000000000000000, 2.775557561562887037E-17, 7.315828852335739199E-17 ) ) ;
#1583 = CARTESIAN_POINT ( 'NONE',  ( -2.028913779316045662, 6.999999999999893419, -5.278887224625865571 ) ) ;
#1584 =( BOUNDED_SURFACE ( )  B_SPLINE_SURFACE ( 3, 3, ( 
 ( #1551, #2362, #1764, #897 ),
 ( #736, #1123, #1936, #512 ),
 ( #1711, #1924, #87, #1566 ),
 ( #2549, #2157, #98, #922 ) ),
 .UNSPECIFIED., .F., .F., .T. ) 
 B_SPLINE_SURFACE_WITH_KNOTS ( ( 4, 4 ),
 ( 4, 4 ),
 ( 0.000000000000000000, 1.000000000000000000 ),
 ( 0.000000000000000000, 1.000000000000000000 ),
 .UNSPECIFIED. ) 
 GEOMETRIC_REPRESENTATION_ITEM ( )  RATIONAL_B_SPLINE_SURFACE ( (
 ( 1.000000000000000000, 0.3333333333333256543, 0.3333333333333256543, 1.000000000000000000),
 ( 0.9492530216738688242, 0.3164176738912823361, 0.3164176738912823361, 0.9492530216738688242),
 ( 0.9492530216738688242, 0.3164176738912823361, 0.3164176738912823361, 0.9492530216738688242),
 ( 1.000000000000000000, 0.3333333333333256543, 0.3333333333333256543, 1.000000000000000000) ) ) 
 REPRESENTATION_ITEM ( '' )  SURFACE ( )  );
#1585 = DIRECTION ( 'NONE',  ( -1.000000000000000000, 3.524958103184866888E-15, -6.108181253439452538E-17 ) ) ;
#1586 = CARTESIAN_POINT ( 'NONE',  ( -5.959709667642155040, 3.677480057283384340, -0.8074899269977795502 ) ) ;
#1587 = VERTEX_POINT ( 'NONE', #1720 ) ;
#1588 = FACE_OUTER_BOUND ( 'NONE', #1078, .T. ) ;
#1589 = DIRECTION ( 'NONE',  ( -2.775557561562887037E-17, 1.000000000000000000, -8.078619584905658537E-17 ) ) ;
#1590 = ORIENTED_EDGE ( 'NONE', *, *, #2232, .T. ) ;
#1591 = EDGE_CURVE ( 'NONE', #1718, #2081, #408, .T. ) ;
#1592 = CARTESIAN_POINT ( 'NONE',  ( 4.715886624706637775, 5.831844763272863830, -3.500000000000058176 ) ) ;
#1593 = ORIENTED_EDGE ( 'NONE', *, *, #1730, .F. ) ;
#1594 = EDGE_CURVE ( 'NONE', #1665, #97, #361, .T. ) ;
#1595 = CARTESIAN_POINT ( 'NONE',  ( 37.52114004509142120, -1.057627949791078493E-13, -14.25368054104492188 ) ) ;
#1596 = CARTESIAN_POINT ( 'NONE',  ( 6.655894930843953006, 2.471651809939245936, -1.083390805281303493 ) ) ;
#1597 = DIRECTION ( 'NONE',  ( -1.000000000000000000, -3.580469254416125110E-15, -6.108181253439452538E-17 ) ) ;
#1598 = CARTESIAN_POINT ( 'NONE',  ( -2.336770660454363657, 6.999999999999892530, -4.849352944828469347 ) ) ;
#1599 = CARTESIAN_POINT ( 'NONE',  ( -22.67157287524923603, 3.330669073875469621E-13, -6.661338147750939243E-13 ) ) ;
#1600 =( BOUNDED_SURFACE ( )  B_SPLINE_SURFACE ( 3, 3, ( 
 ( #1683, #245, #2508, #654 ),
 ( #1672, #1054, #83, #1068 ),
 ( #469, #879, #2288, #1882 ),
 ( #2497, #1296, #678, #1693 ) ),
 .UNSPECIFIED., .F., .F., .F. ) 
 B_SPLINE_SURFACE_WITH_KNOTS ( ( 4, 4 ),
 ( 4, 4 ),
 ( 0.000000000000000000, 1.000000000000000000 ),
 ( 0.000000000000000000, 1.000000000000000000 ),
 .UNSPECIFIED. ) 
 GEOMETRIC_REPRESENTATION_ITEM ( )  RATIONAL_B_SPLINE_SURFACE ( (
 ( 1.000000000000000000, 0.9462095891998024699, 0.9462095891998024699, 1.000000000000000000),
 ( 0.9544948643572578328, 0.9031521934968020915, 0.9031521934968020915, 0.9544948643572578328),
 ( 0.9544948643572578328, 0.9031521934968020915, 0.9031521934968020915, 0.9544948643572578328),
 ( 1.000000000000000000, 0.9462095891998024699, 0.9462095891998024699, 1.000000000000000000) ) ) 
 REPRESENTATION_ITEM ( '' )  SURFACE ( )  );
#1601 = CARTESIAN_POINT ( 'NONE',  ( -5.484827557301064083, -9.500000000001730172, 65.68961400861694244 ) ) ;
#1602 = ORIENTED_EDGE ( 'NONE', *, *, #899, .T. ) ;
#1603 = AXIS2_PLACEMENT_3D ( 'NONE', #753, #1221, #1207 ) ;
#1604 = CARTESIAN_POINT ( 'NONE',  ( 0.000000000000000000, 0.000000000000000000, -0.5857864376290766728 ) ) ;
#1605 = CARTESIAN_POINT ( 'NONE',  ( 1.172175514624274051, -6.999999999999781508, -5.942946062432484133 ) ) ;
#1606 = VECTOR ( 'NONE', #802, 1000.000000000000000 ) ;
#1607 = CARTESIAN_POINT ( 'NONE',  ( -8.698792683793783453, 3.933249107152351876, 61.46247781597440252 ) ) ;
#1608 = VERTEX_POINT ( 'NONE', #458 ) ;
#1609 = PLANE ( 'NONE',  #1603 ) ;
#1610 = CARTESIAN_POINT ( 'NONE',  ( -5.653944095045616791, -4.207081564226791137, -0.9011111858727047785 ) ) ;
#1611 = CARTESIAN_POINT ( 'NONE',  ( 6.392098630056951336, -2.928560405750411988, 11.00000000000479439 ) ) ;
#1612 = CARTESIAN_POINT ( 'NONE',  ( -0.9510795493315933324, 7.503658340687630712, -5.388268382523186517 ) ) ;
#1613 = CARTESIAN_POINT ( 'NONE',  ( 5.332002998046467823, -4.764699901274404681, -1.217491569263905449 ) ) ;
#1614 = CARTESIAN_POINT ( 'NONE',  ( -5.657327234631008395, 4.201221794574959922, -0.9239494892498237855 ) ) ;
#1615 = AXIS2_PLACEMENT_3D ( 'NONE', #149, #122, #107 ) ;
#1616 = ORIENTED_EDGE ( 'NONE', *, *, #1119, .F. ) ;
#1617 = EDGE_CURVE ( 'NONE', #869, #1751, #61, .T. ) ;
#1618 = B_SPLINE_CURVE_WITH_KNOTS ( 'NONE', 3,
 ( #1404, #1189, #1386, #1619, #377, #2021, #2617, #363, #1787, #1845, #2440, #419 ),
 .UNSPECIFIED., .F., .F.,
 ( 4, 2, 2, 2, 2, 4 ),
 ( 5.500896570883299718E-16, 0.002769684012900944323, 0.005539368025801338739, 0.006924210032251535731, 0.008309052038701733589, 0.01107873605160211716 ),
 .UNSPECIFIED. ) ;
#1619 = CARTESIAN_POINT ( 'NONE',  ( 9.159317735318769138, -3.135596319758035211, 66.45639326178689998 ) ) ;
#1620 = EDGE_CURVE ( 'NONE', #1349, #1206, #1904, .T. ) ;
#1621 = CARTESIAN_POINT ( 'NONE',  ( 6.174478473098736764, 4.663048876204191728, -3.500000000000062172 ) ) ;
#1622 = CARTESIAN_POINT ( 'NONE',  ( -22.67157287524923603, 3.330669073875469621E-13, -6.661338147750939243E-13 ) ) ;
#1623 = ORIENTED_EDGE ( 'NONE', *, *, #1262, .F. ) ;
#1624 = DIRECTION ( 'NONE',  ( -7.315828852335735501E-17, 8.078619584905368877E-17, -1.000000000000000000 ) ) ;
#1625 = CONICAL_SURFACE ( 'NONE', #1069, 10.98327304528932835, 1.047197551196400456 ) ;
#1626 = DIRECTION ( 'NONE',  ( 7.315828852335735501E-17, -8.078619584905368877E-17, 1.000000000000000000 ) ) ;
#1627 = FACE_OUTER_BOUND ( 'NONE', #1051, .T. ) ;
#1628 = CARTESIAN_POINT ( 'NONE',  ( 2.692582403567533866, 6.999999999999895195, -3.500000000000058176 ) ) ;
#1629 = CARTESIAN_POINT ( 'NONE',  ( 4.806105691416079573, 5.675580755920053733, -2.522857458365478145 ) ) ;
#1630 = DIRECTION ( 'NONE',  ( -7.315828852335735501E-17, 8.078619584905368877E-17, -1.000000000000000000 ) ) ;
#1631 = ORIENTED_EDGE ( 'NONE', *, *, #161, .T. ) ;
#1632 = EDGE_CURVE ( 'NONE', #2506, #1767, #2130, .T. ) ;
#1633 = CARTESIAN_POINT ( 'NONE',  ( 4.761508989958953997, -5.752824508694937222, 10.74489535305219334 ) ) ;
#1634 = CARTESIAN_POINT ( 'NONE',  ( -1.460349656890168824, -7.000000000000117240, -1.217491569263958295 ) ) ;
#1635 = VECTOR ( 'NONE', #672, 1000.000000000000000 ) ;
#1636 = CARTESIAN_POINT ( 'NONE',  ( 3.330669073875469621E-13, 7.000000000001005418, 11.00000000000400746 ) ) ;
#1637 = ORIENTED_EDGE ( 'NONE', *, *, #2090, .T. ) ;
#1638 = DIRECTION ( 'NONE',  ( 6.061617784148285794E-17, -0.8660254037843404529, 0.5000000000001698641 ) ) ;
#1639 = B_SPLINE_CURVE_WITH_KNOTS ( 'NONE', 3,
 ( #2186, #1524, #1911, #2375, #937, #1338, #1153, #2593, #695, #909, #1722, #486, #316, #2334, #1965, #76, #2349, #2132, #1350, #287, #2143, #116, #1953, #1137, #2564, #1313, #2538, #303, #1325, #1538 ),
 .UNSPECIFIED., .F., .F.,
 ( 4, 2, 2, 2, 2, 2, 2, 2, 2, 2, 2, 2, 2, 2, 4 ),
 ( 0.002984833061298805979, 0.003511090654839793199, 0.004037348248380780852, 0.005089863435462757026, 0.005616121029003743811, 0.006142378622544729730, 0.006668636216085715648, 0.007194893809626701567, 0.007721151403167687485, 0.008247408996708673404, 0.008773666590249659322, 0.009299924183790645241, 0.009826181777331632894, 0.01035243937087261708, 0.01140495455795458718 ),
 .UNSPECIFIED. ) ;
#1640 = CYLINDRICAL_SURFACE ( 'NONE', #100, 8.000000000000012434 ) ;
#1641 = CARTESIAN_POINT ( 'NONE',  ( -2.692582403567536087, 6.999999999999894307, -3.500000000000058176 ) ) ;
#1642 = CARTESIAN_POINT ( 'NONE',  ( -4.589822074489340764, -9.500000000002394529, 62.05202016622717309 ) ) ;
#1643 = CARTESIAN_POINT ( 'NONE',  ( -8.700000000000921219, -2.442732127683200684E-12, 67.00000000000028422 ) ) ;
#1644 = ORIENTED_EDGE ( 'NONE', *, *, #199, .F. ) ;
#1645 = ADVANCED_FACE ( 'NONE', ( #1491 ), #1348, .T. ) ;
#1646 = DIRECTION ( 'NONE',  ( -1.000000000000000000, -2.775557561562886729E-17, -7.315828852335737966E-17 ) ) ;
#1647 = CARTESIAN_POINT ( 'NONE',  ( -1.703528129198059071, -6.999999999999785949, -1.392774045508075043 ) ) ;
#1648 = ORIENTED_EDGE ( 'NONE', *, *, #712, .T. ) ;
#1649 = CIRCLE ( 'NONE', #482, 7.100000000000011191 ) ;
#1650 = CARTESIAN_POINT ( 'NONE',  ( -7.301700974460055171, 6.353082930551504859, 61.55875695370104950 ) ) ;
#1651 = ORIENTED_EDGE ( 'NONE', *, *, #2103, .F. ) ;
#1652 = DIRECTION ( 'NONE',  ( 1.000000000000000000, 0.000000000000000000, 0.000000000000000000 ) ) ;
#1653 = CARTESIAN_POINT ( 'NONE',  ( 8.082903768655057775, 4.440892098500626162E-13, 10.99999999999989875 ) ) ;
#1654 = PRESENTATION_STYLE_ASSIGNMENT (( #1250 ) ) ;
#1655 = EDGE_CURVE ( 'NONE', #473, #449, #1690, .T. ) ;
#1656 = AXIS2_PLACEMENT_3D ( 'NONE', #2561, #1589, #934 ) ;
#1657 = CARTESIAN_POINT ( 'NONE',  ( -7.681594038788578160, -0.6950888417005756104, 4.777449967289537192 ) ) ;
#1658 = VERTEX_POINT ( 'NONE', #1922 ) ;
#1659 = EDGE_CURVE ( 'NONE', #315, #547, #1081, .T. ) ;
#1660 = AXIS2_PLACEMENT_3D ( 'NONE', #1830, #2657, #557 ) ;
#1661 = CIRCLE ( 'NONE', #1522, 38.00000000000249401 ) ;
#1662 = FACE_OUTER_BOUND ( 'NONE', #2062, .T. ) ;
#1663 = CARTESIAN_POINT ( 'NONE',  ( 2.130784991103151782, -6.999999999999710454, -1.826248997378047578 ) ) ;
#1664 = CARTESIAN_POINT ( 'NONE',  ( -6.385260631977512702, 7.940404165837023243, 61.83793354418224908 ) ) ;
#1665 = VERTEX_POINT ( 'NONE', #1070 ) ;
#1666 = CARTESIAN_POINT ( 'NONE',  ( -2.723401636296758799, 6.600949094910452786, -1.206410112113160515 ) ) ;
#1667 = CARTESIAN_POINT ( 'NONE',  ( -7.998669499595045806, 0.1458980337499804492, 10.99999999999956657 ) ) ;
#1668 = SURFACE_STYLE_FILL_AREA ( #1063 ) ;
#1669 = CARTESIAN_POINT ( 'NONE',  ( -1.110223024625156540E-13, -2.331468351712828735E-12, 76.99999999994034283 ) ) ;
#1670 = FACE_OUTER_BOUND ( 'NONE', #1486, .T. ) ;
#1671 = ORIENTED_EDGE ( 'NONE', *, *, #273, .F. ) ;
#1672 = CARTESIAN_POINT ( 'NONE',  ( -6.174478473098710118, 3.218799457732734126, -6.873922772200156572 ) ) ;
#1673 = EDGE_CURVE ( 'NONE', #1122, #2402, #2427, .T. ) ;
#1674 = CARTESIAN_POINT ( 'NONE',  ( 0.000000000000000000, 0.000000000000000000, 7.688675134595035487 ) ) ;
#1675 = ORIENTED_EDGE ( 'NONE', *, *, #1847, .T. ) ;
#1676 = EDGE_CURVE ( 'NONE', #2601, #180, #2035, .T. ) ;
#1677 = PRODUCT_CONTEXT ( 'NONE', #867, 'mechanical' ) ;
#1678 = CARTESIAN_POINT ( 'NONE',  ( -0.3183735515651611170, -6.999999999999785949, 4.377086138462048304 ) ) ;
#1679 = DIRECTION ( 'NONE',  ( -7.315828852335735501E-17, 8.078619584905368877E-17, -1.000000000000000000 ) ) ;
#1680 = CARTESIAN_POINT ( 'NONE',  ( -2.220446049250313081E-13, -6.661338147750939243E-13, 44.00000000000004263 ) ) ;
#1681 = ORIENTED_EDGE ( 'NONE', *, *, #1750, .F. ) ;
#1682 = CARTESIAN_POINT ( 'NONE',  ( 0.000000000000000000, -2.220446049250313081E-12, 60.99999999999761258 ) ) ;
#1683 = CARTESIAN_POINT ( 'NONE',  ( -4.690142921205011639, 4.039898611489849856, -7.734593084058211332 ) ) ;
#1684 = CARTESIAN_POINT ( 'NONE',  ( -7.138890563966483249, 1.635078833535129395, -1.864465378709686982 ) ) ;
#1685 = EDGE_LOOP ( 'NONE', ( #1807, #1577, #1179, #69 ) ) ;
#1686 = FACE_OUTER_BOUND ( 'NONE', #1253, .T. ) ;
#1687 = CARTESIAN_POINT ( 'NONE',  ( 7.214126124226940107, -1.504767020628998919, -2.073888178662575132 ) ) ;
#1688 = CARTESIAN_POINT ( 'NONE',  ( -9.382916119665491550, -2.748312557583558302, 66.38381657329323104 ) ) ;
#1689 = ORIENTED_EDGE ( 'NONE', *, *, #2126, .T. ) ;
#1690 = CIRCLE ( 'NONE', #234, 8.000000000000012434 ) ;
#1691 = DIRECTION ( 'NONE',  ( 7.315828852335735501E-17, -8.078619584905368877E-17, 1.000000000000000000 ) ) ;
#1692 = PRODUCT_RELATED_PRODUCT_CATEGORY ( 'part', '', ( #1917 ) ) ;
#1693 = CARTESIAN_POINT ( 'NONE',  ( -7.413544557502860677, 1.135498610267748676, -3.500000000000058620 ) ) ;
#1694 = AXIS2_PLACEMENT_3D ( 'NONE', #791, #2045, #805 ) ;
#1695 = EDGE_CURVE ( 'NONE', #1385, #2195, #1438, .T. ) ;
#1696 = DIRECTION ( 'NONE',  ( 0.7071067811864436559, 1.633462282682195418E-16, -0.7071067811866514896 ) ) ;
#1697 = ORIENTED_EDGE ( 'NONE', *, *, #1235, .T. ) ;
#1698 =( BOUNDED_SURFACE ( )  B_SPLINE_SURFACE ( 3, 3, ( 
 ( #167, #1405, #2441, #406 ),
 ( #1431, #364, #392, #2630 ),
 ( #1621, #588, #1044, #1417 ),
 ( #2238, #1215, #2646, #2034 ) ),
 .UNSPECIFIED., .F., .F., .F. ) 
 B_SPLINE_SURFACE_WITH_KNOTS ( ( 4, 4 ),
 ( 4, 4 ),
 ( 0.000000000000000000, 1.000000000000000000 ),
 ( 0.000000000000000000, 1.000000000000000000 ),
 .UNSPECIFIED. ) 
 GEOMETRIC_REPRESENTATION_ITEM ( )  RATIONAL_B_SPLINE_SURFACE ( (
 ( 1.000000000000000000, 0.9459465126765088661, 0.9459465126765088661, 1.000000000000000000),
 ( 0.9544948643572729319, 0.9029010883063997017, 0.9029010883063997017, 0.9544948643572729319),
 ( 0.9544948643572729319, 0.9029010883063997017, 0.9029010883063997017, 0.9544948643572729319),
 ( 1.000000000000000000, 0.9459465126765088661, 0.9459465126765088661, 1.000000000000000000) ) ) 
 REPRESENTATION_ITEM ( '' )  SURFACE ( )  );
#1699 = ORIENTED_EDGE ( 'NONE', *, *, #2548, .T. ) ;
#1700 = DIRECTION ( 'NONE',  ( 1.000000000000000000, 2.775557561562581353E-17, 1.084202172485502708E-16 ) ) ;
#1701 = CARTESIAN_POINT ( 'NONE',  ( -2.740235220357976065, -6.504210798365067880, -6.036996812678713908 ) ) ;
#1702 = CARTESIAN_POINT ( 'NONE',  ( 22.67157287525001408, -5.551115123125782702E-13, 0.000000000000000000 ) ) ;
#1703 = CARTESIAN_POINT ( 'NONE',  ( -9.152781727586281946, -3.146917017233705316, 66.44124303971435097 ) ) ;
#1704 = ADVANCED_FACE ( 'NONE', ( #1308 ), #1322, .T. ) ;
#1705 = VERTEX_POINT ( 'NONE', #35 ) ;
#1706 = DIRECTION ( 'NONE',  ( 0.5000000000000168754, 0.8660254037844289376, -3.338375361870354567E-17 ) ) ;
#1707 = ADVANCED_FACE ( 'NONE', ( #2510 ), #853, .T. ) ;
#1708 = CARTESIAN_POINT ( 'NONE',  ( 4.041451884326918709, 7.000000000000006217, 10.99999999999956657 ) ) ;
#1709 = CARTESIAN_POINT ( 'NONE',  ( -7.237813706353710685, 1.463738924876090586, -2.182018662756619154 ) ) ;
#1710 = ORIENTED_EDGE ( 'NONE', *, *, #443, .T. ) ;
#1711 = CARTESIAN_POINT ( 'NONE',  ( 23.70570084204802086, -4.439155524298979760E-13, -0.2057008420499364942 ) ) ;
#1712 = CARTESIAN_POINT ( 'NONE',  ( 37.56084042259992373, -1.086728275037431557E-13, -14.73008507114005639 ) ) ;
#1713 = CARTESIAN_POINT ( 'NONE',  ( 10.96965511460135190, -1.554312234475219157E-12, 65.68961400861749667 ) ) ;
#1714 = LINE ( 'NONE', #504, #1310 ) ;
#1715 = VERTEX_POINT ( 'NONE', #1548 ) ;
#1716 = LINE ( 'NONE', #1342, #757 ) ;
#1717 = CARTESIAN_POINT ( 'NONE',  ( 1.187434208704152283, -7.000000000000339284, -1.083390805280970426 ) ) ;
#1718 = VERTEX_POINT ( 'NONE', #2181 ) ;
#1719 = FACE_OUTER_BOUND ( 'NONE', #2472, .T. ) ;
#1720 = CARTESIAN_POINT ( 'NONE',  ( -7.998669499595045806, 0.1458980337497584046, 10.42264973081186241 ) ) ;
#1721 = VERTEX_POINT ( 'NONE', #2604 ) ;
#1722 = CARTESIAN_POINT ( 'NONE',  ( -5.465046668228866977, 4.534261504891573757, -5.919671916722148097 ) ) ;
#1723 = FACE_OUTER_BOUND ( 'NONE', #2348, .T. ) ;
#1724 = EDGE_CURVE ( 'NONE', #337, #1721, #154, .T. ) ;
#1725 = CARTESIAN_POINT ( 'NONE',  ( 7.365517950595871000, 1.242548685506824846, -4.197501948572077701 ) ) ;
#1726 = CARTESIAN_POINT ( 'NONE',  ( 0.000000000000000000, 0.000000000000000000, 10.42264973081374890 ) ) ;
#1727 = VERTEX_POINT ( 'NONE', #2141 ) ;
#1728 = CIRCLE ( 'NONE', #1942, 8.000000000000012434 ) ;
#1729 = CARTESIAN_POINT ( 'NONE',  ( 5.484827578952300442, 9.499999962496620043, 62.31038597888016994 ) ) ;
#1730 = EDGE_CURVE ( 'NONE', #404, #337, #2473, .T. ) ;
#1731 = CARTESIAN_POINT ( 'NONE',  ( 5.247594267083905528, -4.910900111903362841, 4.481463663658677099 ) ) ;
#1732 = ORIENTED_EDGE ( 'NONE', *, *, #1520, .F. ) ;
#1733 = CARTESIAN_POINT ( 'NONE',  ( -1.311535205292482686, -6.999999999999785061, 10.94534149418278091 ) ) ;
#1734 = AXIS2_PLACEMENT_3D ( 'NONE', #919, #1789, #2371 ) ;
#1735 = CARTESIAN_POINT ( 'NONE',  ( 7.413544557502789623, 0.7828377037278388961, -4.322509710303322095 ) ) ;
#1736 = ORIENTED_EDGE ( 'NONE', *, *, #2103, .T. ) ;
#1737 = CIRCLE ( 'NONE', #620, 7.100000000000011191 ) ;
#1738 = CIRCLE ( 'NONE', #842, 6.000000000000009770 ) ;
#1739 = CARTESIAN_POINT ( 'NONE',  ( 2.520271695685962765, 6.999999999999894307, -2.520150927245187855 ) ) ;
#1740 = CARTESIAN_POINT ( 'NONE',  ( -6.649217901882287229, -2.483216763342337874, -5.942052382767010421 ) ) ;
#1741 = B_SPLINE_CURVE_WITH_KNOTS ( 'NONE', 3,
 ( #112, #2577, #2414, #1121, #2194, #1989, #1934, #2167, #327, #1134, #1948, #1149 ),
 .UNSPECIFIED., .F., .F.,
 ( 4, 2, 2, 2, 2, 4 ),
 ( 0.01140495455795624731, 0.01215090783883999472, 0.01252388447928186668, 0.01289686111972374039, 0.01364281440060748779, 0.01438876768149123520 ),
 .UNSPECIFIED. ) ;
#1742 = CARTESIAN_POINT ( 'NONE',  ( -6.000000000000231815, -6.655655601492993373E-13, 44.00000000000004263 ) ) ;
#1743 = CARTESIAN_POINT ( 'NONE',  ( 4.715886624706637775, 5.831844763272863830, -3.500000000000058176 ) ) ;
#1744 = EDGE_LOOP ( 'NONE', ( #1929, #1874, #679, #30 ) ) ;
#1745 = CARTESIAN_POINT ( 'NONE',  ( -5.484827557299287726, 9.499999999997621458, 65.68961400861716982 ) ) ;
#1746 = PLANE ( 'NONE',  #2215 ) ;
#1747 = ORIENTED_EDGE ( 'NONE', *, *, #1472, .T. ) ;
#1748 = FACE_OUTER_BOUND ( 'NONE', #2531, .T. ) ;
#1749 = CARTESIAN_POINT ( 'NONE',  ( 6.174478473098740317, 4.663048876204200610, -3.500000000000061728 ) ) ;
#1750 = EDGE_CURVE ( 'NONE', #2458, #869, #697, .T. ) ;
#1751 = VERTEX_POINT ( 'NONE', #1773 ) ;
#1752 = CARTESIAN_POINT ( 'NONE',  ( -22.67157287524923603, 3.330669073875469621E-13, -6.661338147750939243E-13 ) ) ;
#1753 = VECTOR ( 'NONE', #1471, 1000.000000000000227 ) ;
#1754 = DIRECTION ( 'NONE',  ( 7.315828852335735501E-17, -8.078619584905368877E-17, 1.000000000000000000 ) ) ;
#1755 = ORIENTED_EDGE ( 'NONE', *, *, #301, .T. ) ;
#1756 = CARTESIAN_POINT ( 'NONE',  ( -23.70570084204882022, -47.41140168409607725, -0.2057008420498810386 ) ) ;
#1757 = DIRECTION ( 'NONE',  ( -0.8660254037844290487, -0.5000000000000167644, -2.296383843408976690E-17 ) ) ;
#1758 = VERTEX_POINT ( 'NONE', #1576 ) ;
#1759 = CARTESIAN_POINT ( 'NONE',  ( -7.998669499594823762, -0.1458980337504245384, 4.954700538379097630 ) ) ;
#1760 = FACE_OUTER_BOUND ( 'NONE', #1150, .T. ) ;
#1761 = VERTEX_POINT ( 'NONE', #313 ) ;
#1762 = EDGE_CURVE ( 'NONE', #197, #718, #488, .T. ) ;
#1763 = ORIENTED_EDGE ( 'NONE', *, *, #2609, .T. ) ;
#1764 = CARTESIAN_POINT ( 'NONE',  ( -22.67157287525003895, 45.34314575050074581, 1.131713588232591445E-14 ) ) ;
#1765 = DIRECTION ( 'NONE',  ( 7.315828852335735501E-17, -8.078619584905368877E-17, 1.000000000000000000 ) ) ;
#1766 = CARTESIAN_POINT ( 'NONE',  ( 8.698792660796282661, -3.933249146990395406, 61.46247781278596278 ) ) ;
#1767 = VERTEX_POINT ( 'NONE', #2401 ) ;
#1768 = AXIS2_PLACEMENT_3D ( 'NONE', #2166, #125, #1575 ) ;
#1769 = CARTESIAN_POINT ( 'NONE',  ( -23.20909507938187133, -46.41819015876216525, 7.154488840493113239E-14 ) ) ;
#1770 = CARTESIAN_POINT ( 'NONE',  ( -5.484827557299287726, 9.499999999997621458, 65.68961400861716982 ) ) ;
#1771 = ORIENTED_EDGE ( 'NONE', *, *, #1529, .F. ) ;
#1772 = CARTESIAN_POINT ( 'NONE',  ( -6.185063161944711396, -3.195068471695442724, -6.889663918061549985 ) ) ;
#1773 = CARTESIAN_POINT ( 'NONE',  ( 36.98196246847205515, -1.054668626104878940E-13, -13.48196246847699697 ) ) ;
#1774 = EDGE_LOOP ( 'NONE', ( #383, #1990 ) ) ;
#1775 = EDGE_CURVE ( 'NONE', #2195, #1497, #533, .T. ) ;
#1776 = AXIS2_PLACEMENT_3D ( 'NONE', #1467, #2293, #2345 ) ;
#1777 = ORIENTED_EDGE ( 'NONE', *, *, #1632, .F. ) ;
#1778 = AXIS2_PLACEMENT_3D ( 'NONE', #1680, #29, #2493 ) ;
#1779 = CARTESIAN_POINT ( 'NONE',  ( 37.56084042259990952, 75.12168084519969113, -14.73008507114006704 ) ) ;
#1780 = CIRCLE ( 'NONE', #450, 6.000000000000009770 ) ;
#1781 = DIRECTION ( 'NONE',  ( -0.5000000000000167644, 0.8660254037844290487, -1.065420421420627249E-16 ) ) ;
#1782 = ORIENTED_EDGE ( 'NONE', *, *, #2047, .F. ) ;
#1783 = EDGE_CURVE ( 'NONE', #869, #563, #2478, .T. ) ;
#1784 = CARTESIAN_POINT ( 'NONE',  ( 4.125686153387264632, 6.854101966249914746, 10.99999999999956657 ) ) ;
#1785 = CARTESIAN_POINT ( 'NONE',  ( -6.265685336952937057, 3.147514652157243908, -0.8072734407592998540 ) ) ;
#1786 = VERTEX_POINT ( 'NONE', #521 ) ;
#1787 = CARTESIAN_POINT ( 'NONE',  ( 7.071566552235267977, -6.751687442420532648, 66.38381657329425423 ) ) ;
#1788 = ADVANCED_FACE ( 'NONE', ( #299 ), #2412, .F. ) ;
#1789 = DIRECTION ( 'NONE',  ( -7.315828852335735501E-17, 8.078619584905368877E-17, -1.000000000000000000 ) ) ;
#1790 = ORIENTED_EDGE ( 'NONE', *, *, #2232, .F. ) ;
#1791 = CARTESIAN_POINT ( 'NONE',  ( 6.496475156088199476, 2.747774959545685292, -6.054724639419570842 ) ) ;
#1792 = ORIENTED_EDGE ( 'NONE', *, *, #2466, .F. ) ;
#1793 = AXIS2_PLACEMENT_3D ( 'NONE', #1277, #827, #1652 ) ;
#1794 = CIRCLE ( 'NONE', #938, 8.700000000000807532 ) ;
#1795 = CARTESIAN_POINT ( 'NONE',  ( 6.655894930842842783, -2.471651809940134115, -1.083390805281192470 ) ) ;
#1796 = CARTESIAN_POINT ( 'NONE',  ( 6.268262436413739813, 3.143050984955310767, -0.8313357695165853878 ) ) ;
#1797 = CARTESIAN_POINT ( 'NONE',  ( 6.062177826492209931, -3.500000000000946798, 11.00000000000433964 ) ) ;
#1798 = CARTESIAN_POINT ( 'NONE',  ( 0.9510795493315906679, 7.159389237629381064, -6.276112870829885892 ) ) ;
#1799 = CARTESIAN_POINT ( 'NONE',  ( 3.683961481689542072, 9.499999999998289368, 66.16206644060036979 ) ) ;
#1800 = CARTESIAN_POINT ( 'NONE',  ( -3.683961481689420836, -9.500000000002398082, 66.16206644060086717 ) ) ;
#1801 = ORIENTED_EDGE ( 'NONE', *, *, #863, .T. ) ;
#1802 = EDGE_CURVE ( 'NONE', #1022, #442, #1741, .T. ) ;
#1803 = CARTESIAN_POINT ( 'NONE',  ( 6.062177826492209931, -3.500000000000946798, 11.00000000000433964 ) ) ;
#1804 = CARTESIAN_POINT ( 'NONE',  ( 1.705816592041032864, -6.999999999999710454, -1.394797669722478650 ) ) ;
#1805 = ORIENTED_EDGE ( 'NONE', *, *, #1500, .F. ) ;
#1806 = CARTESIAN_POINT ( 'NONE',  ( -9.159317750311453565, 3.135596293784741917, 61.54360674196995973 ) ) ;
#1807 = ORIENTED_EDGE ( 'NONE', *, *, #273, .T. ) ;
#1808 = CARTESIAN_POINT ( 'NONE',  ( -7.681945528171791437, -0.6944800442295827603, 10.59970381336616541 ) ) ;
#1809 = CARTESIAN_POINT ( 'NONE',  ( -6.164645985338876422, -3.322519942716519292, -0.8074899269976152372 ) ) ;
#1810 = CARTESIAN_POINT ( 'NONE',  ( 7.011263868640037700, 1.856134754241657081, -1.586208739690364578 ) ) ;
#1811 = CARTESIAN_POINT ( 'NONE',  ( -1.641612266711989676, 6.999999999999892530, -5.641501035342068704 ) ) ;
#1812 = EDGE_CURVE ( 'NONE', #169, #2601, #1869, .T. ) ;
#1813 = ADVANCED_FACE ( 'NONE', ( #1760 ), #2590, .T. ) ;
#1814 = CARTESIAN_POINT ( 'NONE',  ( 4.715886624706636887, 5.831844763272863830, -3.251163923951040591 ) ) ;
#1815 = DIRECTION ( 'NONE',  ( -1.000000000000000000, -2.692290834716000666E-15, -6.108181253439452538E-17 ) ) ;
#1816 = ORIENTED_EDGE ( 'NONE', *, *, #863, .F. ) ;
#1817 = CIRCLE ( 'NONE', #1984, 36.98196246848314672 ) ;
#1818 = CIRCLE ( 'NONE', #652, 7.100000000000011191 ) ;
#1819 = CARTESIAN_POINT ( 'NONE',  ( 6.392098630057063247, 2.928560405749549567, 11.00000000000465228 ) ) ;
#1820 = CARTESIAN_POINT ( 'NONE',  ( 0.5993692400471387627, -6.999999999999780620, -6.142486975393519621 ) ) ;
#1821 = CARTESIAN_POINT ( 'NONE',  ( -6.385260595104156778, 7.940404229703544203, 66.16206644060223141 ) ) ;
#1822 = ORIENTED_EDGE ( 'NONE', *, *, #1139, .F. ) ;
#1823 = DIRECTION ( 'NONE',  ( -1.000000000000000000, -2.775557561561464314E-17, 0.000000000000000000 ) ) ;
#1824 = EDGE_CURVE ( 'NONE', #345, #2081, #1355, .T. ) ;
#1825 = CYLINDRICAL_SURFACE ( 'NONE', #744, 6.000000000000009770 ) ;
#1826 = CARTESIAN_POINT ( 'NONE',  ( 0.000000000000000000, 3.330669073875469621E-13, 4.954700538378986607 ) ) ;
#1827 = CARTESIAN_POINT ( 'NONE',  ( -2.723401636296759243, 6.988067224019543389, -3.500000000000063949 ) ) ;
#1828 = AXIS2_PLACEMENT_3D ( 'NONE', #800, #2460, #2623 ) ;
#1829 = CARTESIAN_POINT ( 'NONE',  ( -6.392098630056668895, 2.928560405749660145, 11.00000000000443912 ) ) ;
#1830 = CARTESIAN_POINT ( 'NONE',  ( 4.041451884327362798, -6.999999999999784173, 10.99999999999989875 ) ) ;
#1831 = ORIENTED_EDGE ( 'NONE', *, *, #1113, .F. ) ;
#1832 = CARTESIAN_POINT ( 'NONE',  ( 7.362846663022886595, 1.247175491304853834, 10.74489535305234256 ) ) ;
#1833 = CARTESIAN_POINT ( 'NONE',  ( -2.644507801819541815, -6.999999999999782396, -2.909342134757069154 ) ) ;
#1834 = CARTESIAN_POINT ( 'NONE',  ( -1.311535205292389206, 6.999999999999895195, 10.94534149418273294 ) ) ;
#1835 = ORIENTED_EDGE ( 'NONE', *, *, #1591, .F. ) ;
#1836 = B_SPLINE_CURVE_WITH_KNOTS ( 'NONE', 3,
 ( #1357, #1331, #136, #1172, #957, #931 ),
 .UNSPECIFIED., .F., .F.,
 ( 4, 2, 4 ),
 ( 6.843368683386854488E-18, 0.001957890020746407955, 0.003915780041492808970 ),
 .UNSPECIFIED. ) ;
#1837 = AXIS2_PLACEMENT_3D ( 'NONE', #808, #1416, #192 ) ;
#1838 = ADVANCED_FACE ( 'NONE', ( #795 ), #1698, .F. ) ;
#1839 = DIRECTION ( 'NONE',  ( 7.315828852335735501E-17, -8.078619584905368877E-17, 1.000000000000000000 ) ) ;
#1840 = CARTESIAN_POINT ( 'NONE',  ( 6.769123119763016838, 2.275534833880840768, -1.194663265227796867 ) ) ;
#1841 = CARTESIAN_POINT ( 'NONE',  ( 6.714116776794236685, 2.370808614641209733, 4.442598473479842269 ) ) ;
#1842 = LINE ( 'NONE', #986, #1109 ) ;
#1843 = CARTESIAN_POINT ( 'NONE',  ( 8.377661979482336237E-16, 9.499999999998287592, 61.46188021534943857 ) ) ;
#1844 = EDGE_LOOP ( 'NONE', ( #2634, #123, #1891, #455 ) ) ;
#1845 = CARTESIAN_POINT ( 'NONE',  ( 6.385260595104591985, -7.940404229708001083, 66.16206644060220299 ) ) ;
#1846 = CARTESIAN_POINT ( 'NONE',  ( 2.437070301129324434, -6.999999999999769962, -4.684300942371971033 ) ) ;
#1847 = EDGE_CURVE ( 'NONE', #2601, #180, #908, .T. ) ;
#1848 = CARTESIAN_POINT ( 'NONE',  ( -5.355232533218872604, 4.724465166118686277, -1.194663265228649074 ) ) ;
#1849 = ORIENTED_EDGE ( 'NONE', *, *, #1812, .F. ) ;
#1850 = FACE_BOUND ( 'NONE', #644, .T. ) ;
#1851 = CARTESIAN_POINT ( 'NONE',  ( 1.642078311001656798, 6.999999999999896083, -5.641177576081327416 ) ) ;
#1852 = CARTESIAN_POINT ( 'NONE',  ( -4.125686153386820543, -6.854101966249914746, 4.954700538379430697 ) ) ;
#1853 = PLANE ( 'NONE',  #793 ) ;
#1854 = ORIENTED_EDGE ( 'NONE', *, *, #2070, .T. ) ;
#1855 = DIRECTION ( 'NONE',  ( 0.7071067811664513147, 1.633462282668313685E-16, -0.7071067812066437197 ) ) ;
#1856 = CARTESIAN_POINT ( 'NONE',  ( 1.436189207521378908, -6.999999999999774403, -5.797670749359942199 ) ) ;
#1857 = ORIENTED_EDGE ( 'NONE', *, *, #1167, .T. ) ;
#1858 = UNCERTAINTY_MEASURE_WITH_UNIT (LENGTH_MEASURE( 1.000000000000000082E-05 ), #673, 'distance_accuracy_value', 'NONE');
#1859 = CARTESIAN_POINT ( 'NONE',  ( -4.802041978647093146, 5.682619312903589126, -2.520150927244887207 ) ) ;
#1860 = ORIENTED_EDGE ( 'NONE', *, *, #223, .F. ) ;
#1861 = CYLINDRICAL_SURFACE ( 'NONE', #255, 6.000000000000009770 ) ;
#1862 = CARTESIAN_POINT ( 'NONE',  ( -2.740235220357976065, -7.116267957170994585, -4.467838837537653873 ) ) ;
#1863 = AXIS2_PLACEMENT_3D ( 'NONE', #1674, #2499, #2154 ) ;
#1864 = CARTESIAN_POINT ( 'NONE',  ( 6.780272430251498506, -2.256223661645863743, -5.797670749359519426 ) ) ;
#1865 = DIRECTION ( 'NONE',  ( -1.000000000000000000, -2.775557561562887037E-17, 0.000000000000000000 ) ) ;
#1866 = EDGE_LOOP ( 'NONE', ( #2346, #1763, #2360, #2374, #1854, #2631 ) ) ;
#1867 = CIRCLE ( 'NONE', #1994, 7.100000000000011191 ) ;
#1868 = EDGE_CURVE ( 'NONE', #547, #854, #2127, .T. ) ;
#1869 = CIRCLE ( 'NONE', #973, 7.100000000000011191 ) ;
#1870 = CARTESIAN_POINT ( 'NONE',  ( 3.872983346209890598, 6.999999999999895195, 10.42264973081408286 ) ) ;
#1871 = CARTESIAN_POINT ( 'NONE',  ( 1.460349656889906367, -7.000000000000337508, -1.217491569263938089 ) ) ;
#1872 = ADVANCED_FACE ( 'NONE', ( #2533 ), #2085, .T. ) ;
#1873 = CARTESIAN_POINT ( 'NONE',  ( 0.000000000000000000, 0.000000000000000000, 7.688675134595035487 ) ) ;
#1874 = ORIENTED_EDGE ( 'NONE', *, *, #1783, .T. ) ;
#1875 = DIRECTION ( 'NONE',  ( -1.000000000000000000, -2.775557561562886729E-17, -7.635226566799315056E-17 ) ) ;
#1876 = CARTESIAN_POINT ( 'NONE',  ( -3.872983346207226063, -7.000000000000006217, 4.954700538379430697 ) ) ;
#1877 = AXIS2_PLACEMENT_3D ( 'NONE', #45, #2482, #1283 ) ;
#1878 = CARTESIAN_POINT ( 'NONE',  ( 7.280712977055435964, -1.389435208413939637, -4.684300942371650400 ) ) ;
#1879 = PLANE ( 'NONE',  #2082 ) ;
#1880 = EDGE_LOOP ( 'NONE', ( #1468, #150, #920, #993 ) ) ;
#1881 = DIRECTION ( 'NONE',  ( 7.315828852335735501E-17, -8.078619584905368877E-17, 1.000000000000000000 ) ) ;
#1882 = CARTESIAN_POINT ( 'NONE',  ( -7.125558022430719340, 3.015730774721703256, -3.500000000000058620 ) ) ;
#1883 = AXIS2_PLACEMENT_3D ( 'NONE', #224, #828, #1700 ) ;
#1884 = CARTESIAN_POINT ( 'NONE',  ( 0.000000000000000000, 3.330669073875469621E-13, 4.954700538378986607 ) ) ;
#1885 = ORIENTED_EDGE ( 'NONE', *, *, #709, .F. ) ;
#1886 = CARTESIAN_POINT ( 'NONE',  ( 1.898172084298442419, 6.999999999999893419, -1.586208739691530312 ) ) ;
#1887 = CARTESIAN_POINT ( 'NONE',  ( -1.187434208703930238, 7.000000000000006217, -1.083390805281303493 ) ) ;
#1888 = CARTESIAN_POINT ( 'NONE',  ( 6.792352654935379874, -2.235300098726304086, -1.217491569264125051 ) ) ;
#1889 = ADVANCED_FACE ( 'NONE', ( #627 ), #1600, .F. ) ;
#1890 = DIRECTION ( 'NONE',  ( 1.000000000000000000, 2.775557561562887037E-17, 7.315828852335739199E-17 ) ) ;
#1891 = ORIENTED_EDGE ( 'NONE', *, *, #394, .T. ) ;
#1892 = ADVANCED_FACE ( 'NONE', ( #1307 ), #1477, .T. ) ;
#1893 = CARTESIAN_POINT ( 'NONE',  ( -6.174478473098705678, 4.663048876204369364, -2.207452604947609753 ) ) ;
#1894 = CARTESIAN_POINT ( 'NONE',  ( -6.383660878854350962, -7.943175019535451575, 61.83878343008142764 ) ) ;
#1895 = DIRECTION ( 'NONE',  ( -7.315828852335735501E-17, 8.078619584905368877E-17, -1.000000000000000000 ) ) ;
#1896 = ORIENTED_EDGE ( 'NONE', *, *, #1083, .F. ) ;
#1897 = EDGE_CURVE ( 'NONE', #2074, #2314, #796, .T. ) ;
#1898 = LINE ( 'NONE', #1667, #592 ) ;
#1899 = CARTESIAN_POINT ( 'NONE',  ( 0.9572741678666253362, -7.156082414588752272, -6.291262282218980317 ) ) ;
#1900 = EDGE_CURVE ( 'NONE', #176, #2658, #1009, .T. ) ;
#1901 = CARTESIAN_POINT ( 'NONE',  ( 7.118559791995247465, -1.670292763547294168, -5.196499026400035248 ) ) ;
#1902 = CARTESIAN_POINT ( 'NONE',  ( 3.330669073875469621E-13, -7.000000000001116440, 11.00000000000433964 ) ) ;
#1903 = ORIENTED_EDGE ( 'NONE', *, *, #437, .F. ) ;
#1904 = CIRCLE ( 'NONE', #1013, 8.000000000002200906 ) ;
#1905 = B_SPLINE_CURVE_WITH_KNOTS ( 'NONE', 3,
 ( #1317, #1940, #2136, #953, #1766, #1968, #133, #307, #1955, #104, #2147, #927 ),
 .UNSPECIFIED., .F., .F.,
 ( 4, 2, 2, 2, 2, 4 ),
 ( 8.662620647462220879E-16, 0.002769684017827916782, 0.005539368035654967937, 0.006924210044568491346, 0.008309052053482014755, 0.01107873607130905810 ),
 .UNSPECIFIED. ) ;
#1906 = DIRECTION ( 'NONE',  ( -1.000000000000000000, 1.151856388048598333E-14, -6.108181253439452538E-17 ) ) ;
#1907 = CARTESIAN_POINT ( 'NONE',  ( -7.998669499594823762, 0.1458980337505355607, 4.954700538379097630 ) ) ;
#1908 = AXIS2_PLACEMENT_3D ( 'NONE', #2040, #1839, #2501 ) ;
#1909 = CARTESIAN_POINT ( 'NONE',  ( -0.4121692198469429358, -6.999999999999785061, -0.8313357695168936967 ) ) ;
#1910 = ORIENTED_EDGE ( 'NONE', *, *, #1900, .F. ) ;
#1911 = CARTESIAN_POINT ( 'NONE',  ( -4.724413474823592196, 5.817075825641209619, -3.850481158283549199 ) ) ;
#1912 = CARTESIAN_POINT ( 'NONE',  ( 37.56084042259993083, -75.12168084519998956, -14.73008507114006171 ) ) ;
#1913 = ADVANCED_FACE ( 'NONE', ( #481 ), #2521, .T. ) ;
#1914 = CARTESIAN_POINT ( 'NONE',  ( 7.755690006997784103, 5.566750860122757771, 66.53752218664085660 ) ) ;
#1915 = FACE_OUTER_BOUND ( 'NONE', #1866, .T. ) ;
#1916 = VERTEX_POINT ( 'NONE', #1270 ) ;
#1917 = PRODUCT ( 'stellfuss', 'stellfuss', '', ( #1677 ) ) ;
#1918 = DIRECTION ( 'NONE',  ( -1.000000000000000000, 8.854028621385612366E-15, -6.108181253439452538E-17 ) ) ;
#1919 = CARTESIAN_POINT ( 'NONE',  ( -7.682108378525352776, 0.6941979791437994374, 4.777737491943237380 ) ) ;
#1920 = CIRCLE ( 'NONE', #2398, 7.000000000002152944 ) ;
#1921 = ORIENTED_EDGE ( 'NONE', *, *, #1775, .T. ) ;
#1922 = CARTESIAN_POINT ( 'NONE',  ( -5.484827548973392197, -9.500000014425303618, 62.31038599618899099 ) ) ;
#1923 = ORIENTED_EDGE ( 'NONE', *, *, #2152, .F. ) ;
#1924 = CARTESIAN_POINT ( 'NONE',  ( 23.70570084204890549, 47.41140168409668831, -0.2057008420499326362 ) ) ;
#1925 = CARTESIAN_POINT ( 'NONE',  ( -7.339224140941523089, -1.288090899752280194, -4.404905812767341722 ) ) ;
#1926 = EDGE_CURVE ( 'NONE', #806, #632, #1661, .T. ) ;
#1927 = CARTESIAN_POINT ( 'NONE',  ( 9.382916119665551946, 2.748312557579513093, 66.38381657329294683 ) ) ;
#1928 = DIRECTION ( 'NONE',  ( 1.000000000000000000, 2.775557561562887037E-17, 1.084202172485502708E-16 ) ) ;
#1929 = ORIENTED_EDGE ( 'NONE', *, *, #1617, .F. ) ;
#1930 = CARTESIAN_POINT ( 'NONE',  ( 0.4121692198468499546, 6.999999999999894307, -0.8313357695172888251 ) ) ;
#1931 = CARTESIAN_POINT ( 'NONE',  ( 5.902991050708836340, -3.775719583547811009, 4.377086138462035869 ) ) ;
#1932 = ORIENTED_EDGE ( 'NONE', *, *, #437, .T. ) ;
#1933 = DIRECTION ( 'NONE',  ( 7.315828852335735501E-17, -8.078619584905368877E-17, 1.000000000000000000 ) ) ;
#1934 = CARTESIAN_POINT ( 'NONE',  ( -2.351271759725404031, 6.999999999999891642, -2.182018662757293281 ) ) ;
#1935 = ORIENTED_EDGE ( 'NONE', *, *, #2317, .T. ) ;
#1936 = CARTESIAN_POINT ( 'NONE',  ( -23.20909507938127092, 46.41819015876316001, 4.503979199827355206E-14 ) ) ;
#1937 = CARTESIAN_POINT ( 'NONE',  ( -6.780957775381180497, -2.255036609059567265, -5.796858318654083853 ) ) ;
#1938 = CIRCLE ( 'NONE', #1768, 6.000000000000009770 ) ;
#1939 = CYLINDRICAL_SURFACE ( 'NONE', #880, 6.000000000000009770 ) ;
#1940 = CARTESIAN_POINT ( 'NONE',  ( 10.52187069085547755, -0.7755853727653214680, 62.05185753379169000 ) ) ;
#1941 = CARTESIAN_POINT ( 'NONE',  ( 0.9330454702156927294, 9.499999999998284039, 61.48193565566150909 ) ) ;
#1942 = AXIS2_PLACEMENT_3D ( 'NONE', #1826, #2054, #2041 ) ;
#1943 = CARTESIAN_POINT ( 'NONE',  ( 10.52131239111562166, 0.7765523762813002495, 62.05153519928669681 ) ) ;
#1944 = CARTESIAN_POINT ( 'NONE',  ( 4.442761614193843300, -6.304911158299872476, 4.777449967289848942 ) ) ;
#1945 = ORIENTED_EDGE ( 'NONE', *, *, #1292, .F. ) ;
#1946 = EDGE_CURVE ( 'NONE', #1658, #2004, #2320, .T. ) ;
#1947 = CARTESIAN_POINT ( 'NONE',  ( -7.142775796530077770, -3.385652739702408098, -4.416236377390958090 ) ) ;
#1948 = CARTESIAN_POINT ( 'NONE',  ( -1.413813204859286410, 7.000000000000003553, -1.194625242671885967 ) ) ;
#1949 = VERTEX_POINT ( 'NONE', #1372 ) ;
#1950 = AXIS2_PLACEMENT_3D ( 'NONE', #2019, #2410, #1239 ) ;
#1951 = AXIS2_PLACEMENT_3D ( 'NONE', #2396, #1757, #2177 ) ;
#1952 = EDGE_LOOP ( 'NONE', ( #2481, #375, #1602, #1771 ) ) ;
#1953 = CARTESIAN_POINT ( 'NONE',  ( -6.952317260014920564, 1.958233275315214739, -5.527692786735988406 ) ) ;
#1954 = PLANE ( 'NONE',  #2465 ) ;
#1955 = CARTESIAN_POINT ( 'NONE',  ( 7.071566545321688935, -6.751687454395203680, 61.61618342857958908 ) ) ;
#1956 = CARTESIAN_POINT ( 'NONE',  ( 4.589822171689722730, 9.499999999997733369, 62.05202019025999505 ) ) ;
#1957 = DIRECTION ( 'NONE',  ( 7.315828852335735501E-17, -8.078619584905368877E-17, 1.000000000000000000 ) ) ;
#1958 = FACE_OUTER_BOUND ( 'NONE', #544, .T. ) ;
#1959 = VERTEX_POINT ( 'NONE', #530 ) ;
#1960 = CIRCLE ( 'NONE', #1837, 2.000000000000001776 ) ;
#1961 = CARTESIAN_POINT ( 'NONE',  ( 0.000000000000000000, 0.000000000000000000, 7.688675134595035487 ) ) ;
#1962 = CARTESIAN_POINT ( 'NONE',  ( 0.000000000000000000, 0.000000000000000000, -1.083390805280970426 ) ) ;
#1963 = VERTEX_POINT ( 'NONE', #336 ) ;
#1964 = ORIENTED_EDGE ( 'NONE', *, *, #2347, .T. ) ;
#1965 = CARTESIAN_POINT ( 'NONE',  ( -5.973188693944611494, 3.654133698890971615, -6.192552964906301582 ) ) ;
#1966 = CARTESIAN_POINT ( 'NONE',  ( -4.707411068552919353, -5.846524857153060140, -3.514511090652181036 ) ) ;
#1967 = VECTOR ( 'NONE', #2076, 1000.000000000000000 ) ;
#1968 = CARTESIAN_POINT ( 'NONE',  ( 7.999329181466213079, -5.144755431228921871, 61.46158642719689169 ) ) ;
#1969 = DIRECTION ( 'NONE',  ( 7.315828852335735501E-17, -8.078619584905368877E-17, 1.000000000000000000 ) ) ;
#1970 = CARTESIAN_POINT ( 'NONE',  ( -1.187434208703930238, 7.000000000000006217, -1.083390805281303493 ) ) ;
#1971 = CARTESIAN_POINT ( 'NONE',  ( -4.041451884326807686, -6.999999999999784173, 10.99999999999989875 ) ) ;
#1972 = ORIENTED_EDGE ( 'NONE', *, *, #298, .F. ) ;
#1973 = CIRCLE ( 'NONE', #2537, 7.000000000002105871 ) ;
#1974 = EDGE_CURVE ( 'NONE', #974, #2562, #2356, .T. ) ;
#1975 = CARTESIAN_POINT ( 'NONE',  ( -38.00000000000249401, -1.120770143359096032E-13, -19.99999999999979394 ) ) ;
#1976 = DIRECTION ( 'NONE',  ( 1.000000000000000000, 2.775557561562886729E-17, 1.080340565463169243E-16 ) ) ;
#1977 = ORIENTED_EDGE ( 'NONE', *, *, #1038, .F. ) ;
#1978 = ORIENTED_EDGE ( 'NONE', *, *, #860, .T. ) ;
#1979 = CARTESIAN_POINT ( 'NONE',  ( -24.08578643762790605, -1.123907042250016344E-13, -0.5857864376290748964 ) ) ;
#1980 = ADVANCED_FACE ( 'NONE', ( #2587 ), #2150, .T. ) ;
#1981 = ADVANCED_FACE ( 'NONE', ( #1958 ), #1746, .T. ) ;
#1982 = FACE_OUTER_BOUND ( 'NONE', #775, .T. ) ;
#1983 = CARTESIAN_POINT ( 'NONE',  ( 7.135247462739365609, -1.351152697636505584, -0.2113704248634706018 ) ) ;
#1984 = AXIS2_PLACEMENT_3D ( 'NONE', #794, #1430, #153 ) ;
#1985 = CARTESIAN_POINT ( 'NONE',  ( 4.886541946627764865, 5.536261075123456443, -2.182018662756937122 ) ) ;
#1986 = CARTESIAN_POINT ( 'NONE',  ( -9.382916116511838212, -2.748312563045840484, 61.61618342581837027 ) ) ;
#1987 = EDGE_LOOP ( 'NONE', ( #2518, #823, #348, #1562 ) ) ;
#1988 = CARTESIAN_POINT ( 'NONE',  ( -4.681629138902676956, -6.636974031570325394, -5.296119540617201693 ) ) ;
#1989 = CARTESIAN_POINT ( 'NONE',  ( -2.410625510814404571, 6.999999999999891642, -2.293948165575914633 ) ) ;
#1990 = ORIENTED_EDGE ( 'NONE', *, *, #2011, .T. ) ;
#1991 = AXIS2_PLACEMENT_3D ( 'NONE', #875, #1679, #252 ) ;
#1992 = CARTESIAN_POINT ( 'NONE',  ( 5.047720936832402749, 5.257090874976395156, -5.278887224626098273 ) ) ;
#1993 = VERTEX_POINT ( 'NONE', #2191 ) ;
#1994 = AXIS2_PLACEMENT_3D ( 'NONE', #2406, #158, #2013 ) ;
#1995 = CARTESIAN_POINT ( 'NONE',  ( -36.98196246847783897, -9.234058429243266537E-14, -13.48196246847118829 ) ) ;
#1996 = CIRCLE ( 'NONE', #110, 7.100000000000011191 ) ;
#1997 = DIRECTION ( 'NONE',  ( 0.8660254037844290487, 0.5000000000000167644, 2.296383843408976690E-17 ) ) ;
#1998 = LINE ( 'NONE', #2256, #788 ) ;
#1999 = CARTESIAN_POINT ( 'NONE',  ( -2.622039167597725040, 6.999999999999896083, -4.205713818532611725 ) ) ;
#2000 = EDGE_CURVE ( 'NONE', #2611, #2592, #1996, .T. ) ;
#2001 = B_SPLINE_CURVE_WITH_KNOTS ( 'NONE', 3,
 ( #317, #132, #724, #2158, #2550, #2172, #2539, #502 ),
 .UNSPECIFIED., .F., .F.,
 ( 4, 2, 2, 4 ),
 ( 4.316920016897070792E-16, 0.0006111959718835094672, 0.001222391943766585904, 0.002444783887532740296 ),
 .UNSPECIFIED. ) ;
#2002 = DIRECTION ( 'NONE',  ( -7.315828852335735501E-17, 8.078619584905368877E-17, -1.000000000000000000 ) ) ;
#2003 = CARTESIAN_POINT ( 'NONE',  ( 3.687160898514554308, -9.500000000002394529, 66.16121657317849269 ) ) ;
#2004 = VERTEX_POINT ( 'NONE', #2163 ) ;
#2005 = CARTESIAN_POINT ( 'NONE',  ( -2.220446049250313081E-13, -6.661338147750939243E-13, 44.00000000000004263 ) ) ;
#2006 = CARTESIAN_POINT ( 'NONE',  ( -2.113695458551944739, -6.999999999999784173, -5.195429538168572670 ) ) ;
#2007 = ORIENTED_EDGE ( 'NONE', *, *, #1676, .F. ) ;
#2008 = EDGE_CURVE ( 'NONE', #683, #2506, #2083, .T. ) ;
#2009 = CARTESIAN_POINT ( 'NONE',  ( -6.000000000000000000, -6.649192705825380092E-13, 60.99999999999894129 ) ) ;
#2010 = ORIENTED_EDGE ( 'NONE', *, *, #746, .T. ) ;
#2011 = EDGE_CURVE ( 'NONE', #337, #404, #1738, .T. ) ;
#2012 = DIRECTION ( 'NONE',  ( 7.315828852335735501E-17, -8.078619584905368877E-17, 1.000000000000000000 ) ) ;
#2013 = DIRECTION ( 'NONE',  ( -1.000000000000000000, 2.928213227448845958E-14, -6.108181253439452538E-17 ) ) ;
#2014 = CARTESIAN_POINT ( 'NONE',  ( 6.872023725165306907, 2.097305757193061115, -1.334540353603056895 ) ) ;
#2015 = CARTESIAN_POINT ( 'NONE',  ( 4.125686153387375654, 6.854101966250136790, 4.954700538379097630 ) ) ;
#2016 = ADVANCED_FACE ( 'NONE', ( #321 ), #2432, .T. ) ;
#2017 = AXIS2_PLACEMENT_3D ( 'NONE', #476, #1100, #12 ) ;
#2018 = CARTESIAN_POINT ( 'NONE',  ( 0.9243291218050692093, 9.499999999998285816, 66.51858080219140845 ) ) ;
#2019 = CARTESIAN_POINT ( 'NONE',  ( 0.000000000000000000, -1.110223024625156540E-13, -14.73008507114026422 ) ) ;
#2020 = EDGE_LOOP ( 'NONE', ( #390, #62, #1923, #760 ) ) ;
#2021 = CARTESIAN_POINT ( 'NONE',  ( 7.999329186878244791, -5.144755421855006894, 66.53841357307614146 ) ) ;
#2022 = CARTESIAN_POINT ( 'NONE',  ( -2.602489903398517601, 6.999999999999895195, 4.632763299403088730 ) ) ;
#2023 = ORIENTED_EDGE ( 'NONE', *, *, #2524, .F. ) ;
#2024 = DIRECTION ( 'NONE',  ( -7.315828852335735501E-17, 8.078619584905368877E-17, -1.000000000000000000 ) ) ;
#2025 = ORIENTED_EDGE ( 'NONE', *, *, #301, .F. ) ;
#2026 = CARTESIAN_POINT ( 'NONE',  ( -8.082903768654613685, -5.551115123125782702E-13, 10.99999999999956657 ) ) ;
#2027 = CARTESIAN_POINT ( 'NONE',  ( 6.467028418350103003, 2.798778205425224819, -0.9239494892501368684 ) ) ;
#2028 = CARTESIAN_POINT ( 'NONE',  ( -7.998669499594823762, 0.1458980337505355607, 4.954700538379097630 ) ) ;
#2029 = CARTESIAN_POINT ( 'NONE',  ( 4.442247274457169048, 6.305802020856893009, 4.777737491943269355 ) ) ;
#2030 = CARTESIAN_POINT ( 'NONE',  ( -0.9330454514731360005, -9.500000000002394529, 61.48193565484164225 ) ) ;
#2031 = DIRECTION ( 'NONE',  ( 7.315828852335735501E-17, -8.078619584905368877E-17, 1.000000000000000000 ) ) ;
#2032 = ORIENTED_EDGE ( 'NONE', *, *, #1507, .T. ) ;
#2033 = CYLINDRICAL_SURFACE ( 'NONE', #829, 6.000000000000009770 ) ;
#2034 = CARTESIAN_POINT ( 'NONE',  ( 4.690142921205377569, 4.031407770787580169, 0.7426773108852127159 ) ) ;
#2035 = B_SPLINE_CURVE_WITH_KNOTS ( 'NONE', 3,
 ( #271, #497, #472, #1909, #881, #1096, #1479, #1501 ),
 .UNSPECIFIED., .F., .F.,
 ( 4, 2, 2, 4 ),
 ( 6.311882012369128821E-17, 0.0006111959718835386322, 0.001222391943767014164, 0.002444783887533965444 ),
 .UNSPECIFIED. ) ;
#2036 = ADVANCED_FACE ( 'NONE', ( #2341 ), #1146, .T. ) ;
#2037 = CARTESIAN_POINT ( 'NONE',  ( -3.872983346208558331, 6.999999999999784173, 10.42264973081363877 ) ) ;
#2038 = ORIENTED_EDGE ( 'NONE', *, *, #1926, .T. ) ;
#2039 = DIRECTION ( 'NONE',  ( 1.000000000000000000, 2.775557561562886729E-17, 0.000000000000000000 ) ) ;
#2040 = CARTESIAN_POINT ( 'NONE',  ( 0.000000000000000000, 3.330669073875469621E-13, 4.954700538378986607 ) ) ;
#2041 = DIRECTION ( 'NONE',  ( 1.000000000000000000, 2.775557561562581353E-17, 1.084202172485502708E-16 ) ) ;
#2042 = CARTESIAN_POINT ( 'NONE',  ( 6.221364602273106392, 3.224280416451814624, 4.377086138461695697 ) ) ;
#2043 = AXIS2_PLACEMENT_3D ( 'NONE', #1102, #80, #331 ) ;
#2044 = CARTESIAN_POINT ( 'NONE',  ( 5.484827557298954659, -9.500000000001286082, 60.99999999999894129 ) ) ;
#2045 = DIRECTION ( 'NONE',  ( -7.315828852335735501E-17, 8.078619584905368877E-17, -1.000000000000000000 ) ) ;
#2046 = ORIENTED_EDGE ( 'NONE', *, *, #1591, .T. ) ;
#2047 = EDGE_CURVE ( 'NONE', #498, #328, #1836, .T. ) ;
#2048 = DIRECTION ( 'NONE',  ( -7.315828852335735501E-17, 8.078619584905368877E-17, -1.000000000000000000 ) ) ;
#2049 = CARTESIAN_POINT ( 'NONE',  ( -0.3043300122823195397, -6.999999999999780620, -6.192473841424850356 ) ) ;
#2050 = CARTESIAN_POINT ( 'NONE',  ( -8.698792664902926575, 3.933249139872274203, 66.53752218664270401 ) ) ;
#2051 = ORIENTED_EDGE ( 'NONE', *, *, #1003, .T. ) ;
#2052 = AXIS2_PLACEMENT_3D ( 'NONE', #1185, #2002, #2436 ) ;
#2053 = FACE_OUTER_BOUND ( 'NONE', #676, .T. ) ;
#2054 = DIRECTION ( 'NONE',  ( 7.315828852335735501E-17, -8.078619584905368877E-17, 1.000000000000000000 ) ) ;
#2055 = CARTESIAN_POINT ( 'NONE',  ( -2.140292563128022074, 6.999999999999896971, -5.143288846641547174 ) ) ;
#2056 = CARTESIAN_POINT ( 'NONE',  ( 6.915086122511115541, -2.022719497096272079, -1.394797669722678046 ) ) ;
#2057 = CARTESIAN_POINT ( 'NONE',  ( 4.589258711402805169, -9.500000000002394529, 65.94814246574516403 ) ) ;
#2058 = VERTEX_POINT ( 'NONE', #1770 ) ;
#2059 = PRODUCT_DEFINITION ( 'UNKNOWN', '', #852, #1455 ) ;
#2060 = CARTESIAN_POINT ( 'NONE',  ( 5.999999999915203830, -2.330567030179659324E-12, 76.00000000002083311 ) ) ;
#2061 = CARTESIAN_POINT ( 'NONE',  ( -7.999329211771499359, 5.144755378733423257, 61.46158642565581687 ) ) ;
#2062 = EDGE_LOOP ( 'NONE', ( #765, #2086 ) ) ;
#2063 =( BOUNDED_SURFACE ( )  B_SPLINE_SURFACE ( 3, 3, ( 
 ( #845, #1075, #2490, #872 ),
 ( #2310, #2077, #2477, #1899 ),
 ( #886, #2297, #2105, #2527 ),
 ( #2513, #39, #1862, #1701 ) ),
 .UNSPECIFIED., .F., .F., .T. ) 
 B_SPLINE_SURFACE_WITH_KNOTS ( ( 4, 4 ),
 ( 4, 4 ),
 ( 0.000000000000000000, 1.000000000000000000 ),
 ( 0.000000000000000000, 1.000000000000000000 ),
 .UNSPECIFIED. ) 
 GEOMETRIC_REPRESENTATION_ITEM ( )  RATIONAL_B_SPLINE_SURFACE ( (
 ( 1.000000000000000000, 0.9586019415942996780, 0.9586019415942996780, 1.000000000000000000),
 ( 0.9539160109727737868, 0.9144257402363902276, 0.9144257402363902276, 0.9539160109727737868),
 ( 0.9539160109727737868, 0.9144257402363902276, 0.9144257402363902276, 0.9539160109727737868),
 ( 1.000000000000000000, 0.9586019415942996780, 0.9586019415942996780, 1.000000000000000000) ) ) 
 REPRESENTATION_ITEM ( '' )  SURFACE ( )  );
#2064 =( NAMED_UNIT ( * ) SI_UNIT ( $, .STERADIAN. ) SOLID_ANGLE_UNIT ( ) );
#2065 = CARTESIAN_POINT ( 'NONE',  ( 0.000000000000000000, 0.000000000000000000, -0.5416954026404852129 ) ) ;
#2066 =( NAMED_UNIT ( * ) SI_UNIT ( $, .STERADIAN. ) SOLID_ANGLE_UNIT ( ) );
#2067 = CARTESIAN_POINT ( 'NONE',  ( -4.442247274456380346, -6.305802020856470236, 4.777737491943577552 ) ) ;
#2068 = FACE_OUTER_BOUND ( 'NONE', #615, .T. ) ;
#2069 = ORIENTED_EDGE ( 'NONE', *, *, #394, .F. ) ;
#2070 = EDGE_CURVE ( 'NONE', #2314, #1587, #1187, .T. ) ;
#2071 = PLANE ( 'NONE',  #421 ) ;
#2072 = DIRECTION ( 'NONE',  ( 7.315828852335735501E-17, -8.078619584905368877E-17, 1.000000000000000000 ) ) ;
#2073 = CARTESIAN_POINT ( 'NONE',  ( -22.67157287525090226, -45.34314575049950946, -6.265185466977221855E-15 ) ) ;
#2074 = VERTEX_POINT ( 'NONE', #743 ) ;
#2075 = VECTOR ( 'NONE', #1196, 1000.000000000000000 ) ;
#2076 = DIRECTION ( 'NONE',  ( 7.315828852335735501E-17, -8.078619584905368877E-17, 1.000000000000000000 ) ) ;
#2077 = CARTESIAN_POINT ( 'NONE',  ( 0.9572741678666250031, -7.862172322469550778, -2.712019927469835334 ) ) ;
#2078 = AXIS2_PLACEMENT_3D ( 'NONE', #1884, #1274, #448 ) ;
#2079 = CARTESIAN_POINT ( 'NONE',  ( 4.716430932787753605, -5.830901994021949086, -3.813216984433353662 ) ) ;
#2080 = DIRECTION ( 'NONE',  ( 1.000000000000000000, 2.775557561562887037E-17, 7.315828852335739199E-17 ) ) ;
#2081 = VERTEX_POINT ( 'NONE', #1514 ) ;
#2082 = AXIS2_PLACEMENT_3D ( 'NONE', #2530, #1485, #2080 ) ;
#2083 = CIRCLE ( 'NONE', #702, 7.500000000000010658 ) ;
#2084 = CARTESIAN_POINT ( 'NONE',  ( 1.311535205293641981, 6.999999999999896083, 10.94534149418260505 ) ) ;
#2085 = CYLINDRICAL_SURFACE ( 'NONE', #239, 8.000000000000012434 ) ;
#2086 = ORIENTED_EDGE ( 'NONE', *, *, #1594, .F. ) ;
#2087 = CARTESIAN_POINT ( 'NONE',  ( -6.872178788770916924, 2.097037179150719854, -1.334666194792919036 ) ) ;
#2088 = ORIENTED_EDGE ( 'NONE', *, *, #1724, .T. ) ;
#2089 = EDGE_CURVE ( 'NONE', #1761, #936, #2453, .T. ) ;
#2090 = EDGE_CURVE ( 'NONE', #329, #1963, #27, .T. ) ;
#2091 = CARTESIAN_POINT ( 'NONE',  ( 1.311535205292424067, -6.999999999999784173, 10.94534149418277913 ) ) ;
#2092 = LINE ( 'NONE', #2271, #2361 ) ;
#2093 = CARTESIAN_POINT ( 'NONE',  ( 1.857286125936556953, -9.500000000002394529, 61.54274715009303520 ) ) ;
#2094 = AXIS2_PLACEMENT_3D ( 'NONE', #2612, #758, #1585 ) ;
#2095 = CARTESIAN_POINT ( 'NONE',  ( 7.343751852959591098, -1.280248672495919005, -2.621360990901402399 ) ) ;
#2096 = CARTESIAN_POINT ( 'NONE',  ( -7.295164936582290593, -6.364403680245531270, 66.45639326178577733 ) ) ;
#2097 = VERTEX_POINT ( 'NONE', #2203 ) ;
#2098 = CARTESIAN_POINT ( 'NONE',  ( 4.761508989959581051, 5.752824508693307415, 10.74489535305268362 ) ) ;
#2099 = CARTESIAN_POINT ( 'NONE',  ( -5.484827548973392197, -9.500000014425303618, 62.31038599618899099 ) ) ;
#2100 = AXIS2_PLACEMENT_3D ( 'NONE', #2065, #1048, #1875 ) ;
#2101 = DIRECTION ( 'NONE',  ( 1.000000000000000000, 2.775557561562581353E-17, 1.084202172485502708E-16 ) ) ;
#2102 = EDGE_LOOP ( 'NONE', ( #49, #137, #1651, #210, #2383 ) ) ;
#2103 = EDGE_CURVE ( 'NONE', #2120, #2562, #296, .T. ) ;
#2104 = CARTESIAN_POINT ( 'NONE',  ( 10.96965511460190612, -9.992007221626408864E-13, 60.99999999999894129 ) ) ;
#2105 = CARTESIAN_POINT ( 'NONE',  ( -0.9576760880090670058, -7.829430719657569426, -4.564831618469204599 ) ) ;
#2106 = CARTESIAN_POINT ( 'NONE',  ( -5.728947352605381127, -4.077172111399190335, 4.377890667539565683 ) ) ;
#2107 = DIRECTION ( 'NONE',  ( -7.315828852335739199E-17, -8.078619584905368877E-17, 1.000000000000000000 ) ) ;
#2108 = ORIENTED_EDGE ( 'NONE', *, *, #131, .T. ) ;
#2109 = CARTESIAN_POINT ( 'NONE',  ( 0.000000000000000000, 3.330669073875469621E-13, 4.954700538378986607 ) ) ;
#2110 = DIRECTION ( 'NONE',  ( 0.8660254037844290487, 0.5000000000000167644, 2.296383843408976690E-17 ) ) ;
#2111 = ORIENTED_EDGE ( 'NONE', *, *, #1974, .F. ) ;
#2112 = CARTESIAN_POINT ( 'NONE',  ( 7.100000000000011191, 1.066563814265586100E-15, -0.5416954026404846578 ) ) ;
#2113 = VERTEX_POINT ( 'NONE', #819 ) ;
#2114 = EDGE_CURVE ( 'NONE', #2113, #2081, #359, .T. ) ;
#2115 = CIRCLE ( 'NONE', #1088, 6.000000000000009770 ) ;
#2116 = FACE_OUTER_BOUND ( 'NONE', #1744, .T. ) ;
#2117 = CARTESIAN_POINT ( 'NONE',  ( 7.681594038788248646, 0.6950888417005707254, 4.777449967289844501 ) ) ;
#2118 = CARTESIAN_POINT ( 'NONE',  ( 10.52131238748769881, 0.7765523825656153178, 65.94846480280595813 ) ) ;
#2119 = CARTESIAN_POINT ( 'NONE',  ( -10.96965511460101794, -2.331468351712828735E-12, 65.68961400861716982 ) ) ;
#2120 = VERTEX_POINT ( 'NONE', #759 ) ;
#2121 = EDGE_CURVE ( 'NONE', #1949, #632, #2220, .T. ) ;
#2122 = AXIS2_PLACEMENT_3D ( 'NONE', #2318, #2535, #1286 ) ;
#2123 = CARTESIAN_POINT ( 'NONE',  ( 5.484827578952300442, 9.499999962496620043, 62.31038597888016994 ) ) ;
#2124 = DIRECTION ( 'NONE',  ( 7.315828852335739199E-17, 8.078619584905368877E-17, -1.000000000000000000 ) ) ;
#2125 = AXIS2_PLACEMENT_3D ( 'NONE', #1065, #1293, #1865 ) ;
#2126 = EDGE_CURVE ( 'NONE', #2204, #1767, #1043, .T. ) ;
#2127 = CIRCLE ( 'NONE', #452, 7.100000000000011191 ) ;
#2128 = DIRECTION ( 'NONE',  ( 7.315828852335735501E-17, -8.078619584905368877E-17, 1.000000000000000000 ) ) ;
#2129 = ORIENTED_EDGE ( 'NONE', *, *, #243, .F. ) ;
#2130 = B_SPLINE_CURVE_WITH_KNOTS ( 'NONE', 3,
 ( #48, #681, #657, #74, #2305, #1057, #1709, #1684, #232, #2087, #693, #669 ),
 .UNSPECIFIED., .F., .F.,
 ( 4, 2, 2, 2, 2, 4 ),
 ( 0.01140495455795458718, 0.01215090783883819407, 0.01252388447927999665, 0.01289686111972180096, 0.01364281440060540612, 0.01438876768148901301 ),
 .UNSPECIFIED. ) ;
#2131 = B_SPLINE_CURVE_WITH_KNOTS ( 'NONE', 3,
 ( #53, #262, #251, #637, #1461, #1086, #1300, #830, #1265, #1925, #737, #2144, #685, #1937, #1740, #1326, #77, #1525, #2565, #88, #487, #537, #910, #1506, #2335, #2581, #1966, #304, #1124, #711, #99, #2350, #923, #1539 ),
 .UNSPECIFIED., .F., .F.,
 ( 4, 2, 2, 2, 2, 2, 2, 2, 2, 2, 2, 2, 2, 2, 2, 2, 4 ),
 ( 7.760183544171871338E-16, 0.0008992979800940810540, 0.001798595960187385602, 0.002697893940280689934, 0.003597191920373994049, 0.004496489900467299031, 0.005395787880560601844, 0.006295085860653905525, 0.007194383840747208339, 0.008093681820840510285, 0.008992979800933813966, 0.009892277781027117647, 0.01079157576112041959, 0.01169087374121372327, 0.01259017172130702696, 0.01348946970140033064, 0.01438876768149363258 ),
 .UNSPECIFIED. ) ;
#2132 = CARTESIAN_POINT ( 'NONE',  ( -6.410749936622945455, 2.896255395149156087, -6.106677472595155365 ) ) ;
#2133 = CARTESIAN_POINT ( 'NONE',  ( -36.98196246847773949, -9.833348884140065622E-14, -13.48196246847108881 ) ) ;
#2134 =( BOUNDED_SURFACE ( )  B_SPLINE_SURFACE ( 3, 3, ( 
 ( #2302, #17, #1295, #2496 ),
 ( #641, #1893, #57, #2276 ),
 ( #878, #431, #1254, #2315 ),
 ( #267, #1160, #1145, #282 ) ),
 .UNSPECIFIED., .F., .F., .T. ) 
 B_SPLINE_SURFACE_WITH_KNOTS ( ( 4, 4 ),
 ( 4, 4 ),
 ( 0.000000000000000000, 1.000000000000000000 ),
 ( 0.000000000000000000, 1.000000000000000000 ),
 .UNSPECIFIED. ) 
 GEOMETRIC_REPRESENTATION_ITEM ( )  RATIONAL_B_SPLINE_SURFACE ( (
 ( 1.000000000000000000, 0.9462363977678426297, 0.9462363977678426297, 1.000000000000000000),
 ( 0.9544948643572578328, 0.9031777821373172532, 0.9031777821373172532, 0.9544948643572578328),
 ( 0.9544948643572578328, 0.9031777821373172532, 0.9031777821373172532, 0.9544948643572578328),
 ( 1.000000000000000000, 0.9462363977678426297, 0.9462363977678426297, 1.000000000000000000) ) ) 
 REPRESENTATION_ITEM ( '' )  SURFACE ( )  );
#2135 = CARTESIAN_POINT ( 'NONE',  ( 4.715886624706635999, 5.831844763272863830, -3.851099399717535121 ) ) ;
#2136 = CARTESIAN_POINT ( 'NONE',  ( 10.07082178360274405, -1.556824996825552310, 61.83878342606012524 ) ) ;
#2137 = CARTESIAN_POINT ( 'NONE',  ( 7.135247462739363833, 2.194942182955554433, -2.778562227940705398 ) ) ;
#2138 = CARTESIAN_POINT ( 'NONE',  ( 23.70570084204770112, -47.41140168409663147, -0.2057008420498845636 ) ) ;
#2139 = CARTESIAN_POINT ( 'NONE',  ( 0.000000000000000000, 0.000000000000000000, 0.9999999999998898659 ) ) ;
#2140 = CARTESIAN_POINT ( 'NONE',  ( 3.330669073875469621E-13, -7.000000000001116440, 11.00000000000433964 ) ) ;
#2141 = CARTESIAN_POINT ( 'NONE',  ( -7.000000000002141398, -2.314877830774594410E-16, 11.00000000000367351 ) ) ;
#2142 = ORIENTED_EDGE ( 'NONE', *, *, #1620, .T. ) ;
#2143 = CARTESIAN_POINT ( 'NONE',  ( -6.736760396946380958, 2.331588714070071955, -5.836807852850758316 ) ) ;
#2144 = CARTESIAN_POINT ( 'NONE',  ( -7.119025555766961944, -1.669486037029381142, -5.195429538168667705 ) ) ;
#2145 = CARTESIAN_POINT ( 'NONE',  ( 5.713605716358563846, 4.103744604850339428, -6.106677472594808975 ) ) ;
#2146 = ADVANCED_FACE ( 'NONE', ( #611 ), #570, .T. ) ;
#2147 = CARTESIAN_POINT ( 'NONE',  ( 5.933170271387364636, -8.723447639996866343, 62.05153520374389586 ) ) ;
#2148 = FACE_OUTER_BOUND ( 'NONE', #368, .T. ) ;
#2149 = CARTESIAN_POINT ( 'NONE',  ( -22.67157287524976184, 4.463809595902993623E-13, 8.239936510889833698E-15 ) ) ;
#2150 = PLANE ( 'NONE',  #1059 ) ;
#2151 = ORIENTED_EDGE ( 'NONE', *, *, #1673, .F. ) ;
#2152 = EDGE_CURVE ( 'NONE', #1949, #1608, #2343, .T. ) ;
#2153 = FACE_OUTER_BOUND ( 'NONE', #2568, .T. ) ;
#2154 = DIRECTION ( 'NONE',  ( 1.000000000000000000, 2.775557561562887037E-17, 1.084202172485502708E-16 ) ) ;
#2155 = ORIENTED_EDGE ( 'NONE', *, *, #443, .F. ) ;
#2156 = ADVANCED_FACE ( 'NONE', ( #2260 ), #1027, .T. ) ;
#2157 = CARTESIAN_POINT ( 'NONE',  ( 24.08578643762748328, 48.17157287525386522, -0.5857864376303837384 ) ) ;
#2158 = CARTESIAN_POINT ( 'NONE',  ( 5.856093216567802351, -3.856949015045011198, -0.8313357695173184680 ) ) ;
#2159 = AXIS2_PLACEMENT_3D ( 'NONE', #2394, #1127, #1969 ) ;
#2160 = CARTESIAN_POINT ( 'NONE',  ( 4.681478679241735996, -6.632321215169930895, -5.294770159312505164 ) ) ;
#2161 = ORIENTED_EDGE ( 'NONE', *, *, #549, .F. ) ;
#2162 = DIRECTION ( 'NONE',  ( 7.315828852335735501E-17, -8.078619584905368877E-17, 1.000000000000000000 ) ) ;
#2163 = CARTESIAN_POINT ( 'NONE',  ( -10.96965511460079590, -3.219646771412953967E-12, 62.31038599137983169 ) ) ;
#2164 = EDGE_LOOP ( 'NONE', ( #1260, #862 ) ) ;
#2165 = AXIS2_PLACEMENT_3D ( 'NONE', #911, #89, #1377 ) ;
#2166 = CARTESIAN_POINT ( 'NONE',  ( 0.000000000000000000, 3.330669073875469621E-13, 3.800000000000025580 ) ) ;
#2167 = CARTESIAN_POINT ( 'NONE',  ( -2.153425474950874996, 6.999999999999895195, -1.864465378710203458 ) ) ;
#2168 = EDGE_LOOP ( 'NONE', ( #585, #254, #1166, #1193 ) ) ;
#2169 = CIRCLE ( 'NONE', #1441, 7.500000000000010658 ) ;
#2170 = EDGE_LOOP ( 'NONE', ( #523, #340, #988, #1816 ) ) ;
#2171 = CARTESIAN_POINT ( 'NONE',  ( -6.000000000000000000, 1.115905570883101147E-13, 0.9999999999998903100 ) ) ;
#2172 = CARTESIAN_POINT ( 'NONE',  ( 6.265685336953112916, -3.147514652157813675, -0.8072734407603636697 ) ) ;
#2173 = EDGE_CURVE ( 'NONE', #1201, #1147, #1512, .T. ) ;
#2174 = FACE_OUTER_BOUND ( 'NONE', #15, .T. ) ;
#2175 = CARTESIAN_POINT ( 'NONE',  ( -7.135247462739362945, -2.194942182955547771, -2.778562227940684526 ) ) ;
#2176 = CARTESIAN_POINT ( 'NONE',  ( 22.67157287524976184, -1.272981429937377169E-13, 4.922709571518098079E-15 ) ) ;
#2177 = DIRECTION ( 'NONE',  ( 0.5000000000000167644, -0.8660254037844290487, 1.065420421420627249E-16 ) ) ;
#2178 = ORIENTED_EDGE ( 'NONE', *, *, #305, .F. ) ;
#2179 = CIRCLE ( 'NONE', #2094, 7.100000000000011191 ) ;
#2180 = CARTESIAN_POINT ( 'NONE',  ( -6.185063161944711396, -3.192301242737787259, -0.1077298468658773045 ) ) ;
#2181 = CARTESIAN_POINT ( 'NONE',  ( 4.125686153387375654, 6.854101966250136790, 4.954700538379097630 ) ) ;
#2182 = ORIENTED_EDGE ( 'NONE', *, *, #1233, .T. ) ;
#2183 = EDGE_CURVE ( 'NONE', #1758, #442, #1737, .T. ) ;
#2184 = ORIENTED_EDGE ( 'NONE', *, *, #1152, .T. ) ;
#2185 = EDGE_CURVE ( 'NONE', #2614, #877, #2213, .T. ) ;
#2186 = CARTESIAN_POINT ( 'NONE',  ( -4.715886624706274510, 5.831844763273156929, -3.500000000000057732 ) ) ;
#2187 = CARTESIAN_POINT ( 'NONE',  ( -37.31999900220701250, -1.001710865503531374E-13, -13.81999900219761734 ) ) ;
#2188 = CARTESIAN_POINT ( 'NONE',  ( 6.164645985339112677, 3.322519942716524177, -0.8074899269981946626 ) ) ;
#2189 = ORIENTED_EDGE ( 'NONE', *, *, #161, .F. ) ;
#2190 = CARTESIAN_POINT ( 'NONE',  ( 4.733606744317363280, 5.801152615790891254, -2.998554018576124136 ) ) ;
#2191 = CARTESIAN_POINT ( 'NONE',  ( -36.98196246847204094, -1.120487581182241187E-13, -13.48196246847698987 ) ) ;
#2192 = ORIENTED_EDGE ( 'NONE', *, *, #2185, .T. ) ;
#2193 = CARTESIAN_POINT ( 'NONE',  ( -4.681629138902676956, -4.015530500845057915, 0.7670673070108297020 ) ) ;
#2194 = CARTESIAN_POINT ( 'NONE',  ( -2.512144270147626202, 6.999999999999892530, -2.522857458365774797 ) ) ;
#2195 = VERTEX_POINT ( 'NONE', #1643 ) ;
#2196 = CARTESIAN_POINT ( 'NONE',  ( 7.408469028274828005, 1.168155236727037805, -3.500000000000059064 ) ) ;
#2197 = ORIENTED_EDGE ( 'NONE', *, *, #1568, .F. ) ;
#2198 = CARTESIAN_POINT ( 'NONE',  ( 0.000000000000000000, 0.000000000000000000, 10.42264973080997414 ) ) ;
#2199 = DIRECTION ( 'NONE',  ( 7.315828852335735501E-17, -8.078619584905368877E-17, 1.000000000000000000 ) ) ;
#2200 = PLANE ( 'NONE',  #447 ) ;
#2201 = CARTESIAN_POINT ( 'NONE',  ( 2.723401636296757022, 6.828698216972389545, -5.218417117552267115 ) ) ;
#2202 = DIRECTION ( 'NONE',  ( -1.000000000000000000, -2.775557561562887037E-17, 0.000000000000000000 ) ) ;
#2203 = CARTESIAN_POINT ( 'NONE',  ( 3.330669073875469621E-13, 7.000000000001005418, 11.00000000000400746 ) ) ;
#2204 = VERTEX_POINT ( 'NONE', #584 ) ;
#2205 = CARTESIAN_POINT ( 'NONE',  ( 4.125686153387597699, -6.854101966249581679, 4.954700538379430697 ) ) ;
#2206 = ADVANCED_FACE ( 'NONE', ( #2235 ), #2389, .T. ) ;
#2207 = CARTESIAN_POINT ( 'NONE',  ( 0.6490902276253009973, 6.999999999999895195, 4.390368239128524586 ) ) ;
#2208 = EDGE_LOOP ( 'NONE', ( #1747, #1391, #233, #1681 ) ) ;
#2209 = AXIS2_PLACEMENT_3D ( 'NONE', #1873, #1107, #906 ) ;
#2210 = DIRECTION ( 'NONE',  ( 7.315828852335735501E-17, -8.078619584905368877E-17, 1.000000000000000000 ) ) ;
#2211 = EDGE_LOOP ( 'NONE', ( #2416, #1246, #1921, #1790, #2664, #2300 ) ) ;
#2212 = ADVANCED_FACE ( 'NONE', ( #2068 ), #108, .T. ) ;
#2213 = CIRCLE ( 'NONE', #1694, 7.000000000002152944 ) ;
#2214 = CARTESIAN_POINT ( 'NONE',  ( -6.717945429136616298, -2.364177194259277304, 10.94534149418306512 ) ) ;
#2215 = AXIS2_PLACEMENT_3D ( 'NONE', #1558, #1545, #518 ) ;
#2216 = DIRECTION ( 'NONE',  ( 1.000000000000000000, 2.775557561562991808E-17, 0.000000000000000000 ) ) ;
#2217 = CARTESIAN_POINT ( 'NONE',  ( -7.100000000000011191, -1.970645868709652761E-16, -5.194238485158382412E-16 ) ) ;
#2218 = DIRECTION ( 'NONE',  ( -7.315828852335735501E-17, 8.078619584905368877E-17, -1.000000000000000000 ) ) ;
#2219 = CARTESIAN_POINT ( 'NONE',  ( 5.252176864210414742, 4.902962820849026571, -1.334666194793341809 ) ) ;
#2220 = LINE ( 'NONE', #1186, #1481 ) ;
#2221 = ORIENTED_EDGE ( 'NONE', *, *, #2385, .F. ) ;
#2222 = FACE_OUTER_BOUND ( 'NONE', #446, .T. ) ;
#2223 = CARTESIAN_POINT ( 'NONE',  ( -2.302465650769201400, -6.999999999999784173, -2.071362410657472175 ) ) ;
#2224 = ORIENTED_EDGE ( 'NONE', *, *, #1257, .F. ) ;
#2225 = CIRCLE ( 'NONE', #1489, 7.100000000000011191 ) ;
#2226 = CARTESIAN_POINT ( 'NONE',  ( -4.853793667631952857, 5.592982758204312788, -2.287045163988430385 ) ) ;
#2227 = ORIENTED_EDGE ( 'NONE', *, *, #1399, .F. ) ;
#2228 = DIRECTION ( 'NONE',  ( -7.315828852335735501E-17, 8.078619584905368877E-17, -1.000000000000000000 ) ) ;
#2229 = FACE_OUTER_BOUND ( 'NONE', #1880, .T. ) ;
#2230 = CARTESIAN_POINT ( 'NONE',  ( 7.408469028274828005, 1.168155236727037805, -3.500000000000059064 ) ) ;
#2231 = CARTESIAN_POINT ( 'NONE',  ( -0.8677094090224811707, 6.999999999999895195, -6.055064628946485783 ) ) ;
#2232 = EDGE_CURVE ( 'NONE', #1147, #1497, #1389, .T. ) ;
#2233 = PRESENTATION_LAYER_ASSIGNMENT (  '', '', ( #384 ) ) ;
#2234 = LINE ( 'NONE', #2044, #2528 ) ;
#2235 = FACE_OUTER_BOUND ( 'NONE', #1058, .T. ) ;
#2236 = ORIENTED_EDGE ( 'NONE', *, *, #2114, .T. ) ;
#2237 = CARTESIAN_POINT ( 'NONE',  ( 0.000000000000000000, 0.000000000000000000, 0.000000000000000000 ) ) ;
#2238 = CARTESIAN_POINT ( 'NONE',  ( 4.690142921205377569, 5.852568613751330417, -3.500000000000063061 ) ) ;
#2239 = LINE ( 'NONE', #433, #1563 ) ;
#2240 = ORIENTED_EDGE ( 'NONE', *, *, #2089, .F. ) ;
#2241 = CARTESIAN_POINT ( 'NONE',  ( 36.98196246847783897, -1.089802438125921324E-13, -13.48196246847119362 ) ) ;
#2242 = CARTESIAN_POINT ( 'NONE',  ( 5.484827557301064083, 9.499999999997621458, 60.99999999999828049 ) ) ;
#2243 = CARTESIAN_POINT ( 'NONE',  ( 5.468460722138690500, 4.528348190060760281, -1.083390805281303493 ) ) ;
#2244 = CARTESIAN_POINT ( 'NONE',  ( -2.723401636296759243, 6.828698216972388657, -5.218417117552267115 ) ) ;
#2245 = ADVANCED_FACE ( 'NONE', ( #241, #1670 ), #227, .T. ) ;
#2246 = CARTESIAN_POINT ( 'NONE',  ( 2.311349567428512053, 9.499999999998287592, 66.38381657329229313 ) ) ;
#2247 = CARTESIAN_POINT ( 'NONE',  ( 5.484827557298954659, -9.500000000001730172, 65.68961400861739719 ) ) ;
#2248 = ORIENTED_EDGE ( 'NONE', *, *, #1594, .T. ) ;
#2249 = AXIS2_PLACEMENT_3D ( 'NONE', #1230, #2629, #601 ) ;
#2250 = FACE_OUTER_BOUND ( 'NONE', #1574, .T. ) ;
#2251 = CARTESIAN_POINT ( 'NONE',  ( -1.437559897781061746, -6.999999999999782396, -5.796858318653317355 ) ) ;
#2252 = ORIENTED_EDGE ( 'NONE', *, *, #1724, .F. ) ;
#2253 = DIRECTION ( 'NONE',  ( -7.315828852335735501E-17, 8.078619584905368877E-17, -1.000000000000000000 ) ) ;
#2254 = ORIENTED_EDGE ( 'NONE', *, *, #1345, .T. ) ;
#2255 = CIRCLE ( 'NONE', #616, 7.000000000002105871 ) ;
#2256 = CARTESIAN_POINT ( 'NONE',  ( -3.872983346207337085, -7.000000000000006217, 10.99999999999989875 ) ) ;
#2257 = AXIS2_PLACEMENT_3D ( 'NONE', #515, #739, #982 ) ;
#2258 = EDGE_CURVE ( 'NONE', #2074, #812, #1252, .T. ) ;
#2259 = CARTESIAN_POINT ( 'NONE',  ( -6.386722940303043217, -2.937871373528415209, 4.390368239128535244 ) ) ;
#2260 = FACE_OUTER_BOUND ( 'NONE', #1376, .T. ) ;
#2261 = VERTEX_POINT ( 'NONE', #1902 ) ;
#2262 = CARTESIAN_POINT ( 'NONE',  ( 7.681945528172398951, 0.6944800442292387022, 10.59970381336632173 ) ) ;
#2263 = CARTESIAN_POINT ( 'NONE',  ( 1.911205729465344172, -6.999999999999774403, -5.420735008251782894 ) ) ;
#2264 = ORIENTED_EDGE ( 'NONE', *, *, #1337, .F. ) ;
#2265 = DIRECTION ( 'NONE',  ( 1.000000000000000000, 2.775557561562903061E-17, 5.542123519472105102E-16 ) ) ;
#2266 = ADVANCED_FACE ( 'NONE', ( #478, #639 ), #1879, .F. ) ;
#2267 = ORIENTED_EDGE ( 'NONE', *, *, #574, .T. ) ;
#2268 = VECTOR ( 'NONE', #1211, 1000.000000000000000 ) ;
#2269 = ADVANCED_FACE ( 'NONE', ( #1077 ), #466, .T. ) ;
#2270 = CARTESIAN_POINT ( 'NONE',  ( 2.601337673062559031, -6.999999999999785949, 10.74489535305255394 ) ) ;
#2271 = CARTESIAN_POINT ( 'NONE',  ( -7.100000000000011191, -1.970645868709652761E-16, -0.5416954026404857681 ) ) ;
#2272 =( NAMED_UNIT ( * ) PLANE_ANGLE_UNIT ( ) SI_UNIT ( $, .RADIAN. ) );
#2273 = CARTESIAN_POINT ( 'NONE',  ( -7.998669499594823762, -0.1458980337504245384, 4.954700538379097630 ) ) ;
#2274 = CARTESIAN_POINT ( 'NONE',  ( -10.06922207679607340, -1.559595770296256623, 66.16206644060130770 ) ) ;
#2275 = ORIENTED_EDGE ( 'NONE', *, *, #2660, .T. ) ;
#2276 = CARTESIAN_POINT ( 'NONE',  ( -6.174478473098704789, 3.219489011901969899, -0.1267352128667821320 ) ) ;
#2277 = DIRECTION ( 'NONE',  ( 1.000000000000000000, 2.775557561562887037E-17, 1.084202172485502708E-16 ) ) ;
#2278 = CARTESIAN_POINT ( 'NONE',  ( -4.125686153386820543, 6.854101966250136790, 10.99999999999956657 ) ) ;
#2279 = EDGE_LOOP ( 'NONE', ( #1550, #2579 ) ) ;
#2280 = ADVANCED_FACE ( 'NONE', ( #42, #1463 ), #1853, .T. ) ;
#2281 = CARTESIAN_POINT ( 'NONE',  ( -2.723401636296758799, 6.988067224019541612, -3.500000000000058620 ) ) ;
#2282 = DIRECTION ( 'NONE',  ( 1.000000000000000000, 2.775557561562991808E-17, 7.228014483236684722E-17 ) ) ;
#2283 = CARTESIAN_POINT ( 'NONE',  ( 7.998669499594823762, 0.1458980337504245384, 4.954700538379430697 ) ) ;
#2284 = CARTESIAN_POINT ( 'NONE',  ( 6.648265583802983159, -2.484866226641630149, -5.942946062432026721 ) ) ;
#2285 = FACE_OUTER_BOUND ( 'NONE', #651, .T. ) ;
#2286 = ORIENTED_EDGE ( 'NONE', *, *, #1315, .T. ) ;
#2287 = FACE_OUTER_BOUND ( 'NONE', #9, .T. ) ;
#2288 = CARTESIAN_POINT ( 'NONE',  ( -7.125558022430719340, 3.015730774721703700, -4.336151711125169506 ) ) ;
#2289 = AXIS2_PLACEMENT_3D ( 'NONE', #509, #1133, #325 ) ;
#2290 = ADVANCED_FACE ( 'NONE', ( #1050 ), #1273, .T. ) ;
#2291 = VECTOR ( 'NONE', #726, 1000.000000000000000 ) ;
#2292 = ADVANCED_FACE ( 'NONE', ( #2285 ), #1267, .T. ) ;
#2293 = DIRECTION ( 'NONE',  ( -7.315828852335735501E-17, 8.078619584905368877E-17, -1.000000000000000000 ) ) ;
#2294 = ORIENTED_EDGE ( 'NONE', *, *, #1555, .T. ) ;
#2295 = VECTOR ( 'NONE', #201, 1000.000000000000000 ) ;
#2296 = CYLINDRICAL_SURFACE ( 'NONE', #2100, 7.100000000000011191 ) ;
#2297 = CARTESIAN_POINT ( 'NONE',  ( -0.9576760880090672279, -7.862121041718991066, -2.712025067042957094 ) ) ;
#2298 = CARTESIAN_POINT ( 'NONE',  ( 4.780691436372067393, -5.719599536893961833, -2.620497889478089704 ) ) ;
#2299 = DIRECTION ( 'NONE',  ( 0.5000000000000168754, 0.8660254037844289376, -3.338375361870354567E-17 ) ) ;
#2300 = ORIENTED_EDGE ( 'NONE', *, *, #860, .F. ) ;
#2301 = CIRCLE ( 'NONE', #969, 7.000000000002152944 ) ;
#2302 = CARTESIAN_POINT ( 'NONE',  ( -4.690142921205008975, 5.852568613751624405, -3.500000000000057732 ) ) ;
#2303 = ADVANCED_FACE ( 'NONE', ( #650 ), #1496, .T. ) ;
#2304 = CARTESIAN_POINT ( 'NONE',  ( -5.737632712677937619, 4.062128626471577242, 4.390368239128383365 ) ) ;
#2305 = CARTESIAN_POINT ( 'NONE',  ( -7.318249961564943895, 1.324419244079665825, -2.522857458365616701 ) ) ;
#2306 = EDGE_LOOP ( 'NONE', ( #2628, #1732, #2184, #2032 ) ) ;
#2307 = B_SPLINE_CURVE_WITH_KNOTS ( 'NONE', 3,
 ( #596, #804, #2030, #818, #1026, #373, #1642, #998 ),
 .UNSPECIFIED., .F., .F.,
 ( 4, 2, 2, 4 ),
 ( 0.005549746584582049801, 0.006931993905920180894, 0.008314241227258312855, 0.01107873586993457504 ),
 .UNSPECIFIED. ) ;
#2308 = CARTESIAN_POINT ( 'NONE',  ( -0.9510795493315931104, 7.678779650925682709, -2.640024689328329455 ) ) ;
#2309 = CARTESIAN_POINT ( 'NONE',  ( -1.303877900607216311, -6.999999999999786837, 4.442598473480182442 ) ) ;
#2310 = CARTESIAN_POINT ( 'NONE',  ( 0.9572741678666248921, -7.250094046374677248, -0.9629156554724992434 ) ) ;
#2311 = AXIS2_PLACEMENT_3D ( 'NONE', #2455, #6, #778 ) ;
#2312 = CARTESIAN_POINT ( 'NONE',  ( -4.760932874790816172, -5.753822369436198514, 4.632763299403357848 ) ) ;
#2313 = CARTESIAN_POINT ( 'NONE',  ( -8.689405896853701350, -3.949507499061936322, 66.51858080219228953 ) ) ;
#2314 = VERTEX_POINT ( 'NONE', #876 ) ;
#2315 = CARTESIAN_POINT ( 'NONE',  ( -7.125558022430712235, 2.082138178224316682, -1.318410507821421884 ) ) ;
#2316 = DIRECTION ( 'NONE',  ( 1.000000000000000000, 7.641109966982629792E-14, 0.000000000000000000 ) ) ;
#2317 = EDGE_CURVE ( 'NONE', #1715, #1022, #2169, .T. ) ;
#2318 = CARTESIAN_POINT ( 'NONE',  ( 0.000000000000000000, 0.000000000000000000, 10.42264973081374890 ) ) ;
#2319 = ORIENTED_EDGE ( 'NONE', *, *, #1493, .F. ) ;
#2320 = B_SPLINE_CURVE_WITH_KNOTS ( 'NONE', 3,
 ( #2099, #257, #1894, #58, #667, #1488, #1093, #1161, #1986, #1320, #543, #507 ),
 .UNSPECIFIED., .F., .F.,
 ( 4, 2, 2, 2, 2, 4 ),
 ( 1.391515312538936288E-11, 0.002769684030128500077, 0.005539368046341846402, 0.006924210054448520432, 0.008309052062555196197, 0.01107873607876854599 ),
 .UNSPECIFIED. ) ;
#2321 = B_SPLINE_CURVE_WITH_KNOTS ( 'NONE', 3,
 ( #1803, #1019, #2659, #1633, #2645, #391 ),
 .UNSPECIFIED., .F., .F.,
 ( 4, 2, 4 ),
 ( 8.364533684608039852E-18, 0.001957890020746116087, 0.003915780041492224368 ),
 .UNSPECIFIED. ) ;
#2322 = DIRECTION ( 'NONE',  ( 1.000000000000000000, 2.775557561562887653E-17, 0.000000000000000000 ) ) ;
#2323 = ADVANCED_FACE ( 'NONE', ( #832 ), #1052, .F. ) ;
#2324 = CARTESIAN_POINT ( 'NONE',  ( 7.998669499594934784, -0.1458980337499804492, 10.99999999999989875 ) ) ;
#2325 = CARTESIAN_POINT ( 'NONE',  ( 22.67157287524912590, -45.34314575050039764, 6.737084369300069173E-16 ) ) ;
#2326 = ADVANCED_FACE ( 'NONE', ( #1915 ), #292, .T. ) ;
#2327 = CARTESIAN_POINT ( 'NONE',  ( -8.455153485022615101, -4.355244578148909973, 66.53841357307503301 ) ) ;
#2328 = ORIENTED_EDGE ( 'NONE', *, *, #1061, .T. ) ;
#2329 = DIRECTION ( 'NONE',  ( 7.315828852335730571E-17, 7.715611049475885810E-17, 1.000000000000000000 ) ) ;
#2330 = CARTESIAN_POINT ( 'NONE',  ( -5.247594267083128372, 4.910900111903828247, 4.481463663658270313 ) ) ;
#2331 = DIRECTION ( 'NONE',  ( -1.000000000000000000, -2.775557561564098678E-17, 0.000000000000000000 ) ) ;
#2332 = VERTEX_POINT ( 'NONE', #1527 ) ;
#2333 =( GEOMETRIC_REPRESENTATION_CONTEXT ( 3 ) GLOBAL_UNCERTAINTY_ASSIGNED_CONTEXT ( ( #1858 ) ) GLOBAL_UNIT_ASSIGNED_CONTEXT ( ( #673, #2272, #2066 ) ) REPRESENTATION_CONTEXT ( 'NONE', 'WORKASPACE' ) );
#2334 = CARTESIAN_POINT ( 'NONE',  ( -5.885777423162318556, 3.805534461040060989, -6.175136794965833786 ) ) ;
#2335 = CARTESIAN_POINT ( 'NONE',  ( -4.785374346078564933, -5.711488499354062220, -4.406047778043475027 ) ) ;
#2336 = CARTESIAN_POINT ( 'NONE',  ( 4.751158242691523093, 5.770752528857880925, -4.205713818532577974 ) ) ;
#2337 = CARTESIAN_POINT ( 'NONE',  ( 0.000000000000000000, 0.000000000000000000, 7.688675134595035487 ) ) ;
#2338 = ORIENTED_EDGE ( 'NONE', *, *, #47, .F. ) ;
#2339 = AXIS2_PLACEMENT_3D ( 'NONE', #1232, #643, #2522 ) ;
#2340 = CARTESIAN_POINT ( 'NONE',  ( -24.08578643762742644, -48.17157287525329679, -0.5857864376303245635 ) ) ;
#2341 = FACE_OUTER_BOUND ( 'NONE', #534, .T. ) ;
#2342 = AXIS2_PLACEMENT_3D ( 'NONE', #967, #2199, #354 ) ;
#2343 = CIRCLE ( 'NONE', #1950, 37.56084042259762157 ) ;
#2344 = CARTESIAN_POINT ( 'NONE',  ( -4.715886624706274510, 5.831844763273156929, -3.500000000000057732 ) ) ;
#2345 = DIRECTION ( 'NONE',  ( -1.000000000000000000, -2.775557561562880874E-17, 0.000000000000000000 ) ) ;
#2346 = ORIENTED_EDGE ( 'NONE', *, *, #84, .T. ) ;
#2347 = EDGE_CURVE ( 'NONE', #2332, #1727, #2301, .T. ) ;
#2348 = EDGE_LOOP ( 'NONE', ( #2264, #958, #2357, #2649, #1671, #944, #1835, #1932, #2644, #2161 ) ) ;
#2349 = CARTESIAN_POINT ( 'NONE',  ( -6.238682827012380194, 3.194284371306169934, -6.175100268989326402 ) ) ;
#2350 = CARTESIAN_POINT ( 'NONE',  ( -5.209269530469742726, -4.977280502904789294, -1.394797669722020128 ) ) ;
#2351 = ADVANCED_FACE ( 'NONE', ( #2174 ), #281, .T. ) ;
#2352 = CARTESIAN_POINT ( 'NONE',  ( 10.06922207679610892, 1.559595770292248940, 66.16206644060106612 ) ) ;
#2353 = PLANE ( 'NONE',  #2043 ) ;
#2354 = CARTESIAN_POINT ( 'NONE',  ( -4.415037895442625704, 6.263821026877535836, 11.74578762887759176 ) ) ;
#2355 = CARTESIAN_POINT ( 'NONE',  ( 7.998669499594823762, 0.1458980337504245384, 4.954700538379430697 ) ) ;
#2356 = LINE ( 'NONE', #347, #2559 ) ;
#2357 = ORIENTED_EDGE ( 'NONE', *, *, #84, .F. ) ;
#2358 = CARTESIAN_POINT ( 'NONE',  ( -4.681629138902676956, -6.635506082456297250, -1.698464896370080801 ) ) ;
#2359 = CARTESIAN_POINT ( 'NONE',  ( 7.125558022430580785, 3.015730774721814722, -4.337443578317481396 ) ) ;
#2360 = ORIENTED_EDGE ( 'NONE', *, *, #2258, .F. ) ;
#2361 = VECTOR ( 'NONE', #1278, 1000.000000000000000 ) ;
#2362 = CARTESIAN_POINT ( 'NONE',  ( 22.67157287525078146, 45.34314575050037632, 7.999908942954102313E-15 ) ) ;
#2363 = CARTESIAN_POINT ( 'NONE',  ( 36.98196246847773949, -1.120453076562660014E-13, -13.48196246847109414 ) ) ;
#2364 = CARTESIAN_POINT ( 'NONE',  ( 6.659308984752462912, 2.465738495108230843, -5.919671916721661376 ) ) ;
#2365 = PLANE ( 'NONE',  #2257 ) ;
#2366 = CARTESIAN_POINT ( 'NONE',  ( 4.415037895442624816, 10.17555234314152379, -0.1554800992414704652 ) ) ;
#2367 = CARTESIAN_POINT ( 'NONE',  ( -1.864152798737350958, 9.499999999998284039, 66.45639326178500994 ) ) ;
#2368 = DIRECTION ( 'NONE',  ( -1.000000000000000000, -2.775557561562886729E-17, -6.108181253439452538E-17 ) ) ;
#2369 = ORIENTED_EDGE ( 'NONE', *, *, #1456, .F. ) ;
#2370 = CARTESIAN_POINT ( 'NONE',  ( -3.872983346207559130, -7.000000000000006217, 10.42264973081263868 ) ) ;
#2371 = DIRECTION ( 'NONE',  ( 1.000000000000000000, 2.775557561562991808E-17, 0.000000000000000000 ) ) ;
#2372 = EDGE_CURVE ( 'NONE', #329, #1464, #539, .T. ) ;
#2373 = ADVANCED_FACE ( 'NONE', ( #90 ), #2353, .T. ) ;
#2374 = ORIENTED_EDGE ( 'NONE', *, *, #1897, .T. ) ;
#2375 = CARTESIAN_POINT ( 'NONE',  ( -4.758837702385014801, 5.757451314493511774, -4.197501948571995989 ) ) ;
#2376 = DIRECTION ( 'NONE',  ( 1.000000000000000000, 2.775557561562657774E-17, 1.084202172485532660E-16 ) ) ;
#2377 = CIRCLE ( 'NONE', #1128, 38.00000000000249401 ) ;
#2378 = LINE ( 'NONE', #527, #152 ) ;
#2379 = ORIENTED_EDGE ( 'NONE', *, *, #1617, .T. ) ;
#2380 = EDGE_CURVE ( 'NONE', #1786, #936, #1714, .T. ) ;
#2381 = CARTESIAN_POINT ( 'NONE',  ( -0.8164674628904832199, 7.000000000000006217, -0.9011111858738418690 ) ) ;
#2382 = CARTESIAN_POINT ( 'NONE',  ( 0.000000000000000000, 0.000000000000000000, -3.500000000000058620 ) ) ;
#2383 = ORIENTED_EDGE ( 'NONE', *, *, #1203, .T. ) ;
#2384 = CIRCLE ( 'NONE', #22, 8.000000000002049916 ) ;
#2385 = EDGE_CURVE ( 'NONE', #36, #1420, #1905, .T. ) ;
#2386 = DIRECTION ( 'NONE',  ( -0.7071067811864436559, 3.749831117759449553E-17, -0.7071067811866514896 ) ) ;
#2387 = CARTESIAN_POINT ( 'NONE',  ( 4.690142921205380233, 5.852568613751340187, -5.125210062957441970 ) ) ;
#2388 = ORIENTED_EDGE ( 'NONE', *, *, #1292, .T. ) ;
#2389 = CONICAL_SURFACE ( 'NONE', #2474, 8.000000000002366107, 1.047197551196399790 ) ;
#2390 = ORIENTED_EDGE ( 'NONE', *, *, #1568, .T. ) ;
#2391 = CARTESIAN_POINT ( 'NONE',  ( -4.125686153386043387, 6.854101966251691103, 10.42264973081408286 ) ) ;
#2392 = CARTESIAN_POINT ( 'NONE',  ( 7.099999999999999645, 1.066563814265584325E-15, -1.083390805280970870 ) ) ;
#2393 = DIRECTION ( 'NONE',  ( -7.315828852335735501E-17, 8.078619584905368877E-17, -1.000000000000000000 ) ) ;
#2394 = CARTESIAN_POINT ( 'NONE',  ( -4.041451884326807686, 6.999999999999895195, 10.99999999999956657 ) ) ;
#2395 = CARTESIAN_POINT ( 'NONE',  ( 6.383660923464045567, 7.943174942265245342, 61.83878341165063830 ) ) ;
#2396 = CARTESIAN_POINT ( 'NONE',  ( -5.484827557300842038, -9.500000000001950440, 60.99999999999894129 ) ) ;
#2397 = ORIENTED_EDGE ( 'NONE', *, *, #2258, .T. ) ;
#2398 = AXIS2_PLACEMENT_3D ( 'NONE', #1487, #1498, #835 ) ;
#2399 = DIRECTION ( 'NONE',  ( -7.315828852335735501E-17, 8.078619584905368877E-17, -1.000000000000000000 ) ) ;
#2400 = EDGE_CURVE ( 'NONE', #1916, #612, #1229, .T. ) ;
#2401 = CARTESIAN_POINT ( 'NONE',  ( -6.655894930842398693, 2.471651809939356959, -1.083390805281525537 ) ) ;
#2402 = VERTEX_POINT ( 'NONE', #1743 ) ;
#2403 = VERTEX_POINT ( 'NONE', #1553 ) ;
#2404 = DIRECTION ( 'NONE',  ( -7.315828852335735501E-17, 8.078619584905368877E-17, -1.000000000000000000 ) ) ;
#2405 = EDGE_CURVE ( 'NONE', #197, #1705, #2378, .T. ) ;
#2406 = CARTESIAN_POINT ( 'NONE',  ( 0.000000000000000000, 0.000000000000000000, -1.083390805280970426 ) ) ;
#2407 = CARTESIAN_POINT ( 'NONE',  ( 0.000000000000000000, 0.000000000000000000, -1.083390805280970426 ) ) ;
#2408 = CARTESIAN_POINT ( 'NONE',  ( 6.000000000000009770, 1.665334536937734811E-16, 0.9999999999998903100 ) ) ;
#2409 = CARTESIAN_POINT ( 'NONE',  ( 0.000000000000000000, 0.000000000000000000, 10.42264973081374890 ) ) ;
#2410 = DIRECTION ( 'NONE',  ( -7.315828852335735501E-17, 8.078619584905368877E-17, -1.000000000000000000 ) ) ;
#2411 = ORIENTED_EDGE ( 'NONE', *, *, #1421, .T. ) ;
#2412 =( BOUNDED_SURFACE ( )  B_SPLINE_SURFACE ( 3, 3, ( 
 ( #1735, #1361, #1561, #763 ),
 ( #2618, #139, #2359, #510 ),
 ( #960, #546, #1334, #1749 ),
 ( #1175, #1347, #2387, #1375 ) ),
 .UNSPECIFIED., .F., .F., .F. ) 
 B_SPLINE_SURFACE_WITH_KNOTS ( ( 4, 4 ),
 ( 4, 4 ),
 ( 0.000000000000000000, 1.000000000000000000 ),
 ( 0.000000000000000000, 1.000000000000000000 ),
 .UNSPECIFIED. ) 
 GEOMETRIC_REPRESENTATION_ITEM ( )  RATIONAL_B_SPLINE_SURFACE ( (
 ( 1.000000000000000000, 0.9460544014885882147, 0.9460544014885882147, 1.000000000000000000),
 ( 0.9544948643572729319, 0.9030040676234510899, 0.9030040676234510899, 0.9544948643572729319),
 ( 0.9544948643572729319, 0.9030040676234510899, 0.9030040676234510899, 0.9544948643572729319),
 ( 1.000000000000000000, 0.9460544014885882147, 0.9460544014885882147, 1.000000000000000000) ) ) 
 REPRESENTATION_ITEM ( '' )  SURFACE ( )  );
#2413 = CARTESIAN_POINT ( 'NONE',  ( 6.062177826492209931, -3.500000000000946798, 11.00000000000433964 ) ) ;
#2414 = CARTESIAN_POINT ( 'NONE',  ( -2.657142164346168123, 6.999999999999894307, -2.998554018576513602 ) ) ;
#2415 = CARTESIAN_POINT ( 'NONE',  ( -2.220446049250313081E-13, -6.661338147750939243E-13, 44.00000000000004263 ) ) ;
#2416 = ORIENTED_EDGE ( 'NONE', *, *, #1235, .F. ) ;
#2417 = CARTESIAN_POINT ( 'NONE',  ( -6.392098630056572084, -2.928560405750521678, 11.00000000000503775 ) ) ;
#2418 = CARTESIAN_POINT ( 'NONE',  ( 8.377661979482336237E-16, 9.499999999998287592, 61.46188021534943857 ) ) ;
#2419 = CARTESIAN_POINT ( 'NONE',  ( 7.362846663022291516, -1.247175491306446338, 10.74489535305252197 ) ) ;
#2420 = CARTESIAN_POINT ( 'NONE',  ( 2.723401636296757022, 6.988067224019545165, -3.500000000000063505 ) ) ;
#2421 = CARTESIAN_POINT ( 'NONE',  ( 5.484827557301175105, 9.499999999997621458, 65.68961400861617506 ) ) ;
#2422 = DIRECTION ( 'NONE',  ( 7.315828852335735501E-17, -8.078619584905368877E-17, 1.000000000000000000 ) ) ;
#2423 = EDGE_LOOP ( 'NONE', ( #2591, #2573, #1492, #2025 ) ) ;
#2424 = AXIS2_PLACEMENT_3D ( 'NONE', #2407, #2461, #1597 ) ;
#2425 = DIRECTION ( 'NONE',  ( -7.315828852335735501E-17, 8.078619584905368877E-17, -1.000000000000000000 ) ) ;
#2426 = CARTESIAN_POINT ( 'NONE',  ( -3.239861104067877307, 7.000000000000339284, 4.777737491943086390 ) ) ;
#2427 = CIRCLE ( 'NONE', #1055, 7.500000000000010658 ) ;
#2428 = CARTESIAN_POINT ( 'NONE',  ( -7.071566584083750939, 6.751687387252136574, 61.61618341806271104 ) ) ;
#2429 = ORIENTED_EDGE ( 'NONE', *, *, #1083, .T. ) ;
#2430 = FACE_OUTER_BOUND ( 'NONE', #2211, .T. ) ;
#2431 = ADVANCED_FACE ( 'NONE', ( #2596 ), #2365, .T. ) ;
#2432 = CONICAL_SURFACE ( 'NONE', #1615, 7.999999999999792166, 1.047197551196400012 ) ;
#2433 = CARTESIAN_POINT ( 'NONE',  ( -6.655894930843730961, -2.471651809939801048, -1.083390805280970426 ) ) ;
#2434 = CARTESIAN_POINT ( 'NONE',  ( 7.322313674334031575, 1.317380687096570746, -2.520150927245044858 ) ) ;
#2435 = CARTESIAN_POINT ( 'NONE',  ( 0.8685946591948136009, 6.999999999999894307, -6.054724639418995302 ) ) ;
#2436 = DIRECTION ( 'NONE',  ( -1.000000000000000000, -2.775557561562882415E-17, 0.000000000000000000 ) ) ;
#2437 = CARTESIAN_POINT ( 'NONE',  ( 0.000000000000000000, 0.000000000000000000, -1.083390805280970426 ) ) ;
#2438 = ORIENTED_EDGE ( 'NONE', *, *, #1655, .T. ) ;
#2439 = B_SPLINE_CURVE_WITH_KNOTS ( 'NONE', 3,
 ( #790, #1613, #583, #623, #649, #2298, #846, #1473, #2079, #2504, #888, #1462, #1039, #465, #2516, #1450, #41, #638, #453, #2284, #1864, #225, #1901, #1878, #28, #1280, #415, #440, #2095, #1687, #662, #2056, #1888, #263 ),
 .UNSPECIFIED., .F., .F.,
 ( 4, 2, 2, 2, 2, 2, 2, 2, 2, 2, 2, 2, 2, 2, 2, 2, 4 ),
 ( 4.418891507750777530E-16, 0.0008992979800934691303, 0.001798595960186496340, 0.002697893940279523766, 0.003597191920372550759, 0.004496489900465577318, 0.005395787880558605178, 0.006295085860651632170, 0.007194383840744659163, 0.008093681820837687890, 0.008992979800930714016, 0.009892277781023741876, 0.01079157576111676974, 0.01169087374120979586, 0.01259017172130282372, 0.01348946970139584985, 0.01438876768148887771 ),
 .UNSPECIFIED. ) ;
#2440 = CARTESIAN_POINT ( 'NONE',  ( 5.933170284413564310, -8.723447617434997525, 65.94846480280671130 ) ) ;
#2441 = CARTESIAN_POINT ( 'NONE',  ( 7.413544557502784293, 1.010989662811998535, -2.894280602492656840 ) ) ;
#2442 = CIRCLE ( 'NONE', #1285, 8.000000000000012434 ) ;
#2443 = CARTESIAN_POINT ( 'NONE',  ( -7.071566552234815006, 6.751687442416111296, 66.38381657329433949 ) ) ;
#2444 = ORIENTED_EDGE ( 'NONE', *, *, #101, .T. ) ;
#2445 = DIRECTION ( 'NONE',  ( -0.8660254037844289376, 0.5000000000000168754, -1.037500342831469377E-16 ) ) ;
#2446 = LINE ( 'NONE', #1182, #1098 ) ;
#2447 = CARTESIAN_POINT ( 'NONE',  ( 0.000000000000000000, -1.110223024625156540E-13, -13.48196246848254454 ) ) ;
#2448 = CARTESIAN_POINT ( 'NONE',  ( 0.3528008066568453227, 6.999999999999891642, -6.175136794964783071 ) ) ;
#2449 = AXIS2_PLACEMENT_3D ( 'NONE', #1397, #2218, #372 ) ;
#2450 = CARTESIAN_POINT ( 'NONE',  ( 0.000000000000000000, 3.330669073875469621E-13, 4.954700538378986607 ) ) ;
#2451 = CARTESIAN_POINT ( 'NONE',  ( -0.9344508600370814433, 9.499999999998287592, 61.46188021534944568 ) ) ;
#2452 = ORIENTED_EDGE ( 'NONE', *, *, #1256, .T. ) ;
#2453 = B_SPLINE_CURVE_WITH_KNOTS ( 'NONE', 3,
 ( #310, #2556, #494, #1130, #1117, #1931, #93, #915, #1731, #1531, #1944, #3 ),
 .UNSPECIFIED., .F., .F.,
 ( 4, 2, 2, 2, 2, 4 ),
 ( 5.874104912727741423E-17, 0.001952732202527733508, 0.003905464405055408036, 0.004881830506319246275, 0.005858196607583083214, 0.007810928810110759693 ),
 .UNSPECIFIED. ) ;
#2454 = B_SPLINE_CURVE_WITH_KNOTS ( 'NONE', 3,
 ( #1042, #1465, #2084, #2532, #468, #1870 ),
 .UNSPECIFIED., .F., .F.,
 ( 4, 2, 4 ),
 ( 2.313005241566428930E-16, 0.001957890020746201956, 0.003915780041492173194 ),
 .UNSPECIFIED. ) ;
#2455 = CARTESIAN_POINT ( 'NONE',  ( 0.000000000000000000, 0.000000000000000000, 7.688675134595035487 ) ) ;
#2456 = CARTESIAN_POINT ( 'NONE',  ( -2.438183097992542514, -6.999999999999782396, -4.682139158923789957 ) ) ;
#2457 = CARTESIAN_POINT ( 'NONE',  ( 5.484827557301175105, 9.499999999997621458, 65.68961400861617506 ) ) ;
#2458 = VERTEX_POINT ( 'NONE', #580 ) ;
#2459 = EDGE_CURVE ( 'NONE', #784, #328, #2650, .T. ) ;
#2460 = DIRECTION ( 'NONE',  ( -7.315828852335735501E-17, 8.078619584905368877E-17, -1.000000000000000000 ) ) ;
#2461 = DIRECTION ( 'NONE',  ( 7.315828852335735501E-17, -8.078619584905368877E-17, 1.000000000000000000 ) ) ;
#2462 = FACE_OUTER_BOUND ( 'NONE', #1188, .T. ) ;
#2463 = CARTESIAN_POINT ( 'NONE',  ( 3.872983346207004018, 6.999999999999895195, 10.99999999999956657 ) ) ;
#2464 = ORIENTED_EDGE ( 'NONE', *, *, #2011, .F. ) ;
#2465 = AXIS2_PLACEMENT_3D ( 'NONE', #2026, #2445, #1409 ) ;
#2466 = EDGE_CURVE ( 'NONE', #1549, #2547, #2446, .T. ) ;
#2467 = DIRECTION ( 'NONE',  ( 7.315828852335735501E-17, -8.078619584905368877E-17, 1.000000000000000000 ) ) ;
#2468 = CARTESIAN_POINT ( 'NONE',  ( 2.709533515874449794, -6.999999999999739764, -3.514511090652089553 ) ) ;
#2469 = ORIENTED_EDGE ( 'NONE', *, *, #741, .F. ) ;
#2470 = EDGE_CURVE ( 'NONE', #315, #156, #2557, .T. ) ;
#2471 = CARTESIAN_POINT ( 'NONE',  ( -10.96965511460079590, -3.219646771412953967E-12, 62.31038599137983169 ) ) ;
#2472 = EDGE_LOOP ( 'NONE', ( #2438, #1041, #2621, #882 ) ) ;
#2473 = CIRCLE ( 'NONE', #151, 6.000000000000009770 ) ;
#2474 = AXIS2_PLACEMENT_3D ( 'NONE', #389, #1212, #2480 ) ;
#2475 = SHAPE_DEFINITION_REPRESENTATION ( #1505, #682 ) ;
#2476 = CARTESIAN_POINT ( 'NONE',  ( 0.000000000000000000, 0.000000000000000000, 10.42264973081374890 ) ) ;
#2477 = CARTESIAN_POINT ( 'NONE',  ( 0.9572741678666253362, -7.829481787185229358, -4.564838563842384289 ) ) ;
#2478 = CIRCLE ( 'NONE', #492, 24.08578643762794513 ) ;
#2479 = CARTESIAN_POINT ( 'NONE',  ( -6.876761385897820489, -2.089099888096221935, 4.481463663658387553 ) ) ;
#2480 = DIRECTION ( 'NONE',  ( -1.000000000000000000, -2.775557561562887037E-17, 0.000000000000000000 ) ) ;
#2481 = ORIENTED_EDGE ( 'NONE', *, *, #839, .F. ) ;
#2482 = DIRECTION ( 'NONE',  ( -7.315828852335735501E-17, 8.078619584905368877E-17, -1.000000000000000000 ) ) ;
#2483 = CARTESIAN_POINT ( 'NONE',  ( 1.303877900607184781, 6.999999999999895195, 4.442598473479862697 ) ) ;
#2484 = UNCERTAINTY_MEASURE_WITH_UNIT (LENGTH_MEASURE( 1.000000000000000082E-05 ), #2487, 'distance_accuracy_value', 'NONE');
#2485 = CARTESIAN_POINT ( 'NONE',  ( -5.406410223844006602, -4.635822805741249830, 10.94534149418289992 ) ) ;
#2486 = ORIENTED_EDGE ( 'NONE', *, *, #1315, .F. ) ;
#2487 =( LENGTH_UNIT ( ) NAMED_UNIT ( * ) SI_UNIT ( .MILLI., .METRE. ) );
#2488 = B_SPLINE_CURVE_WITH_KNOTS ( 'NONE', 3,
 ( #65, #438, #275, #2093, #238, #1279 ),
 .UNSPECIFIED., .F., .F.,
 ( 4, 2, 4 ),
 ( 0.000000000000000000, 0.002774873292291024900, 0.005549746584582049801 ),
 .UNSPECIFIED. ) ;
#2489 = CARTESIAN_POINT ( 'NONE',  ( 5.999999999999898748, -2.442324120721650615E-12, 66.99999999999894840 ) ) ;
#2490 = CARTESIAN_POINT ( 'NONE',  ( 2.739869907530723125, -7.116414099567818674, -4.467858713445684415 ) ) ;
#2491 = DIRECTION ( 'NONE',  ( -1.000000000000000000, -2.775557561562880874E-17, 0.000000000000000000 ) ) ;
#2492 = ADVANCED_FACE ( 'NONE', ( #2229 ), #1380, .T. ) ;
#2493 = DIRECTION ( 'NONE',  ( 1.000000000000000000, 2.775557561562991808E-17, 0.000000000000000000 ) ) ;
#2494 = ORIENTED_EDGE ( 'NONE', *, *, #630, .F. ) ;
#2495 = EDGE_CURVE ( 'NONE', #854, #191, #144, .T. ) ;
#2496 = CARTESIAN_POINT ( 'NONE',  ( -4.690142921205008975, 4.040764067374079005, 0.7337672503916173872 ) ) ;
#2497 = CARTESIAN_POINT ( 'NONE',  ( -7.413544557502860677, 0.7838095649473751925, -4.321583629228998191 ) ) ;
#2498 = EDGE_CURVE ( 'NONE', #1705, #884, #1780, .T. ) ;
#2499 = DIRECTION ( 'NONE',  ( 7.315828852335735501E-17, -8.078619584905368877E-17, 1.000000000000000000 ) ) ;
#2500 = ORIENTED_EDGE ( 'NONE', *, *, #1775, .F. ) ;
#2501 = DIRECTION ( 'NONE',  ( 1.000000000000000000, 2.775557561562581353E-17, 1.084202172485502708E-16 ) ) ;
#2502 = CARTESIAN_POINT ( 'NONE',  ( -3.238832424594439097, -6.999999999999672262, 4.777449967289676636 ) ) ;
#2503 = LINE ( 'NONE', #2324, #813 ) ;
#2504 = CARTESIAN_POINT ( 'NONE',  ( 4.785131512040525337, -5.711909100246741922, -4.404905812766776840 ) ) ;
#2505 = DIRECTION ( 'NONE',  ( 7.315828852335730571E-17, 7.715611049475885810E-17, 1.000000000000000000 ) ) ;
#2506 = VERTEX_POINT ( 'NONE', #1169 ) ;
#2507 = DIRECTION ( 'NONE',  ( -7.315828852335739199E-17, -8.078619584905368877E-17, 1.000000000000000000 ) ) ;
#2508 = CARTESIAN_POINT ( 'NONE',  ( -4.690142921205011639, 5.852568613751636839, -5.122702962043193864 ) ) ;
#2509 = CIRCLE ( 'NONE', #2424, 7.100000000000011191 ) ;
#2510 = FACE_OUTER_BOUND ( 'NONE', #1685, .T. ) ;
#2511 = ORIENTED_EDGE ( 'NONE', *, *, #1060, .T. ) ;
#2512 = DIRECTION ( 'NONE',  ( -7.315828852335735501E-17, 8.078619584905368877E-17, -1.000000000000000000 ) ) ;
#2513 = CARTESIAN_POINT ( 'NONE',  ( -2.740235220357976509, -6.589658594408801306, -1.194027201755331502 ) ) ;
#2514 = VECTOR ( 'NONE', #2253, 1000.000000000000000 ) ;
#2515 = ADVANCED_FACE ( 'NONE', ( #1982 ), #198, .T. ) ;
#2516 = CARTESIAN_POINT ( 'NONE',  ( 5.475137751099232730, -4.516783236657596845, -5.942052382765640850 ) ) ;
#2517 = CARTESIAN_POINT ( 'NONE',  ( 0.000000000000000000, 0.000000000000000000, -3.500000000000058620 ) ) ;
#2518 = ORIENTED_EDGE ( 'NONE', *, *, #970, .T. ) ;
#2519 = AXIS2_PLACEMENT_3D ( 'NONE', #344, #554, #182 ) ;
#2520 = CARTESIAN_POINT ( 'NONE',  ( 3.000000000000113687, -2.442490654175344389E-12, 76.99999999999896261 ) ) ;
#2521 = PLANE ( 'NONE',  #1276 ) ;
#2522 = DIRECTION ( 'NONE',  ( 2.775557561562886729E-17, -1.000000000000000000, 0.000000000000000000 ) ) ;
#2523 = EDGE_LOOP ( 'NONE', ( #732, #1452, #968, #1616, #1378, #2338, #1435, #1831, #1945, #352 ) ) ;
#2524 = EDGE_CURVE ( 'NONE', #1727, #498, #1569, .T. ) ;
#2525 = CARTESIAN_POINT ( 'NONE',  ( 0.9510795493315902238, 7.678779650925682709, -2.640024689328328567 ) ) ;
#2526 = CARTESIAN_POINT ( 'NONE',  ( -3.872983346207226063, -7.000000000000006217, 4.954700538379430697 ) ) ;
#2527 = CARTESIAN_POINT ( 'NONE',  ( -0.9576760880090670058, -7.156035739285510289, -6.291244076306036881 ) ) ;
#2528 = VECTOR ( 'NONE', #1226, 1000.000000000000000 ) ;
#2529 = CARTESIAN_POINT ( 'NONE',  ( 7.238961133767691791, 1.461751522297413119, -4.854189114602903032 ) ) ;
#2530 = CARTESIAN_POINT ( 'NONE',  ( 0.000000000000000000, -2.220446049250313081E-12, 60.99999999999894129 ) ) ;
#2531 = EDGE_LOOP ( 'NONE', ( #1977, #2248, #2429, #1275 ) ) ;
#2532 = CARTESIAN_POINT ( 'NONE',  ( 2.601337673064462397, 6.999999999999895195, 10.74489535305211874 ) ) ;
#2533 = FACE_OUTER_BOUND ( 'NONE', #508, .T. ) ;
#2534 = VERTEX_POINT ( 'NONE', #1581 ) ;
#2535 = DIRECTION ( 'NONE',  ( -7.315828852335735501E-17, 8.078619584905368877E-17, -1.000000000000000000 ) ) ;
#2536 = ORIENTED_EDGE ( 'NONE', *, *, #1659, .T. ) ;
#2537 = AXIS2_PLACEMENT_3D ( 'NONE', #871, #2512, #1483 ) ;
#2538 = CARTESIAN_POINT ( 'NONE',  ( -7.272536394175601160, 1.403597465393221277, -4.692018832927597138 ) ) ;
#2539 = CARTESIAN_POINT ( 'NONE',  ( 6.470411557935870306, -2.792918435773883878, -0.9011111858738521940 ) ) ;
#2540 = CARTESIAN_POINT ( 'NONE',  ( 6.952426188235972582, 1.958044606102306240, -5.527476727492181219 ) ) ;
#2541 = DIRECTION ( 'NONE',  ( -1.000000000000000000, -2.775557561562886729E-17, 0.000000000000000000 ) ) ;
#2542 = EDGE_LOOP ( 'NONE', ( #1964, #1648, #1362, #300 ) ) ;
#2543 = CARTESIAN_POINT ( 'NONE',  ( 3.872983346207559130, -6.999999999999784173, 4.954700538379430697 ) ) ;
#2544 = DIRECTION ( 'NONE',  ( -7.315828852335735501E-17, 8.078619584905368877E-17, -1.000000000000000000 ) ) ;
#2545 = CARTESIAN_POINT ( 'NONE',  ( -36.98196246847759738, -1.120487581182238284E-13, -13.48196246848254809 ) ) ;
#2546 = DIRECTION ( 'NONE',  ( 7.315828852335735501E-17, -8.078619584905368877E-17, 1.000000000000000000 ) ) ;
#2547 = VERTEX_POINT ( 'NONE', #1023 ) ;
#2548 = EDGE_CURVE ( 'NONE', #2204, #1767, #1867, .T. ) ;
#2549 = CARTESIAN_POINT ( 'NONE',  ( 24.08578643762659510, -4.439357086047733996E-13, -0.5857864376303877352 ) ) ;
#2550 = CARTESIAN_POINT ( 'NONE',  ( 5.959709667642380637, -3.677480057283878168, -0.8074899269989171957 ) ) ;
#2551 = CARTESIAN_POINT ( 'NONE',  ( 7.339624484777314883, 1.287397483888613303, -4.367926340622603654 ) ) ;
#2552 = CARTESIAN_POINT ( 'NONE',  ( 6.184046493966218527, -3.200407519918145205, -0.1141717220759781576 ) ) ;
#2553 = ORIENTED_EDGE ( 'NONE', *, *, #1256, .F. ) ;
#2554 = CIRCLE ( 'NONE', #66, 7.100000000000011191 ) ;
#2555 = CARTESIAN_POINT ( 'NONE',  ( 5.932612020332376446, 8.724414559187582796, 62.05185751417208451 ) ) ;
#2556 = CARTESIAN_POINT ( 'NONE',  ( 7.682108378525590808, -0.6941979791433282587, 4.777737491943587322 ) ) ;
#2557 = CIRCLE ( 'NONE', #2519, 7.100000000000011191 ) ;
#2558 = ORIENTED_EDGE ( 'NONE', *, *, #2400, .T. ) ;
#2559 = VECTOR ( 'NONE', #1573, 1000.000000000000114 ) ;
#2560 = LINE ( 'NONE', #1359, #314 ) ;
#2561 = CARTESIAN_POINT ( 'NONE',  ( 22.67157287525001408, -4.440892098500626162E-13, -2.000000000000001776 ) ) ;
#2562 = VERTEX_POINT ( 'NONE', #2418 ) ;
#2563 = B_SPLINE_CURVE_WITH_KNOTS ( 'NONE', 3,
 ( #1251, #1049, #2620, #1178, #1914, #686, #79, #900, #1927, #2352, #2118, #1713 ),
 .UNSPECIFIED., .F., .F.,
 ( 4, 2, 2, 2, 2, 4 ),
 ( 5.849748895466183908E-16, 0.002769684012900338037, 0.005539368025800090606, 0.006924210032249966673, 0.008309052038699844475, 0.01107873605159959141 ),
 .UNSPECIFIED. ) ;
#2564 = CARTESIAN_POINT ( 'NONE',  ( -7.132324108055144940, 1.646452268799226459, -5.143288846641856260 ) ) ;
#2565 = CARTESIAN_POINT ( 'NONE',  ( -5.762493206466717588, -4.019068988128071673, -6.142486975394181314 ) ) ;
#2566 = CARTESIAN_POINT ( 'NONE',  ( 5.484827513997592163, -9.500000000001840306, 62.31038597888016994 ) ) ;
#2567 = DIRECTION ( 'NONE',  ( 7.315828852335735501E-17, -8.078619584905368877E-17, 1.000000000000000000 ) ) ;
#2568 = EDGE_LOOP ( 'NONE', ( #247, #280 ) ) ;
#2569 = VECTOR ( 'NONE', #244, 1000.000000000000000 ) ;
#2570 = EDGE_CURVE ( 'NONE', #1103, #360, #995, .T. ) ;
#2571 = CARTESIAN_POINT ( 'NONE',  ( -4.589258711402997015, 9.499999999997955413, 65.94814246574470928 ) ) ;
#2572 = DIRECTION ( 'NONE',  ( -7.315828852335735501E-17, 8.078619584905368877E-17, -1.000000000000000000 ) ) ;
#2573 = ORIENTED_EDGE ( 'NONE', *, *, #2121, .T. ) ;
#2574 = EDGE_CURVE ( 'NONE', #2261, #2332, #1352, .T. ) ;
#2575 = CONICAL_SURFACE ( 'NONE', #768, 36.98196246847759738, 0.7853981633972998422 ) ;
#2576 = DIRECTION ( 'NONE',  ( 7.315828852335735501E-17, -8.078619584905368877E-17, 1.000000000000000000 ) ) ;
#2577 = CARTESIAN_POINT ( 'NONE',  ( -2.692582403567535199, 6.999999999999894307, -3.251163923950906920 ) ) ;
#2578 = AXIS2_PLACEMENT_3D ( 'NONE', #2476, #844, #2322 ) ;
#2579 = ORIENTED_EDGE ( 'NONE', *, *, #1673, .T. ) ;
#2580 = CARTESIAN_POINT ( 'NONE',  ( 2.416768317716448511, 6.999999999999894307, -2.287045163989154695 ) ) ;
#2581 = CARTESIAN_POINT ( 'NONE',  ( -4.716619056301018631, -5.830576154537894240, -3.815780731410660209 ) ) ;
#2582 = B_SPLINE_CURVE_WITH_KNOTS ( 'NONE', 3,
 ( #397, #2417, #2214, #591, #1808, #2636 ),
 .UNSPECIFIED., .F., .F.,
 ( 4, 2, 4 ),
 ( 1.862627777866882110E-16, 0.001957890020745770877, 0.003915780041491356139 ),
 .UNSPECIFIED. ) ;
#2583 = CARTESIAN_POINT ( 'NONE',  ( 7.141587086836207909, -2.054660780338470438, -1.326299142120096475 ) ) ;
#2584 = CARTESIAN_POINT ( 'NONE',  ( 5.484827557301064083, 9.499999999997621458, 60.99999999999828049 ) ) ;
#2585 = EDGE_CURVE ( 'NONE', #2592, #169, #211, .T. ) ;
#2586 = LINE ( 'NONE', #1319, #248 ) ;
#2587 = FACE_OUTER_BOUND ( 'NONE', #1016, .T. ) ;
#2588 = ORIENTED_EDGE ( 'NONE', *, *, #1655, .F. ) ;
#2589 = DIRECTION ( 'NONE',  ( -1.000000000000000000, -1.804112415015876617E-15, -6.108181253439452538E-17 ) ) ;
#2590 = PLANE ( 'NONE',  #1312 ) ;
#2591 = ORIENTED_EDGE ( 'NONE', *, *, #1529, .T. ) ;
#2592 = VERTEX_POINT ( 'NONE', #2433 ) ;
#2593 = CARTESIAN_POINT ( 'NONE',  ( -5.171929464745238292, 5.041955393897700866, -5.527476727492560471 ) ) ;
#2594 = CARTESIAN_POINT ( 'NONE',  ( 37.31999900220701250, -1.100443717348163405E-13, -13.81999900219762267 ) ) ;
#2595 = AXIS2_PLACEMENT_3D ( 'NONE', #1148, #2576, #2589 ) ;
#2596 = FACE_OUTER_BOUND ( 'NONE', #2306, .T. ) ;
#2597 = CARTESIAN_POINT ( 'NONE',  ( -22.67157287525001408, 4.468656767653936834E-13, -1.999999999999997780 ) ) ;
#2598 = ADVANCED_FACE ( 'NONE', ( #1208 ), #1825, .T. ) ;
#2599 = CARTESIAN_POINT ( 'NONE',  ( 23.20909507938097605, -1.197762287758038997E-13, 7.189896205768866510E-14 ) ) ;
#2600 = CARTESIAN_POINT ( 'NONE',  ( 0.000000000000000000, 0.000000000000000000, 10.42264973080997414 ) ) ;
#2601 = VERTEX_POINT ( 'NONE', #1423 ) ;
#2602 = CIRCLE ( 'NONE', #1272, 5.000000000052314597 ) ;
#2603 = CARTESIAN_POINT ( 'NONE',  ( -7.142775796530078658, -2.050177791094812907, -5.675043741831805377 ) ) ;
#2604 = CARTESIAN_POINT ( 'NONE',  ( -6.000000000000000000, 3.337765130495609707E-13, 3.800000000000026024 ) ) ;
#2605 = EDGE_LOOP ( 'NONE', ( #2178, #1323, #2189, #2129 ) ) ;
#2606 = AXIS2_PLACEMENT_3D ( 'NONE', #55, #1303, #1281 ) ;
#2607 = ORIENTED_EDGE ( 'NONE', *, *, #418, .F. ) ;
#2608 = FACE_OUTER_BOUND ( 'NONE', #2102, .T. ) ;
#2609 = EDGE_CURVE ( 'NONE', #1532, #812, #698, .T. ) ;
#2610 = CARTESIAN_POINT ( 'NONE',  ( 2.220446049250313081E-13, -2.331468351712828735E-12, 75.99999999999906208 ) ) ;
#2611 = VERTEX_POINT ( 'NONE', #1470 ) ;
#2612 = CARTESIAN_POINT ( 'NONE',  ( 0.000000000000000000, 0.000000000000000000, -1.083390805280970426 ) ) ;
#2613 = CARTESIAN_POINT ( 'NONE',  ( -3.683780503723931510, 9.499999999998287592, 61.83798525039129856 ) ) ;
#2614 = VERTEX_POINT ( 'NONE', #1482 ) ;
#2615 = B_SPLINE_CURVE_WITH_KNOTS ( 'NONE', 3,
 ( #2140, #297, #1733, #1547, #1535, #2370 ),
 .UNSPECIFIED., .F., .F.,
 ( 4, 2, 4 ),
 ( 2.313005241565934906E-16, 0.001957890020745509368, 0.003915780041490788017 ),
 .UNSPECIFIED. ) ;
#2616 = AXIS2_PLACEMENT_3D ( 'NONE', #1116, #2162, #335 ) ;
#2617 = CARTESIAN_POINT ( 'NONE',  ( 7.765076775047152324, -5.550492500941990315, 66.51858080219341218 ) ) ;
#2618 = CARTESIAN_POINT ( 'NONE',  ( 7.125558022430579896, 2.079111091282591417, -5.684474576576757698 ) ) ;
#2619 = ORIENTED_EDGE ( 'NONE', *, *, #1812, .T. ) ;
#2620 = CARTESIAN_POINT ( 'NONE',  ( 6.383660886693792946, 7.943175005953190926, 66.16121657317820848 ) ) ;
#2621 = ORIENTED_EDGE ( 'NONE', *, *, #564, .T. ) ;
#2622 = DIRECTION ( 'NONE',  ( 1.000000000000000000, 9.159339953157527653E-16, 0.000000000000000000 ) ) ;
#2623 = DIRECTION ( 'NONE',  ( -1.000000000000000000, -2.775557561562886729E-17, 0.000000000000000000 ) ) ;
#2624 = CARTESIAN_POINT ( 'NONE',  ( 6.000000000000009770, 1.111888359162094275E-13, 2.399999999999958167 ) ) ;
#2625 = CARTESIAN_POINT ( 'NONE',  ( 0.9510795493315905569, 7.678779650925685374, -4.452254719461784305 ) ) ;
#2626 = DIRECTION ( 'NONE',  ( 1.000000000000000000, 2.775557561562581353E-17, 1.084202172485502708E-16 ) ) ;
#2627 = CARTESIAN_POINT ( 'NONE',  ( -4.588142103071972677, -9.500000000002062350, 65.94846480280565970 ) ) ;
#2628 = ORIENTED_EDGE ( 'NONE', *, *, #1537, .F. ) ;
#2629 = DIRECTION ( 'NONE',  ( -7.315828852335735501E-17, 8.078619584905368877E-17, -1.000000000000000000 ) ) ;
#2630 = CARTESIAN_POINT ( 'NONE',  ( 7.125558022430572791, 2.077317034993980904, -1.313819302590071736 ) ) ;
#2631 = ORIENTED_EDGE ( 'NONE', *, *, #266, .F. ) ;
#2632 = EDGE_CURVE ( 'NONE', #360, #2261, #883, .T. ) ;
#2633 = CARTESIAN_POINT ( 'NONE',  ( -7.301700944314049480, 6.353082982765923425, 66.44124303971554468 ) ) ;
#2634 = ORIENTED_EDGE ( 'NONE', *, *, #1167, .F. ) ;
#2635 = ADVANCED_FACE ( 'NONE', ( #2053 ), #751, .F. ) ;
#2636 = CARTESIAN_POINT ( 'NONE',  ( -7.998669499594823762, -0.1458980337504245384, 10.42264973081230650 ) ) ;
#2637 = CARTESIAN_POINT ( 'NONE',  ( 5.468460722138690500, 4.528348190060760281, -1.083390805281303493 ) ) ;
#2638 = CARTESIAN_POINT ( 'NONE',  ( 7.055226445253917511, 1.779989337916090930, -1.677637312934802782 ) ) ;
#2639 = CONICAL_SURFACE ( 'NONE', #1433, 8.000000000002366107, 1.047197551196399790 ) ;
#2640 = CARTESIAN_POINT ( 'NONE',  ( -1.780278867047463187, 6.999999999999892530, -5.527692786735668662 ) ) ;
#2641 = AXIS2_PLACEMENT_3D ( 'NONE', #2597, #214, #399 ) ;
#2642 = CARTESIAN_POINT ( 'NONE',  ( 5.355271224061561419, 4.724398151613631747, -1.194625242670966037 ) ) ;
#2643 = CARTESIAN_POINT ( 'NONE',  ( 0.000000000000000000, 0.000000000000000000, 10.99999999999989875 ) ) ;
#2644 = ORIENTED_EDGE ( 'NONE', *, *, #1336, .F. ) ;
#2645 = CARTESIAN_POINT ( 'NONE',  ( 4.442410124810274752, -6.305519955771162088, 10.59970381336632883 ) ) ;
#2646 = CARTESIAN_POINT ( 'NONE',  ( 4.690142921205377569, 5.210826605946237144, -0.3780108557290264848 ) ) ;
#2647 = ORIENTED_EDGE ( 'NONE', *, *, #2632, .T. ) ;
#2648 = LINE ( 'NONE', #2278, #2514 ) ;
#2649 = ORIENTED_EDGE ( 'NONE', *, *, #1900, .T. ) ;
#2650 = CIRCLE ( 'NONE', #2342, 8.000000000002049916 ) ;
#2651 = CARTESIAN_POINT ( 'NONE',  ( -37.52114004509142120, -9.512787163791019291E-14, -14.25368054104491655 ) ) ;
#2652 = AXIS2_PLACEMENT_3D ( 'NONE', #2600, #2544, #972 ) ;
#2653 = CARTESIAN_POINT ( 'NONE',  ( 0.000000000000000000, 1.110223024625156540E-13, 2.399999999999957723 ) ) ;
#2654 = CARTESIAN_POINT ( 'NONE',  ( -4.125686153386376454, -6.854101966250025768, 10.99999999999989875 ) ) ;
#2655 = CARTESIAN_POINT ( 'NONE',  ( 2.554893316572603545, 6.999999999999893419, -4.367926340622280357 ) ) ;
#2656 = CARTESIAN_POINT ( 'NONE',  ( 4.784908136787939803, 5.712295997532822689, -2.639888555169357165 ) ) ;
#2657 = DIRECTION ( 'NONE',  ( 2.775557561562885804E-17, -1.000000000000000000, -8.078619584905368877E-17 ) ) ;
#2658 = VERTEX_POINT ( 'NONE', #1084 ) ;
#2659 = CARTESIAN_POINT ( 'NONE',  ( 5.406410223844436480, -4.635822805741474539, 10.94534149418263702 ) ) ;
#2660 = EDGE_CURVE ( 'NONE', #242, #1464, #1398, .T. ) ;
#2661 = CARTESIAN_POINT ( 'NONE',  ( -2.691493787406798344, -6.999999999999784173, -3.813216984433843049 ) ) ;
#2662 = CIRCLE ( 'NONE', #460, 8.000000000000012434 ) ;
#2663 = CARTESIAN_POINT ( 'NONE',  ( -0.6598416071311995479, 6.999999999999895195, 11.00000000000470912 ) ) ;
#2664 = ORIENTED_EDGE ( 'NONE', *, *, #2173, .F. ) ;
#2665 = CARTESIAN_POINT ( 'NONE',  ( 6.563153244389487107, 2.632285122856409476, -0.9922509955770409951 ) ) ;
#2666 = CARTESIAN_POINT ( 'NONE',  ( 6.717945429137086144, -2.364177194259425185, 10.94534149418276847 ) ) ;
#2667 = CARTESIAN_POINT ( 'NONE',  ( 6.876761385898015000, 2.089099888096299207, 4.481463663658395546 ) ) ;
ENDSEC;
END-ISO-10303-21;
