ISO-10303-21;
HEADER;
FILE_DESCRIPTION (( 'STEP AP214' ),
    '1' );
FILE_NAME ('1108055_profil_a8_80x40_leicht.step',
    '2026-02-03T12:55:58',
    ( '' ),
    ( '' ),
    'SwSTEP 2.0',
    'SolidWorks 2026',
    '' );
FILE_SCHEMA (( 'AUTOMOTIVE_DESIGN' ));
ENDSEC;

DATA;
#1 = DIRECTION ( 'NONE',  ( -3.999994779846362809E-11, 0.000000000000000000, 1.000000000000000000 ) ) ;
#2 = VERTEX_POINT ( 'NONE', #7376 ) ;
#3 = CARTESIAN_POINT ( 'NONE',  ( -29.99999999990000177, 500.0000000000000000, 15.50000000000000000 ) ) ;
#4 = EDGE_CURVE ( 'NONE', #1314, #4926, #2950, .T. ) ;
#5 = ORIENTED_EDGE ( 'NONE', *, *, #4102, .F. ) ;
#6 = ORIENTED_EDGE ( 'NONE', *, *, #22, .F. ) ;
#7 = CIRCLE ( 'NONE', #4852, 5.000000000000000888 ) ;
#8 = CIRCLE ( 'NONE', #2490, 4.999999869901410321 ) ;
#9 = LINE ( 'NONE', #2505, #2201 ) ;
#10 = ORIENTED_EDGE ( 'NONE', *, *, #5666, .T. ) ;
#11 = DIRECTION ( 'NONE',  ( -1.000000000000000000, 0.000000000000000000, -3.469446951953611033E-15 ) ) ;
#12 = DIRECTION ( 'NONE',  ( -1.000000000000000000, 0.000000000000000000, 0.000000000000000000 ) ) ;
#13 = ORIENTED_EDGE ( 'NONE', *, *, #384, .T. ) ;
#14 = DIRECTION ( 'NONE',  ( 0.000000000000000000, 1.000000000000000000, 0.000000000000000000 ) ) ;
#15 = ORIENTED_EDGE ( 'NONE', *, *, #7831, .T. ) ;
#16 = EDGE_CURVE ( 'NONE', #5175, #5911, #7261, .T. ) ;
#17 = VERTEX_POINT ( 'NONE', #2367 ) ;
#18 = CARTESIAN_POINT ( 'NONE',  ( -37.54999999999999716, 500.0000000000000000, 7.000000000100000008 ) ) ;
#19 = CARTESIAN_POINT ( 'NONE',  ( 25.50000000000000000, 500.0000000000000000, 19.99999999990000177 ) ) ;
#20 = DIRECTION ( 'NONE',  ( -1.000000000000000000, 0.000000000000000000, -2.222219322136872090E-10 ) ) ;
#21 = EDGE_CURVE ( 'NONE', #5043, #1649, #3514, .T. ) ;
#22 = EDGE_CURVE ( 'NONE', #2469, #6208, #3478, .T. ) ;
#23 = CARTESIAN_POINT ( 'NONE',  ( -27.44999999999999929, 500.0000000000000000, 17.99999999990000177 ) ) ;
#24 = DIRECTION ( 'NONE',  ( -1.000000000000000000, 0.000000000000000000, -1.734723475976808672E-15 ) ) ;
#25 = FACE_OUTER_BOUND ( 'NONE', #324, .T. ) ;
#26 = CARTESIAN_POINT ( 'NONE',  ( -12.50000000010000001, -500.0000000000000000, -15.49999999989999999 ) ) ;
#27 = DIRECTION ( 'NONE',  ( -1.000000000000000000, 0.000000000000000000, 0.000000000000000000 ) ) ;
#28 = AXIS2_PLACEMENT_3D ( 'NONE', #1904, #3843, #687 ) ;
#29 = EDGE_CURVE ( 'NONE', #5295, #7057, #488, .T. ) ;
#30 = CARTESIAN_POINT ( 'NONE',  ( -28.53553391000000161, 500.0000000000000000, 10.65685425999999936 ) ) ;
#31 = ORIENTED_EDGE ( 'NONE', *, *, #4861, .T. ) ;
#32 = VERTEX_POINT ( 'NONE', #1673 ) ;
#33 = VECTOR ( 'NONE', #2668, 1000.000000000000000 ) ;
#34 = DIRECTION ( 'NONE',  ( 1.000000000000000000, 0.000000000000000000, 0.000000000000000000 ) ) ;
#35 = CARTESIAN_POINT ( 'NONE',  ( -6.262500000000000178, 500.0000000000000000, -18.00000000000000000 ) ) ;
#36 = PLANE ( 'NONE',  #7604 ) ;
#37 = DIRECTION ( 'NONE',  ( 0.000000000000000000, 1.000000000000000000, 0.000000000000000000 ) ) ;
#38 = DIRECTION ( 'NONE',  ( 0.000000000000000000, -1.000000000000000000, 0.000000000000000000 ) ) ;
#39 = EDGE_CURVE ( 'NONE', #7319, #3997, #4905, .T. ) ;
#40 = ORIENTED_EDGE ( 'NONE', *, *, #5390, .T. ) ;
#41 = PLANE ( 'NONE',  #6287 ) ;
#42 = ORIENTED_EDGE ( 'NONE', *, *, #6286, .F. ) ;
#43 = ORIENTED_EDGE ( 'NONE', *, *, #493, .T. ) ;
#44 = CARTESIAN_POINT ( 'NONE',  ( -36.00000000000000000, 500.0000000000000000, 20.00000000000000000 ) ) ;
#45 = VERTEX_POINT ( 'NONE', #4142 ) ;
#46 = CARTESIAN_POINT ( 'NONE',  ( 17.07499999999999929, -500.0000000000000000, -18.19999999999999929 ) ) ;
#47 = LINE ( 'NONE', #7661, #5628 ) ;
#48 = AXIS2_PLACEMENT_3D ( 'NONE', #6511, #2161, #411 ) ;
#49 = PLANE ( 'NONE',  #1670 ) ;
#50 = EDGE_CURVE ( 'NONE', #3889, #3274, #7859, .T. ) ;
#51 = ORIENTED_EDGE ( 'NONE', *, *, #5397, .F. ) ;
#52 = ORIENTED_EDGE ( 'NONE', *, *, #5831, .T. ) ;
#53 = PLANE ( 'NONE',  #715 ) ;
#54 = PLANE ( 'NONE',  #3799 ) ;
#55 = ADVANCED_FACE ( 'NONE', ( #4787 ), #1749, .F. ) ;
#56 = AXIS2_PLACEMENT_3D ( 'NONE', #7602, #4485, #7522 ) ;
#57 = AXIS2_PLACEMENT_3D ( 'NONE', #278, #6632, #6014 ) ;
#58 = ORIENTED_EDGE ( 'NONE', *, *, #3256, .F. ) ;
#59 = DIRECTION ( 'NONE',  ( -0.7071067798205549204, 0.000000000000000000, 0.7071067825525400030 ) ) ;
#60 = VERTEX_POINT ( 'NONE', #3565 ) ;
#61 = CARTESIAN_POINT ( 'NONE',  ( 32.74999986990139433, -500.0000000000000000, -3.557611892023129663 ) ) ;
#62 = CYLINDRICAL_SURFACE ( 'NONE', #3862, 0.4500000000000007327 ) ;
#63 = EDGE_CURVE ( 'NONE', #2192, #2422, #4561, .T. ) ;
#64 = CARTESIAN_POINT ( 'NONE',  ( -29.99999999990000177, 501.0000000000000000, 15.50000000000000000 ) ) ;
#65 = DIRECTION ( 'NONE',  ( 1.000000000000000000, 0.000000000000000000, -5.551115123125781913E-15 ) ) ;
#66 = DIRECTION ( 'NONE',  ( 0.000000000000000000, -1.000000000000000000, 0.000000000000000000 ) ) ;
#67 = VERTEX_POINT ( 'NONE', #7934 ) ;
#68 = ORIENTED_EDGE ( 'NONE', *, *, #303, .T. ) ;
#69 = AXIS2_PLACEMENT_3D ( 'NONE', #6334, #6990, #2638 ) ;
#70 = CARTESIAN_POINT ( 'NONE',  ( 10.00000000000000000, 501.0000000000000000, -14.84619406500000061 ) ) ;
#71 = ADVANCED_FACE ( 'NONE', ( #1787 ), #7338, .F. ) ;
#72 = DIRECTION ( 'NONE',  ( 0.000000000000000000, -1.000000000000000000, 0.000000000000000000 ) ) ;
#73 = EDGE_CURVE ( 'NONE', #6208, #3273, #892, .T. ) ;
#74 = CARTESIAN_POINT ( 'NONE',  ( -15.00000000000000000, 500.0000000000000000, -15.50000000010000001 ) ) ;
#75 = CARTESIAN_POINT ( 'NONE',  ( 29.21446609999999922, -500.0000000000000000, 7.093145749999999694 ) ) ;
#76 = LINE ( 'NONE', #1349, #6277 ) ;
#77 = ORIENTED_EDGE ( 'NONE', *, *, #4590, .F. ) ;
#78 = CARTESIAN_POINT ( 'NONE',  ( 24.00000000000000000, 500.0000000000000000, -16.50000000000000000 ) ) ;
#79 = ORIENTED_EDGE ( 'NONE', *, *, #554, .T. ) ;
#80 = ORIENTED_EDGE ( 'NONE', *, *, #1103, .T. ) ;
#81 = CARTESIAN_POINT ( 'NONE',  ( 8.199999990000000238, -500.0000000000000000, -6.812436867499999771 ) ) ;
#82 = VERTEX_POINT ( 'NONE', #2246 ) ;
#83 = DIRECTION ( 'NONE',  ( -0.7071067807047830556, 0.000000000000000000, -0.7071067816683118679 ) ) ;
#84 = ADVANCED_FACE ( 'NONE', ( #980 ), #4756, .F. ) ;
#85 = CARTESIAN_POINT ( 'NONE',  ( -12.87500000000000000, 500.0000000000000000, -15.50000000000000000 ) ) ;
#86 = VECTOR ( 'NONE', #343, 1000.000000000000114 ) ;
#87 = VERTEX_POINT ( 'NONE', #2986 ) ;
#88 = LINE ( 'NONE', #8080, #2975 ) ;
#89 = ORIENTED_EDGE ( 'NONE', *, *, #2746, .F. ) ;
#90 = ORIENTED_EDGE ( 'NONE', *, *, #283, .T. ) ;
#91 = PLANE ( 'NONE',  #6800 ) ;
#92 = CIRCLE ( 'NONE', #1794, 2.200000000000000622 ) ;
#93 = LINE ( 'NONE', #6408, #888 ) ;
#94 = ORIENTED_EDGE ( 'NONE', *, *, #5581, .F. ) ;
#95 = DIRECTION ( 'NONE',  ( 0.000000000000000000, -1.000000000000000000, 0.000000000000000000 ) ) ;
#96 = EDGE_CURVE ( 'NONE', #4125, #3026, #6023, .T. ) ;
#97 = DIRECTION ( 'NONE',  ( 0.000000000000000000, -1.000000000000000000, 0.000000000000000000 ) ) ;
#98 = VECTOR ( 'NONE', #6452, 1000.000000000000000 ) ;
#99 = ADVANCED_FACE ( 'NONE', ( #5405 ), #6724, .T. ) ;
#100 = EDGE_LOOP ( 'NONE', ( #3779, #871, #418, #6732 ) ) ;
#101 = VECTOR ( 'NONE', #4412, 1000.000000000000000 ) ;
#102 = DIRECTION ( 'NONE',  ( 0.7071067798205549204, 0.000000000000000000, -0.7071067825525400030 ) ) ;
#103 = DIRECTION ( 'NONE',  ( 0.000000000000000000, 1.000000000000000000, 0.000000000000000000 ) ) ;
#104 = DIRECTION ( 'NONE',  ( 0.000000000000000000, 0.000000000000000000, -1.000000000000000000 ) ) ;
#105 = LINE ( 'NONE', #3807, #6447 ) ;
#106 = ORIENTED_EDGE ( 'NONE', *, *, #528, .T. ) ;
#107 = AXIS2_PLACEMENT_3D ( 'NONE', #1865, #1248, #24 ) ;
#108 = CARTESIAN_POINT ( 'NONE',  ( -12.50000000000000000, 501.0000000000000000, -18.00000000000000000 ) ) ;
#109 = EDGE_CURVE ( 'NONE', #127, #6861, #2483, .T. ) ;
#110 = ORIENTED_EDGE ( 'NONE', *, *, #4525, .F. ) ;
#111 = VERTEX_POINT ( 'NONE', #1981 ) ;
#112 = AXIS2_PLACEMENT_3D ( 'NONE', #8052, #1900, #7488 ) ;
#113 = CIRCLE ( 'NONE', #2599, 1.499999999999999556 ) ;
#114 = FACE_OUTER_BOUND ( 'NONE', #2049, .T. ) ;
#115 = DIRECTION ( 'NONE',  ( 1.000000000000000000, 0.000000000000000000, 0.000000000000000000 ) ) ;
#116 = CYLINDRICAL_SURFACE ( 'NONE', #6955, 0.4499999999999990119 ) ;
#117 = CARTESIAN_POINT ( 'NONE',  ( -27.00000000000000000, 500.0000000000000000, -8.387500000000001066 ) ) ;
#118 = VECTOR ( 'NONE', #3316, 1000.000000000000000 ) ;
#119 = DIRECTION ( 'NONE',  ( 0.000000000000000000, -1.000000000000000000, 0.000000000000000000 ) ) ;
#120 = VECTOR ( 'NONE', #6391, 1000.000000000000000 ) ;
#121 = ORIENTED_EDGE ( 'NONE', *, *, #3507, .T. ) ;
#122 = CARTESIAN_POINT ( 'NONE',  ( -20.49816017750000086, 500.0000000000000000, -1.623160172499999998 ) ) ;
#123 = EDGE_CURVE ( 'NONE', #968, #3847, #1901, .T. ) ;
#124 = EDGE_CURVE ( 'NONE', #7101, #1436, #684, .T. ) ;
#125 = VERTEX_POINT ( 'NONE', #6259 ) ;
#126 = APPLICATION_PROTOCOL_DEFINITION ( 'draft international standard', 'automotive_design', 1998, #2955 ) ;
#127 = VERTEX_POINT ( 'NONE', #6796 ) ;
#128 = LINE ( 'NONE', #46, #4922 ) ;
#129 = AXIS2_PLACEMENT_3D ( 'NONE', #1339, #4379, #6265 ) ;
#130 = DIRECTION ( 'NONE',  ( 0.000000000000000000, -1.000000000000000000, 0.000000000000000000 ) ) ;
#131 = CARTESIAN_POINT ( 'NONE',  ( 12.90685425000000031, 500.0000000000000000, 9.214466100000000992 ) ) ;
#132 = VERTEX_POINT ( 'NONE', #6874 ) ;
#133 = ORIENTED_EDGE ( 'NONE', *, *, #3541, .F. ) ;
#134 = CIRCLE ( 'NONE', #7084, 0.5000000000000004441 ) ;
#135 = VECTOR ( 'NONE', #6429, 1000.000000000000114 ) ;
#136 = EDGE_CURVE ( 'NONE', #4106, #5261, #2590, .T. ) ;
#137 = CARTESIAN_POINT ( 'NONE',  ( 30.00000000000000000, 500.0000000000000000, 7.423097032500000303 ) ) ;
#138 = ORIENTED_EDGE ( 'NONE', *, *, #4898, .T. ) ;
#139 = LINE ( 'NONE', #5705, #6749 ) ;
#140 = CARTESIAN_POINT ( 'NONE',  ( 32.30000000000000426, 501.0000000000000000, 18.19999999999999929 ) ) ;
#141 = VECTOR ( 'NONE', #5851, 1000.000000000000000 ) ;
#142 = EDGE_CURVE ( 'NONE', #3777, #2932, #7189, .T. ) ;
#143 = EDGE_LOOP ( 'NONE', ( #7217, #874, #51, #4334 ) ) ;
#144 = DIRECTION ( 'NONE',  ( 0.000000000000000000, -1.000000000000000000, 0.000000000000000000 ) ) ;
#145 = DIRECTION ( 'NONE',  ( -0.7071067807047830556, 0.000000000000000000, -0.7071067816683118679 ) ) ;
#146 = LINE ( 'NONE', #3222, #2563 ) ;
#147 = DIRECTION ( 'NONE',  ( 0.000000000000000000, -1.000000000000000000, 0.000000000000000000 ) ) ;
#148 = EDGE_LOOP ( 'NONE', ( #4765, #6709, #1527, #3746 ) ) ;
#149 = CYLINDRICAL_SURFACE ( 'NONE', #527, 1.500000000000001332 ) ;
#150 = ORIENTED_EDGE ( 'NONE', *, *, #2166, .F. ) ;
#151 = EDGE_LOOP ( 'NONE', ( #4951, #7716, #779, #6249 ) ) ;
#152 = CARTESIAN_POINT ( 'NONE',  ( -10.00000000000000000, 500.0000000000000000, 14.19238813000000121 ) ) ;
#153 = DIRECTION ( 'NONE',  ( 0.000000000000000000, -1.000000000000000000, 0.000000000000000000 ) ) ;
#154 = FACE_OUTER_BOUND ( 'NONE', #4155, .T. ) ;
#155 = CIRCLE ( 'NONE', #6593, 0.4499999999999990119 ) ;
#156 = CARTESIAN_POINT ( 'NONE',  ( -27.09314575000000147, 500.0000000000000000, -9.214466100000000992 ) ) ;
#157 = EDGE_CURVE ( 'NONE', #1581, #5826, #3182, .T. ) ;
#158 = ORIENTED_EDGE ( 'NONE', *, *, #2024, .F. ) ;
#159 = ORIENTED_EDGE ( 'NONE', *, *, #1371, .F. ) ;
#160 = FACE_OUTER_BOUND ( 'NONE', #6831, .T. ) ;
#161 = ORIENTED_EDGE ( 'NONE', *, *, #3178, .T. ) ;
#162 = ORIENTED_EDGE ( 'NONE', *, *, #3732, .F. ) ;
#163 = AXIS2_PLACEMENT_3D ( 'NONE', #302, #2089, #7108 ) ;
#164 = PRODUCT_CONTEXT ( 'NONE', #2955, 'mechanical' ) ;
#165 = EDGE_LOOP ( 'NONE', ( #7760, #399, #2807, #7187 ) ) ;
#166 = CARTESIAN_POINT ( 'NONE',  ( -35.50000000000000000, 501.0000000000000000, -6.500000000000000000 ) ) ;
#167 = LINE ( 'NONE', #1321, #4331 ) ;
#168 = ORIENTED_EDGE ( 'NONE', *, *, #2401, .T. ) ;
#169 = CARTESIAN_POINT ( 'NONE',  ( -10.00000000000000000, -500.0000000000000000, 15.50000000000000000 ) ) ;
#170 = ADVANCED_FACE ( 'NONE', ( #4944 ), #642, .F. ) ;
#171 = CARTESIAN_POINT ( 'NONE',  ( 28.53553391000000161, 500.0000000000000000, -10.65685425999999936 ) ) ;
#172 = EDGE_CURVE ( 'NONE', #6562, #1185, #6339, .T. ) ;
#173 = ORIENTED_EDGE ( 'NONE', *, *, #5675, .F. ) ;
#174 = DIRECTION ( 'NONE',  ( 0.000000000000000000, 1.000000000000000000, 0.000000000000000000 ) ) ;
#175 = ORIENTED_EDGE ( 'NONE', *, *, #2845, .F. ) ;
#176 = LINE ( 'NONE', #5701, #1820 ) ;
#177 = LINE ( 'NONE', #7073, #3115 ) ;
#178 = ORIENTED_EDGE ( 'NONE', *, *, #880, .F. ) ;
#179 = DIRECTION ( 'NONE',  ( 0.000000000000000000, -1.000000000000000000, 0.000000000000000000 ) ) ;
#180 = PLANE ( 'NONE',  #5887 ) ;
#181 = EDGE_CURVE ( 'NONE', #1950, #1257, #3760, .T. ) ;
#182 = EDGE_CURVE ( 'NONE', #7630, #2181, #4307, .T. ) ;
#183 = EDGE_LOOP ( 'NONE', ( #7611, #3121, #307, #1465 ) ) ;
#184 = VERTEX_POINT ( 'NONE', #6958 ) ;
#185 = LINE ( 'NONE', #1543, #5475 ) ;
#186 = DIRECTION ( 'NONE',  ( 0.000000000000000000, -1.000000000000000000, 0.000000000000000000 ) ) ;
#187 = CARTESIAN_POINT ( 'NONE',  ( 26.50000000000000000, 500.0000000000000000, -15.50000000000000000 ) ) ;
#188 = ADVANCED_FACE ( 'NONE', ( #5023 ), #5669, .T. ) ;
#189 = CARTESIAN_POINT ( 'NONE',  ( 27.00000000009999823, 501.0000000000000000, 17.55000000000000071 ) ) ;
#190 = CARTESIAN_POINT ( 'NONE',  ( 17.07499999999999929, -500.0000000000000000, 18.19999999999999929 ) ) ;
#191 = ORIENTED_EDGE ( 'NONE', *, *, #3500, .T. ) ;
#192 = CIRCLE ( 'NONE', #1503, 4.999999999999999112 ) ;
#193 = DIRECTION ( 'NONE',  ( 1.000000000000000000, 0.000000000000000000, 0.000000000000000000 ) ) ;
#194 = ORIENTED_EDGE ( 'NONE', *, *, #4047, .F. ) ;
#195 = ORIENTED_EDGE ( 'NONE', *, *, #1363, .F. ) ;
#196 = CARTESIAN_POINT ( 'NONE',  ( -17.42309703250000297, -500.0000000000000000, 10.00000000000000000 ) ) ;
#197 = DIRECTION ( 'NONE',  ( -1.000000000000000000, 0.000000000000000000, 0.000000000000000000 ) ) ;
#198 = CIRCLE ( 'NONE', #725, 1.500000000000001332 ) ;
#199 = DIRECTION ( 'NONE',  ( 0.000000000000000000, 1.000000000000000000, 0.000000000000000000 ) ) ;
#200 = DIRECTION ( 'NONE',  ( 1.000000000000000000, 0.000000000000000000, 0.000000000000000000 ) ) ;
#201 = ORIENTED_EDGE ( 'NONE', *, *, #1497, .T. ) ;
#202 = CARTESIAN_POINT ( 'NONE',  ( -25.00000000010000178, 501.0000000000000000, 16.50000000010000178 ) ) ;
#203 = VECTOR ( 'NONE', #590, 1000.000000000000000 ) ;
#204 = ORIENTED_EDGE ( 'NONE', *, *, #7940, .T. ) ;
#205 = ORIENTED_EDGE ( 'NONE', *, *, #7277, .F. ) ;
#206 = EDGE_CURVE ( 'NONE', #2, #3201, #6183, .T. ) ;
#207 = LINE ( 'NONE', #5774, #2863 ) ;
#208 = ORIENTED_EDGE ( 'NONE', *, *, #6000, .F. ) ;
#209 = CARTESIAN_POINT ( 'NONE',  ( -38.19999999999999574, -500.0000000000000000, -12.30000000000000071 ) ) ;
#210 = LINE ( 'NONE', #2705, #4212 ) ;
#211 = ORIENTED_EDGE ( 'NONE', *, *, #4728, .F. ) ;
#212 = CARTESIAN_POINT ( 'NONE',  ( -8.200000010000000117, 501.0000000000000000, -13.62487373500000132 ) ) ;
#213 = DIRECTION ( 'NONE',  ( 0.000000000000000000, 0.000000000000000000, 1.000000000000000000 ) ) ;
#214 = ORIENTED_EDGE ( 'NONE', *, *, #1457, .F. ) ;
#215 = CIRCLE ( 'NONE', #3495, 0.5000000000000004441 ) ;
#216 = CARTESIAN_POINT ( 'NONE',  ( 38.00000000000000000, 501.0000000000000000, 7.500000000000000000 ) ) ;
#217 = ORIENTED_EDGE ( 'NONE', *, *, #1233, .T. ) ;
#218 = EDGE_LOOP ( 'NONE', ( #3291, #5600, #4073, #711 ) ) ;
#219 = VERTEX_POINT ( 'NONE', #719 ) ;
#220 = EDGE_CURVE ( 'NONE', #1220, #1297, #1332, .T. ) ;
#221 = CARTESIAN_POINT ( 'NONE',  ( 38.19999999999999574, 500.0000000000000000, 12.30000000000000071 ) ) ;
#222 = VECTOR ( 'NONE', #1983, 1000.000000000000000 ) ;
#223 = EDGE_LOOP ( 'NONE', ( #4786, #5728, #6086, #7584 ) ) ;
#224 = DIRECTION ( 'NONE',  ( 0.7071067811865475727, 0.000000000000000000, 0.7071067811865475727 ) ) ;
#225 = CARTESIAN_POINT ( 'NONE',  ( 36.00000000000000000, 501.0000000000000000, 16.00000000000000000 ) ) ;
#226 = VECTOR ( 'NONE', #6553, 1000.000000000000000 ) ;
#227 = ORIENTED_EDGE ( 'NONE', *, *, #5139, .T. ) ;
#228 = EDGE_CURVE ( 'NONE', #4316, #1373, #3385, .T. ) ;
#229 = VERTEX_POINT ( 'NONE', #3219 ) ;
#230 = EDGE_CURVE ( 'NONE', #5950, #502, #7961, .T. ) ;
#231 = CARTESIAN_POINT ( 'NONE',  ( 24.00000000000000000, -500.0000000000000000, 18.50000000000000000 ) ) ;
#232 = CARTESIAN_POINT ( 'NONE',  ( 27.75000000000000000, 501.0000000000000000, 4.440892098500630106E-16 ) ) ;
#233 = VECTOR ( 'NONE', #1263, 1000.000000000000000 ) ;
#234 = DIRECTION ( 'NONE',  ( -9.999813477268295448E-11, 0.000000000000000000, 1.000000000000000000 ) ) ;
#235 = CARTESIAN_POINT ( 'NONE',  ( 5.699999990000000238, 500.0000000000000000, 18.00000000000000000 ) ) ;
#236 = AXIS2_PLACEMENT_3D ( 'NONE', #2970, #4243, #3425 ) ;
#237 = CARTESIAN_POINT ( 'NONE',  ( 20.00000000000000000, 500.0000000000000000, 0.000000000000000000 ) ) ;
#238 = EDGE_CURVE ( 'NONE', #7044, #1888, #2997, .T. ) ;
#239 = VERTEX_POINT ( 'NONE', #566 ) ;
#240 = ORIENTED_EDGE ( 'NONE', *, *, #7462, .T. ) ;
#241 = DIRECTION ( 'NONE',  ( 0.000000000000000000, 1.000000000000000000, 0.000000000000000000 ) ) ;
#242 = DIRECTION ( 'NONE',  ( 0.7071067811865474617, 0.000000000000000000, -0.7071067811865474617 ) ) ;
#243 = VECTOR ( 'NONE', #3840, 1000.000000000000000 ) ;
#244 = DIRECTION ( 'NONE',  ( 1.000000000000000000, 0.000000000000000000, 0.000000000000000000 ) ) ;
#245 = VECTOR ( 'NONE', #3824, 1000.000000000000000 ) ;
#246 = CARTESIAN_POINT ( 'NONE',  ( 36.00000000000000000, 500.0000000000000000, -16.00000000000000000 ) ) ;
#247 = ORIENTED_EDGE ( 'NONE', *, *, #2492, .T. ) ;
#248 = DIRECTION ( 'NONE',  ( 0.000000000000000000, 0.000000000000000000, -1.000000000000000000 ) ) ;
#249 = CIRCLE ( 'NONE', #1565, 1.000000000000000888 ) ;
#250 = AXIS2_PLACEMENT_3D ( 'NONE', #2237, #5970, #7210 ) ;
#251 = EDGE_CURVE ( 'NONE', #1241, #5379, #2442, .T. ) ;
#252 = VERTEX_POINT ( 'NONE', #277 ) ;
#253 = VERTEX_POINT ( 'NONE', #7032 ) ;
#254 = ORIENTED_EDGE ( 'NONE', *, *, #1488, .F. ) ;
#255 = LINE ( 'NONE', #166, #3619 ) ;
#256 = CARTESIAN_POINT ( 'NONE',  ( 30.00000000000000000, 501.0000000000000000, 14.19238813000000121 ) ) ;
#257 = ORIENTED_EDGE ( 'NONE', *, *, #6458, .F. ) ;
#258 = DIRECTION ( 'NONE',  ( -1.000000000000000000, 0.000000000000000000, 0.000000000000000000 ) ) ;
#259 = VECTOR ( 'NONE', #1384, 1000.000000000000000 ) ;
#260 = LINE ( 'NONE', #7196, #7621 ) ;
#261 = AXIS2_PLACEMENT_3D ( 'NONE', #6703, #2263, #1618 ) ;
#262 = ORIENTED_EDGE ( 'NONE', *, *, #230, .T. ) ;
#263 = LINE ( 'NONE', #3955, #7703 ) ;
#264 = VERTEX_POINT ( 'NONE', #6996 ) ;
#265 = VERTEX_POINT ( 'NONE', #3432 ) ;
#266 = VECTOR ( 'NONE', #2623, 1000.000000000000114 ) ;
#267 = LINE ( 'NONE', #7670, #7689 ) ;
#268 = ORIENTED_EDGE ( 'NONE', *, *, #6135, .F. ) ;
#269 = LINE ( 'NONE', #7721, #5676 ) ;
#270 = DIRECTION ( 'NONE',  ( 0.000000000000000000, 1.000000000000000000, 0.000000000000000000 ) ) ;
#271 = VECTOR ( 'NONE', #787, 1000.000000000000000 ) ;
#272 = EDGE_CURVE ( 'NONE', #6105, #2341, #1414, .T. ) ;
#273 = ORIENTED_EDGE ( 'NONE', *, *, #887, .T. ) ;
#274 = VECTOR ( 'NONE', #2821, 1000.000000000000000 ) ;
#275 = AXIS2_PLACEMENT_3D ( 'NONE', #4541, #2572, #6468 ) ;
#276 = ORIENTED_EDGE ( 'NONE', *, *, #6104, .T. ) ;
#277 = CARTESIAN_POINT ( 'NONE',  ( -25.50000000000000000, 500.0000000000000000, -19.99999999990000177 ) ) ;
#278 = CARTESIAN_POINT ( 'NONE',  ( 24.00000000000000000, 501.0000000000000000, -17.50000000000000000 ) ) ;
#279 = AXIS2_PLACEMENT_3D ( 'NONE', #329, #7226, #291 ) ;
#280 = CARTESIAN_POINT ( 'NONE',  ( 27.45000000009999752, 500.0000000000000000, 17.54999999989999893 ) ) ;
#281 = PLANE ( 'NONE',  #2393 ) ;
#282 = ADVANCED_FACE ( 'NONE', ( #3878 ), #316, .F. ) ;
#283 = EDGE_CURVE ( 'NONE', #4436, #6399, #3346, .T. ) ;
#284 = VERTEX_POINT ( 'NONE', #845 ) ;
#285 = LINE ( 'NONE', #5762, #4327 ) ;
#286 = ORIENTED_EDGE ( 'NONE', *, *, #3216, .F. ) ;
#287 = EDGE_LOOP ( 'NONE', ( #3610, #6543, #6246, #2186 ) ) ;
#288 = FACE_OUTER_BOUND ( 'NONE', #7628, .T. ) ;
#289 = DIRECTION ( 'NONE',  ( 0.000000000000000000, -1.000000000000000000, 0.000000000000000000 ) ) ;
#290 = DIRECTION ( 'NONE',  ( 1.000000000000000000, 0.000000000000000000, 0.000000000000000000 ) ) ;
#291 = DIRECTION ( 'NONE',  ( -0.7071067811865461294, 0.000000000000000000, 0.7071067811865489050 ) ) ;
#292 = EDGE_CURVE ( 'NONE', #3426, #265, #5226, .T. ) ;
#293 = ORIENTED_EDGE ( 'NONE', *, *, #6747, .F. ) ;
#294 = DIRECTION ( 'NONE',  ( 0.000000000000000000, 1.000000000000000000, 0.000000000000000000 ) ) ;
#295 = ORIENTED_EDGE ( 'NONE', *, *, #1379, .F. ) ;
#296 = ORIENTED_EDGE ( 'NONE', *, *, #4639, .T. ) ;
#297 = EDGE_LOOP ( 'NONE', ( #4714, #3665, #214, #6538 ) ) ;
#298 = CARTESIAN_POINT ( 'NONE',  ( -13.00000000000000000, 501.0000000000000000, -17.55000000000000071 ) ) ;
#299 = DIRECTION ( 'NONE',  ( 1.000000000000000000, 0.000000000000000000, 0.000000000000000000 ) ) ;
#300 = ORIENTED_EDGE ( 'NONE', *, *, #4261, .T. ) ;
#301 = CYLINDRICAL_SURFACE ( 'NONE', #4285, 1.000000000000000888 ) ;
#302 = CARTESIAN_POINT ( 'NONE',  ( 36.00000000010000178, 501.0000000000000000, 6.499999999899999992 ) ) ;
#303 = EDGE_CURVE ( 'NONE', #1373, #5624, #7768, .T. ) ;
#304 = CARTESIAN_POINT ( 'NONE',  ( -34.19238814645449764, 501.0000000000000000, 5.000000037205460046 ) ) ;
#305 = CIRCLE ( 'NONE', #2516, 1.499999999999999556 ) ;
#306 = VERTEX_POINT ( 'NONE', #1500 ) ;
#307 = ORIENTED_EDGE ( 'NONE', *, *, #6031, .F. ) ;
#308 = ORIENTED_EDGE ( 'NONE', *, *, #4793, .T. ) ;
#309 = CARTESIAN_POINT ( 'NONE',  ( -13.73749999999999893, 500.0000000000000000, -18.00000000000000000 ) ) ;
#310 = VERTEX_POINT ( 'NONE', #3387 ) ;
#311 = CARTESIAN_POINT ( 'NONE',  ( -27.49999999990000177, 501.0000000000000000, 15.49999999989999999 ) ) ;
#312 = DIRECTION ( 'NONE',  ( 1.000000000000000000, 0.000000000000000000, 0.000000000000000000 ) ) ;
#313 = AXIS2_PLACEMENT_3D ( 'NONE', #4884, #3045, #7425 ) ;
#314 = ORIENTED_EDGE ( 'NONE', *, *, #2432, .F. ) ;
#315 = VERTEX_POINT ( 'NONE', #231 ) ;
#316 = PLANE ( 'NONE',  #3255 ) ;
#317 = DIRECTION ( 'NONE',  ( 1.000000000000000000, 0.000000000000000000, 4.000029474315877176E-11 ) ) ;
#318 = EDGE_CURVE ( 'NONE', #2283, #7535, #4007, .T. ) ;
#319 = FACE_OUTER_BOUND ( 'NONE', #5134, .T. ) ;
#320 = LINE ( 'NONE', #2819, #5269 ) ;
#321 = CIRCLE ( 'NONE', #7899, 1.000000000000000888 ) ;
#322 = DIRECTION ( 'NONE',  ( 0.000000000000000000, -1.000000000000000000, 0.000000000000000000 ) ) ;
#323 = CARTESIAN_POINT ( 'NONE',  ( 12.55000000000000071, -500.0000000000000000, -18.00000000000000000 ) ) ;
#324 = EDGE_LOOP ( 'NONE', ( #3832, #7294, #808, #4462 ) ) ;
#325 = VERTEX_POINT ( 'NONE', #2724 ) ;
#326 = DIRECTION ( 'NONE',  ( -1.000000000000000000, 0.000000000000000000, 0.000000000000000000 ) ) ;
#327 = ADVANCED_FACE ( 'NONE', ( #7639 ), #5311, .T. ) ;
#328 = CARTESIAN_POINT ( 'NONE',  ( -27.09314575000000147, -500.0000000000000000, -9.214466100000000992 ) ) ;
#329 = CARTESIAN_POINT ( 'NONE',  ( 13.19999999000000024, 501.0000000000000000, -11.74974747000000086 ) ) ;
#330 = PLANE ( 'NONE',  #494 ) ;
#331 = AXIS2_PLACEMENT_3D ( 'NONE', #1822, #6673, #3020 ) ;
#332 = VERTEX_POINT ( 'NONE', #2815 ) ;
#333 = CARTESIAN_POINT ( 'NONE',  ( 16.00000000000000000, -500.0000000000000000, 16.50000000000000000 ) ) ;
#334 = ORIENTED_EDGE ( 'NONE', *, *, #7028, .F. ) ;
#335 = ORIENTED_EDGE ( 'NONE', *, *, #2240, .F. ) ;
#336 = EDGE_CURVE ( 'NONE', #4181, #2540, #2152, .T. ) ;
#337 = EDGE_CURVE ( 'NONE', #6050, #738, #4492, .T. ) ;
#338 = AXIS2_PLACEMENT_3D ( 'NONE', #2347, #6746, #7366 ) ;
#339 = ORIENTED_EDGE ( 'NONE', *, *, #421, .F. ) ;
#340 = LINE ( 'NONE', #7707, #2553 ) ;
#341 = DIRECTION ( 'NONE',  ( 0.000000000000000000, -1.000000000000000000, 0.000000000000000000 ) ) ;
#342 = ORIENTED_EDGE ( 'NONE', *, *, #3507, .F. ) ;
#343 = DIRECTION ( 'NONE',  ( 0.7071067811865474617, 0.000000000000000000, 0.7071067811865474617 ) ) ;
#344 = DIRECTION ( 'NONE',  ( 0.000000000000000000, -1.000000000000000000, 0.000000000000000000 ) ) ;
#345 = DIRECTION ( 'NONE',  ( -1.000000000000000000, 0.000000000000000000, -2.222219322136863560E-10 ) ) ;
#346 = ORIENTED_EDGE ( 'NONE', *, *, #2166, .T. ) ;
#347 = ORIENTED_EDGE ( 'NONE', *, *, #3639, .T. ) ;
#348 = ORIENTED_EDGE ( 'NONE', *, *, #5494, .F. ) ;
#349 = EDGE_CURVE ( 'NONE', #409, #6989, #5795, .T. ) ;
#350 = LINE ( 'NONE', #4856, #4174 ) ;
#351 = VERTEX_POINT ( 'NONE', #4529 ) ;
#352 = LINE ( 'NONE', #5264, #7000 ) ;
#353 = CARTESIAN_POINT ( 'NONE',  ( -32.30000000000000426, 501.0000000000000000, 17.69999999999999929 ) ) ;
#354 = VECTOR ( 'NONE', #4056, 1000.000000000000000 ) ;
#355 = ORIENTED_EDGE ( 'NONE', *, *, #4005, .F. ) ;
#356 = EDGE_CURVE ( 'NONE', #4967, #2255, #3262, .T. ) ;
#357 = CARTESIAN_POINT ( 'NONE',  ( 38.00000000000000000, -500.0000000000000000, 3.737499999999999822 ) ) ;
#358 = CARTESIAN_POINT ( 'NONE',  ( -18.38750000000000284, -500.0000000000000000, 7.000000000000000000 ) ) ;
#359 = DIRECTION ( 'NONE',  ( 1.040462604279012531E-08, 0.000000000000000000, 1.000000000000000000 ) ) ;
#360 = CARTESIAN_POINT ( 'NONE',  ( -32.30000000000000426, 500.0000000000000000, -11.79999999999999893 ) ) ;
#361 = LINE ( 'NONE', #1713, #4828 ) ;
#362 = ORIENTED_EDGE ( 'NONE', *, *, #3197, .T. ) ;
#363 = CARTESIAN_POINT ( 'NONE',  ( 32.30000000000000426, 500.0000000000000000, 17.69999999999999929 ) ) ;
#364 = AXIS2_PLACEMENT_3D ( 'NONE', #1307, #3044, #8028 ) ;
#365 = CARTESIAN_POINT ( 'NONE',  ( 12.90685425000000031, -500.0000000000000000, -9.214466100000000992 ) ) ;
#366 = DIRECTION ( 'NONE',  ( 1.000000000000000000, 0.000000000000000000, 0.000000000000000000 ) ) ;
#367 = CARTESIAN_POINT ( 'NONE',  ( 38.49999999989999822, 500.0000000000000000, 5.500000000099999120 ) ) ;
#368 = DIRECTION ( 'NONE',  ( -1.000000000000000000, 0.000000000000000000, 0.000000000000000000 ) ) ;
#369 = VECTOR ( 'NONE', #7645, 1000.000000000000000 ) ;
#370 = ADVANCED_FACE ( 'NONE', ( #5181 ), #2772, .T. ) ;
#371 = LINE ( 'NONE', #2994, #5370 ) ;
#372 = ORIENTED_EDGE ( 'NONE', *, *, #3283, .F. ) ;
#373 = ORIENTED_EDGE ( 'NONE', *, *, #6088, .F. ) ;
#374 = AXIS2_PLACEMENT_3D ( 'NONE', #1272, #3166, #1924 ) ;
#375 = ORIENTED_EDGE ( 'NONE', *, *, #63, .T. ) ;
#376 = CARTESIAN_POINT ( 'NONE',  ( 38.00000000000000000, 501.0000000000000000, -7.474999999999999645 ) ) ;
#377 = DIRECTION ( 'NONE',  ( 0.000000000000000000, 1.000000000000000000, 0.000000000000000000 ) ) ;
#378 = ORIENTED_EDGE ( 'NONE', *, *, #3145, .F. ) ;
#379 = CARTESIAN_POINT ( 'NONE',  ( -30.00000000000000000, 500.0000000000000000, -14.19238813000000121 ) ) ;
#380 = FACE_OUTER_BOUND ( 'NONE', #1239, .T. ) ;
#381 = EDGE_CURVE ( 'NONE', #6708, #5175, #900, .T. ) ;
#382 = CARTESIAN_POINT ( 'NONE',  ( -32.30000000000000426, 501.0000000000000000, 12.30000000000000071 ) ) ;
#383 = VECTOR ( 'NONE', #3142, 1000.000000000000000 ) ;
#384 = EDGE_CURVE ( 'NONE', #7278, #5393, #185, .T. ) ;
#385 = VERTEX_POINT ( 'NONE', #5268 ) ;
#386 = EDGE_LOOP ( 'NONE', ( #4660, #6623, #2303, #7917 ) ) ;
#387 = VERTEX_POINT ( 'NONE', #4053 ) ;
#388 = LINE ( 'NONE', #3548, #6909 ) ;
#389 = ORIENTED_EDGE ( 'NONE', *, *, #7494, .F. ) ;
#390 = DIRECTION ( 'NONE',  ( 0.000000000000000000, 0.000000000000000000, -1.000000000000000000 ) ) ;
#391 = AXIS2_PLACEMENT_3D ( 'NONE', #5492, #420, #6613 ) ;
#392 = VECTOR ( 'NONE', #1846, 1000.000000000000000 ) ;
#393 = LINE ( 'NONE', #5265, #2225 ) ;
#394 = EDGE_CURVE ( 'NONE', #7164, #7159, #7679, .T. ) ;
#395 = VERTEX_POINT ( 'NONE', #7888 ) ;
#396 = VECTOR ( 'NONE', #4384, 1000.000000000000000 ) ;
#397 = CIRCLE ( 'NONE', #2745, 1.000000000000000888 ) ;
#398 = ORIENTED_EDGE ( 'NONE', *, *, #2046, .T. ) ;
#399 = ORIENTED_EDGE ( 'NONE', *, *, #336, .F. ) ;
#400 = LINE ( 'NONE', #437, #2596 ) ;
#401 = LINE ( 'NONE', #2238, #8045 ) ;
#402 = CARTESIAN_POINT ( 'NONE',  ( 16.44238810797689965, 500.0000000000000000, -12.74999986990139966 ) ) ;
#403 = CIRCLE ( 'NONE', #5896, 5.000000028479869130 ) ;
#404 = DIRECTION ( 'NONE',  ( 0.000000000000000000, -1.000000000000000000, 0.000000000000000000 ) ) ;
#405 = DIRECTION ( 'NONE',  ( 1.000000000000000000, 0.000000000000000000, 3.999856001968282080E-11 ) ) ;
#406 = EDGE_CURVE ( 'NONE', #3248, #4928, #4215, .T. ) ;
#407 = DIRECTION ( 'NONE',  ( 1.734723475976807094E-15, 0.000000000000000000, -1.000000000000000000 ) ) ;
#408 = VECTOR ( 'NONE', #6244, 1000.000000000000000 ) ;
#409 = VERTEX_POINT ( 'NONE', #1595 ) ;
#410 = DIRECTION ( 'NONE',  ( -1.000000000000000000, 0.000000000000000000, 0.000000000000000000 ) ) ;
#411 = DIRECTION ( 'NONE',  ( 1.000000000000000000, 0.000000000000000000, 6.666657966410595850E-11 ) ) ;
#412 = DIRECTION ( 'NONE',  ( 0.000000000000000000, -1.000000000000000000, 0.000000000000000000 ) ) ;
#413 = DIRECTION ( 'NONE',  ( 1.000000000000000000, 0.000000000000000000, 1.999945348218899322E-10 ) ) ;
#414 = DIRECTION ( 'NONE',  ( 0.000000000000000000, -1.000000000000000000, 0.000000000000000000 ) ) ;
#415 = AXIS2_PLACEMENT_3D ( 'NONE', #2121, #2742, #5192 ) ;
#416 = ORIENTED_EDGE ( 'NONE', *, *, #5035, .T. ) ;
#417 = DIRECTION ( 'NONE',  ( 0.000000000000000000, -1.000000000000000000, 0.000000000000000000 ) ) ;
#418 = ORIENTED_EDGE ( 'NONE', *, *, #5986, .F. ) ;
#419 = VERTEX_POINT ( 'NONE', #1665 ) ;
#420 = DIRECTION ( 'NONE',  ( 0.000000000000000000, -1.000000000000000000, 0.000000000000000000 ) ) ;
#421 = EDGE_CURVE ( 'NONE', #6681, #6648, #1037, .T. ) ;
#422 = DIRECTION ( 'NONE',  ( -2.222219322136872090E-10, 0.000000000000000000, 1.000000000000000000 ) ) ;
#423 = ORIENTED_EDGE ( 'NONE', *, *, #1781, .F. ) ;
#424 = DIRECTION ( 'NONE',  ( -1.040462604279012531E-08, 0.000000000000000000, -1.000000000000000000 ) ) ;
#425 = CARTESIAN_POINT ( 'NONE',  ( -38.49999999989999822, -500.0000000000000000, 5.500000000099999120 ) ) ;
#426 = DIRECTION ( 'NONE',  ( 0.000000000000000000, -1.000000000000000000, 0.000000000000000000 ) ) ;
#427 = VERTEX_POINT ( 'NONE', #6592 ) ;
#428 = DIRECTION ( 'NONE',  ( 0.000000000000000000, -1.000000000000000000, 0.000000000000000000 ) ) ;
#429 = ORIENTED_EDGE ( 'NONE', *, *, #2957, .T. ) ;
#430 = VERTEX_POINT ( 'NONE', #2856 ) ;
#431 = DIRECTION ( 'NONE',  ( 0.000000000000000000, -1.000000000000000000, 0.000000000000000000 ) ) ;
#432 = VERTEX_POINT ( 'NONE', #6057 ) ;
#433 = FACE_OUTER_BOUND ( 'NONE', #5857, .T. ) ;
#434 = EDGE_CURVE ( 'NONE', #6457, #7296, #6793, .T. ) ;
#435 = CARTESIAN_POINT ( 'NONE',  ( -27.44999999999999929, 501.0000000000000000, 17.99999999990000177 ) ) ;
#436 = AXIS2_PLACEMENT_3D ( 'NONE', #1633, #1129, #1599 ) ;
#437 = CARTESIAN_POINT ( 'NONE',  ( -17.07499999999999929, -500.0000000000000000, 18.19999999999999929 ) ) ;
#438 = VECTOR ( 'NONE', #916, 1000.000000000000000 ) ;
#439 = CARTESIAN_POINT ( 'NONE',  ( -15.99999999989999999, 501.0000000000000000, -18.50000000000000000 ) ) ;
#440 = EDGE_CURVE ( 'NONE', #4857, #3624, #400, .T. ) ;
#441 = EDGE_CURVE ( 'NONE', #4038, #315, #6921, .T. ) ;
#442 = CARTESIAN_POINT ( 'NONE',  ( -26.99999999989999822, 501.0000000000000000, 16.00000000000000000 ) ) ;
#443 = DIRECTION ( 'NONE',  ( 1.000000000000000000, 0.000000000000000000, 0.000000000000000000 ) ) ;
#444 = CIRCLE ( 'NONE', #7122, 0.4499999999999990119 ) ;
#445 = CARTESIAN_POINT ( 'NONE',  ( 25.00000000010000178, -500.0000000000000000, -16.50000000010000178 ) ) ;
#446 = ORIENTED_EDGE ( 'NONE', *, *, #1556, .T. ) ;
#447 = EDGE_LOOP ( 'NONE', ( #4942, #3956, #2292, #508 ) ) ;
#448 = LINE ( 'NONE', #1832, #5547 ) ;
#449 = EDGE_CURVE ( 'NONE', #4667, #7886, #4780, .T. ) ;
#450 = CIRCLE ( 'NONE', #5021, 0.5000000000000004441 ) ;
#451 = ORIENTED_EDGE ( 'NONE', *, *, #4364, .T. ) ;
#452 = CARTESIAN_POINT ( 'NONE',  ( -13.50000000010000001, 500.0000000000000000, 16.00000000010000178 ) ) ;
#453 = DIRECTION ( 'NONE',  ( 0.000000000000000000, 1.000000000000000000, 0.000000000000000000 ) ) ;
#454 = DIRECTION ( 'NONE',  ( 0.000000000000000000, 0.000000000000000000, 1.000000000000000000 ) ) ;
#455 = CARTESIAN_POINT ( 'NONE',  ( -5.700000010000000117, 500.0000000000000000, -15.50000000000000000 ) ) ;
#456 = ORIENTED_EDGE ( 'NONE', *, *, #7844, .F. ) ;
#457 = ORIENTED_EDGE ( 'NONE', *, *, #1957, .T. ) ;
#458 = ORIENTED_EDGE ( 'NONE', *, *, #3593, .T. ) ;
#459 = DIRECTION ( 'NONE',  ( 0.000000000000000000, 1.000000000000000000, 0.000000000000000000 ) ) ;
#460 = VECTOR ( 'NONE', #4657, 1000.000000000000000 ) ;
#461 = CARTESIAN_POINT ( 'NONE',  ( 40.00000000000000000, -500.0000000000000000, -5.500000000000000000 ) ) ;
#462 = LINE ( 'NONE', #3455, #2849 ) ;
#463 = DIRECTION ( 'NONE',  ( 0.000000000000000000, 0.000000000000000000, 1.000000000000000000 ) ) ;
#464 = DIRECTION ( 'NONE',  ( 0.000000000000000000, -1.000000000000000000, 0.000000000000000000 ) ) ;
#465 = ORIENTED_EDGE ( 'NONE', *, *, #5893, .T. ) ;
#466 = PLANE ( 'NONE',  #5889 ) ;
#467 = AXIS2_PLACEMENT_3D ( 'NONE', #5389, #6051, #7881 ) ;
#468 = ORIENTED_EDGE ( 'NONE', *, *, #5942, .F. ) ;
#469 = VERTEX_POINT ( 'NONE', #2311 ) ;
#470 = CYLINDRICAL_SURFACE ( 'NONE', #236, 0.4499999999999999001 ) ;
#471 = VERTEX_POINT ( 'NONE', #3590 ) ;
#472 = DIRECTION ( 'NONE',  ( -1.000000000000000000, 0.000000000000000000, -1.999928000984139554E-10 ) ) ;
#473 = PLANE ( 'NONE',  #3278 ) ;
#474 = VECTOR ( 'NONE', #7727, 1000.000000000000000 ) ;
#475 = EDGE_CURVE ( 'NONE', #6859, #5295, #2942, .T. ) ;
#476 = CARTESIAN_POINT ( 'NONE',  ( -17.42309703250000297, 500.0000000000000000, 10.00000000000000000 ) ) ;
#477 = VECTOR ( 'NONE', #713, 1000.000000000000000 ) ;
#478 = DIRECTION ( 'NONE',  ( 0.000000000000000000, -1.000000000000000000, 0.000000000000000000 ) ) ;
#479 = FACE_OUTER_BOUND ( 'NONE', #6488, .T. ) ;
#480 = CARTESIAN_POINT ( 'NONE',  ( 8.199999990000000238, 500.0000000000000000, -15.50000000000000000 ) ) ;
#481 = ORIENTED_EDGE ( 'NONE', *, *, #1731, .F. ) ;
#482 = AXIS2_PLACEMENT_3D ( 'NONE', #4176, #974, #7851 ) ;
#483 = EDGE_CURVE ( 'NONE', #1435, #1447, #1284, .T. ) ;
#484 = EDGE_CURVE ( 'NONE', #7081, #3353, #971, .T. ) ;
#485 = FACE_OUTER_BOUND ( 'NONE', #1871, .T. ) ;
#486 = ORIENTED_EDGE ( 'NONE', *, *, #2712, .T. ) ;
#487 = ORIENTED_EDGE ( 'NONE', *, *, #6312, .T. ) ;
#488 = LINE ( 'NONE', #2404, #4817 ) ;
#489 = FACE_OUTER_BOUND ( 'NONE', #1073, .T. ) ;
#490 = VECTOR ( 'NONE', #258, 1000.000000000000000 ) ;
#491 = DIRECTION ( 'NONE',  ( 0.7071067807047830556, 0.000000000000000000, 0.7071067816683118679 ) ) ;
#492 = PLANE ( 'NONE',  #6423 ) ;
#493 = EDGE_CURVE ( 'NONE', #7972, #2388, #4862, .T. ) ;
#494 = AXIS2_PLACEMENT_3D ( 'NONE', #1645, #4791, #2871 ) ;
#495 = DIRECTION ( 'NONE',  ( 0.000000000000000000, -1.000000000000000000, 0.000000000000000000 ) ) ;
#496 = ORIENTED_EDGE ( 'NONE', *, *, #3303, .T. ) ;
#497 = ORIENTED_EDGE ( 'NONE', *, *, #4754, .T. ) ;
#498 = CARTESIAN_POINT ( 'NONE',  ( -8.200000010000000117, 500.0000000000000000, 11.74974747000000086 ) ) ;
#499 = CARTESIAN_POINT ( 'NONE',  ( 10.00000000000000000, -500.0000000000000000, -7.423097032500000303 ) ) ;
#500 = CYLINDRICAL_SURFACE ( 'NONE', #7993, 0.5000000000000004441 ) ;
#501 = VECTOR ( 'NONE', #5876, 1000.000000000000000 ) ;
#502 = VERTEX_POINT ( 'NONE', #4705 ) ;
#503 = DIRECTION ( 'NONE',  ( 0.000000000000000000, -1.000000000000000000, 0.000000000000000000 ) ) ;
#504 = CARTESIAN_POINT ( 'NONE',  ( 32.30000000000000426, -500.0000000000000000, -17.69999999999999929 ) ) ;
#505 = DIRECTION ( 'NONE',  ( 0.000000000000000000, 0.000000000000000000, -1.000000000000000000 ) ) ;
#506 = EDGE_CURVE ( 'NONE', #3877, #4221, #1010, .T. ) ;
#507 = ORIENTED_EDGE ( 'NONE', *, *, #4966, .T. ) ;
#508 = ORIENTED_EDGE ( 'NONE', *, *, #7360, .F. ) ;
#509 = CARTESIAN_POINT ( 'NONE',  ( -29.21446609999999922, -500.0000000000000000, 7.093145749999999694 ) ) ;
#510 = EDGE_LOOP ( 'NONE', ( #7281, #6901, #3702, #6091 ) ) ;
#511 = CYLINDRICAL_SURFACE ( 'NONE', #5036, 0.5000000000000004441 ) ;
#512 = CARTESIAN_POINT ( 'NONE',  ( -23.55761182633779782, 501.0000000000000000, 12.75000002847990110 ) ) ;
#513 = VECTOR ( 'NONE', #2107, 1000.000000000000000 ) ;
#514 = CIRCLE ( 'NONE', #3659, 2.499999999999998668 ) ;
#515 = CARTESIAN_POINT ( 'NONE',  ( 14.99999996279450087, 500.0000000000000000, -14.19238814645449942 ) ) ;
#516 = DIRECTION ( 'NONE',  ( 0.000000000000000000, -1.000000000000000000, 0.000000000000000000 ) ) ;
#517 = EDGE_CURVE ( 'NONE', #351, #409, #3129, .T. ) ;
#518 = LINE ( 'NONE', #4709, #1863 ) ;
#519 = ORIENTED_EDGE ( 'NONE', *, *, #939, .F. ) ;
#520 = CIRCLE ( 'NONE', #7970, 0.4499999999999990119 ) ;
#521 = VECTOR ( 'NONE', #2829, 1000.000000000000000 ) ;
#522 = ORIENTED_EDGE ( 'NONE', *, *, #3687, .F. ) ;
#523 = DIRECTION ( 'NONE',  ( 1.000000000000000000, 0.000000000000000000, 0.000000000000000000 ) ) ;
#524 = ORIENTED_EDGE ( 'NONE', *, *, #5084, .F. ) ;
#525 = CARTESIAN_POINT ( 'NONE',  ( -12.25000000000000000, 500.0000000000000000, 3.557611840000000303 ) ) ;
#526 = AXIS2_PLACEMENT_3D ( 'NONE', #7804, #7882, #6587 ) ;
#527 = AXIS2_PLACEMENT_3D ( 'NONE', #7734, #1552, #5275 ) ;
#528 = EDGE_CURVE ( 'NONE', #219, #5414, #7925, .T. ) ;
#529 = LINE ( 'NONE', #568, #5578 ) ;
#530 = EDGE_CURVE ( 'NONE', #4636, #3997, #4133, .T. ) ;
#531 = DIRECTION ( 'NONE',  ( 1.000000000000000000, 0.000000000000000000, 0.000000000000000000 ) ) ;
#532 = CARTESIAN_POINT ( 'NONE',  ( -25.00000000000000000, 500.0000000000000000, 15.50000000010000001 ) ) ;
#533 = VECTOR ( 'NONE', #4310, 1000.000000000000000 ) ;
#534 = AXIS2_PLACEMENT_3D ( 'NONE', #7386, #6118, #4350 ) ;
#535 = CARTESIAN_POINT ( 'NONE',  ( -23.55761182633779782, 500.0000000000000000, 12.75000002847990110 ) ) ;
#536 = ORIENTED_EDGE ( 'NONE', *, *, #1409, .T. ) ;
#537 = ORIENTED_EDGE ( 'NONE', *, *, #3996, .F. ) ;
#538 = CARTESIAN_POINT ( 'NONE',  ( 7.249999980000049860, 500.0000000000000000, -3.557611840000020287 ) ) ;
#539 = VECTOR ( 'NONE', #1844, 1000.000000000000114 ) ;
#540 = ADVANCED_FACE ( 'NONE', ( #3508 ), #7329, .F. ) ;
#541 = LINE ( 'NONE', #35, #5506 ) ;
#542 = EDGE_CURVE ( 'NONE', #3498, #4115, #1419, .T. ) ;
#543 = DIRECTION ( 'NONE',  ( 0.7071067811865500152, 0.000000000000000000, 0.7071067811865450192 ) ) ;
#544 = LINE ( 'NONE', #3195, #2449 ) ;
#545 = DIRECTION ( 'NONE',  ( 0.000000000000000000, 0.000000000000000000, -1.000000000000000000 ) ) ;
#546 = DIRECTION ( 'NONE',  ( 0.000000000000000000, 0.000000000000000000, 1.000000000000000000 ) ) ;
#547 = ORIENTED_EDGE ( 'NONE', *, *, #1539, .F. ) ;
#548 = CARTESIAN_POINT ( 'NONE',  ( 10.00000000000000000, 501.0000000000000000, -15.50000000000000000 ) ) ;
#549 = EDGE_LOOP ( 'NONE', ( #6860, #2700, #6994, #5732 ) ) ;
#550 = VERTEX_POINT ( 'NONE', #2842 ) ;
#551 = CYLINDRICAL_SURFACE ( 'NONE', #374, 0.4499999999999999001 ) ;
#552 = ORIENTED_EDGE ( 'NONE', *, *, #6853, .T. ) ;
#553 = FACE_OUTER_BOUND ( 'NONE', #5203, .T. ) ;
#554 = EDGE_CURVE ( 'NONE', #1420, #4076, #263, .T. ) ;
#555 = LINE ( 'NONE', #4283, #2619 ) ;
#556 = CARTESIAN_POINT ( 'NONE',  ( 12.87500000000000000, 500.0000000000000000, -15.50000000000000000 ) ) ;
#557 = CARTESIAN_POINT ( 'NONE',  ( -30.65685426000000291, -500.0000000000000000, 8.535533909999999835 ) ) ;
#558 = DIRECTION ( 'NONE',  ( 0.000000000000000000, 1.000000000000000000, 0.000000000000000000 ) ) ;
#559 = VECTOR ( 'NONE', #5367, 1000.000000000000000 ) ;
#560 = CARTESIAN_POINT ( 'NONE',  ( 28.53553391000000161, 500.0000000000000000, 10.65685425999999936 ) ) ;
#561 = ORIENTED_EDGE ( 'NONE', *, *, #4763, .F. ) ;
#562 = ORIENTED_EDGE ( 'NONE', *, *, #6076, .T. ) ;
#563 = CIRCLE ( 'NONE', #5274, 1.499999999999999556 ) ;
#564 = LINE ( 'NONE', #3063, #1289 ) ;
#565 = EDGE_CURVE ( 'NONE', #6781, #4345, #5958, .T. ) ;
#566 = CARTESIAN_POINT ( 'NONE',  ( 36.50000000000000000, -500.0000000000000000, 4.000000000000000000 ) ) ;
#567 = DIRECTION ( 'NONE',  ( 0.000000000000000000, 1.000000000000000000, 0.000000000000000000 ) ) ;
#568 = CARTESIAN_POINT ( 'NONE',  ( -31.80000000000000071, 501.0000000000000000, 12.30000000000000071 ) ) ;
#569 = CARTESIAN_POINT ( 'NONE',  ( 27.49999999990000177, 501.0000000000000000, -15.49999999989999999 ) ) ;
#570 = LINE ( 'NONE', #3069, #2195 ) ;
#571 = DIRECTION ( 'NONE',  ( -1.000000000000000000, 0.000000000000000000, 0.000000000000000000 ) ) ;
#572 = ADVANCED_FACE ( 'NONE', ( #6531 ), #2670, .F. ) ;
#573 = VERTEX_POINT ( 'NONE', #2221 ) ;
#574 = EDGE_LOOP ( 'NONE', ( #6778, #276, #4795, #4151 ) ) ;
#575 = DIRECTION ( 'NONE',  ( 0.000000000000000000, 0.000000000000000000, 1.000000000000000000 ) ) ;
#576 = CARTESIAN_POINT ( 'NONE',  ( 20.00000000000000000, -500.0000000000000000, 0.000000000000000000 ) ) ;
#577 = DIRECTION ( 'NONE',  ( 0.000000000000000000, 0.000000000000000000, 1.000000000000000000 ) ) ;
#578 = LINE ( 'NONE', #698, #2980 ) ;
#579 = CIRCLE ( 'NONE', #5150, 4.999999982033290991 ) ;
#580 = DIRECTION ( 'NONE',  ( -6.666426669947139600E-11, 0.000000000000000000, 1.000000000000000000 ) ) ;
#581 = ORIENTED_EDGE ( 'NONE', *, *, #637, .F. ) ;
#582 = ORIENTED_EDGE ( 'NONE', *, *, #2993, .T. ) ;
#583 = LINE ( 'NONE', #5197, #521 ) ;
#584 = EDGE_CURVE ( 'NONE', #7945, #4608, #640, .T. ) ;
#585 = EDGE_CURVE ( 'NONE', #5924, #5899, #5259, .T. ) ;
#586 = ORIENTED_EDGE ( 'NONE', *, *, #1908, .F. ) ;
#587 = ORIENTED_EDGE ( 'NONE', *, *, #8031, .T. ) ;
#588 = LINE ( 'NONE', #7511, #6922 ) ;
#589 = ORIENTED_EDGE ( 'NONE', *, *, #3732, .T. ) ;
#590 = DIRECTION ( 'NONE',  ( 0.000000000000000000, 1.000000000000000000, 0.000000000000000000 ) ) ;
#591 = CARTESIAN_POINT ( 'NONE',  ( -10.78553390999999984, -500.0000000000000000, 7.093145749999999694 ) ) ;
#592 = FACE_OUTER_BOUND ( 'NONE', #100, .T. ) ;
#593 = CIRCLE ( 'NONE', #467, 2.499999999999998668 ) ;
#594 = ORIENTED_EDGE ( 'NONE', *, *, #5318, .T. ) ;
#595 = ADVANCED_FACE ( 'NONE', ( #3419 ), #4085, .F. ) ;
#596 = ORIENTED_EDGE ( 'NONE', *, *, #2511, .T. ) ;
#597 = DIRECTION ( 'NONE',  ( 0.7071067811865474617, 0.000000000000000000, 0.7071067811865474617 ) ) ;
#598 = FACE_OUTER_BOUND ( 'NONE', #2042, .T. ) ;
#599 = CARTESIAN_POINT ( 'NONE',  ( 7.125000000000000000, -500.0000000000000000, -15.50000000000000000 ) ) ;
#600 = ORIENTED_EDGE ( 'NONE', *, *, #4740, .F. ) ;
#601 = EDGE_CURVE ( 'NONE', #385, #5921, #3371, .T. ) ;
#602 = CARTESIAN_POINT ( 'NONE',  ( -7.250000000000000000, -500.0000000000000000, -3.557611840000020287 ) ) ;
#603 = CARTESIAN_POINT ( 'NONE',  ( 31.80000000000000071, 501.0000000000000000, -12.30000000000000071 ) ) ;
#604 = CARTESIAN_POINT ( 'NONE',  ( 38.19999999999999574, 501.0000000000000000, -12.30000000000000071 ) ) ;
#605 = DIRECTION ( 'NONE',  ( 0.000000000000000000, -1.000000000000000000, 0.000000000000000000 ) ) ;
#606 = CARTESIAN_POINT ( 'NONE',  ( -31.80000000000000071, 501.0000000000000000, -15.00000000000000000 ) ) ;
#607 = DIRECTION ( 'NONE',  ( 6.666657966410595850E-11, 0.000000000000000000, -1.000000000000000000 ) ) ;
#608 = EDGE_LOOP ( 'NONE', ( #158, #6591, #334, #7288 ) ) ;
#609 = CARTESIAN_POINT ( 'NONE',  ( 15.00000000000000000, -500.0000000000000000, -15.50000000000000000 ) ) ;
#610 = ORIENTED_EDGE ( 'NONE', *, *, #2608, .F. ) ;
#611 = ORIENTED_EDGE ( 'NONE', *, *, #7634, .F. ) ;
#612 = AXIS2_PLACEMENT_3D ( 'NONE', #1019, #5442, #7937 ) ;
#613 = CARTESIAN_POINT ( 'NONE',  ( -6.262500000000000178, 500.0000000000000000, 18.00000000000000000 ) ) ;
#614 = DIRECTION ( 'NONE',  ( -1.000000000000000000, 0.000000000000000000, -6.666657966410595850E-11 ) ) ;
#615 = DIRECTION ( 'NONE',  ( 1.000000000000000000, 0.000000000000000000, 1.040834085586084059E-15 ) ) ;
#616 = FACE_OUTER_BOUND ( 'NONE', #2788, .T. ) ;
#617 = EDGE_CURVE ( 'NONE', #6394, #6432, #906, .T. ) ;
#618 = AXIS2_PLACEMENT_3D ( 'NONE', #4646, #2631, #5127 ) ;
#619 = DIRECTION ( 'NONE',  ( 1.000000000000000000, 0.000000000000000000, 0.000000000000000000 ) ) ;
#620 = ORIENTED_EDGE ( 'NONE', *, *, #3638, .T. ) ;
#621 = DIRECTION ( 'NONE',  ( 0.000000000000000000, 0.000000000000000000, -1.000000000000000000 ) ) ;
#622 = VERTEX_POINT ( 'NONE', #7197 ) ;
#623 = ORIENTED_EDGE ( 'NONE', *, *, #3775, .F. ) ;
#624 = AXIS2_PLACEMENT_3D ( 'NONE', #5445, #1679, #4186 ) ;
#625 = ORIENTED_EDGE ( 'NONE', *, *, #4248, .T. ) ;
#626 = DIRECTION ( 'NONE',  ( 0.000000000000000000, 1.000000000000000000, 0.000000000000000000 ) ) ;
#627 = CARTESIAN_POINT ( 'NONE',  ( 18.37683982750000311, -500.0000000000000000, 0.4981601775000000232 ) ) ;
#628 = VERTEX_POINT ( 'NONE', #3458 ) ;
#629 = FACE_OUTER_BOUND ( 'NONE', #143, .T. ) ;
#630 = EDGE_CURVE ( 'NONE', #3777, #5016, #4735, .T. ) ;
#631 = EDGE_CURVE ( 'NONE', #5653, #387, #3995, .T. ) ;
#632 = AXIS2_PLACEMENT_3D ( 'NONE', #4417, #2371, #607 ) ;
#633 = ORIENTED_EDGE ( 'NONE', *, *, #3815, .T. ) ;
#634 = ORIENTED_EDGE ( 'NONE', *, *, #4102, .T. ) ;
#635 = CARTESIAN_POINT ( 'NONE',  ( -15.00000000000000000, -500.0000000000000000, 15.50000000000000000 ) ) ;
#636 = CARTESIAN_POINT ( 'NONE',  ( -10.78553390999999984, 501.0000000000000000, -7.093145749999990812 ) ) ;
#637 = EDGE_CURVE ( 'NONE', #7199, #2674, #6446, .T. ) ;
#638 = CARTESIAN_POINT ( 'NONE',  ( 25.00000000000000000, -500.0000000000000000, 15.50000000000000000 ) ) ;
#639 = CIRCLE ( 'NONE', #1046, 0.5000000000000004441 ) ;
#640 = CIRCLE ( 'NONE', #2340, 0.4500000000000007327 ) ;
#641 = DIRECTION ( 'NONE',  ( 0.000000000000000000, -1.000000000000000000, 0.000000000000000000 ) ) ;
#642 = PLANE ( 'NONE',  #6269 ) ;
#643 = CARTESIAN_POINT ( 'NONE',  ( 8.199999990000000238, -500.0000000000000000, -11.74974747000000086 ) ) ;
#644 = AXIS2_PLACEMENT_3D ( 'NONE', #7421, #2377, #4879 ) ;
#645 = DIRECTION ( 'NONE',  ( 0.000000000000000000, -1.000000000000000000, 0.000000000000000000 ) ) ;
#646 = CIRCLE ( 'NONE', #4059, 4.999999869901410321 ) ;
#647 = ADVANCED_FACE ( 'NONE', ( #4560 ), #4649, .F. ) ;
#648 = CARTESIAN_POINT ( 'NONE',  ( -12.55000000000000071, 501.0000000000000000, -17.99999999990000177 ) ) ;
#649 = DIRECTION ( 'NONE',  ( 0.000000000000000000, 1.000000000000000000, 0.000000000000000000 ) ) ;
#650 = CARTESIAN_POINT ( 'NONE',  ( 36.00000000010000178, -500.0000000000000000, 6.499999999899999992 ) ) ;
#651 = AXIS2_PLACEMENT_3D ( 'NONE', #5121, #6279, #1961 ) ;
#652 = ORIENTED_EDGE ( 'NONE', *, *, #2215, .T. ) ;
#653 = EDGE_LOOP ( 'NONE', ( #1658, #766, #2213, #3528 ) ) ;
#654 = DIRECTION ( 'NONE',  ( 0.000000000000000000, 0.000000000000000000, 1.000000000000000000 ) ) ;
#655 = CARTESIAN_POINT ( 'NONE',  ( -37.99999999989999822, 500.0000000000000000, 7.500000000000000000 ) ) ;
#656 = LINE ( 'NONE', #4427, #3421 ) ;
#657 = FACE_OUTER_BOUND ( 'NONE', #2132, .T. ) ;
#658 = AXIS2_PLACEMENT_3D ( 'NONE', #6327, #5089, #5621 ) ;
#659 = AXIS2_PLACEMENT_3D ( 'NONE', #3767, #66, #3810 ) ;
#660 = FACE_OUTER_BOUND ( 'NONE', #287, .T. ) ;
#661 = ORIENTED_EDGE ( 'NONE', *, *, #4708, .T. ) ;
#662 = VERTEX_POINT ( 'NONE', #3333 ) ;
#663 = CARTESIAN_POINT ( 'NONE',  ( 35.00000000000000000, 501.0000000000000000, -11.79999999999999893 ) ) ;
#664 = ORIENTED_EDGE ( 'NONE', *, *, #7624, .T. ) ;
#665 = EDGE_LOOP ( 'NONE', ( #2624, #2762, #3037, #8093 ) ) ;
#666 = AXIS2_PLACEMENT_3D ( 'NONE', #5725, #1386, #7503 ) ;
#667 = EDGE_CURVE ( 'NONE', #6426, #3285, #5224, .T. ) ;
#668 = CIRCLE ( 'NONE', #5245, 1.500000000000001332 ) ;
#669 = PLANE ( 'NONE',  #1811 ) ;
#670 = ORIENTED_EDGE ( 'NONE', *, *, #96, .F. ) ;
#671 = CARTESIAN_POINT ( 'NONE',  ( -38.49999999989999822, 500.0000000000000000, 5.500000000099999120 ) ) ;
#672 = DIRECTION ( 'NONE',  ( 1.000000000000000000, 0.000000000000000000, 6.666657966410595850E-11 ) ) ;
#673 = DIRECTION ( 'NONE',  ( 2.775557561562892929E-15, 0.000000000000000000, -1.000000000000000000 ) ) ;
#674 = VERTEX_POINT ( 'NONE', #1529 ) ;
#675 = EDGE_CURVE ( 'NONE', #1888, #4914, #1446, .T. ) ;
#676 = ORIENTED_EDGE ( 'NONE', *, *, #4487, .T. ) ;
#677 = CARTESIAN_POINT ( 'NONE',  ( -16.44238816000000014, 500.0000000000000000, -7.750000000000000000 ) ) ;
#678 = PLANE ( 'NONE',  #7340 ) ;
#679 = CARTESIAN_POINT ( 'NONE',  ( -25.75000000000000000, 501.0000000000000000, 15.50000000000000000 ) ) ;
#680 = DIRECTION ( 'NONE',  ( 1.000000000000000000, 0.000000000000000000, 1.999928000984139554E-10 ) ) ;
#681 = EDGE_CURVE ( 'NONE', #3584, #219, #2179, .T. ) ;
#682 = ORIENTED_EDGE ( 'NONE', *, *, #142, .T. ) ;
#683 = EDGE_CURVE ( 'NONE', #2920, #7278, #7714, .T. ) ;
#684 = LINE ( 'NONE', #1941, #4700 ) ;
#685 = PLANE ( 'NONE',  #6090 ) ;
#686 = CARTESIAN_POINT ( 'NONE',  ( 12.55000000000000071, 500.0000000000000000, 17.99999999990000177 ) ) ;
#687 = DIRECTION ( 'NONE',  ( -4.000064168785401882E-11, 0.000000000000000000, 1.000000000000000000 ) ) ;
#688 = AXIS2_PLACEMENT_3D ( 'NONE', #4341, #6877, #1178 ) ;
#689 = VERTEX_POINT ( 'NONE', #997 ) ;
#690 = CARTESIAN_POINT ( 'NONE',  ( -17.42309703250000297, 500.0000000000000000, -10.00000000000000000 ) ) ;
#691 = EDGE_CURVE ( 'NONE', #2181, #3335, #2887, .T. ) ;
#692 = ORIENTED_EDGE ( 'NONE', *, *, #3723, .F. ) ;
#693 = ORIENTED_EDGE ( 'NONE', *, *, #1371, .T. ) ;
#694 = VECTOR ( 'NONE', #4820, 1000.000000000000000 ) ;
#695 = DIRECTION ( 'NONE',  ( -1.000000000000000000, 0.000000000000000000, -2.222219322136872090E-10 ) ) ;
#696 = DIRECTION ( 'NONE',  ( 0.000000000000000000, 1.000000000000000000, 0.000000000000000000 ) ) ;
#697 = CARTESIAN_POINT ( 'NONE',  ( -38.19999999999999574, 501.0000000000000000, 12.30000000000000071 ) ) ;
#698 = CARTESIAN_POINT ( 'NONE',  ( 29.21446609999999922, 501.0000000000000000, 7.093145749999999694 ) ) ;
#699 = LINE ( 'NONE', #5079, #4712 ) ;
#700 = ORIENTED_EDGE ( 'NONE', *, *, #4066, .T. ) ;
#701 = PLANE ( 'NONE',  #651 ) ;
#702 = EDGE_CURVE ( 'NONE', #3572, #6403, #2339, .T. ) ;
#703 = EDGE_LOOP ( 'NONE', ( #5258, #7155, #468, #3226 ) ) ;
#704 = ORIENTED_EDGE ( 'NONE', *, *, #5859, .F. ) ;
#705 = DIRECTION ( 'NONE',  ( 0.000000000000000000, 0.000000000000000000, -1.000000000000000000 ) ) ;
#706 = EDGE_LOOP ( 'NONE', ( #5562, #5301, #5007, #5922 ) ) ;
#707 = FACE_OUTER_BOUND ( 'NONE', #1197, .T. ) ;
#708 = CARTESIAN_POINT ( 'NONE',  ( 31.80000000000000071, 501.0000000000000000, -17.69999999999999929 ) ) ;
#709 = AXIS2_PLACEMENT_3D ( 'NONE', #4671, #4788, #2117 ) ;
#710 = DIRECTION ( 'NONE',  ( 0.000000000000000000, -1.000000000000000000, 0.000000000000000000 ) ) ;
#711 = ORIENTED_EDGE ( 'NONE', *, *, #3697, .F. ) ;
#712 = ORIENTED_EDGE ( 'NONE', *, *, #6787, .F. ) ;
#713 = DIRECTION ( 'NONE',  ( 0.000000000000000000, -1.000000000000000000, 0.000000000000000000 ) ) ;
#714 = LINE ( 'NONE', #140, #5497 ) ;
#715 = AXIS2_PLACEMENT_3D ( 'NONE', #2550, #3503, #7245 ) ;
#716 = EDGE_CURVE ( 'NONE', #5662, #2958, #7064, .T. ) ;
#717 = ORIENTED_EDGE ( 'NONE', *, *, #2647, .F. ) ;
#718 = ORIENTED_EDGE ( 'NONE', *, *, #1181, .F. ) ;
#719 = CARTESIAN_POINT ( 'NONE',  ( 38.00000000000000000, -500.0000000000000000, 7.500000000000000000 ) ) ;
#720 = CARTESIAN_POINT ( 'NONE',  ( 14.49999999989999999, 0.000000000000000000, 20.00000000000000000 ) ) ;
#721 = CARTESIAN_POINT ( 'NONE',  ( -20.00000000000000000, 501.0000000000000000, 7.750000000000000000 ) ) ;
#722 = CYLINDRICAL_SURFACE ( 'NONE', #4878, 4.999999962794540842 ) ;
#723 = EDGE_CURVE ( 'NONE', #4876, #6348, #646, .T. ) ;
#724 = ADVANCED_FACE ( 'NONE', ( #1080 ), #7357, .T. ) ;
#725 = AXIS2_PLACEMENT_3D ( 'NONE', #671, #3088, #4971 ) ;
#726 = FACE_OUTER_BOUND ( 'NONE', #4448, .T. ) ;
#727 = ORIENTED_EDGE ( 'NONE', *, *, #2118, .F. ) ;
#728 = VERTEX_POINT ( 'NONE', #6164 ) ;
#729 = CIRCLE ( 'NONE', #2416, 4.999999869901410321 ) ;
#730 = PLANE ( 'NONE',  #4972 ) ;
#731 = FACE_OUTER_BOUND ( 'NONE', #3294, .T. ) ;
#732 = FACE_OUTER_BOUND ( 'NONE', #6478, .T. ) ;
#733 = DIRECTION ( 'NONE',  ( 0.000000000000000000, 0.000000000000000000, 1.000000000000000000 ) ) ;
#734 = ADVANCED_FACE ( 'NONE', ( #4200 ), #6740, .F. ) ;
#735 = LINE ( 'NONE', #4388, #7334 ) ;
#736 = VERTEX_POINT ( 'NONE', #3496 ) ;
#737 = VECTOR ( 'NONE', #2906, 1000.000000000000000 ) ;
#738 = VERTEX_POINT ( 'NONE', #6044 ) ;
#739 = CYLINDRICAL_SURFACE ( 'NONE', #4321, 0.5000000000000004441 ) ;
#740 = ORIENTED_EDGE ( 'NONE', *, *, #1637, .T. ) ;
#741 = VERTEX_POINT ( 'NONE', #1732 ) ;
#742 = VERTEX_POINT ( 'NONE', #1036 ) ;
#743 = CARTESIAN_POINT ( 'NONE',  ( -31.80000000000000071, -500.0000000000000000, 12.30000000000000071 ) ) ;
#744 = CARTESIAN_POINT ( 'NONE',  ( -36.00000000010000178, -500.0000000000000000, -6.499999999899999992 ) ) ;
#745 = AXIS2_PLACEMENT_3D ( 'NONE', #3866, #3249, #1443 ) ;
#746 = CYLINDRICAL_SURFACE ( 'NONE', #4934, 4.999999982033289214 ) ;
#747 = EDGE_CURVE ( 'NONE', #1910, #6439, #7953, .T. ) ;
#748 = ORIENTED_EDGE ( 'NONE', *, *, #172, .F. ) ;
#749 = EDGE_LOOP ( 'NONE', ( #3261, #7055, #2984, #693 ) ) ;
#750 = VECTOR ( 'NONE', #7872, 1000.000000000000000 ) ;
#751 = DIRECTION ( 'NONE',  ( 1.000000000000000000, 0.000000000000000000, 0.000000000000000000 ) ) ;
#752 = ORIENTED_EDGE ( 'NONE', *, *, #6425, .F. ) ;
#753 = LINE ( 'NONE', #5098, #477 ) ;
#754 = CARTESIAN_POINT ( 'NONE',  ( -5.700000010000020545, -500.0000000000000000, 15.50000000000000000 ) ) ;
#755 = VECTOR ( 'NONE', #5946, 1000.000000000000000 ) ;
#756 = EDGE_LOOP ( 'NONE', ( #5103, #3209, #4796, #3941 ) ) ;
#757 = VERTEX_POINT ( 'NONE', #5500 ) ;
#758 = CARTESIAN_POINT ( 'NONE',  ( 35.50000000000000000, 500.0000000000000000, -2.875000000000000000 ) ) ;
#759 = CIRCLE ( 'NONE', #8089, 5.000000005751969567 ) ;
#760 = CARTESIAN_POINT ( 'NONE',  ( 24.00000000010000178, -500.0000000000000000, 16.50000000000000000 ) ) ;
#761 = ADVANCED_FACE ( 'NONE', ( #3046 ), #4238, .F. ) ;
#762 = DIRECTION ( 'NONE',  ( 0.000000000000000000, -1.000000000000000000, 0.000000000000000000 ) ) ;
#763 = DIRECTION ( 'NONE',  ( 0.000000000000000000, -1.000000000000000000, 0.000000000000000000 ) ) ;
#764 = VECTOR ( 'NONE', #4815, 1000.000000000000000 ) ;
#765 = DIRECTION ( 'NONE',  ( -6.666657966410595850E-11, 0.000000000000000000, 1.000000000000000000 ) ) ;
#766 = ORIENTED_EDGE ( 'NONE', *, *, #2471, .F. ) ;
#767 = ORIENTED_EDGE ( 'NONE', *, *, #5746, .F. ) ;
#768 = ADVANCED_FACE ( 'NONE', ( #5997 ), #7276, .F. ) ;
#769 = VECTOR ( 'NONE', #6933, 1000.000000000000000 ) ;
#770 = ADVANCED_FACE ( 'NONE', ( #7913 ), #6657, .T. ) ;
#771 = CARTESIAN_POINT ( 'NONE',  ( -37.69999999999999574, 501.0000000000000000, -11.79999999999999893 ) ) ;
#772 = DIRECTION ( 'NONE',  ( 0.7071067816683119789, 0.000000000000000000, -0.7071067807047830556 ) ) ;
#773 = DIRECTION ( 'NONE',  ( 1.000000000000000000, 0.000000000000000000, 4.884684341243944013E-09 ) ) ;
#774 = VECTOR ( 'NONE', #7778, 1000.000000000000000 ) ;
#775 = AXIS2_PLACEMENT_3D ( 'NONE', #6936, #5689, #4356 ) ;
#776 = VERTEX_POINT ( 'NONE', #6083 ) ;
#777 = ORIENTED_EDGE ( 'NONE', *, *, #4, .F. ) ;
#778 = PLANE ( 'NONE',  #4847 ) ;
#779 = ORIENTED_EDGE ( 'NONE', *, *, #2090, .F. ) ;
#780 = ORIENTED_EDGE ( 'NONE', *, *, #1181, .T. ) ;
#781 = ADVANCED_FACE ( 'NONE', ( #3542 ), #5534, .F. ) ;
#782 = ADVANCED_FACE ( 'NONE', ( #2928 ), #5420, .F. ) ;
#783 = ORIENTED_EDGE ( 'NONE', *, *, #6853, .F. ) ;
#784 = DIRECTION ( 'NONE',  ( 0.000000000000000000, -1.000000000000000000, 0.000000000000000000 ) ) ;
#785 = CIRCLE ( 'NONE', #6688, 2.499999999999998668 ) ;
#786 = AXIS2_PLACEMENT_3D ( 'NONE', #7533, #1907, #6346 ) ;
#787 = DIRECTION ( 'NONE',  ( 0.000000000000000000, 0.000000000000000000, -1.000000000000000000 ) ) ;
#788 = ORIENTED_EDGE ( 'NONE', *, *, #2350, .F. ) ;
#789 = DIRECTION ( 'NONE',  ( -1.000000000000000000, 0.000000000000000000, -4.884684341243944013E-09 ) ) ;
#790 = ORIENTED_EDGE ( 'NONE', *, *, #3695, .T. ) ;
#791 = DIRECTION ( 'NONE',  ( 1.000000000000000000, 0.000000000000000000, 4.000029474315877176E-11 ) ) ;
#792 = ORIENTED_EDGE ( 'NONE', *, *, #7300, .T. ) ;
#793 = CIRCLE ( 'NONE', #658, 0.4499999999999990119 ) ;
#794 = CIRCLE ( 'NONE', #7599, 4.999999982033290991 ) ;
#795 = EDGE_CURVE ( 'NONE', #4876, #741, #2382, .T. ) ;
#796 = CARTESIAN_POINT ( 'NONE',  ( -27.44999999999999929, 500.0000000000000000, -18.00000000000000000 ) ) ;
#797 = ORIENTED_EDGE ( 'NONE', *, *, #6010, .F. ) ;
#798 = CARTESIAN_POINT ( 'NONE',  ( 35.50000000000000000, 500.0000000000000000, -10.00000000000000000 ) ) ;
#799 = DIRECTION ( 'NONE',  ( 0.000000000000000000, 1.000000000000000000, 0.000000000000000000 ) ) ;
#800 = AXIS2_PLACEMENT_3D ( 'NONE', #5443, #4185, #1721 ) ;
#801 = VERTEX_POINT ( 'NONE', #1769 ) ;
#802 = ORIENTED_EDGE ( 'NONE', *, *, #449, .T. ) ;
#803 = DIRECTION ( 'NONE',  ( 0.000000000000000000, 0.000000000000000000, -1.000000000000000000 ) ) ;
#804 = LINE ( 'NONE', #5024, #6615 ) ;
#805 = CARTESIAN_POINT ( 'NONE',  ( -10.00000000000000000, 500.0000000000000000, -14.19238813000000121 ) ) ;
#806 = LINE ( 'NONE', #3309, #4359 ) ;
#807 = DIRECTION ( 'NONE',  ( 0.000000000000000000, -1.000000000000000000, 0.000000000000000000 ) ) ;
#808 = ORIENTED_EDGE ( 'NONE', *, *, #6780, .F. ) ;
#809 = ADVANCED_FACE ( 'NONE', ( #1152 ), #1266, .F. ) ;
#810 = ORIENTED_EDGE ( 'NONE', *, *, #2830, .F. ) ;
#811 = SURFACE_STYLE_FILL_AREA ( #1463 ) ;
#812 = ORIENTED_EDGE ( 'NONE', *, *, #4617, .F. ) ;
#813 = ORIENTED_EDGE ( 'NONE', *, *, #4167, .T. ) ;
#814 = CARTESIAN_POINT ( 'NONE',  ( 7.125000000000000000, 500.0000000000000000, -15.50000000000000000 ) ) ;
#815 = DIRECTION ( 'NONE',  ( 0.7071067811865462405, 0.000000000000000000, -0.7071067811865490160 ) ) ;
#816 = DIRECTION ( 'NONE',  ( 1.000000000000000000, 0.000000000000000000, 9.999640004920697768E-11 ) ) ;
#817 = AXIS2_PLACEMENT_3D ( 'NONE', #7416, #6029, #7981 ) ;
#818 = DIRECTION ( 'NONE',  ( 0.7071067798205549204, 0.000000000000000000, -0.7071067825525400030 ) ) ;
#819 = EDGE_CURVE ( 'NONE', #1813, #7988, #3739, .T. ) ;
#820 = VERTEX_POINT ( 'NONE', #1194 ) ;
#821 = CARTESIAN_POINT ( 'NONE',  ( 40.00000000000000000, -500.0000000000000000, -16.00000000000000000 ) ) ;
#822 = ORIENTED_EDGE ( 'NONE', *, *, #2982, .T. ) ;
#823 = VERTEX_POINT ( 'NONE', #6276 ) ;
#824 = CIRCLE ( 'NONE', #4888, 1.500000000000001332 ) ;
#825 = ORIENTED_EDGE ( 'NONE', *, *, #7487, .F. ) ;
#826 = CARTESIAN_POINT ( 'NONE',  ( -12.54999999989999893, 500.0000000000000000, 17.54999999989999893 ) ) ;
#827 = CARTESIAN_POINT ( 'NONE',  ( -13.20000001000000012, 500.0000000000000000, -11.74974747000000086 ) ) ;
#828 = EDGE_LOOP ( 'NONE', ( #6783, #372, #6220, #3133 ) ) ;
#829 = PLANE ( 'NONE',  #7936 ) ;
#830 = DIRECTION ( 'NONE',  ( -1.000000000000000000, 0.000000000000000000, 0.000000000000000000 ) ) ;
#831 = ORIENTED_EDGE ( 'NONE', *, *, #6873, .T. ) ;
#832 = EDGE_CURVE ( 'NONE', #728, #1168, #5360, .T. ) ;
#833 = CARTESIAN_POINT ( 'NONE',  ( -38.00000000000000000, -500.0000000000000000, -3.737499999999999822 ) ) ;
#834 = EDGE_CURVE ( 'NONE', #1725, #7827, #76, .T. ) ;
#835 = ORIENTED_EDGE ( 'NONE', *, *, #1388, .T. ) ;
#836 = EDGE_LOOP ( 'NONE', ( #7753, #3863, #4686, #2171 ) ) ;
#837 = DIRECTION ( 'NONE',  ( 0.000000000000000000, -1.000000000000000000, 0.000000000000000000 ) ) ;
#838 = VECTOR ( 'NONE', #5278, 1000.000000000000000 ) ;
#839 = ORIENTED_EDGE ( 'NONE', *, *, #2018, .F. ) ;
#840 = CARTESIAN_POINT ( 'NONE',  ( 14.99999996279450087, -500.0000000000000000, -14.19238814645449942 ) ) ;
#841 = DIRECTION ( 'NONE',  ( 1.000000000000000000, 0.000000000000000000, 0.000000000000000000 ) ) ;
#842 = ORIENTED_EDGE ( 'NONE', *, *, #7930, .F. ) ;
#843 = EDGE_CURVE ( 'NONE', #6659, #2159, #6201, .T. ) ;
#844 = ORIENTED_EDGE ( 'NONE', *, *, #7065, .F. ) ;
#845 = CARTESIAN_POINT ( 'NONE',  ( -27.00000000000000000, -500.0000000000000000, 17.55000000000000071 ) ) ;
#846 = CARTESIAN_POINT ( 'NONE',  ( 13.00000000010000001, -500.0000000000000000, 16.00000000000000000 ) ) ;
#847 = DIRECTION ( 'NONE',  ( 0.000000000000000000, 0.000000000000000000, 1.000000000000000000 ) ) ;
#848 = DIRECTION ( 'NONE',  ( 0.000000000000000000, -1.000000000000000000, 0.000000000000000000 ) ) ;
#849 = AXIS2_PLACEMENT_3D ( 'NONE', #2808, #5217, #879 ) ;
#850 = CARTESIAN_POINT ( 'NONE',  ( 5.699999990000000238, -500.0000000000000000, 18.00000000000000000 ) ) ;
#851 = ORIENTED_EDGE ( 'NONE', *, *, #4638, .T. ) ;
#852 = EDGE_LOOP ( 'NONE', ( #2093, #6075, #5829, #1458 ) ) ;
#853 = DIRECTION ( 'NONE',  ( 0.7071067807047830556, 0.000000000000000000, 0.7071067816683118679 ) ) ;
#854 = LINE ( 'NONE', #7652, #1449 ) ;
#855 = CARTESIAN_POINT ( 'NONE',  ( -15.00000000000000000, 501.0000000000000000, 15.50000000000000000 ) ) ;
#856 = CARTESIAN_POINT ( 'NONE',  ( 25.00000000000000000, 501.0000000000000000, 15.50000000000000000 ) ) ;
#857 = ORIENTED_EDGE ( 'NONE', *, *, #421, .T. ) ;
#858 = CARTESIAN_POINT ( 'NONE',  ( -12.52500000000000036, 501.0000000000000000, -18.00000000000000000 ) ) ;
#859 = AXIS2_PLACEMENT_3D ( 'NONE', #1613, #7790, #4683 ) ;
#860 = ORIENTED_EDGE ( 'NONE', *, *, #3846, .F. ) ;
#861 = ORIENTED_EDGE ( 'NONE', *, *, #7845, .T. ) ;
#862 = VECTOR ( 'NONE', #4449, 1000.000000000000000 ) ;
#863 = DIRECTION ( 'NONE',  ( 0.000000000000000000, -1.000000000000000000, 0.000000000000000000 ) ) ;
#864 = ORIENTED_EDGE ( 'NONE', *, *, #7729, .T. ) ;
#865 = DIRECTION ( 'NONE',  ( 0.000000000000000000, -1.000000000000000000, 0.000000000000000000 ) ) ;
#866 = EDGE_CURVE ( 'NONE', #82, #3663, #2472, .T. ) ;
#867 = FACE_BOUND ( 'NONE', #6804, .T. ) ;
#868 = ORIENTED_EDGE ( 'NONE', *, *, #220, .F. ) ;
#869 = DIRECTION ( 'NONE',  ( -1.000000000000000000, 0.000000000000000000, 0.000000000000000000 ) ) ;
#870 = LINE ( 'NONE', #5339, #2793 ) ;
#871 = ORIENTED_EDGE ( 'NONE', *, *, #6995, .T. ) ;
#872 = CIRCLE ( 'NONE', #5450, 0.4499999999999990119 ) ;
#873 = DIRECTION ( 'NONE',  ( 0.000000000000000000, 0.000000000000000000, -1.000000000000000000 ) ) ;
#874 = ORIENTED_EDGE ( 'NONE', *, *, #3839, .T. ) ;
#875 = ORIENTED_EDGE ( 'NONE', *, *, #5832, .F. ) ;
#876 = CARTESIAN_POINT ( 'NONE',  ( 36.00000000000000000, 501.0000000000000000, 18.19999999999999929 ) ) ;
#877 = AXIS2_PLACEMENT_3D ( 'NONE', #5380, #1616, #6578 ) ;
#878 = ORIENTED_EDGE ( 'NONE', *, *, #6332, .F. ) ;
#879 = DIRECTION ( 'NONE',  ( 1.999928000984139554E-10, 0.000000000000000000, -1.000000000000000000 ) ) ;
#880 = EDGE_CURVE ( 'NONE', #2932, #5206, #7471, .T. ) ;
#881 = EDGE_CURVE ( 'NONE', #5031, #3426, #735, .T. ) ;
#882 = LINE ( 'NONE', #5881, #4451 ) ;
#883 = VECTOR ( 'NONE', #733, 1000.000000000000000 ) ;
#884 = ORIENTED_EDGE ( 'NONE', *, *, #3837, .T. ) ;
#885 = CARTESIAN_POINT ( 'NONE',  ( 27.75000000000000000, 500.0000000000000000, 2.220446049250309876E-16 ) ) ;
#886 = LINE ( 'NONE', #358, #2433 ) ;
#887 = EDGE_CURVE ( 'NONE', #7933, #5662, #4431, .T. ) ;
#888 = VECTOR ( 'NONE', #5747, 1000.000000000000000 ) ;
#889 = CARTESIAN_POINT ( 'NONE',  ( -14.99999999989999999, -500.0000000000000000, -16.50000000010000178 ) ) ;
#890 = CARTESIAN_POINT ( 'NONE',  ( -32.74999986990139433, 501.0000000000000000, 3.557611892023129663 ) ) ;
#891 = PLANE ( 'NONE',  #3642 ) ;
#892 = CIRCLE ( 'NONE', #3647, 4.999999962794539066 ) ;
#893 = CARTESIAN_POINT ( 'NONE',  ( 12.24999998000000012, -500.0000000000000000, -3.557611840000010073 ) ) ;
#894 = ORIENTED_EDGE ( 'NONE', *, *, #7248, .T. ) ;
#895 = ORIENTED_EDGE ( 'NONE', *, *, #2272, .F. ) ;
#896 = LINE ( 'NONE', #5323, #5284 ) ;
#897 = ADVANCED_FACE ( 'NONE', ( #3854 ), #3818, .T. ) ;
#898 = CARTESIAN_POINT ( 'NONE',  ( -35.50000000000000000, 500.0000000000000000, 5.000000000000000000 ) ) ;
#899 = CARTESIAN_POINT ( 'NONE',  ( 34.19238812999999766, -500.0000000000000000, -10.00000000000000000 ) ) ;
#900 = CIRCLE ( 'NONE', #3524, 5.000000005751919829 ) ;
#901 = LINE ( 'NONE', #3978, #7228 ) ;
#902 = DIRECTION ( 'NONE',  ( 1.000000000000000000, 0.000000000000000000, 0.000000000000000000 ) ) ;
#903 = ORIENTED_EDGE ( 'NONE', *, *, #2921, .F. ) ;
#904 = CARTESIAN_POINT ( 'NONE',  ( 35.49999999989999822, 500.0000000000000000, -7.499999999899999992 ) ) ;
#905 = AXIS2_PLACEMENT_3D ( 'NONE', #4179, #6759, #7932 ) ;
#906 = CIRCLE ( 'NONE', #5483, 3.400000000000000355 ) ;
#907 = ORIENTED_EDGE ( 'NONE', *, *, #6175, .F. ) ;
#908 = ORIENTED_EDGE ( 'NONE', *, *, #3561, .F. ) ;
#909 = ORIENTED_EDGE ( 'NONE', *, *, #3527, .F. ) ;
#910 = DIRECTION ( 'NONE',  ( 1.000000000000000000, 0.000000000000000000, -4.943961900846445806E-15 ) ) ;
#911 = PRODUCT ( '1108055_profil_a8_80x40_leicht', '1108055_profil_a8_80x40_leicht', '', ( #164 ) ) ;
#912 = LINE ( 'NONE', #256, #7728 ) ;
#913 = ORIENTED_EDGE ( 'NONE', *, *, #2446, .F. ) ;
#914 = CARTESIAN_POINT ( 'NONE',  ( 36.00000000010000178, 501.0000000000000000, -6.499999999899999992 ) ) ;
#915 = VECTOR ( 'NONE', #5280, 1000.000000000000000 ) ;
#916 = DIRECTION ( 'NONE',  ( 0.7071067811865500152, 0.000000000000000000, -0.7071067811865450192 ) ) ;
#917 = CIRCLE ( 'NONE', #1051, 0.4499999999999999001 ) ;
#918 = ORIENTED_EDGE ( 'NONE', *, *, #4236, .F. ) ;
#919 = DIRECTION ( 'NONE',  ( 0.000000000000000000, -1.000000000000000000, 0.000000000000000000 ) ) ;
#920 = ORIENTED_EDGE ( 'NONE', *, *, #3753, .F. ) ;
#921 = EDGE_CURVE ( 'NONE', #7896, #7013, #5649, .T. ) ;
#922 = ORIENTED_EDGE ( 'NONE', *, *, #7402, .F. ) ;
#923 = ORIENTED_EDGE ( 'NONE', *, *, #272, .T. ) ;
#924 = VECTOR ( 'NONE', #3060, 1000.000000000000000 ) ;
#925 = CIRCLE ( 'NONE', #6554, 0.5000000000000004441 ) ;
#926 = CARTESIAN_POINT ( 'NONE',  ( -14.49999999989999999, 0.000000000000000000, -20.00000000000000000 ) ) ;
#927 = EDGE_LOOP ( 'NONE', ( #6318, #7229, #7622, #989 ) ) ;
#928 = DIRECTION ( 'NONE',  ( 0.000000000000000000, 0.000000000000000000, -1.000000000000000000 ) ) ;
#929 = CARTESIAN_POINT ( 'NONE',  ( 27.00000000000000000, 500.0000000000000000, 16.00000000000000000 ) ) ;
#930 = VECTOR ( 'NONE', #299, 1000.000000000000000 ) ;
#931 = ORIENTED_EDGE ( 'NONE', *, *, #483, .T. ) ;
#932 = CIRCLE ( 'NONE', #1958, 3.400000000000000355 ) ;
#933 = EDGE_LOOP ( 'NONE', ( #5775, #3769, #5092, #5394 ) ) ;
#934 = DIRECTION ( 'NONE',  ( 0.000000000000000000, -1.000000000000000000, 0.000000000000000000 ) ) ;
#935 = DIRECTION ( 'NONE',  ( 0.000000000000000000, -1.000000000000000000, 0.000000000000000000 ) ) ;
#936 = VECTOR ( 'NONE', #3001, 1000.000000000000000 ) ;
#937 = VECTOR ( 'NONE', #4022, 1000.000000000000000 ) ;
#938 = DIRECTION ( 'NONE',  ( 0.000000000000000000, -1.000000000000000000, 0.000000000000000000 ) ) ;
#939 = EDGE_CURVE ( 'NONE', #409, #3353, #3117, .T. ) ;
#940 = ADVANCED_FACE ( 'NONE', ( #660 ), #3238, .T. ) ;
#941 = EDGE_LOOP ( 'NONE', ( #4746, #7749, #5989, #7572 ) ) ;
#942 = VERTEX_POINT ( 'NONE', #2500 ) ;
#943 = FACE_OUTER_BOUND ( 'NONE', #2709, .T. ) ;
#944 = CYLINDRICAL_SURFACE ( 'NONE', #4213, 3.400000000000000355 ) ;
#945 = DIRECTION ( 'NONE',  ( 0.000000000000000000, -1.000000000000000000, 0.000000000000000000 ) ) ;
#946 = PLANE ( 'NONE',  #6255 ) ;
#947 = EDGE_CURVE ( 'NONE', #8023, #3705, #113, .T. ) ;
#948 = VERTEX_POINT ( 'NONE', #6816 ) ;
#949 = FACE_OUTER_BOUND ( 'NONE', #4002, .T. ) ;
#950 = ORIENTED_EDGE ( 'NONE', *, *, #2770, .T. ) ;
#951 = VERTEX_POINT ( 'NONE', #3701 ) ;
#952 = LINE ( 'NONE', #298, #8056 ) ;
#953 = CARTESIAN_POINT ( 'NONE',  ( 16.00000000000000000, 500.0000000000000000, 8.750000000000000000 ) ) ;
#954 = ORIENTED_EDGE ( 'NONE', *, *, #7408, .T. ) ;
#955 = DIRECTION ( 'NONE',  ( 0.000000000000000000, 1.000000000000000000, 0.000000000000000000 ) ) ;
#956 = CARTESIAN_POINT ( 'NONE',  ( -16.00000000000000000, -500.0000000000000000, -16.50000000000000000 ) ) ;
#957 = DIRECTION ( 'NONE',  ( -1.000000000000000000, 0.000000000000000000, 0.000000000000000000 ) ) ;
#958 = EDGE_CURVE ( 'NONE', #1099, #2614, #3080, .T. ) ;
#959 = ORIENTED_EDGE ( 'NONE', *, *, #434, .T. ) ;
#960 = ORIENTED_EDGE ( 'NONE', *, *, #5303, .T. ) ;
#961 = ORIENTED_EDGE ( 'NONE', *, *, #5859, .T. ) ;
#962 = PLANE ( 'NONE',  #1280 ) ;
#963 = ORIENTED_EDGE ( 'NONE', *, *, #4874, .T. ) ;
#964 = CARTESIAN_POINT ( 'NONE',  ( -10.00000000000000000, -500.0000000000000000, -7.423097032500000303 ) ) ;
#965 = CARTESIAN_POINT ( 'NONE',  ( -2.850000010000000028, 501.0000000000000000, -18.00000000000000000 ) ) ;
#966 = AXIS2_PLACEMENT_3D ( 'NONE', #2477, #1862, #20 ) ;
#967 = VERTEX_POINT ( 'NONE', #5039 ) ;
#968 = VERTEX_POINT ( 'NONE', #5609 ) ;
#969 = CIRCLE ( 'NONE', #5793, 2.200000000000000622 ) ;
#970 = ORIENTED_EDGE ( 'NONE', *, *, #2592, .T. ) ;
#971 = LINE ( 'NONE', #6013, #1935 ) ;
#972 = CARTESIAN_POINT ( 'NONE',  ( -35.50000000000000000, 500.0000000000000000, 10.00000000000000000 ) ) ;
#973 = EDGE_CURVE ( 'NONE', #1737, #2412, #699, .T. ) ;
#974 = DIRECTION ( 'NONE',  ( 1.000000000000000000, 0.000000000000000000, 0.000000000000000000 ) ) ;
#975 = LINE ( 'NONE', #6016, #4490 ) ;
#976 = VECTOR ( 'NONE', #3065, 1000.000000000000000 ) ;
#977 = LINE ( 'NONE', #4665, #1022 ) ;
#978 = CARTESIAN_POINT ( 'NONE',  ( -38.19999999999999574, 500.0000000000000000, 12.30000000000000071 ) ) ;
#979 = ORIENTED_EDGE ( 'NONE', *, *, #4286, .F. ) ;
#980 = FACE_OUTER_BOUND ( 'NONE', #2376, .T. ) ;
#981 = PLANE ( 'NONE',  #7515 ) ;
#982 = EDGE_CURVE ( 'NONE', #1204, #4419, #1164, .T. ) ;
#983 = CARTESIAN_POINT ( 'NONE',  ( 18.38750000000000284, -500.0000000000000000, -7.000000000000000000 ) ) ;
#984 = ADVANCED_FACE ( 'NONE', ( #4471 ), #91, .F. ) ;
#985 = DIRECTION ( 'NONE',  ( 0.000000000000000000, -1.000000000000000000, 0.000000000000000000 ) ) ;
#986 = FACE_OUTER_BOUND ( 'NONE', #6585, .T. ) ;
#987 = VERTEX_POINT ( 'NONE', #6331 ) ;
#988 = CARTESIAN_POINT ( 'NONE',  ( -27.75000000000000000, 500.0000000000000000, -3.557611840000000303 ) ) ;
#989 = ORIENTED_EDGE ( 'NONE', *, *, #4728, .T. ) ;
#990 = EDGE_LOOP ( 'NONE', ( #4126, #208, #355, #7148 ) ) ;
#991 = PLANE ( 'NONE',  #3919 ) ;
#992 = EDGE_CURVE ( 'NONE', #2771, #82, #176, .T. ) ;
#993 = CYLINDRICAL_SURFACE ( 'NONE', #3552, 1.500000000000001332 ) ;
#994 = VERTEX_POINT ( 'NONE', #1895 ) ;
#995 = LINE ( 'NONE', #6041, #86 ) ;
#996 = DIRECTION ( 'NONE',  ( 0.000000000000000000, 0.000000000000000000, 1.000000000000000000 ) ) ;
#997 = CARTESIAN_POINT ( 'NONE',  ( -27.50000000000000000, 500.0000000000000000, -17.99999999990000177 ) ) ;
#998 = ORIENTED_EDGE ( 'NONE', *, *, #6961, .T. ) ;
#999 = ORIENTED_EDGE ( 'NONE', *, *, #7415, .T. ) ;
#1000 = ORIENTED_EDGE ( 'NONE', *, *, #1040, .T. ) ;
#1001 = CARTESIAN_POINT ( 'NONE',  ( 27.81433982999999799, 501.0000000000000000, 9.935660179999999286 ) ) ;
#1002 = ORIENTED_EDGE ( 'NONE', *, *, #2231, .T. ) ;
#1003 = LINE ( 'NONE', #7763, #3218 ) ;
#1004 = AXIS2_PLACEMENT_3D ( 'NONE', #1356, #7016, #1396 ) ;
#1005 = EDGE_CURVE ( 'NONE', #6448, #1025, #7455, .T. ) ;
#1006 = DIRECTION ( 'NONE',  ( 0.000000000000000000, 0.000000000000000000, 1.000000000000000000 ) ) ;
#1007 = VECTOR ( 'NONE', #3067, 1000.000000000000000 ) ;
#1008 = ADVANCED_FACE ( 'NONE', ( #1119 ), #3009, .T. ) ;
#1009 = EDGE_LOOP ( 'NONE', ( #6491, #6, #3251, #3464 ) ) ;
#1010 = LINE ( 'NONE', #2275, #7834 ) ;
#1011 = LINE ( 'NONE', #4008, #474 ) ;
#1012 = DIRECTION ( 'NONE',  ( 0.000000000000000000, 0.000000000000000000, -1.000000000000000000 ) ) ;
#1013 = CARTESIAN_POINT ( 'NONE',  ( -25.50000000009999823, 500.0000000000000000, -18.49999999990000177 ) ) ;
#1014 = VECTOR ( 'NONE', #7061, 1000.000000000000000 ) ;
#1015 = CARTESIAN_POINT ( 'NONE',  ( 27.44999999999999929, 501.0000000000000000, -17.99999999990000177 ) ) ;
#1016 = EDGE_CURVE ( 'NONE', #6911, #471, #8002, .T. ) ;
#1017 = ORIENTED_EDGE ( 'NONE', *, *, #2746, .T. ) ;
#1018 = CARTESIAN_POINT ( 'NONE',  ( -12.18566017000000024, 501.0000000000000000, 9.935660179999999286 ) ) ;
#1019 = CARTESIAN_POINT ( 'NONE',  ( -14.99999996279450087, 501.0000000000000000, 14.19238814645449942 ) ) ;
#1020 = LINE ( 'NONE', #7343, #4217 ) ;
#1021 = DIRECTION ( 'NONE',  ( 0.000000000000000000, 0.000000000000000000, -1.000000000000000000 ) ) ;
#1022 = VECTOR ( 'NONE', #7893, 1000.000000000000000 ) ;
#1023 = DIRECTION ( 'NONE',  ( 1.000000000000000000, 0.000000000000000000, 0.000000000000000000 ) ) ;
#1024 = EDGE_CURVE ( 'NONE', #6743, #3532, #917, .T. ) ;
#1025 = VERTEX_POINT ( 'NONE', #4772 ) ;
#1026 = ORIENTED_EDGE ( 'NONE', *, *, #109, .F. ) ;
#1027 = AXIS2_PLACEMENT_3D ( 'NONE', #363, #2866, #6106 ) ;
#1028 = AXIS2_PLACEMENT_3D ( 'NONE', #2582, #7588, #4475 ) ;
#1029 = ORIENTED_EDGE ( 'NONE', *, *, #5615, .T. ) ;
#1030 = DIRECTION ( 'NONE',  ( -1.000000000000000000, 0.000000000000000000, -6.938893903907229364E-16 ) ) ;
#1031 = CARTESIAN_POINT ( 'NONE',  ( 40.00000000000000000, 500.0000000000000000, -16.00000000000000000 ) ) ;
#1032 = ORIENTED_EDGE ( 'NONE', *, *, #3260, .F. ) ;
#1033 = CARTESIAN_POINT ( 'NONE',  ( 10.00000000000000000, 500.0000000000000000, 14.19238813000000121 ) ) ;
#1034 = FACE_OUTER_BOUND ( 'NONE', #7987, .T. ) ;
#1035 = VECTOR ( 'NONE', #2983, 1000.000000000000000 ) ;
#1036 = CARTESIAN_POINT ( 'NONE',  ( 31.80000000000000071, -500.0000000000000000, 17.69999999999999929 ) ) ;
#1037 = CIRCLE ( 'NONE', #7447, 2.499999999999998668 ) ;
#1038 = ORIENTED_EDGE ( 'NONE', *, *, #5391, .T. ) ;
#1039 = CARTESIAN_POINT ( 'NONE',  ( -30.00000000000000000, 500.0000000000000000, 14.19238813000000121 ) ) ;
#1040 = EDGE_CURVE ( 'NONE', #4967, #3335, #2384, .T. ) ;
#1041 = EDGE_CURVE ( 'NONE', #4107, #3248, #4199, .T. ) ;
#1042 = EDGE_LOOP ( 'NONE', ( #2765, #4244, #1084, #1850 ) ) ;
#1043 = CARTESIAN_POINT ( 'NONE',  ( 12.24999998000000012, 500.0000000000000000, -0.8894029600000019631 ) ) ;
#1044 = EDGE_LOOP ( 'NONE', ( #3118, #1421, #2838, #7188 ) ) ;
#1045 = CARTESIAN_POINT ( 'NONE',  ( -35.50000000000000000, 501.0000000000000000, -9.999999999899998215 ) ) ;
#1046 = AXIS2_PLACEMENT_3D ( 'NONE', #2403, #4565, #680 ) ;
#1047 = AXIS2_PLACEMENT_3D ( 'NONE', #5918, #7757, #5298 ) ;
#1048 = LINE ( 'NONE', #2429, #1833 ) ;
#1049 = ORIENTED_EDGE ( 'NONE', *, *, #2921, .T. ) ;
#1050 = AXIS2_PLACEMENT_3D ( 'NONE', #1260, #7575, #6270 ) ;
#1051 = AXIS2_PLACEMENT_3D ( 'NONE', #3622, #2889, #6706 ) ;
#1052 = EDGE_CURVE ( 'NONE', #7222, #1542, #1659, .T. ) ;
#1053 = ORIENTED_EDGE ( 'NONE', *, *, #4580, .F. ) ;
#1054 = DIRECTION ( 'NONE',  ( 0.000000000000000000, -1.000000000000000000, 0.000000000000000000 ) ) ;
#1055 = CARTESIAN_POINT ( 'NONE',  ( 36.00000000000000000, -500.0000000000000000, -18.19999999999999929 ) ) ;
#1056 = LINE ( 'NONE', #771, #5223 ) ;
#1057 = VECTOR ( 'NONE', #6954, 1000.000000000000114 ) ;
#1058 = MECHANICAL_DESIGN_GEOMETRIC_PRESENTATION_REPRESENTATION (  '', ( #5752 ), #2892 ) ;
#1059 = CARTESIAN_POINT ( 'NONE',  ( -36.00000000000000000, 500.0000000000000000, 18.19999999999999929 ) ) ;
#1060 = EDGE_LOOP ( 'NONE', ( #4029, #7950, #2666, #6734 ) ) ;
#1061 = CARTESIAN_POINT ( 'NONE',  ( 12.54999999989999893, 501.0000000000000000, -17.54999999989999893 ) ) ;
#1062 = VECTOR ( 'NONE', #12, 1000.000000000000000 ) ;
#1063 = VECTOR ( 'NONE', #4504, 1000.000000000000000 ) ;
#1064 = ORIENTED_EDGE ( 'NONE', *, *, #230, .F. ) ;
#1065 = DIRECTION ( 'NONE',  ( 0.000000000000000000, 0.000000000000000000, 1.000000000000000000 ) ) ;
#1066 = CARTESIAN_POINT ( 'NONE',  ( -12.55000000000000071, 500.0000000000000000, -17.99999999990000177 ) ) ;
#1067 = DIRECTION ( 'NONE',  ( 0.000000000000000000, -1.000000000000000000, 0.000000000000000000 ) ) ;
#1068 = CARTESIAN_POINT ( 'NONE',  ( 13.00000000000000000, 501.0000000000000000, -16.00000000000000000 ) ) ;
#1069 = CARTESIAN_POINT ( 'NONE',  ( 40.00000000000000000, -500.0000000000000000, 16.00000000000000000 ) ) ;
#1070 = CIRCLE ( 'NONE', #2763, 4.999999982033289214 ) ;
#1071 = ADVANCED_FACE ( 'NONE', ( #3664 ), #466, .F. ) ;
#1072 = CYLINDRICAL_SURFACE ( 'NONE', #659, 4.000000000000000000 ) ;
#1073 = EDGE_LOOP ( 'NONE', ( #7946, #2587, #1989, #780 ) ) ;
#1074 = VERTEX_POINT ( 'NONE', #7359 ) ;
#1075 = CARTESIAN_POINT ( 'NONE',  ( 38.19999999999999574, -500.0000000000000000, -12.30000000000000071 ) ) ;
#1076 = FACE_BOUND ( 'NONE', #3869, .T. ) ;
#1077 = CARTESIAN_POINT ( 'NONE',  ( 38.49999999989999822, 501.0000000000000000, 5.500000000099999120 ) ) ;
#1078 = EDGE_CURVE ( 'NONE', #6238, #4726, #6026, .T. ) ;
#1079 = CARTESIAN_POINT ( 'NONE',  ( -18.37683982750000311, 500.0000000000000000, 0.4981601775000000232 ) ) ;
#1080 = FACE_OUTER_BOUND ( 'NONE', #6611, .T. ) ;
#1081 = EDGE_LOOP ( 'NONE', ( #3364, #610, #2902, #6416 ) ) ;
#1082 = CARTESIAN_POINT ( 'NONE',  ( -24.00000000000000000, 500.0000000000000000, 16.50000000000000000 ) ) ;
#1083 = ORIENTED_EDGE ( 'NONE', *, *, #819, .F. ) ;
#1084 = ORIENTED_EDGE ( 'NONE', *, *, #6714, .F. ) ;
#1085 = DIRECTION ( 'NONE',  ( 0.000000000000000000, -1.000000000000000000, 0.000000000000000000 ) ) ;
#1086 = ORIENTED_EDGE ( 'NONE', *, *, #3208, .T. ) ;
#1087 = DIRECTION ( 'NONE',  ( 0.000000000000000000, 0.000000000000000000, 1.000000000000000000 ) ) ;
#1088 = LINE ( 'NONE', #5544, #3676 ) ;
#1089 = EDGE_CURVE ( 'NONE', #3498, #662, #6742, .T. ) ;
#1090 = EDGE_CURVE ( 'NONE', #5884, #5650, #3048, .T. ) ;
#1091 = CARTESIAN_POINT ( 'NONE',  ( -25.50000000009999823, 0.000000000000000000, 20.00000000000000000 ) ) ;
#1092 = CARTESIAN_POINT ( 'NONE',  ( -27.00000000000000000, 500.0000000000000000, -16.00000000000000000 ) ) ;
#1093 = LINE ( 'NONE', #6253, #2738 ) ;
#1094 = ADVANCED_FACE ( 'NONE', ( #7876 ), #5422, .T. ) ;
#1095 = CARTESIAN_POINT ( 'NONE',  ( -1.425000005000000014, -500.0000000000000000, -18.00000000000000000 ) ) ;
#1096 = ORIENTED_EDGE ( 'NONE', *, *, #5390, .F. ) ;
#1097 = LINE ( 'NONE', #3476, #3787 ) ;
#1098 = ORIENTED_EDGE ( 'NONE', *, *, #2634, .F. ) ;
#1099 = VERTEX_POINT ( 'NONE', #1039 ) ;
#1100 = CARTESIAN_POINT ( 'NONE',  ( 25.50000000009999823, 500.0000000000000000, -18.49999999990000177 ) ) ;
#1101 = CIRCLE ( 'NONE', #5667, 1.500000000000001332 ) ;
#1102 = CYLINDRICAL_SURFACE ( 'NONE', #7024, 1.000000000000000888 ) ;
#1103 = EDGE_CURVE ( 'NONE', #3914, #7109, #7279, .T. ) ;
#1104 = DIRECTION ( 'NONE',  ( 0.000000000000000000, 1.000000000000000000, 0.000000000000000000 ) ) ;
#1105 = CYLINDRICAL_SURFACE ( 'NONE', #624, 4.999999962794539066 ) ;
#1106 = LINE ( 'NONE', #4228, #5745 ) ;
#1107 = ORIENTED_EDGE ( 'NONE', *, *, #6714, .T. ) ;
#1108 = ORIENTED_EDGE ( 'NONE', *, *, #5446, .F. ) ;
#1109 = EDGE_CURVE ( 'NONE', #184, #4221, #3140, .T. ) ;
#1110 = ORIENTED_EDGE ( 'NONE', *, *, #7853, .F. ) ;
#1111 = DIRECTION ( 'NONE',  ( -1.000000000000000000, 0.000000000000000000, -4.884684341243944013E-09 ) ) ;
#1112 = AXIS2_PLACEMENT_3D ( 'NONE', #3795, #179, #1859 ) ;
#1113 = CARTESIAN_POINT ( 'NONE',  ( 9.582169902499989789, 500.0000000000000000, -8.296509737500009862 ) ) ;
#1114 = ORIENTED_EDGE ( 'NONE', *, *, #7529, .F. ) ;
#1115 = FACE_OUTER_BOUND ( 'NONE', #6535, .T. ) ;
#1116 = DIRECTION ( 'NONE',  ( 0.000000000000000000, -1.000000000000000000, 0.000000000000000000 ) ) ;
#1117 = DIRECTION ( 'NONE',  ( 0.000000000000000000, 0.000000000000000000, 1.000000000000000000 ) ) ;
#1118 = VERTEX_POINT ( 'NONE', #1082 ) ;
#1119 = FACE_OUTER_BOUND ( 'NONE', #218, .T. ) ;
#1120 = ORIENTED_EDGE ( 'NONE', *, *, #2272, .T. ) ;
#1121 = EDGE_CURVE ( 'NONE', #4726, #8023, #6085, .T. ) ;
#1122 = ORIENTED_EDGE ( 'NONE', *, *, #6135, .T. ) ;
#1123 = DIRECTION ( 'NONE',  ( -1.000000000000000000, 0.000000000000000000, 0.000000000000000000 ) ) ;
#1124 = CARTESIAN_POINT ( 'NONE',  ( -20.00000000000000000, 0.000000000000000000, 0.000000000000000000 ) ) ;
#1125 = ADVANCED_FACE ( 'NONE', ( #1230 ), #701, .F. ) ;
#1126 = ADVANCED_FACE ( 'NONE', ( #3820 ), #6239, .F. ) ;
#1127 = DIRECTION ( 'NONE',  ( 0.000000000000000000, -1.000000000000000000, 0.000000000000000000 ) ) ;
#1128 = LINE ( 'NONE', #2313, #6544 ) ;
#1129 = DIRECTION ( 'NONE',  ( 0.000000000000000000, -1.000000000000000000, 0.000000000000000000 ) ) ;
#1130 = AXIS2_PLACEMENT_3D ( 'NONE', #6960, #6421, #2061 ) ;
#1131 = CARTESIAN_POINT ( 'NONE',  ( 36.00000000000000000, -500.0000000000000000, 20.00000000000000000 ) ) ;
#1132 = EDGE_CURVE ( 'NONE', #7896, #5754, #7473, .T. ) ;
#1133 = EDGE_CURVE ( 'NONE', #2804, #6238, #5571, .T. ) ;
#1134 = DIRECTION ( 'NONE',  ( 0.000000000000000000, 0.000000000000000000, -1.000000000000000000 ) ) ;
#1135 = DIRECTION ( 'NONE',  ( 1.000000000000000000, 0.000000000000000000, 0.000000000000000000 ) ) ;
#1136 = AXIS2_PLACEMENT_3D ( 'NONE', #3090, #3786, #6289 ) ;
#1137 = DIRECTION ( 'NONE',  ( 0.000000000000000000, -1.000000000000000000, 0.000000000000000000 ) ) ;
#1138 = CARTESIAN_POINT ( 'NONE',  ( -24.00000000000000000, 500.0000000000000000, -8.750000000000000000 ) ) ;
#1139 = DIRECTION ( 'NONE',  ( 0.000000000000000000, 1.000000000000000000, 0.000000000000000000 ) ) ;
#1140 = ORIENTED_EDGE ( 'NONE', *, *, #206, .T. ) ;
#1141 = AXIS2_PLACEMENT_3D ( 'NONE', #4226, #1562, #2251 ) ;
#1142 = CARTESIAN_POINT ( 'NONE',  ( -27.44999999999999929, 501.0000000000000000, -18.00000000000000000 ) ) ;
#1143 = ADVANCED_FACE ( 'NONE', ( #4473 ), #41, .F. ) ;
#1144 = ORIENTED_EDGE ( 'NONE', *, *, #6296, .T. ) ;
#1145 = ORIENTED_EDGE ( 'NONE', *, *, #4688, .T. ) ;
#1146 = FACE_OUTER_BOUND ( 'NONE', #7775, .T. ) ;
#1147 = FACE_OUTER_BOUND ( 'NONE', #5321, .T. ) ;
#1148 = CARTESIAN_POINT ( 'NONE',  ( 38.50000000000000000, -500.0000000000000000, -4.000000000000000000 ) ) ;
#1149 = VECTOR ( 'NONE', #1736, 1000.000000000000000 ) ;
#1150 = PLANE ( 'NONE',  #7312 ) ;
#1151 = DIRECTION ( 'NONE',  ( 1.040462604279012531E-08, 0.000000000000000000, 1.000000000000000000 ) ) ;
#1152 = FACE_OUTER_BOUND ( 'NONE', #5714, .T. ) ;
#1153 = VERTEX_POINT ( 'NONE', #7546 ) ;
#1154 = CARTESIAN_POINT ( 'NONE',  ( -34.19238814645449764, 500.0000000000000000, 5.000000037205460046 ) ) ;
#1155 = ORIENTED_EDGE ( 'NONE', *, *, #7213, .F. ) ;
#1156 = DIRECTION ( 'NONE',  ( 1.000000000000000000, 0.000000000000000000, 4.000029474315877176E-11 ) ) ;
#1157 = ORIENTED_EDGE ( 'NONE', *, *, #637, .T. ) ;
#1158 = CARTESIAN_POINT ( 'NONE',  ( -35.50000000000000000, 500.0000000000000000, -9.999999999899998215 ) ) ;
#1159 = DIRECTION ( 'NONE',  ( 0.000000000000000000, -1.000000000000000000, 0.000000000000000000 ) ) ;
#1160 = CARTESIAN_POINT ( 'NONE',  ( 10.00000000010000001, 500.0000000000000000, 15.50000000000000000 ) ) ;
#1161 = VECTOR ( 'NONE', #5885, 1000.000000000000114 ) ;
#1162 = EDGE_CURVE ( 'NONE', #2767, #6105, #5652, .T. ) ;
#1163 = AXIS2_PLACEMENT_3D ( 'NONE', #4337, #6837, #59 ) ;
#1164 = CIRCLE ( 'NONE', #5741, 1.000000000000000888 ) ;
#1165 = CARTESIAN_POINT ( 'NONE',  ( -34.19238812999999766, 500.0000000000000000, -10.00000000000000000 ) ) ;
#1166 = CARTESIAN_POINT ( 'NONE',  ( 13.00000000000000000, -500.0000000000000000, -8.387500000000001066 ) ) ;
#1167 = LINE ( 'NONE', #3798, #6071 ) ;
#1168 = VERTEX_POINT ( 'NONE', #3 ) ;
#1169 = AXIS2_PLACEMENT_3D ( 'NONE', #2258, #1652, #1030 ) ;
#1170 = EDGE_CURVE ( 'NONE', #4926, #239, #397, .T. ) ;
#1171 = VECTOR ( 'NONE', #6035, 1000.000000000000000 ) ;
#1172 = DIRECTION ( 'NONE',  ( 0.000000000000000000, 1.000000000000000000, 0.000000000000000000 ) ) ;
#1173 = DIRECTION ( 'NONE',  ( 9.999813477268295448E-11, 0.000000000000000000, -1.000000000000000000 ) ) ;
#1174 = CARTESIAN_POINT ( 'NONE',  ( 36.00000000000000000, 500.0000000000000000, 6.999999999899999992 ) ) ;
#1175 = VECTOR ( 'NONE', #1006, 1000.000000000000000 ) ;
#1176 = VECTOR ( 'NONE', #4794, 1000.000000000000000 ) ;
#1177 = DIRECTION ( 'NONE',  ( 0.000000000000000000, 1.000000000000000000, 0.000000000000000000 ) ) ;
#1178 = DIRECTION ( 'NONE',  ( -6.666657966410595850E-11, 0.000000000000000000, 1.000000000000000000 ) ) ;
#1179 = DIRECTION ( 'NONE',  ( 1.000000000000000000, 0.000000000000000000, 3.469446951953611033E-15 ) ) ;
#1180 = EDGE_CURVE ( 'NONE', #5149, #5696, #2353, .T. ) ;
#1181 = EDGE_CURVE ( 'NONE', #7349, #2835, #7010, .T. ) ;
#1182 = AXIS2_PLACEMENT_3D ( 'NONE', #7401, #1778, #1968 ) ;
#1183 = VECTOR ( 'NONE', #6350, 1000.000000000000000 ) ;
#1184 = DIRECTION ( 'NONE',  ( 0.000000000000000000, -1.000000000000000000, 0.000000000000000000 ) ) ;
#1185 = VERTEX_POINT ( 'NONE', #1882 ) ;
#1186 = ORIENTED_EDGE ( 'NONE', *, *, #1372, .T. ) ;
#1187 = DIRECTION ( 'NONE',  ( -1.000000000000000000, 0.000000000000000000, 0.000000000000000000 ) ) ;
#1188 = AXIS2_PLACEMENT_3D ( 'NONE', #2573, #8066, #3194 ) ;
#1189 = DIRECTION ( 'NONE',  ( -1.000000000000000000, 0.000000000000000000, 0.000000000000000000 ) ) ;
#1190 = FACE_OUTER_BOUND ( 'NONE', #2833, .T. ) ;
#1191 = CARTESIAN_POINT ( 'NONE',  ( 13.19999999000000024, 500.0000000000000000, -11.74974747000000086 ) ) ;
#1192 = DIRECTION ( 'NONE',  ( -1.000000000000000000, 0.000000000000000000, 0.000000000000000000 ) ) ;
#1193 = ADVANCED_FACE ( 'NONE', ( #5081 ), #1313, .F. ) ;
#1194 = CARTESIAN_POINT ( 'NONE',  ( -40.00000000000000000, 500.0000000000000000, -5.500000000000000000 ) ) ;
#1195 = VERTEX_POINT ( 'NONE', #4433 ) ;
#1196 = ORIENTED_EDGE ( 'NONE', *, *, #7923, .T. ) ;
#1197 = EDGE_LOOP ( 'NONE', ( #7559, #6723, #4281, #6924 ) ) ;
#1198 = VERTEX_POINT ( 'NONE', #6890 ) ;
#1199 = CARTESIAN_POINT ( 'NONE',  ( 25.00000000000000000, 501.0000000000000000, -15.50000000010000001 ) ) ;
#1200 = CARTESIAN_POINT ( 'NONE',  ( 36.77500000000000568, 501.0000000000000000, -7.000000000000000000 ) ) ;
#1201 = DIRECTION ( 'NONE',  ( 0.000000000000000000, -1.000000000000000000, 0.000000000000000000 ) ) ;
#1202 = ADVANCED_FACE ( 'NONE', ( #1351 ), #6356, .F. ) ;
#1203 = ORIENTED_EDGE ( 'NONE', *, *, #4411, .F. ) ;
#1204 = VERTEX_POINT ( 'NONE', #78 ) ;
#1205 = DIRECTION ( 'NONE',  ( 0.000000000000000000, -1.000000000000000000, 0.000000000000000000 ) ) ;
#1206 = CYLINDRICAL_SURFACE ( 'NONE', #6684, 4.999999982033289214 ) ;
#1207 = AXIS2_PLACEMENT_3D ( 'NONE', #890, #147, #7036 ) ;
#1208 = FACE_OUTER_BOUND ( 'NONE', #2434, .T. ) ;
#1209 = ORIENTED_EDGE ( 'NONE', *, *, #506, .T. ) ;
#1210 = VECTOR ( 'NONE', #5256, 1000.000000000000000 ) ;
#1211 = DIRECTION ( 'NONE',  ( 0.000000000000000000, -1.000000000000000000, 0.000000000000000000 ) ) ;
#1212 = DIRECTION ( 'NONE',  ( 0.000000000000000000, 1.000000000000000000, 0.000000000000000000 ) ) ;
#1213 = CARTESIAN_POINT ( 'NONE',  ( -5.700000010000000117, -500.0000000000000000, -18.00000000000000000 ) ) ;
#1214 = ADVANCED_FACE ( 'NONE', ( #3857 ), #739, .T. ) ;
#1215 = FACE_OUTER_BOUND ( 'NONE', #1479, .T. ) ;
#1216 = CARTESIAN_POINT ( 'NONE',  ( -34.19238812999999766, -500.0000000000000000, 10.00000000000000000 ) ) ;
#1217 = DIRECTION ( 'NONE',  ( 1.000000000000000000, 0.000000000000000000, 0.000000000000000000 ) ) ;
#1218 = CARTESIAN_POINT ( 'NONE',  ( -26.50000000000000000, 500.0000000000000000, 15.50000000000000000 ) ) ;
#1219 = ORIENTED_EDGE ( 'NONE', *, *, #4617, .T. ) ;
#1220 = VERTEX_POINT ( 'NONE', #1849 ) ;
#1221 = AXIS2_PLACEMENT_3D ( 'NONE', #2963, #4273, #3658 ) ;
#1222 = EDGE_CURVE ( 'NONE', #1813, #4107, #5729, .T. ) ;
#1223 = EDGE_CURVE ( 'NONE', #3353, #5122, #6545, .T. ) ;
#1224 = DIRECTION ( 'NONE',  ( 0.7071067798205549204, 0.000000000000000000, -0.7071067825525400030 ) ) ;
#1225 = CARTESIAN_POINT ( 'NONE',  ( -8.200000010000000117, 501.0000000000000000, 11.74974747000000086 ) ) ;
#1226 = DIRECTION ( 'NONE',  ( 0.000000000000000000, -1.000000000000000000, 0.000000000000000000 ) ) ;
#1227 = DIRECTION ( 'NONE',  ( 0.000000000000000000, -1.000000000000000000, 0.000000000000000000 ) ) ;
#1228 = DIRECTION ( 'NONE',  ( 0.000000000000000000, -1.000000000000000000, 0.000000000000000000 ) ) ;
#1229 = ORIENTED_EDGE ( 'NONE', *, *, #4572, .T. ) ;
#1230 = FACE_OUTER_BOUND ( 'NONE', #4017, .T. ) ;
#1231 = ORIENTED_EDGE ( 'NONE', *, *, #2321, .T. ) ;
#1232 = ORIENTED_EDGE ( 'NONE', *, *, #3648, .F. ) ;
#1233 = EDGE_CURVE ( 'NONE', #3284, #4877, #583, .T. ) ;
#1234 = CARTESIAN_POINT ( 'NONE',  ( -31.80000000000000071, -500.0000000000000000, 17.69999999999999929 ) ) ;
#1235 = EDGE_LOOP ( 'NONE', ( #4357, #4380, #860, #2078 ) ) ;
#1236 = CARTESIAN_POINT ( 'NONE',  ( 12.87500000000000000, -500.0000000000000000, 15.50000000000000000 ) ) ;
#1237 = DIRECTION ( 'NONE',  ( 0.000000000000000000, -1.000000000000000000, 0.000000000000000000 ) ) ;
#1238 = DIRECTION ( 'NONE',  ( 0.000000000000000000, -1.000000000000000000, 0.000000000000000000 ) ) ;
#1239 = EDGE_LOOP ( 'NONE', ( #7463, #3302, #6768, #2589 ) ) ;
#1240 = ADVANCED_FACE ( 'NONE', ( #5248 ), #7656, .T. ) ;
#1241 = VERTEX_POINT ( 'NONE', #4637 ) ;
#1242 = CARTESIAN_POINT ( 'NONE',  ( -25.50000000000000000, 500.0000000000000000, 20.00000000000000000 ) ) ;
#1243 = LINE ( 'NONE', #1166, #2611 ) ;
#1244 = PLANE ( 'NONE',  #4625 ) ;
#1245 = ADVANCED_FACE ( 'NONE', ( #2126 ), #778, .F. ) ;
#1246 = AXIS2_PLACEMENT_3D ( 'NONE', #232, #3347, #1631 ) ;
#1247 = LINE ( 'NONE', #6301, #4569 ) ;
#1248 = DIRECTION ( 'NONE',  ( 0.000000000000000000, -1.000000000000000000, 0.000000000000000000 ) ) ;
#1249 = CARTESIAN_POINT ( 'NONE',  ( -16.44238816000000014, 501.0000000000000000, -7.750000000000000000 ) ) ;
#1250 = DIRECTION ( 'NONE',  ( 0.000000000000000000, -1.000000000000000000, 0.000000000000000000 ) ) ;
#1251 = FACE_OUTER_BOUND ( 'NONE', #4040, .T. ) ;
#1252 = VECTOR ( 'NONE', #6378, 1000.000000000000000 ) ;
#1253 = LINE ( 'NONE', #4993, #2327 ) ;
#1254 = EDGE_CURVE ( 'NONE', #741, #2580, #3281, .T. ) ;
#1255 = EDGE_LOOP ( 'NONE', ( #2701, #1361, #3439, #3373 ) ) ;
#1256 = DIRECTION ( 'NONE',  ( -1.734723475976807094E-15, 0.000000000000000000, 1.000000000000000000 ) ) ;
#1257 = VERTEX_POINT ( 'NONE', #5771 ) ;
#1258 = VERTEX_POINT ( 'NONE', #2034 ) ;
#1259 = CIRCLE ( 'NONE', #6250, 2.499999999999998668 ) ;
#1260 = CARTESIAN_POINT ( 'NONE',  ( -13.20000001000000012, -500.0000000000000000, 11.74974747000000086 ) ) ;
#1261 = CARTESIAN_POINT ( 'NONE',  ( 35.50000000000000000, -500.0000000000000000, -10.00000000000000000 ) ) ;
#1262 = CARTESIAN_POINT ( 'NONE',  ( 11.62316017250000044, -500.0000000000000000, -10.49816017750000086 ) ) ;
#1263 = DIRECTION ( 'NONE',  ( 0.000000000000000000, -1.000000000000000000, 0.000000000000000000 ) ) ;
#1264 = AXIS2_PLACEMENT_3D ( 'NONE', #7480, #4441, #7517 ) ;
#1265 = ADVANCED_FACE ( 'NONE', ( #949 ), #1608, .F. ) ;
#1266 = CYLINDRICAL_SURFACE ( 'NONE', #3394, 0.4499999999999990119 ) ;
#1267 = ORIENTED_EDGE ( 'NONE', *, *, #2446, .T. ) ;
#1268 = CARTESIAN_POINT ( 'NONE',  ( -26.49999999990000177, 501.0000000000000000, -16.00000000010000178 ) ) ;
#1269 = ORIENTED_EDGE ( 'NONE', *, *, #440, .F. ) ;
#1270 = ORIENTED_EDGE ( 'NONE', *, *, #4343, .T. ) ;
#1271 = AXIS2_PLACEMENT_3D ( 'NONE', #5292, #784, #910 ) ;
#1272 = CARTESIAN_POINT ( 'NONE',  ( 37.54999999989999537, 501.0000000000000000, 7.450000000100000186 ) ) ;
#1273 = CIRCLE ( 'NONE', #4685, 0.4499999999999990119 ) ;
#1274 = VERTEX_POINT ( 'NONE', #2748 ) ;
#1275 = CARTESIAN_POINT ( 'NONE',  ( -38.00000000000000000, 500.0000000000000000, 7.450000000000000178 ) ) ;
#1276 = DIRECTION ( 'NONE',  ( 1.999928000984139554E-10, 0.000000000000000000, -1.000000000000000000 ) ) ;
#1277 = CARTESIAN_POINT ( 'NONE',  ( -36.00000000010000178, 501.0000000000000000, 6.499999999899999992 ) ) ;
#1278 = EDGE_CURVE ( 'NONE', #5299, #6128, #2479, .T. ) ;
#1279 = ADVANCED_FACE ( 'NONE', ( #160 ), #5856, .T. ) ;
#1280 = AXIS2_PLACEMENT_3D ( 'NONE', #1001, #5923, #5304 ) ;
#1281 = ORIENTED_EDGE ( 'NONE', *, *, #6458, .T. ) ;
#1282 = ORIENTED_EDGE ( 'NONE', *, *, #1416, .F. ) ;
#1283 = CARTESIAN_POINT ( 'NONE',  ( -27.45000000009999752, 500.0000000000000000, 17.54999999989999893 ) ) ;
#1284 = CIRCLE ( 'NONE', #6143, 1.500000000000001332 ) ;
#1285 = FACE_OUTER_BOUND ( 'NONE', #3094, .T. ) ;
#1286 = VECTOR ( 'NONE', #5692, 1000.000000000000114 ) ;
#1287 = DIRECTION ( 'NONE',  ( -1.000000000000000000, 0.000000000000000000, 0.000000000000000000 ) ) ;
#1288 = EDGE_CURVE ( 'NONE', #6708, #2330, #3409, .T. ) ;
#1289 = VECTOR ( 'NONE', #5022, 1000.000000000000000 ) ;
#1290 = VECTOR ( 'NONE', #6237, 1000.000000000000000 ) ;
#1291 = DIRECTION ( 'NONE',  ( 0.000000000000000000, -1.000000000000000000, 0.000000000000000000 ) ) ;
#1292 = DIRECTION ( 'NONE',  ( -1.000000000000000000, 0.000000000000000000, -1.999928000984139554E-10 ) ) ;
#1293 = CARTESIAN_POINT ( 'NONE',  ( 14.49999999989999999, 500.0000000000000000, 18.49999999990000177 ) ) ;
#1294 = CIRCLE ( 'NONE', #3264, 5.000000028479869130 ) ;
#1295 = CARTESIAN_POINT ( 'NONE',  ( 29.93566017999999929, 501.0000000000000000, -7.814339829999998877 ) ) ;
#1296 = DIRECTION ( 'NONE',  ( 0.000000000000000000, 1.000000000000000000, 0.000000000000000000 ) ) ;
#1297 = VERTEX_POINT ( 'NONE', #333 ) ;
#1298 = CARTESIAN_POINT ( 'NONE',  ( -32.30000000000000426, 501.0000000000000000, -11.79999999999999893 ) ) ;
#1299 = AXIS2_PLACEMENT_3D ( 'NONE', #7636, #6907, #5665 ) ;
#1300 = AXIS2_PLACEMENT_3D ( 'NONE', #2210, #294, #2168 ) ;
#1301 = ORIENTED_EDGE ( 'NONE', *, *, #1856, .T. ) ;
#1302 = VERTEX_POINT ( 'NONE', #7826 ) ;
#1303 = DIRECTION ( 'NONE',  ( 0.000000000000000000, -1.000000000000000000, 0.000000000000000000 ) ) ;
#1304 = EDGE_CURVE ( 'NONE', #5467, #6436, #4065, .T. ) ;
#1305 = CARTESIAN_POINT ( 'NONE',  ( -14.99999999989999999, 500.0000000000000000, 16.50000000010000178 ) ) ;
#1306 = LINE ( 'NONE', #6387, #5244 ) ;
#1307 = CARTESIAN_POINT ( 'NONE',  ( 14.99999998203329987, -500.0000000000000000, 14.19238815442339963 ) ) ;
#1308 = VECTOR ( 'NONE', #5777, 1000.000000000000000 ) ;
#1309 = AXIS2_PLACEMENT_3D ( 'NONE', #3395, #7647, #5147 ) ;
#1310 = CIRCLE ( 'NONE', #3678, 2.499999999999998668 ) ;
#1311 = DIRECTION ( 'NONE',  ( 0.000000000000000000, -1.000000000000000000, 0.000000000000000000 ) ) ;
#1312 = ORIENTED_EDGE ( 'NONE', *, *, #3593, .F. ) ;
#1313 = PLANE ( 'NONE',  #1945 ) ;
#1314 = VERTEX_POINT ( 'NONE', #2658 ) ;
#1315 = EDGE_LOOP ( 'NONE', ( #7557, #3615, #1098, #6251 ) ) ;
#1316 = AXIS2_PLACEMENT_3D ( 'NONE', #3402, #4758, #1512 ) ;
#1317 = CARTESIAN_POINT ( 'NONE',  ( 32.30000000000000426, 501.0000000000000000, -12.30000000000000071 ) ) ;
#1318 = ORIENTED_EDGE ( 'NONE', *, *, #2309, .F. ) ;
#1319 = LINE ( 'NONE', #1236, #2832 ) ;
#1320 = ADVANCED_FACE ( 'NONE', ( #4548 ), #4725, .F. ) ;
#1321 = CARTESIAN_POINT ( 'NONE',  ( 36.00000000000000000, 500.0000000000000000, 20.00000000000000000 ) ) ;
#1322 = ORIENTED_EDGE ( 'NONE', *, *, #1656, .F. ) ;
#1323 = CARTESIAN_POINT ( 'NONE',  ( 0.000000000000000000, 500.0000000000000000, -20.00000000000000000 ) ) ;
#1324 = ORIENTED_EDGE ( 'NONE', *, *, #2231, .F. ) ;
#1325 = ORIENTED_EDGE ( 'NONE', *, *, #5257, .F. ) ;
#1326 = CARTESIAN_POINT ( 'NONE',  ( 32.75000002847990288, 500.0000000000000000, 3.557611826337780503 ) ) ;
#1327 = EDGE_CURVE ( 'NONE', #6128, #4567, #1517, .T. ) ;
#1328 = EDGE_CURVE ( 'NONE', #4549, #5414, #5286, .T. ) ;
#1329 = CARTESIAN_POINT ( 'NONE',  ( -32.30000000000000426, 500.0000000000000000, 11.79999999999999893 ) ) ;
#1330 = ORIENTED_EDGE ( 'NONE', *, *, #5128, .F. ) ;
#1331 = ORIENTED_EDGE ( 'NONE', *, *, #7940, .F. ) ;
#1332 = LINE ( 'NONE', #5063, #243 ) ;
#1333 = CARTESIAN_POINT ( 'NONE',  ( -25.00000003720549913, -500.0000000000000000, -14.19238814645449942 ) ) ;
#1334 = EDGE_CURVE ( 'NONE', #7199, #6266, #1433, .T. ) ;
#1335 = CARTESIAN_POINT ( 'NONE',  ( 27.00000000009999823, -500.0000000000000000, 17.55000000000000071 ) ) ;
#1336 = DIRECTION ( 'NONE',  ( 1.000000000000000000, 0.000000000000000000, 0.000000000000000000 ) ) ;
#1337 = AXIS2_PLACEMENT_3D ( 'NONE', #569, #3068, #1835 ) ;
#1338 = ORIENTED_EDGE ( 'NONE', *, *, #7580, .T. ) ;
#1339 = CARTESIAN_POINT ( 'NONE',  ( 37.69999999999999574, 501.0000000000000000, 12.30000000000000071 ) ) ;
#1340 = PRODUCT_RELATED_PRODUCT_CATEGORY ( 'part', '', ( #911 ) ) ;
#1341 = ORIENTED_EDGE ( 'NONE', *, *, #5472, .T. ) ;
#1342 = EDGE_LOOP ( 'NONE', ( #8073, #2228, #1508, #4764 ) ) ;
#1343 = EDGE_CURVE ( 'NONE', #3274, #7350, #6433, .T. ) ;
#1344 = VECTOR ( 'NONE', #4037, 1000.000000000000000 ) ;
#1345 = DIRECTION ( 'NONE',  ( 0.000000000000000000, 1.000000000000000000, 0.000000000000000000 ) ) ;
#1346 = CARTESIAN_POINT ( 'NONE',  ( 27.49999999990000177, -500.0000000000000000, 15.49999999989999999 ) ) ;
#1347 = CARTESIAN_POINT ( 'NONE',  ( 35.50000000010000178, -500.0000000000000000, -6.500000000000000000 ) ) ;
#1348 = CARTESIAN_POINT ( 'NONE',  ( 15.00000000000000000, 500.0000000000000000, -15.50000000000000000 ) ) ;
#1349 = CARTESIAN_POINT ( 'NONE',  ( -12.55000000000000071, 501.0000000000000000, 18.00000000000000000 ) ) ;
#1350 = ORIENTED_EDGE ( 'NONE', *, *, #5848, .T. ) ;
#1351 = FACE_OUTER_BOUND ( 'NONE', #7446, .T. ) ;
#1352 = ORIENTED_EDGE ( 'NONE', *, *, #7676, .T. ) ;
#1353 = ORIENTED_EDGE ( 'NONE', *, *, #6152, .T. ) ;
#1354 = LINE ( 'NONE', #6477, #1551 ) ;
#1355 = ORIENTED_EDGE ( 'NONE', *, *, #6597, .F. ) ;
#1356 = CARTESIAN_POINT ( 'NONE',  ( -5.700000010000020545, 501.0000000000000000, 15.50000000000000000 ) ) ;
#1357 = CARTESIAN_POINT ( 'NONE',  ( -36.00000000000000000, 500.0000000000000000, -20.00000000000000000 ) ) ;
#1358 = VECTOR ( 'NONE', #8096, 1000.000000000000000 ) ;
#1359 = CARTESIAN_POINT ( 'NONE',  ( 35.00000000000000000, 501.0000000000000000, 11.79999999999999893 ) ) ;
#1360 = VERTEX_POINT ( 'NONE', #3361 ) ;
#1361 = ORIENTED_EDGE ( 'NONE', *, *, #1162, .F. ) ;
#1362 = DIRECTION ( 'NONE',  ( 0.000000000000000000, -1.000000000000000000, 0.000000000000000000 ) ) ;
#1363 = EDGE_CURVE ( 'NONE', #7706, #6453, #4599, .T. ) ;
#1364 = VECTOR ( 'NONE', #103, 1000.000000000000000 ) ;
#1365 = LINE ( 'NONE', #3871, #98 ) ;
#1366 = VERTEX_POINT ( 'NONE', #6571 ) ;
#1367 = LINE ( 'NONE', #5017, #1885 ) ;
#1368 = DIRECTION ( 'NONE',  ( 1.000000000000000000, 0.000000000000000000, 0.000000000000000000 ) ) ;
#1369 = CIRCLE ( 'NONE', #56, 3.400000000000000355 ) ;
#1370 = CIRCLE ( 'NONE', #3601, 5.000000028479869130 ) ;
#1371 = EDGE_CURVE ( 'NONE', #6426, #4035, #2698, .T. ) ;
#1372 = EDGE_CURVE ( 'NONE', #4979, #7516, #7268, .T. ) ;
#1373 = VERTEX_POINT ( 'NONE', #3608 ) ;
#1374 = ORIENTED_EDGE ( 'NONE', *, *, #1388, .F. ) ;
#1375 = DIRECTION ( 'NONE',  ( 0.000000000000000000, -1.000000000000000000, 0.000000000000000000 ) ) ;
#1376 = CARTESIAN_POINT ( 'NONE',  ( -16.00000000000000000, 500.0000000000000000, 8.750000000000000000 ) ) ;
#1377 = CARTESIAN_POINT ( 'NONE',  ( -38.00000000000000000, 501.0000000000000000, -7.500000000000000000 ) ) ;
#1378 = LINE ( 'NONE', #7683, #3306 ) ;
#1379 = EDGE_CURVE ( 'NONE', #4837, #5474, #4833, .T. ) ;
#1380 = EDGE_CURVE ( 'NONE', #6582, #7972, #3266, .T. ) ;
#1381 = VERTEX_POINT ( 'NONE', #2290 ) ;
#1382 = ORIENTED_EDGE ( 'NONE', *, *, #1372, .F. ) ;
#1383 = CIRCLE ( 'NONE', #5975, 4.999999999999999112 ) ;
#1384 = DIRECTION ( 'NONE',  ( 0.000000000000000000, 0.000000000000000000, 1.000000000000000000 ) ) ;
#1385 = CARTESIAN_POINT ( 'NONE',  ( 16.44238816000000014, -500.0000000000000000, -7.750000000000000000 ) ) ;
#1386 = DIRECTION ( 'NONE',  ( 0.000000000000000000, -1.000000000000000000, 0.000000000000000000 ) ) ;
#1387 = DIRECTION ( 'NONE',  ( 0.000000000000000000, 1.000000000000000000, 0.000000000000000000 ) ) ;
#1388 = EDGE_CURVE ( 'NONE', #4648, #3607, #5487, .T. ) ;
#1389 = CIRCLE ( 'NONE', #2696, 1.000000000000000888 ) ;
#1390 = VERTEX_POINT ( 'NONE', #4762 ) ;
#1391 = DIRECTION ( 'NONE',  ( 0.000000000000000000, 1.000000000000000000, 0.000000000000000000 ) ) ;
#1392 = ORIENTED_EDGE ( 'NONE', *, *, #1052, .F. ) ;
#1393 = ORIENTED_EDGE ( 'NONE', *, *, #2982, .F. ) ;
#1394 =( LENGTH_UNIT ( ) NAMED_UNIT ( * ) SI_UNIT ( .MILLI., .METRE. ) );
#1395 = ORIENTED_EDGE ( 'NONE', *, *, #2699, .F. ) ;
#1396 = DIRECTION ( 'NONE',  ( 5.551115123125785858E-15, 0.000000000000000000, 1.000000000000000000 ) ) ;
#1397 = CARTESIAN_POINT ( 'NONE',  ( 18.38750000000000284, 500.0000000000000000, -7.000000000000000000 ) ) ;
#1398 = VECTOR ( 'NONE', #1012, 1000.000000000000000 ) ;
#1399 = ORIENTED_EDGE ( 'NONE', *, *, #3021, .F. ) ;
#1400 = LINE ( 'NONE', #7627, #490 ) ;
#1401 = ORIENTED_EDGE ( 'NONE', *, *, #5977, .T. ) ;
#1402 = CARTESIAN_POINT ( 'NONE',  ( 12.50000000010000001, 500.0000000000000000, -15.49999999989999999 ) ) ;
#1403 = ORIENTED_EDGE ( 'NONE', *, *, #4535, .T. ) ;
#1404 = VECTOR ( 'NONE', #6644, 1000.000000000000000 ) ;
#1405 = DIRECTION ( 'NONE',  ( 0.000000000000000000, -1.000000000000000000, 0.000000000000000000 ) ) ;
#1406 = ORIENTED_EDGE ( 'NONE', *, *, #5832, .T. ) ;
#1407 = CARTESIAN_POINT ( 'NONE',  ( -36.00000000000000000, -500.0000000000000000, -20.00000000000000000 ) ) ;
#1408 = CARTESIAN_POINT ( 'NONE',  ( -16.60000000000000142, -500.0000000000000000, -4.163799117100999573E-16 ) ) ;
#1409 = EDGE_CURVE ( 'NONE', #8050, #2835, #1106, .T. ) ;
#1410 = AXIS2_PLACEMENT_3D ( 'NONE', #5936, #322, #4710 ) ;
#1411 = ORIENTED_EDGE ( 'NONE', *, *, #3178, .F. ) ;
#1412 = ORIENTED_EDGE ( 'NONE', *, *, #1380, .T. ) ;
#1413 = ORIENTED_EDGE ( 'NONE', *, *, #1932, .F. ) ;
#1414 = LINE ( 'NONE', #4577, #5354 ) ;
#1415 = DIRECTION ( 'NONE',  ( 0.000000000000000000, 0.000000000000000000, -1.000000000000000000 ) ) ;
#1416 = EDGE_CURVE ( 'NONE', #1892, #7914, #925, .T. ) ;
#1417 = LINE ( 'NONE', #5183, #2308 ) ;
#1418 = CYLINDRICAL_SURFACE ( 'NONE', #1612, 3.400000000000000355 ) ;
#1419 = CIRCLE ( 'NONE', #6012, 2.500000000000000444 ) ;
#1420 = VERTEX_POINT ( 'NONE', #988 ) ;
#1421 = ORIENTED_EDGE ( 'NONE', *, *, #1343, .T. ) ;
#1422 = VECTOR ( 'NONE', #2778, 1000.000000000000000 ) ;
#1423 = AXIS2_PLACEMENT_3D ( 'NONE', #7426, #1805, #7506 ) ;
#1424 = DIRECTION ( 'NONE',  ( 0.000000000000000000, -1.000000000000000000, 0.000000000000000000 ) ) ;
#1425 = EDGE_CURVE ( 'NONE', #125, #2125, #371, .T. ) ;
#1426 = LINE ( 'NONE', #2073, #7857 ) ;
#1427 = EDGE_CURVE ( 'NONE', #3248, #3755, #7986, .T. ) ;
#1428 = FACE_OUTER_BOUND ( 'NONE', #6096, .T. ) ;
#1429 = DIRECTION ( 'NONE',  ( -1.000000000000000000, 0.000000000000000000, 0.000000000000000000 ) ) ;
#1430 = CIRCLE ( 'NONE', #3792, 2.500000000000000444 ) ;
#1431 = AXIS2_PLACEMENT_3D ( 'NONE', #904, #5330, #3983 ) ;
#1432 = ORIENTED_EDGE ( 'NONE', *, *, #723, .T. ) ;
#1433 = LINE ( 'NONE', #3942, #5095 ) ;
#1434 = ORIENTED_EDGE ( 'NONE', *, *, #7050, .T. ) ;
#1435 = VERTEX_POINT ( 'NONE', #6766 ) ;
#1436 = VERTEX_POINT ( 'NONE', #4875 ) ;
#1437 = CARTESIAN_POINT ( 'NONE',  ( -28.53553391000000161, -500.0000000000000000, 10.65685425999999936 ) ) ;
#1438 = VECTOR ( 'NONE', #3215, 1000.000000000000000 ) ;
#1439 = VECTOR ( 'NONE', #4912, 1000.000000000000000 ) ;
#1440 = EDGE_CURVE ( 'NONE', #6668, #3431, #7079, .T. ) ;
#1441 = FACE_OUTER_BOUND ( 'NONE', #6001, .T. ) ;
#1442 = EDGE_LOOP ( 'NONE', ( #1318, #5091, #7787, #2747 ) ) ;
#1443 = DIRECTION ( 'NONE',  ( 1.000000000000000000, 0.000000000000000000, 0.000000000000000000 ) ) ;
#1444 = DIRECTION ( 'NONE',  ( 6.666657966410595850E-11, 0.000000000000000000, -1.000000000000000000 ) ) ;
#1445 = ORIENTED_EDGE ( 'NONE', *, *, #4190, .T. ) ;
#1446 = LINE ( 'NONE', #5824, #3531 ) ;
#1447 = VERTEX_POINT ( 'NONE', #7866 ) ;
#1448 = VECTOR ( 'NONE', #4440, 1000.000000000000000 ) ;
#1449 = VECTOR ( 'NONE', #7046, 1000.000000000000000 ) ;
#1450 = ORIENTED_EDGE ( 'NONE', *, *, #5686, .T. ) ;
#1451 = FACE_OUTER_BOUND ( 'NONE', #6381, .T. ) ;
#1452 = ORIENTED_EDGE ( 'NONE', *, *, #356, .F. ) ;
#1453 = CARTESIAN_POINT ( 'NONE',  ( -35.50000000010000178, 500.0000000000000000, -5.000000000000000000 ) ) ;
#1454 = EDGE_CURVE ( 'NONE', #757, #5212, #3804, .T. ) ;
#1455 = CARTESIAN_POINT ( 'NONE',  ( -35.50000000000000000, 501.0000000000000000, -5.750000000000000000 ) ) ;
#1456 = VECTOR ( 'NONE', #4959, 1000.000000000000000 ) ;
#1457 = EDGE_CURVE ( 'NONE', #3918, #4549, #3144, .T. ) ;
#1458 = ORIENTED_EDGE ( 'NONE', *, *, #2314, .T. ) ;
#1459 = DIRECTION ( 'NONE',  ( 1.000000000000000000, 0.000000000000000000, -4.943961900846445806E-15 ) ) ;
#1460 = CARTESIAN_POINT ( 'NONE',  ( -37.69999999999999574, -500.0000000000000000, -11.79999999999999893 ) ) ;
#1461 = CARTESIAN_POINT ( 'NONE',  ( 34.14999999999999858, 501.0000000000000000, 18.19999999999999929 ) ) ;
#1462 = DIRECTION ( 'NONE',  ( -1.000000000000000000, 0.000000000000000000, -1.999928000984139554E-10 ) ) ;
#1463 = FILL_AREA_STYLE ('',( #4626 ) ) ;
#1464 = ADVANCED_FACE ( 'NONE', ( #2873 ), #4188, .F. ) ;
#1465 = ORIENTED_EDGE ( 'NONE', *, *, #7698, .F. ) ;
#1466 = ORIENTED_EDGE ( 'NONE', *, *, #6042, .T. ) ;
#1467 = CARTESIAN_POINT ( 'NONE',  ( 23.55761183999999986, 501.0000000000000000, -7.750000000000000000 ) ) ;
#1468 = LINE ( 'NONE', #3936, #135 ) ;
#1469 = FACE_OUTER_BOUND ( 'NONE', #4678, .T. ) ;
#1470 = CIRCLE ( 'NONE', #817, 2.499999999999998668 ) ;
#1471 = FACE_OUTER_BOUND ( 'NONE', #2865, .T. ) ;
#1472 = EDGE_LOOP ( 'NONE', ( #6358, #4640, #1629, #797 ) ) ;
#1473 = DIRECTION ( 'NONE',  ( 9.999986949615893129E-11, 0.000000000000000000, -1.000000000000000000 ) ) ;
#1474 = ADVANCED_FACE ( 'NONE', ( #8022 ), #7347, .T. ) ;
#1475 = EDGE_CURVE ( 'NONE', #7762, #4436, #1724, .T. ) ;
#1476 = ORIENTED_EDGE ( 'NONE', *, *, #157, .F. ) ;
#1477 = ORIENTED_EDGE ( 'NONE', *, *, #6206, .F. ) ;
#1478 = VECTOR ( 'NONE', #1712, 1000.000000000000000 ) ;
#1479 = EDGE_LOOP ( 'NONE', ( #6533, #3585, #5006, #4050 ) ) ;
#1480 = CARTESIAN_POINT ( 'NONE',  ( -20.00000000000000000, 500.0000000000000000, 0.000000000000000000 ) ) ;
#1481 = CARTESIAN_POINT ( 'NONE',  ( 27.44999999999999929, 500.0000000000000000, 18.00000000000000000 ) ) ;
#1482 = ORIENTED_EDGE ( 'NONE', *, *, #5398, .T. ) ;
#1483 = DIRECTION ( 'NONE',  ( 0.000000000000000000, -1.000000000000000000, 0.000000000000000000 ) ) ;
#1484 = PLANE ( 'NONE',  #7629 ) ;
#1485 = ORIENTED_EDGE ( 'NONE', *, *, #3057, .T. ) ;
#1486 = DIRECTION ( 'NONE',  ( 0.000000000000000000, 0.000000000000000000, 1.000000000000000000 ) ) ;
#1487 = VERTEX_POINT ( 'NONE', #6153 ) ;
#1488 = EDGE_CURVE ( 'NONE', #550, #5653, #403, .T. ) ;
#1489 = ORIENTED_EDGE ( 'NONE', *, *, #336, .T. ) ;
#1490 = LINE ( 'NONE', #2766, #3510 ) ;
#1491 = VECTOR ( 'NONE', #8017, 1000.000000000000000 ) ;
#1492 = EDGE_LOOP ( 'NONE', ( #3909, #1651, #6115, #1140 ) ) ;
#1493 = FACE_OUTER_BOUND ( 'NONE', #2141, .T. ) ;
#1494 = CARTESIAN_POINT ( 'NONE',  ( 25.50000000000000000, 500.0000000000000000, -20.00000000000000000 ) ) ;
#1495 = ORIENTED_EDGE ( 'NONE', *, *, #1109, .F. ) ;
#1496 = VECTOR ( 'NONE', #3143, 1000.000000000000000 ) ;
#1497 = EDGE_CURVE ( 'NONE', #3229, #1366, #4114, .T. ) ;
#1498 = ORIENTED_EDGE ( 'NONE', *, *, #5893, .F. ) ;
#1499 = EDGE_LOOP ( 'NONE', ( #5643, #2971, #6506, #664 ) ) ;
#1500 = CARTESIAN_POINT ( 'NONE',  ( -14.50000000000000000, -500.0000000000000000, -20.00000000000000000 ) ) ;
#1501 = CARTESIAN_POINT ( 'NONE',  ( -25.00000000010000178, 500.0000000000000000, 16.50000000010000178 ) ) ;
#1502 = CIRCLE ( 'NONE', #6764, 4.999999982033290991 ) ;
#1503 = AXIS2_PLACEMENT_3D ( 'NONE', #2685, #7033, #1982 ) ;
#1504 = CARTESIAN_POINT ( 'NONE',  ( -8.200000010000000117, 501.0000000000000000, -15.50000000000000000 ) ) ;
#1505 = DIRECTION ( 'NONE',  ( 1.000000000000000000, 0.000000000000000000, 0.000000000000000000 ) ) ;
#1506 = CIRCLE ( 'NONE', #7406, 1.500000000000001332 ) ;
#1507 = DIRECTION ( 'NONE',  ( 2.775557561562892929E-15, 0.000000000000000000, -1.000000000000000000 ) ) ;
#1508 = ORIENTED_EDGE ( 'NONE', *, *, #1041, .F. ) ;
#1509 = ORIENTED_EDGE ( 'NONE', *, *, #5290, .F. ) ;
#1510 = DIRECTION ( 'NONE',  ( 0.000000000000000000, 0.000000000000000000, 1.000000000000000000 ) ) ;
#1511 = LINE ( 'NONE', #7005, #259 ) ;
#1512 = DIRECTION ( 'NONE',  ( -1.999928000984139554E-10, 0.000000000000000000, 1.000000000000000000 ) ) ;
#1513 = CARTESIAN_POINT ( 'NONE',  ( 10.00000000000000000, 500.0000000000000000, -14.19238813000000121 ) ) ;
#1514 = CARTESIAN_POINT ( 'NONE',  ( 16.00000000000000000, -500.0000000000000000, 8.750000000000000000 ) ) ;
#1515 = ADVANCED_FACE ( 'NONE', ( #1682 ), #1072, .T. ) ;
#1516 = ORIENTED_EDGE ( 'NONE', *, *, #982, .F. ) ;
#1517 = LINE ( 'NONE', #7230, #7718 ) ;
#1518 = ORIENTED_EDGE ( 'NONE', *, *, #6689, .F. ) ;
#1519 = ORIENTED_EDGE ( 'NONE', *, *, #6296, .F. ) ;
#1520 = ORIENTED_EDGE ( 'NONE', *, *, #2131, .F. ) ;
#1521 = CARTESIAN_POINT ( 'NONE',  ( 27.00000000000000000, 500.0000000000000000, 8.387500000000001066 ) ) ;
#1522 = DIRECTION ( 'NONE',  ( 0.000000000000000000, -1.000000000000000000, 0.000000000000000000 ) ) ;
#1523 = ORIENTED_EDGE ( 'NONE', *, *, #7440, .T. ) ;
#1524 = DIRECTION ( 'NONE',  ( 0.000000000000000000, 1.000000000000000000, 0.000000000000000000 ) ) ;
#1525 = EDGE_CURVE ( 'NONE', #3847, #967, #7053, .T. ) ;
#1526 = CYLINDRICAL_SURFACE ( 'NONE', #6195, 4.999999999999999112 ) ;
#1527 = ORIENTED_EDGE ( 'NONE', *, *, #1278, .F. ) ;
#1528 = CIRCLE ( 'NONE', #7671, 1.500000000000001332 ) ;
#1529 = CARTESIAN_POINT ( 'NONE',  ( -37.54999999999999716, -500.0000000000000000, 7.000000000100000008 ) ) ;
#1530 = ORIENTED_EDGE ( 'NONE', *, *, #5539, .T. ) ;
#1531 = ORIENTED_EDGE ( 'NONE', *, *, #7831, .F. ) ;
#1532 = VERTEX_POINT ( 'NONE', #4303 ) ;
#1533 = DIRECTION ( 'NONE',  ( 0.000000000000000000, -1.000000000000000000, 0.000000000000000000 ) ) ;
#1534 = VECTOR ( 'NONE', #6945, 1000.000000000000000 ) ;
#1535 = ORIENTED_EDGE ( 'NONE', *, *, #1921, .T. ) ;
#1536 = CARTESIAN_POINT ( 'NONE',  ( 37.69999999999999574, -500.0000000000000000, 11.79999999999999893 ) ) ;
#1537 = DIRECTION ( 'NONE',  ( 0.000000000000000000, -1.000000000000000000, 0.000000000000000000 ) ) ;
#1538 = EDGE_CURVE ( 'NONE', #3830, #3572, #2755, .T. ) ;
#1539 = EDGE_CURVE ( 'NONE', #7535, #1973, #2612, .T. ) ;
#1540 = ORIENTED_EDGE ( 'NONE', *, *, #4984, .F. ) ;
#1541 = AXIS2_PLACEMENT_3D ( 'NONE', #2380, #1574, #7468 ) ;
#1542 = VERTEX_POINT ( 'NONE', #609 ) ;
#1543 = CARTESIAN_POINT ( 'NONE',  ( 7.125000000000000000, -500.0000000000000000, 15.50000000000000000 ) ) ;
#1544 = CARTESIAN_POINT ( 'NONE',  ( -7.250000000000000000, -500.0000000000000000, 3.557611840000010073 ) ) ;
#1545 = VECTOR ( 'NONE', #7919, 1000.000000000000000 ) ;
#1546 = CARTESIAN_POINT ( 'NONE',  ( -15.00000000000000000, 501.0000000000000000, -15.50000000010000001 ) ) ;
#1547 = EDGE_CURVE ( 'NONE', #5343, #1998, #5678, .T. ) ;
#1548 = DIRECTION ( 'NONE',  ( 0.000000000000000000, 1.000000000000000000, 0.000000000000000000 ) ) ;
#1549 = FACE_OUTER_BOUND ( 'NONE', #4968, .T. ) ;
#1550 = VECTOR ( 'NONE', #1831, 1000.000000000000114 ) ;
#1551 = VECTOR ( 'NONE', #863, 1000.000000000000000 ) ;
#1552 = DIRECTION ( 'NONE',  ( 0.000000000000000000, -1.000000000000000000, 0.000000000000000000 ) ) ;
#1553 = VERTEX_POINT ( 'NONE', #8059 ) ;
#1554 = ORIENTED_EDGE ( 'NONE', *, *, #6194, .T. ) ;
#1556 = EDGE_CURVE ( 'NONE', #7349, #3171, #6923, .T. ) ;
#1555 = CARTESIAN_POINT ( 'NONE',  ( -36.00000000000000000, -500.0000000000000000, 7.000000000000000000 ) ) ;
#1557 = CARTESIAN_POINT ( 'NONE',  ( -8.200000010000000117, 500.0000000000000000, 15.50000000000000000 ) ) ;
#1558 = CYLINDRICAL_SURFACE ( 'NONE', #3422, 2.200000000000000622 ) ;
#1559 = VECTOR ( 'NONE', #7848, 1000.000000000000000 ) ;
#1560 = EDGE_CURVE ( 'NONE', #5575, #5140, #1838, .T. ) ;
#1561 = DIRECTION ( 'NONE',  ( 0.000000000000000000, -1.000000000000000000, 0.000000000000000000 ) ) ;
#1562 = DIRECTION ( 'NONE',  ( 0.000000000000000000, 0.000000000000000000, -1.000000000000000000 ) ) ;
#1563 = ORIENTED_EDGE ( 'NONE', *, *, #1222, .T. ) ;
#1564 = CARTESIAN_POINT ( 'NONE',  ( -14.99999999989999999, 501.0000000000000000, 16.50000000010000178 ) ) ;
#1565 = AXIS2_PLACEMENT_3D ( 'NONE', #445, #6144, #7816 ) ;
#1566 = VECTOR ( 'NONE', #5870, 1000.000000000000114 ) ;
#1567 = EDGE_LOOP ( 'NONE', ( #2660, #8061, #825, #3899 ) ) ;
#1568 = VERTEX_POINT ( 'NONE', #2527 ) ;
#1569 = EDGE_CURVE ( 'NONE', #7571, #5474, #5641, .T. ) ;
#1570 = EDGE_LOOP ( 'NONE', ( #2069, #5542, #3304, #4095 ) ) ;
#1571 = DIRECTION ( 'NONE',  ( 1.000000000000000000, 0.000000000000000000, 0.000000000000000000 ) ) ;
#1572 = DIRECTION ( 'NONE',  ( 0.000000000000000000, -1.000000000000000000, 0.000000000000000000 ) ) ;
#1573 = ORIENTED_EDGE ( 'NONE', *, *, #7165, .T. ) ;
#1574 = DIRECTION ( 'NONE',  ( 0.000000000000000000, -1.000000000000000000, 0.000000000000000000 ) ) ;
#1575 = VECTOR ( 'NONE', #3075, 1000.000000000000000 ) ;
#1576 = FACE_OUTER_BOUND ( 'NONE', #1962, .T. ) ;
#1577 = AXIS2_PLACEMENT_3D ( 'NONE', #202, #7141, #1473 ) ;
#1578 = CARTESIAN_POINT ( 'NONE',  ( 38.19999999999999574, 501.0000000000000000, 16.00000000000000000 ) ) ;
#1579 = ORIENTED_EDGE ( 'NONE', *, *, #1781, .T. ) ;
#1580 = ORIENTED_EDGE ( 'NONE', *, *, #2481, .T. ) ;
#1581 = VERTEX_POINT ( 'NONE', #30 ) ;
#1582 = AXIS2_PLACEMENT_3D ( 'NONE', #2436, #3718, #4939 ) ;
#1583 = ADVANCED_FACE ( 'NONE', ( #4995 ), #3731, .F. ) ;
#1584 = CIRCLE ( 'NONE', #4072, 2.200000000000000622 ) ;
#1585 = FACE_OUTER_BOUND ( 'NONE', #2267, .T. ) ;
#1586 = ORIENTED_EDGE ( 'NONE', *, *, #7536, .F. ) ;
#1587 = DIRECTION ( 'NONE',  ( 0.000000000000000000, -1.000000000000000000, 0.000000000000000000 ) ) ;
#1588 = CARTESIAN_POINT ( 'NONE',  ( -13.73749999999999893, 500.0000000000000000, 18.00000000000000000 ) ) ;
#1589 = VERTEX_POINT ( 'NONE', #1218 ) ;
#1590 = VECTOR ( 'NONE', #2654, 1000.000000000000114 ) ;
#1591 = ORIENTED_EDGE ( 'NONE', *, *, #7529, .T. ) ;
#1592 = EDGE_CURVE ( 'NONE', #7057, #6357, #3673, .T. ) ;
#1593 = EDGE_LOOP ( 'NONE', ( #844, #3323, #6621, #2204 ) ) ;
#1594 = EDGE_CURVE ( 'NONE', #987, #4891, #7459, .T. ) ;
#1595 = CARTESIAN_POINT ( 'NONE',  ( 30.65685426000000291, 500.0000000000000000, 8.535533909999999835 ) ) ;
#1596 = CARTESIAN_POINT ( 'NONE',  ( -32.30000000000000426, 500.0000000000000000, 17.69999999999999929 ) ) ;
#1597 = CIRCLE ( 'NONE', #5112, 0.4499999999999990119 ) ;
#1598 = CARTESIAN_POINT ( 'NONE',  ( 36.00000000000000000, -500.0000000000000000, 20.00000000000000000 ) ) ;
#1599 = DIRECTION ( 'NONE',  ( 1.040462604279012531E-08, 0.000000000000000000, 1.000000000000000000 ) ) ;
#1600 = FACE_OUTER_BOUND ( 'NONE', #4201, .T. ) ;
#1601 = ADVANCED_FACE ( 'NONE', ( #726 ), #2565, .F. ) ;
#1602 = ORIENTED_EDGE ( 'NONE', *, *, #4947, .T. ) ;
#1603 = ORIENTED_EDGE ( 'NONE', *, *, #8064, .F. ) ;
#1604 = CARTESIAN_POINT ( 'NONE',  ( -38.50000000000000000, 500.0000000000000000, -4.000000000100000008 ) ) ;
#1605 = DIRECTION ( 'NONE',  ( 0.000000000000000000, -1.000000000000000000, 0.000000000000000000 ) ) ;
#1606 = CARTESIAN_POINT ( 'NONE',  ( -37.99999999989999822, 500.0000000000000000, -7.450000000000000178 ) ) ;
#1607 = FACE_OUTER_BOUND ( 'NONE', #2033, .T. ) ;
#1608 = PLANE ( 'NONE',  #5620 ) ;
#1609 = EDGE_CURVE ( 'NONE', #5823, #622, #5070, .T. ) ;
#1610 = ORIENTED_EDGE ( 'NONE', *, *, #2897, .T. ) ;
#1611 = VERTEX_POINT ( 'NONE', #7570 ) ;
#1612 = AXIS2_PLACEMENT_3D ( 'NONE', #6379, #938, #3927 ) ;
#1613 = CARTESIAN_POINT ( 'NONE',  ( -37.69999999999999574, 500.0000000000000000, 12.30000000000000071 ) ) ;
#1614 = LINE ( 'NONE', #4033, #2358 ) ;
#1615 = ORIENTED_EDGE ( 'NONE', *, *, #5279, .F. ) ;
#1616 = DIRECTION ( 'NONE',  ( 1.000000000000000000, 0.000000000000000000, 0.000000000000000000 ) ) ;
#1617 = CARTESIAN_POINT ( 'NONE',  ( -32.30000000000000426, 501.0000000000000000, 18.19999999999999929 ) ) ;
#1618 = DIRECTION ( 'NONE',  ( 1.000000000000000000, 0.000000000000000000, 0.000000000000000000 ) ) ;
#1619 = VECTOR ( 'NONE', #4290, 1000.000000000000000 ) ;
#1620 = ORIENTED_EDGE ( 'NONE', *, *, #3246, .T. ) ;
#1621 = ORIENTED_EDGE ( 'NONE', *, *, #1416, .T. ) ;
#1622 = ORIENTED_EDGE ( 'NONE', *, *, #3592, .F. ) ;
#1623 = CARTESIAN_POINT ( 'NONE',  ( 25.50000000009999823, -500.0000000000000000, -18.49999999990000177 ) ) ;
#1624 = ORIENTED_EDGE ( 'NONE', *, *, #3946, .T. ) ;
#1625 = DIRECTION ( 'NONE',  ( -1.000000000000000000, 0.000000000000000000, 0.000000000000000000 ) ) ;
#1626 = DIRECTION ( 'NONE',  ( 0.000000000000000000, -1.000000000000000000, 0.000000000000000000 ) ) ;
#1627 = EDGE_CURVE ( 'NONE', #4030, #3783, #1584, .T. ) ;
#1628 = CIRCLE ( 'NONE', #4375, 0.5000000000000004441 ) ;
#1629 = ORIENTED_EDGE ( 'NONE', *, *, #4699, .T. ) ;
#1630 = DIRECTION ( 'NONE',  ( 0.7071067811865474617, 0.000000000000000000, 0.7071067811865474617 ) ) ;
#1631 = DIRECTION ( 'NONE',  ( 0.000000000000000000, 0.000000000000000000, 1.000000000000000000 ) ) ;
#1632 = DIRECTION ( 'NONE',  ( -1.000000000000000000, 0.000000000000000000, 0.000000000000000000 ) ) ;
#1633 = CARTESIAN_POINT ( 'NONE',  ( -23.55761189202310035, 501.0000000000000000, -12.74999986990139966 ) ) ;
#1634 = AXIS2_PLACEMENT_3D ( 'NONE', #2368, #4870, #1750 ) ;
#1635 = DIRECTION ( 'NONE',  ( 0.000000000000000000, 1.000000000000000000, 0.000000000000000000 ) ) ;
#1636 = ADVANCED_FACE ( 'NONE', ( #2610 ), #5113, .F. ) ;
#1637 = EDGE_CURVE ( 'NONE', #4162, #502, #6805, .T. ) ;
#1638 = VERTEX_POINT ( 'NONE', #6229 ) ;
#1639 = DIRECTION ( 'NONE',  ( 0.000000000000000000, 1.000000000000000000, 0.000000000000000000 ) ) ;
#1640 = ORIENTED_EDGE ( 'NONE', *, *, #1103, .F. ) ;
#1641 = DIRECTION ( 'NONE',  ( 0.000000000000000000, -1.000000000000000000, 0.000000000000000000 ) ) ;
#1642 = PLANE ( 'NONE',  #1873 ) ;
#1643 = FACE_OUTER_BOUND ( 'NONE', #756, .T. ) ;
#1644 = CARTESIAN_POINT ( 'NONE',  ( -32.30000000000000426, -500.0000000000000000, 18.19999999999999929 ) ) ;
#1645 = CARTESIAN_POINT ( 'NONE',  ( -12.25000000000000000, 501.0000000000000000, 1.778805920000000151 ) ) ;
#1646 = EDGE_CURVE ( 'NONE', #1684, #7472, #3019, .T. ) ;
#1647 = EDGE_CURVE ( 'NONE', #1314, #2260, #2158, .T. ) ;
#1648 = DIRECTION ( 'NONE',  ( 1.000000000000000000, 0.000000000000000000, 1.734723475976808672E-15 ) ) ;
#1649 = VERTEX_POINT ( 'NONE', #4060 ) ;
#1650 = ORIENTED_EDGE ( 'NONE', *, *, #2535, .T. ) ;
#1651 = ORIENTED_EDGE ( 'NONE', *, *, #5782, .F. ) ;
#1652 = DIRECTION ( 'NONE',  ( 0.000000000000000000, -1.000000000000000000, 0.000000000000000000 ) ) ;
#1653 = DIRECTION ( 'NONE',  ( -1.000000000000000000, 0.000000000000000000, 0.000000000000000000 ) ) ;
#1654 = DIRECTION ( 'NONE',  ( 0.000000000000000000, 0.000000000000000000, 1.000000000000000000 ) ) ;
#1655 = CARTESIAN_POINT ( 'NONE',  ( 32.30000000000000426, 501.0000000000000000, 17.69999999999999929 ) ) ;
#1656 = EDGE_CURVE ( 'NONE', #239, #4106, #7610, .T. ) ;
#1657 = DIRECTION ( 'NONE',  ( 0.000000000000000000, -1.000000000000000000, 0.000000000000000000 ) ) ;
#1658 = ORIENTED_EDGE ( 'NONE', *, *, #843, .F. ) ;
#1659 = LINE ( 'NONE', #4277, #6943 ) ;
#1660 = LINE ( 'NONE', #4091, #7962 ) ;
#1661 = ORIENTED_EDGE ( 'NONE', *, *, #1488, .T. ) ;
#1662 = LINE ( 'NONE', #2270, #6754 ) ;
#1663 = CARTESIAN_POINT ( 'NONE',  ( -35.50000000000000000, -500.0000000000000000, -6.500000000000000000 ) ) ;
#1664 = ORIENTED_EDGE ( 'NONE', *, *, #4802, .F. ) ;
#1665 = CARTESIAN_POINT ( 'NONE',  ( 38.19999999999999574, 500.0000000000000000, -16.00000000000000000 ) ) ;
#1666 = PLANE ( 'NONE',  #2817 ) ;
#1667 = EDGE_CURVE ( 'NONE', #951, #2862, #7090, .T. ) ;
#1668 = CARTESIAN_POINT ( 'NONE',  ( -12.25000000000000000, 500.0000000000000000, 0.8894029600000000757 ) ) ;
#1669 = CARTESIAN_POINT ( 'NONE',  ( -27.00000000000000000, 501.0000000000000000, 16.77500000000000213 ) ) ;
#1670 = AXIS2_PLACEMENT_3D ( 'NONE', #1323, #4975, #5051 ) ;
#1671 = DIRECTION ( 'NONE',  ( 0.000000000000000000, -1.000000000000000000, 0.000000000000000000 ) ) ;
#1672 = ORIENTED_EDGE ( 'NONE', *, *, #5271, .F. ) ;
#1673 = CARTESIAN_POINT ( 'NONE',  ( 27.09314575000000147, -500.0000000000000000, -9.214466100000000992 ) ) ;
#1674 = CIRCLE ( 'NONE', #1541, 2.499999999999998668 ) ;
#1675 = CARTESIAN_POINT ( 'NONE',  ( -16.60000000000000142, 0.000000000000000000, -4.163799117100999573E-16 ) ) ;
#1676 = EDGE_CURVE ( 'NONE', #1922, #3690, #6414, .T. ) ;
#1677 = CARTESIAN_POINT ( 'NONE',  ( 20.00000000000000000, 0.000000000000000000, 0.000000000000000000 ) ) ;
#1678 = LINE ( 'NONE', #1946, #6588 ) ;
#1679 = DIRECTION ( 'NONE',  ( 0.000000000000000000, -1.000000000000000000, 0.000000000000000000 ) ) ;
#1680 = VECTOR ( 'NONE', #7982, 1000.000000000000000 ) ;
#1681 = ORIENTED_EDGE ( 'NONE', *, *, #2386, .F. ) ;
#1682 = FACE_OUTER_BOUND ( 'NONE', #4171, .T. ) ;
#1683 = VERTEX_POINT ( 'NONE', #893 ) ;
#1684 = VERTEX_POINT ( 'NONE', #5894 ) ;
#1685 = EDGE_CURVE ( 'NONE', #2862, #1198, #4452, .T. ) ;
#1686 = EDGE_CURVE ( 'NONE', #45, #430, #1949, .T. ) ;
#1687 = CIRCLE ( 'NONE', #5471, 2.500000000000002220 ) ;
#1688 = FACE_OUTER_BOUND ( 'NONE', #447, .T. ) ;
#1689 = FACE_BOUND ( 'NONE', #2017, .T. ) ;
#1690 = VERTEX_POINT ( 'NONE', #3887 ) ;
#1691 = CARTESIAN_POINT ( 'NONE',  ( -25.00000000010000178, 501.0000000000000000, -16.50000000010000178 ) ) ;
#1692 = DIRECTION ( 'NONE',  ( 0.000000000000000000, -1.000000000000000000, 0.000000000000000000 ) ) ;
#1693 = CARTESIAN_POINT ( 'NONE',  ( -32.30000000000000426, -500.0000000000000000, 12.30000000000000071 ) ) ;
#1694 = AXIS2_PLACEMENT_3D ( 'NONE', #3295, #7833, #5169 ) ;
#1695 = ORIENTED_EDGE ( 'NONE', *, *, #675, .F. ) ;
#1696 = DIRECTION ( 'NONE',  ( 0.000000000000000000, 1.000000000000000000, 0.000000000000000000 ) ) ;
#1697 = ORIENTED_EDGE ( 'NONE', *, *, #5128, .T. ) ;
#1698 = ORIENTED_EDGE ( 'NONE', *, *, #1090, .T. ) ;
#1699 = ADVANCED_FACE ( 'NONE', ( #6464 ), #149, .T. ) ;
#1700 = LINE ( 'NONE', #6710, #6264 ) ;
#1701 = VERTEX_POINT ( 'NONE', #850 ) ;
#1702 = DIRECTION ( 'NONE',  ( 1.000000000000000000, 0.000000000000000000, 6.666657966410595850E-11 ) ) ;
#1703 = CIRCLE ( 'NONE', #6275, 1.500000000000001332 ) ;
#1704 = VECTOR ( 'NONE', #7393, 1000.000000000000000 ) ;
#1705 = DIRECTION ( 'NONE',  ( 0.000000000000000000, 0.000000000000000000, 1.000000000000000000 ) ) ;
#1706 = CIRCLE ( 'NONE', #3139, 2.499999999999998668 ) ;
#1707 = CARTESIAN_POINT ( 'NONE',  ( 35.49999999989999822, 501.0000000000000000, 7.499999999899999992 ) ) ;
#1708 = CARTESIAN_POINT ( 'NONE',  ( 9.582169902499979131, 500.0000000000000000, 8.296509737500009862 ) ) ;
#1709 = CARTESIAN_POINT ( 'NONE',  ( 34.19238812999999766, 500.0000000000000000, -10.00000000000000000 ) ) ;
#1710 = VECTOR ( 'NONE', #5125, 1000.000000000000000 ) ;
#1711 = VECTOR ( 'NONE', #1870, 1000.000000000000000 ) ;
#1712 = DIRECTION ( 'NONE',  ( 0.000000000000000000, -1.000000000000000000, 0.000000000000000000 ) ) ;
#1713 = CARTESIAN_POINT ( 'NONE',  ( -7.125000000000000000, -500.0000000000000000, -15.50000000000000000 ) ) ;
#1714 = AXIS2_PLACEMENT_3D ( 'NONE', #6575, #5163, #7191 ) ;
#1715 = ORIENTED_EDGE ( 'NONE', *, *, #136, .T. ) ;
#1716 = CARTESIAN_POINT ( 'NONE',  ( 10.78553388999999996, 501.0000000000000000, 7.093145749999990812 ) ) ;
#1717 = DIRECTION ( 'NONE',  ( 0.000000000000000000, -1.000000000000000000, 0.000000000000000000 ) ) ;
#1718 = MANIFOLD_SOLID_BREP ( 'item_0002634_Profil 8 80x40 leicht_L=1000_1[1]', #3380 ) ;
#1719 = ORIENTED_EDGE ( 'NONE', *, *, #124, .F. ) ;
#1720 = DIRECTION ( 'NONE',  ( 0.000000000000000000, 1.000000000000000000, 0.000000000000000000 ) ) ;
#1721 = DIRECTION ( 'NONE',  ( 0.7071067811865462405, 0.000000000000000000, -0.7071067811865490160 ) ) ;
#1722 = CARTESIAN_POINT ( 'NONE',  ( 12.90685425000000031, -500.0000000000000000, 9.214466100000000992 ) ) ;
#1723 = EDGE_CURVE ( 'NONE', #5123, #3164, #285, .T. ) ;
#1724 = LINE ( 'NONE', #1142, #8091 ) ;
#1725 = VERTEX_POINT ( 'NONE', #7690 ) ;
#1726 = ORIENTED_EDGE ( 'NONE', *, *, #5746, .T. ) ;
#1727 = LINE ( 'NONE', #1761, #4313 ) ;
#1728 = LINE ( 'NONE', #3077, #4602 ) ;
#1729 = CARTESIAN_POINT ( 'NONE',  ( -34.19238812999999766, -500.0000000000000000, -10.00000000000000000 ) ) ;
#1730 = DIRECTION ( 'NONE',  ( -1.000000000000000000, 0.000000000000000000, 0.000000000000000000 ) ) ;
#1731 = EDGE_CURVE ( 'NONE', #3957, #5383, #3928, .T. ) ;
#1732 = CARTESIAN_POINT ( 'NONE',  ( 23.55761183999999986, -500.0000000000000000, 7.750000000000000000 ) ) ;
#1733 = EDGE_CURVE ( 'NONE', #4097, #4601, #5844, .T. ) ;
#1734 = EDGE_LOOP ( 'NONE', ( #2791, #7157, #339, #2607 ) ) ;
#1735 = VERTEX_POINT ( 'NONE', #5938 ) ;
#1736 = DIRECTION ( 'NONE',  ( 0.000000000000000000, 0.000000000000000000, 1.000000000000000000 ) ) ;
#1737 = VERTEX_POINT ( 'NONE', #323 ) ;
#1738 = PLANE ( 'NONE',  #338 ) ;
#1739 = DIRECTION ( 'NONE',  ( 0.000000000000000000, -1.000000000000000000, 0.000000000000000000 ) ) ;
#1740 = VECTOR ( 'NONE', #4624, 1000.000000000000000 ) ;
#1741 = EDGE_CURVE ( 'NONE', #1972, #3984, #514, .T. ) ;
#1742 = AXIS2_PLACEMENT_3D ( 'NONE', #4122, #6656, #3992 ) ;
#1743 = LINE ( 'NONE', #6788, #3598 ) ;
#1744 = CYLINDRICAL_SURFACE ( 'NONE', #2744, 1.000000000000000888 ) ;
#1745 = CARTESIAN_POINT ( 'NONE',  ( 20.00000000000000000, 501.0000000000000000, -7.750000000000000000 ) ) ;
#1746 = VERTEX_POINT ( 'NONE', #4015 ) ;
#1747 = ADVANCED_FACE ( 'NONE', ( #1600 ), #3563, .F. ) ;
#1748 = DIRECTION ( 'NONE',  ( 1.000000000000000000, 0.000000000000000000, 0.000000000000000000 ) ) ;
#1749 = PLANE ( 'NONE',  #2326 ) ;
#1750 = DIRECTION ( 'NONE',  ( 1.000000000000000000, 0.000000000000000000, 0.000000000000000000 ) ) ;
#1751 = VECTOR ( 'NONE', #1116, 1000.000000000000000 ) ;
#1752 = ADVANCED_FACE ( 'NONE', ( #4140 ), #6722, .T. ) ;
#1753 = DIRECTION ( 'NONE',  ( -1.000000000000000000, 0.000000000000000000, -4.000029474315877176E-11 ) ) ;
#1754 = CARTESIAN_POINT ( 'NONE',  ( 24.00000000010000178, 500.0000000000000000, 16.50000000000000000 ) ) ;
#1755 = DIRECTION ( 'NONE',  ( 0.000000000000000000, -1.000000000000000000, 0.000000000000000000 ) ) ;
#1756 = ORIENTED_EDGE ( 'NONE', *, *, #16, .F. ) ;
#1757 = AXIS2_PLACEMENT_3D ( 'NONE', #7680, #1415, #4530 ) ;
#1758 = CARTESIAN_POINT ( 'NONE',  ( -36.00000000010000178, 501.0000000000000000, -6.499999999899999992 ) ) ;
#1759 = ORIENTED_EDGE ( 'NONE', *, *, #238, .F. ) ;
#1760 = ORIENTED_EDGE ( 'NONE', *, *, #5376, .T. ) ;
#1761 = CARTESIAN_POINT ( 'NONE',  ( -30.00000000000000000, 501.0000000000000000, -14.19238813000000121 ) ) ;
#1762 = EDGE_CURVE ( 'NONE', #5120, #823, #8098, .T. ) ;
#1763 = DIRECTION ( 'NONE',  ( 1.040462604279012531E-08, 0.000000000000000000, 1.000000000000000000 ) ) ;
#1764 = VECTOR ( 'NONE', #7633, 1000.000000000000000 ) ;
#1765 = DIRECTION ( 'NONE',  ( 0.000000000000000000, 1.000000000000000000, 0.000000000000000000 ) ) ;
#1766 = ORIENTED_EDGE ( 'NONE', *, *, #206, .F. ) ;
#1767 = CARTESIAN_POINT ( 'NONE',  ( -27.44999999999999929, -500.0000000000000000, 17.99999999990000177 ) ) ;
#1768 = DIRECTION ( 'NONE',  ( 0.7071067811865474617, 0.000000000000000000, -0.7071067811865474617 ) ) ;
#1769 = CARTESIAN_POINT ( 'NONE',  ( -9.664466100000009163, 500.0000000000000000, 8.214213559999990366 ) ) ;
#1770 = ORIENTED_EDGE ( 'NONE', *, *, #7450, .F. ) ;
#1771 = DIRECTION ( 'NONE',  ( 0.000000000000000000, -1.000000000000000000, 0.000000000000000000 ) ) ;
#1772 = AXIS2_PLACEMENT_3D ( 'NONE', #2306, #4929, #4776 ) ;
#1773 = ORIENTED_EDGE ( 'NONE', *, *, #4606, .F. ) ;
#1774 = DIRECTION ( 'NONE',  ( 1.000000000000000000, 0.000000000000000000, -1.040462578258159895E-08 ) ) ;
#1775 = ORIENTED_EDGE ( 'NONE', *, *, #2205, .F. ) ;
#1776 = CYLINDRICAL_SURFACE ( 'NONE', #1772, 5.000000028479870906 ) ;
#1777 = ADVANCED_FACE ( 'NONE', ( #485 ), #5976, .F. ) ;
#1778 = DIRECTION ( 'NONE',  ( 0.000000000000000000, -1.000000000000000000, 0.000000000000000000 ) ) ;
#1779 = CARTESIAN_POINT ( 'NONE',  ( 32.30000000000000426, 500.0000000000000000, 18.19999999999999929 ) ) ;
#1780 = EDGE_CURVE ( 'NONE', #2388, #7429, #2338, .T. ) ;
#1781 = EDGE_CURVE ( 'NONE', #820, #3777, #1097, .T. ) ;
#1782 = DIRECTION ( 'NONE',  ( 9.999986949615893129E-11, 0.000000000000000000, -1.000000000000000000 ) ) ;
#1783 = DIRECTION ( 'NONE',  ( -9.999640004920706815E-11, 0.000000000000000000, 1.000000000000000000 ) ) ;
#1784 = VERTEX_POINT ( 'NONE', #978 ) ;
#1785 = CIRCLE ( 'NONE', #6245, 0.5000000000000004441 ) ;
#1786 = CARTESIAN_POINT ( 'NONE',  ( -12.25000000575199977, 500.0000000000000000, -3.557611840000000303 ) ) ;
#1787 = FACE_OUTER_BOUND ( 'NONE', #3047, .T. ) ;
#1788 = DIRECTION ( 'NONE',  ( 0.000000000000000000, 0.000000000000000000, -1.000000000000000000 ) ) ;
#1789 = EDGE_CURVE ( 'NONE', #7685, #471, #4868, .T. ) ;
#1790 = AXIS2_PLACEMENT_3D ( 'NONE', #4196, #5496, #424 ) ;
#1791 = DIRECTION ( 'NONE',  ( 0.000000000000000000, 0.000000000000000000, 1.000000000000000000 ) ) ;
#1792 = DIRECTION ( 'NONE',  ( 3.999856001968282080E-11, 0.000000000000000000, -1.000000000000000000 ) ) ;
#1793 = CARTESIAN_POINT ( 'NONE',  ( 11.46446609000000016, 501.0000000000000000, -10.65685425999999936 ) ) ;
#1794 = AXIS2_PLACEMENT_3D ( 'NONE', #246, #3853, #6389 ) ;
#1795 = DIRECTION ( 'NONE',  ( 0.000000000000000000, 0.000000000000000000, 1.000000000000000000 ) ) ;
#1796 = ORIENTED_EDGE ( 'NONE', *, *, #2035, .T. ) ;
#1797 = ORIENTED_EDGE ( 'NONE', *, *, #1327, .T. ) ;
#1798 = EDGE_CURVE ( 'NONE', #3431, #1972, #6637, .T. ) ;
#1799 = PLANE ( 'NONE',  #7071 ) ;
#1800 = DIRECTION ( 'NONE',  ( 0.000000000000000000, -1.000000000000000000, 0.000000000000000000 ) ) ;
#1801 = CARTESIAN_POINT ( 'NONE',  ( -38.00000000000000000, -500.0000000000000000, 3.737499999999999822 ) ) ;
#1802 = VECTOR ( 'NONE', #4534, 1000.000000000000000 ) ;
#1803 = CARTESIAN_POINT ( 'NONE',  ( -25.50000000000000000, -500.0000000000000000, -20.00000000000000000 ) ) ;
#1804 = LINE ( 'NONE', #7912, #1751 ) ;
#1805 = DIRECTION ( 'NONE',  ( 0.000000000000000000, 1.000000000000000000, 0.000000000000000000 ) ) ;
#1806 = ORIENTED_EDGE ( 'NONE', *, *, #7895, .T. ) ;
#1807 = DIRECTION ( 'NONE',  ( 0.000000000000000000, -1.000000000000000000, 0.000000000000000000 ) ) ;
#1808 = EDGE_CURVE ( 'NONE', #4316, #1611, #6021, .T. ) ;
#1809 = EDGE_LOOP ( 'NONE', ( #522, #7198, #2503, #2622 ) ) ;
#1810 = ORIENTED_EDGE ( 'NONE', *, *, #6088, .T. ) ;
#1811 = AXIS2_PLACEMENT_3D ( 'NONE', #5574, #5656, #6241 ) ;
#1812 = CARTESIAN_POINT ( 'NONE',  ( -13.00000000000000000, 500.0000000000000000, -17.55000000000000071 ) ) ;
#1813 = VERTEX_POINT ( 'NONE', #6600 ) ;
#1814 = DIRECTION ( 'NONE',  ( 0.000000000000000000, -1.000000000000000000, 0.000000000000000000 ) ) ;
#1815 = DIRECTION ( 'NONE',  ( 1.000000000000000000, 0.000000000000000000, 0.000000000000000000 ) ) ;
#1816 = LINE ( 'NONE', #556, #4539 ) ;
#1817 = AXIS2_PLACEMENT_3D ( 'NONE', #61, #4339, #2521 ) ;
#1818 = EDGE_CURVE ( 'NONE', #4038, #2388, #6680, .T. ) ;
#1819 = VECTOR ( 'NONE', #5438, 1000.000000000000000 ) ;
#1820 = VECTOR ( 'NONE', #6902, 1000.000000000000000 ) ;
#1821 = ORIENTED_EDGE ( 'NONE', *, *, #4525, .T. ) ;
#1822 = CARTESIAN_POINT ( 'NONE',  ( 25.50000000009999823, 501.0000000000000000, 18.49999999990000177 ) ) ;
#1823 = DIRECTION ( 'NONE',  ( 0.000000000000000000, -1.000000000000000000, 0.000000000000000000 ) ) ;
#1824 = DIRECTION ( 'NONE',  ( 0.000000000000000000, 0.000000000000000000, 1.000000000000000000 ) ) ;
#1825 = ORIENTED_EDGE ( 'NONE', *, *, #2130, .F. ) ;
#1826 = AXIS2_PLACEMENT_3D ( 'NONE', #4020, #6059, #6467 ) ;
#1827 = VECTOR ( 'NONE', #6112, 1000.000000000000000 ) ;
#1828 = EDGE_CURVE ( 'NONE', #5624, #7043, #2864, .T. ) ;
#1829 = EDGE_CURVE ( 'NONE', #1153, #132, #361, .T. ) ;
#1830 = CARTESIAN_POINT ( 'NONE',  ( -11.46446609000000016, -500.0000000000000000, 10.65685425999999936 ) ) ;
#1831 = DIRECTION ( 'NONE',  ( 0.7071067811865474617, 0.000000000000000000, -0.7071067811865474617 ) ) ;
#1832 = CARTESIAN_POINT ( 'NONE',  ( -38.19999999999999574, 500.0000000000000000, -7.074999999999999289 ) ) ;
#1833 = VECTOR ( 'NONE', #6210, 1000.000000000000000 ) ;
#1834 = VECTOR ( 'NONE', #5599, 1000.000000000000000 ) ;
#1835 = DIRECTION ( 'NONE',  ( 3.999994779846362809E-11, 0.000000000000000000, -1.000000000000000000 ) ) ;
#1836 = AXIS2_PLACEMENT_3D ( 'NONE', #3247, #5737, #672 ) ;
#1837 = ADVANCED_FACE ( 'NONE', ( #6064 ), #3640, .F. ) ;
#1838 = LINE ( 'NONE', #690, #7591 ) ;
#1839 = ORIENTED_EDGE ( 'NONE', *, *, #2280, .F. ) ;
#1840 = EDGE_LOOP ( 'NONE', ( #5302, #5910, #2170, #4381 ) ) ;
#1841 = CARTESIAN_POINT ( 'NONE',  ( -14.99999996279450087, 500.0000000000000000, 14.19238814645449942 ) ) ;
#1842 = VECTOR ( 'NONE', #2827, 1000.000000000000000 ) ;
#1843 = CARTESIAN_POINT ( 'NONE',  ( 32.30000000000000426, -500.0000000000000000, 12.30000000000000071 ) ) ;
#1844 = DIRECTION ( 'NONE',  ( 0.7071067811865474617, 0.000000000000000000, 0.7071067811865474617 ) ) ;
#1845 = CARTESIAN_POINT ( 'NONE',  ( 35.50000000000000000, -500.0000000000000000, -5.000000000000000000 ) ) ;
#1846 = DIRECTION ( 'NONE',  ( 0.000000000000000000, -1.000000000000000000, 0.000000000000000000 ) ) ;
#1847 = EDGE_CURVE ( 'NONE', #7818, #573, #249, .T. ) ;
#1848 = ORIENTED_EDGE ( 'NONE', *, *, #1223, .T. ) ;
#1849 = CARTESIAN_POINT ( 'NONE',  ( 16.00000000000000000, 500.0000000000000000, 16.50000000000000000 ) ) ;
#1850 = ORIENTED_EDGE ( 'NONE', *, *, #4445, .F. ) ;
#1851 = ORIENTED_EDGE ( 'NONE', *, *, #2288, .F. ) ;
#1852 = ORIENTED_EDGE ( 'NONE', *, *, #5129, .T. ) ;
#1853 = LINE ( 'NONE', #7513, #5833 ) ;
#1854 = DIRECTION ( 'NONE',  ( 0.7071067807047830556, 0.000000000000000000, 0.7071067816683118679 ) ) ;
#1855 = CYLINDRICAL_SURFACE ( 'NONE', #4803, 4.999999869901409433 ) ;
#1856 = EDGE_CURVE ( 'NONE', #5305, #3487, #4713, .T. ) ;
#1857 = ORIENTED_EDGE ( 'NONE', *, *, #7287, .T. ) ;
#1858 = ORIENTED_EDGE ( 'NONE', *, *, #7751, .T. ) ;
#1859 = DIRECTION ( 'NONE',  ( 0.7071067807047830556, 0.000000000000000000, 0.7071067816683118679 ) ) ;
#1860 = LINE ( 'NONE', #5549, #3546 ) ;
#1861 = EDGE_CURVE ( 'NONE', #5911, #2330, #6268, .T. ) ;
#1862 = DIRECTION ( 'NONE',  ( 0.000000000000000000, 1.000000000000000000, 0.000000000000000000 ) ) ;
#1863 = VECTOR ( 'NONE', #7255, 1000.000000000000000 ) ;
#1864 = CARTESIAN_POINT ( 'NONE',  ( 38.50000000000000000, 500.0000000000000000, 4.000000000100000008 ) ) ;
#1865 = CARTESIAN_POINT ( 'NONE',  ( -36.00000000000000000, 500.0000000000000000, -16.00000000000000000 ) ) ;
#1866 = LINE ( 'NONE', #2443, #4128 ) ;
#1867 = EDGE_CURVE ( 'NONE', #1883, #3189, #3517, .T. ) ;
#1868 = CARTESIAN_POINT ( 'NONE',  ( -37.54999999989999537, -500.0000000000000000, 7.450000000100000186 ) ) ;
#1869 = CARTESIAN_POINT ( 'NONE',  ( -27.45000000009999752, 500.0000000000000000, -17.54999999989999893 ) ) ;
#1870 = DIRECTION ( 'NONE',  ( 1.000000000000000000, 0.000000000000000000, 0.000000000000000000 ) ) ;
#1871 = EDGE_LOOP ( 'NONE', ( #4165, #2115, #2236, #600 ) ) ;
#1872 = ORIENTED_EDGE ( 'NONE', *, *, #3631, .T. ) ;
#1873 = AXIS2_PLACEMENT_3D ( 'NONE', #4716, #7223, #3520 ) ;
#1874 = CARTESIAN_POINT ( 'NONE',  ( 17.50000000000000000, -500.0000000000000000, 11.79999999999999893 ) ) ;
#1875 = EDGE_CURVE ( 'NONE', #7350, #6699, #3128, .T. ) ;
#1876 = CARTESIAN_POINT ( 'NONE',  ( -23.55761189202310035, -500.0000000000000000, -12.74999986990139966 ) ) ;
#1877 = EDGE_CURVE ( 'NONE', #3370, #5393, #5554, .T. ) ;
#1878 = CARTESIAN_POINT ( 'NONE',  ( 8.199999990000000238, 501.0000000000000000, 11.74974747000000086 ) ) ;
#1879 = DIRECTION ( 'NONE',  ( 0.000000000000000000, 0.000000000000000000, -1.000000000000000000 ) ) ;
#1880 = CARTESIAN_POINT ( 'NONE',  ( 27.45000000009999752, 501.0000000000000000, 17.54999999989999893 ) ) ;
#1881 = EDGE_LOOP ( 'NONE', ( #1520, #1476, #5772, #5388 ) ) ;
#1882 = CARTESIAN_POINT ( 'NONE',  ( 26.99999999989999822, -500.0000000000000000, -16.00000000000000000 ) ) ;
#1883 = VERTEX_POINT ( 'NONE', #7070 ) ;
#1884 = ORIENTED_EDGE ( 'NONE', *, *, #2118, .T. ) ;
#1885 = VECTOR ( 'NONE', #3175, 1000.000000000000000 ) ;
#1886 = CARTESIAN_POINT ( 'NONE',  ( -32.74999986990139433, 500.0000000000000000, 3.557611892023129663 ) ) ;
#1887 = VECTOR ( 'NONE', #2194, 1000.000000000000000 ) ;
#1888 = VERTEX_POINT ( 'NONE', #4410 ) ;
#1889 = LINE ( 'NONE', #5736, #3876 ) ;
#1890 = EDGE_CURVE ( 'NONE', #5884, #948, #1247, .T. ) ;
#1891 = DIRECTION ( 'NONE',  ( 0.000000000000000000, -1.000000000000000000, 0.000000000000000000 ) ) ;
#1892 = VERTEX_POINT ( 'NONE', #6221 ) ;
#1893 = AXIS2_PLACEMENT_3D ( 'NONE', #7202, #1587, #4093 ) ;
#1894 = ORIENTED_EDGE ( 'NONE', *, *, #5289, .T. ) ;
#1895 = CARTESIAN_POINT ( 'NONE',  ( -15.00000000000000000, 500.0000000000000000, 15.50000000000000000 ) ) ;
#1896 = VERTEX_POINT ( 'NONE', #2441 ) ;
#1897 = CARTESIAN_POINT ( 'NONE',  ( -6.262500000000000178, -500.0000000000000000, 18.00000000000000000 ) ) ;
#1898 = PLANE ( 'NONE',  #3672 ) ;
#1899 = DIRECTION ( 'NONE',  ( 0.000000000000000000, -1.000000000000000000, 0.000000000000000000 ) ) ;
#1900 = DIRECTION ( 'NONE',  ( 0.000000000000000000, 1.000000000000000000, 0.000000000000000000 ) ) ;
#1901 = LINE ( 'NONE', #7527, #101 ) ;
#1902 = DIRECTION ( 'NONE',  ( 0.000000000000000000, 1.000000000000000000, 0.000000000000000000 ) ) ;
#1903 = CARTESIAN_POINT ( 'NONE',  ( 32.30000000000000426, 500.0000000000000000, -12.30000000000000071 ) ) ;
#1904 = CARTESIAN_POINT ( 'NONE',  ( 12.50000000010000001, -500.0000000000000000, 15.49999999989999999 ) ) ;
#1905 = VECTOR ( 'NONE', #366, 1000.000000000000000 ) ;
#1906 = ORIENTED_EDGE ( 'NONE', *, *, #4494, .T. ) ;
#1907 = DIRECTION ( 'NONE',  ( 0.000000000000000000, 1.000000000000000000, 0.000000000000000000 ) ) ;
#1908 = EDGE_CURVE ( 'NONE', #2580, #7318, #6147, .T. ) ;
#1909 = ORIENTED_EDGE ( 'NONE', *, *, #5944, .T. ) ;
#1910 = VERTEX_POINT ( 'NONE', #3028 ) ;
#1911 = AXIS2_PLACEMENT_3D ( 'NONE', #3616, #955, #3537 ) ;
#1912 = LINE ( 'NONE', #4308, #2070 ) ;
#1913 = DIRECTION ( 'NONE',  ( -1.000000000000000000, 0.000000000000000000, -3.469446951953611033E-15 ) ) ;
#1914 = CYLINDRICAL_SURFACE ( 'NONE', #666, 2.499999999999999556 ) ;
#1915 = CARTESIAN_POINT ( 'NONE',  ( -12.50000000000000000, 501.0000000000000000, 17.99999999990000177 ) ) ;
#1916 = VECTOR ( 'NONE', #7008, 1000.000000000000000 ) ;
#1917 = DIRECTION ( 'NONE',  ( 0.000000000000000000, -1.000000000000000000, 0.000000000000000000 ) ) ;
#1918 = ORIENTED_EDGE ( 'NONE', *, *, #5233, .T. ) ;
#1919 = CARTESIAN_POINT ( 'NONE',  ( 36.77500000000000568, 501.0000000000000000, 7.000000000000000000 ) ) ;
#1920 = EDGE_CURVE ( 'NONE', #4305, #7319, #4711, .T. ) ;
#1921 = EDGE_CURVE ( 'NONE', #3201, #1153, #639, .T. ) ;
#1922 = VERTEX_POINT ( 'NONE', #3681 ) ;
#1923 = VERTEX_POINT ( 'NONE', #8094 ) ;
#1924 = DIRECTION ( 'NONE',  ( 2.222142223315713114E-10, 0.000000000000000000, -1.000000000000000000 ) ) ;
#1925 = AXIS2_PLACEMENT_3D ( 'NONE', #6844, #1217, #3764 ) ;
#1926 = ORIENTED_EDGE ( 'NONE', *, *, #1733, .T. ) ;
#1927 = CARTESIAN_POINT ( 'NONE',  ( -23.55761183999999986, 500.0000000000000000, 7.750000000000000000 ) ) ;
#1928 = CARTESIAN_POINT ( 'NONE',  ( 12.50000000010000001, 501.0000000000000000, 15.49999999989999999 ) ) ;
#1929 = ORIENTED_EDGE ( 'NONE', *, *, #4994, .T. ) ;
#1930 = DIRECTION ( 'NONE',  ( 0.000000000000000000, 0.000000000000000000, -1.000000000000000000 ) ) ;
#1931 = EDGE_LOOP ( 'NONE', ( #6005, #1083, #2652, #587 ) ) ;
#1932 = EDGE_CURVE ( 'NONE', #1883, #6481, #5061, .T. ) ;
#1933 = ORIENTED_EDGE ( 'NONE', *, *, #3885, .T. ) ;
#1934 = CARTESIAN_POINT ( 'NONE',  ( -35.50000000000000000, -500.0000000000000000, -9.999999999899998215 ) ) ;
#1935 = VECTOR ( 'NONE', #1630, 1000.000000000000114 ) ;
#1936 = DIRECTION ( 'NONE',  ( 5.551115123125785858E-15, 0.000000000000000000, 1.000000000000000000 ) ) ;
#1937 = AXIS2_PLACEMENT_3D ( 'NONE', #3041, #7870, #4915 ) ;
#1938 = AXIS2_PLACEMENT_3D ( 'NONE', #382, #464, #6124 ) ;
#1939 = ADVANCED_FACE ( 'NONE', ( #1451 ), #6182, .T. ) ;
#1940 = FACE_OUTER_BOUND ( 'NONE', #6360, .T. ) ;
#1941 = CARTESIAN_POINT ( 'NONE',  ( -5.700000010000000117, 501.0000000000000000, 18.00000000000000000 ) ) ;
#1942 = CARTESIAN_POINT ( 'NONE',  ( 38.19999999999999574, 501.0000000000000000, 14.14999999999999858 ) ) ;
#1943 = AXIS2_PLACEMENT_3D ( 'NONE', #6313, #1345, #5564 ) ;
#1944 = FACE_OUTER_BOUND ( 'NONE', #5463, .T. ) ;
#1945 = AXIS2_PLACEMENT_3D ( 'NONE', #1919, #4390, #2460 ) ;
#1946 = CARTESIAN_POINT ( 'NONE',  ( -40.00000000000000000, 0.000000000000000000, -5.500000000099999120 ) ) ;
#1947 = DIRECTION ( 'NONE',  ( 0.000000000000000000, -1.000000000000000000, 0.000000000000000000 ) ) ;
#1948 = AXIS2_PLACEMENT_3D ( 'NONE', #3504, #5350, #4094 ) ;
#1949 = CIRCLE ( 'NONE', #2085, 3.400000000000000355 ) ;
#1950 = VERTEX_POINT ( 'NONE', #1864 ) ;
#1951 = ORIENTED_EDGE ( 'NONE', *, *, #3743, .T. ) ;
#1952 = LINE ( 'NONE', #3694, #7579 ) ;
#1953 = PLANE ( 'NONE',  #2620 ) ;
#1954 = DIRECTION ( 'NONE',  ( 0.000000000000000000, -1.000000000000000000, 0.000000000000000000 ) ) ;
#1955 = CARTESIAN_POINT ( 'NONE',  ( 25.00000003720549913, 501.0000000000000000, 14.19238814645449942 ) ) ;
#1956 = VECTOR ( 'NONE', #7829, 1000.000000000000000 ) ;
#1957 = EDGE_CURVE ( 'NONE', #3499, #6457, #564, .T. ) ;
#1958 = AXIS2_PLACEMENT_3D ( 'NONE', #576, #7540, #5565 ) ;
#1959 = DIRECTION ( 'NONE',  ( -9.999986949615893129E-11, 0.000000000000000000, 1.000000000000000000 ) ) ;
#1960 = ORIENTED_EDGE ( 'NONE', *, *, #2993, .F. ) ;
#1961 = DIRECTION ( 'NONE',  ( 0.000000000000000000, 1.000000000000000000, 0.000000000000000000 ) ) ;
#1962 = EDGE_LOOP ( 'NONE', ( #5743, #5448, #7910, #5189 ) ) ;
#1963 = VERTEX_POINT ( 'NONE', #23 ) ;
#1964 = VECTOR ( 'NONE', #5531, 1000.000000000000000 ) ;
#1965 = CIRCLE ( 'NONE', #1316, 0.5000000000000004441 ) ;
#1966 = VERTEX_POINT ( 'NONE', #4371 ) ;
#1967 = DIRECTION ( 'NONE',  ( 0.000000000000000000, -1.000000000000000000, 0.000000000000000000 ) ) ;
#1968 = DIRECTION ( 'NONE',  ( 3.999994779846362809E-11, 0.000000000000000000, -1.000000000000000000 ) ) ;
#1969 = CARTESIAN_POINT ( 'NONE',  ( 38.19999999999999574, 500.0000000000000000, 16.00000000000000000 ) ) ;
#1970 = ADVANCED_FACE ( 'NONE', ( #1940 ), #6872, .F. ) ;
#1971 = EDGE_CURVE ( 'NONE', #2305, #1198, #3180, .T. ) ;
#1972 = VERTEX_POINT ( 'NONE', #5668 ) ;
#1973 = VERTEX_POINT ( 'NONE', #1830 ) ;
#1974 = CYLINDRICAL_SURFACE ( 'NONE', #3381, 5.000000028479870906 ) ;
#1975 = EDGE_LOOP ( 'NONE', ( #5801, #2671, #7388, #1719 ) ) ;
#1976 = CARTESIAN_POINT ( 'NONE',  ( -36.50000000000000000, 501.0000000000000000, -4.000000000000000000 ) ) ;
#1977 = DIRECTION ( 'NONE',  ( 0.000000000000000000, 1.000000000000000000, 0.000000000000000000 ) ) ;
#1978 = EDGE_CURVE ( 'NONE', #2674, #6913, #7573, .T. ) ;
#1979 = EDGE_CURVE ( 'NONE', #1185, #4035, #5740, .T. ) ;
#1980 = ORIENTED_EDGE ( 'NONE', *, *, #6415, .F. ) ;
#1981 = CARTESIAN_POINT ( 'NONE',  ( -37.69999999999999574, -500.0000000000000000, 11.79999999999999893 ) ) ;
#1982 = DIRECTION ( 'NONE',  ( -1.000000000000000000, 0.000000000000000000, -6.938893903907229364E-16 ) ) ;
#1983 = DIRECTION ( 'NONE',  ( 0.000000000000000000, -1.000000000000000000, 0.000000000000000000 ) ) ;
#1984 = ADVANCED_FACE ( 'NONE', ( #7411 ), #2556, .F. ) ;
#1985 = CYLINDRICAL_SURFACE ( 'NONE', #688, 1.500000000000001332 ) ;
#1986 = VECTOR ( 'NONE', #4225, 1000.000000000000000 ) ;
#1987 = DIRECTION ( 'NONE',  ( 0.000000000000000000, -1.000000000000000000, 0.000000000000000000 ) ) ;
#1988 = VERTEX_POINT ( 'NONE', #1786 ) ;
#1989 = ORIENTED_EDGE ( 'NONE', *, *, #1556, .F. ) ;
#1990 = CIRCLE ( 'NONE', #7766, 4.999999982033290102 ) ;
#1991 = CARTESIAN_POINT ( 'NONE',  ( 12.50000000010000001, 501.0000000000000000, -15.49999999989999999 ) ) ;
#1992 = CARTESIAN_POINT ( 'NONE',  ( -27.00000000000000000, 501.0000000000000000, 17.55000000000000071 ) ) ;
#1993 = DIRECTION ( 'NONE',  ( 0.000000000000000000, -1.000000000000000000, 0.000000000000000000 ) ) ;
#1994 = LINE ( 'NONE', #856, #1916 ) ;
#1995 = ORIENTED_EDGE ( 'NONE', *, *, #2967, .F. ) ;
#1996 = ORIENTED_EDGE ( 'NONE', *, *, #4978, .F. ) ;
#1997 = DIRECTION ( 'NONE',  ( 0.000000000000000000, -1.000000000000000000, 0.000000000000000000 ) ) ;
#1998 = VERTEX_POINT ( 'NONE', #5590 ) ;
#1999 = ORIENTED_EDGE ( 'NONE', *, *, #475, .T. ) ;
#2000 = ADVANCED_FACE ( 'NONE', ( #2480 ), #2520, .F. ) ;
#2001 = DIRECTION ( 'NONE',  ( 0.000000000000000000, 0.000000000000000000, -1.000000000000000000 ) ) ;
#2002 = ORIENTED_EDGE ( 'NONE', *, *, #7103, .T. ) ;
#2003 = DIRECTION ( 'NONE',  ( 0.000000000000000000, -1.000000000000000000, 0.000000000000000000 ) ) ;
#2004 = LINE ( 'NONE', #708, #408 ) ;
#2005 = AXIS2_PLACEMENT_3D ( 'NONE', #2405, #6797, #7413 ) ;
#2006 = ORIENTED_EDGE ( 'NONE', *, *, #691, .F. ) ;
#2007 = CARTESIAN_POINT ( 'NONE',  ( 37.69999999999999574, -500.0000000000000000, -12.30000000000000071 ) ) ;
#2008 = ORIENTED_EDGE ( 'NONE', *, *, #7430, .F. ) ;
#2009 = EDGE_LOOP ( 'NONE', ( #1498, #2557, #3052, #6658 ) ) ;
#2010 = EDGE_CURVE ( 'NONE', #4397, #1690, #5415, .T. ) ;
#2011 = DIRECTION ( 'NONE',  ( 0.7071067816683119789, 0.000000000000000000, -0.7071067807047830556 ) ) ;
#2012 = VERTEX_POINT ( 'NONE', #7271 ) ;
#2013 = LINE ( 'NONE', #4523, #5052 ) ;
#2014 = DIRECTION ( 'NONE',  ( -1.000000000000000000, 0.000000000000000000, 0.000000000000000000 ) ) ;
#2015 = CIRCLE ( 'NONE', #1893, 4.999999962794539066 ) ;
#2016 = EDGE_CURVE ( 'NONE', #5276, #1258, #7963, .T. ) ;
#2017 = EDGE_LOOP ( 'NONE', ( #2160, #7835 ) ) ;
#2018 = EDGE_CURVE ( 'NONE', #948, #1360, #4058, .T. ) ;
#2019 = CARTESIAN_POINT ( 'NONE',  ( -27.00000000000000000, 500.0000000000000000, 8.387500000000001066 ) ) ;
#2020 = PLANE ( 'NONE',  #3071 ) ;
#2021 = DIRECTION ( 'NONE',  ( 0.000000000000000000, 0.000000000000000000, 1.000000000000000000 ) ) ;
#2022 = PLANE ( 'NONE',  #4231 ) ;
#2023 = DIRECTION ( 'NONE',  ( 9.999640004920706815E-11, 0.000000000000000000, -1.000000000000000000 ) ) ;
#2024 = EDGE_CURVE ( 'NONE', #6399, #3426, #5480, .T. ) ;
#2025 = ORIENTED_EDGE ( 'NONE', *, *, #4055, .F. ) ;
#2026 = ORIENTED_EDGE ( 'NONE', *, *, #2473, .F. ) ;
#2027 = DIRECTION ( 'NONE',  ( -1.000000000000000000, 0.000000000000000000, -3.999856001968282080E-11 ) ) ;
#2028 = LINE ( 'NONE', #3193, #3024 ) ;
#2029 = LINE ( 'NONE', #2164, #6298 ) ;
#2030 = FACE_OUTER_BOUND ( 'NONE', #2567, .T. ) ;
#2031 = EDGE_LOOP ( 'NONE', ( #2273, #4160, #6281, #6828, #4576, #1591, #7121, #7626 ) ) ;
#2032 = CIRCLE ( 'NONE', #7299, 0.4499999999999990119 ) ;
#2033 = EDGE_LOOP ( 'NONE', ( #4653, #1806, #1203, #1518 ) ) ;
#2034 = CARTESIAN_POINT ( 'NONE',  ( 12.24999998000000012, 500.0000000000000000, -3.557611840000010073 ) ) ;
#2035 = EDGE_CURVE ( 'NONE', #5718, #7244, #6078, .T. ) ;
#2036 = ORIENTED_EDGE ( 'NONE', *, *, #5160, .F. ) ;
#2037 = EDGE_LOOP ( 'NONE', ( #7997, #2802, #7022, #4406 ) ) ;
#2038 = ORIENTED_EDGE ( 'NONE', *, *, #1425, .F. ) ;
#2039 = DIRECTION ( 'NONE',  ( 0.000000000000000000, -1.000000000000000000, 0.000000000000000000 ) ) ;
#2040 = FACE_BOUND ( 'NONE', #7877, .T. ) ;
#2041 = VECTOR ( 'NONE', #8042, 1000.000000000000000 ) ;
#2042 = EDGE_LOOP ( 'NONE', ( #1495, #7025, #2662, #1209 ) ) ;
#2043 = LINE ( 'NONE', #5916, #7305 ) ;
#2044 = CARTESIAN_POINT ( 'NONE',  ( 13.50000000010000001, -500.0000000000000000, 16.00000000010000178 ) ) ;
#2045 = ORIENTED_EDGE ( 'NONE', *, *, #4688, .F. ) ;
#2046 = EDGE_CURVE ( 'NONE', #7109, #284, #2470, .T. ) ;
#2047 = CARTESIAN_POINT ( 'NONE',  ( -18.37683982750000311, 500.0000000000000000, -0.4981601775000000232 ) ) ;
#2048 = ORIENTED_EDGE ( 'NONE', *, *, #2884, .T. ) ;
#2049 = EDGE_LOOP ( 'NONE', ( #4587, #2080, #1622, #5427 ) ) ;
#2050 = CIRCLE ( 'NONE', #5853, 4.999999869901410321 ) ;
#2051 = LINE ( 'NONE', #137, #6260 ) ;
#2052 = ORIENTED_EDGE ( 'NONE', *, *, #7641, .T. ) ;
#2053 = DIRECTION ( 'NONE',  ( 0.000000000000000000, 1.000000000000000000, 0.000000000000000000 ) ) ;
#2054 = DIRECTION ( 'NONE',  ( 0.000000000000000000, 0.000000000000000000, 1.000000000000000000 ) ) ;
#2055 = VECTOR ( 'NONE', #4301, 1000.000000000000000 ) ;
#2056 = EDGE_CURVE ( 'NONE', #6913, #265, #1727, .T. ) ;
#2057 = EDGE_LOOP ( 'NONE', ( #5146, #6114, #6818, #6602 ) ) ;
#2058 = VERTEX_POINT ( 'NONE', #4268 ) ;
#2059 = DIRECTION ( 'NONE',  ( -9.999640004920706815E-11, 0.000000000000000000, 1.000000000000000000 ) ) ;
#2060 = LINE ( 'NONE', #4578, #1887 ) ;
#2061 = DIRECTION ( 'NONE',  ( 0.7071067807047830556, 0.000000000000000000, 0.7071067816683118679 ) ) ;
#2062 = CARTESIAN_POINT ( 'NONE',  ( 10.00000000000000000, 501.0000000000000000, -14.19238813000000121 ) ) ;
#2063 = AXIS2_PLACEMENT_3D ( 'NONE', #602, #1172, #4904 ) ;
#2064 = ADVANCED_FACE ( 'NONE', ( #1688 ), #4194, .F. ) ;
#2065 = VECTOR ( 'NONE', #6099, 1000.000000000000000 ) ;
#2066 = ADVANCED_FACE ( 'NONE', ( #1146 ), #991, .F. ) ;
#2067 = CARTESIAN_POINT ( 'NONE',  ( -27.75000000000000000, -500.0000000000000000, -3.440532824869770308E-16 ) ) ;
#2068 = ORIENTED_EDGE ( 'NONE', *, *, #6608, .T. ) ;
#2069 = ORIENTED_EDGE ( 'NONE', *, *, #2872, .F. ) ;
#2070 = VECTOR ( 'NONE', #3850, 1000.000000000000000 ) ;
#2071 = VECTOR ( 'NONE', #2710, 1000.000000000000000 ) ;
#2072 = DIRECTION ( 'NONE',  ( 1.000000000000000000, 0.000000000000000000, 0.000000000000000000 ) ) ;
#2073 = CARTESIAN_POINT ( 'NONE',  ( -9.582169917500001688, -500.0000000000000000, 8.296509742500010276 ) ) ;
#2074 = DIRECTION ( 'NONE',  ( 0.000000000000000000, -1.000000000000000000, 0.000000000000000000 ) ) ;
#2075 = CARTESIAN_POINT ( 'NONE',  ( -37.54999999989999537, 500.0000000000000000, 7.450000000100000186 ) ) ;
#2076 = EDGE_CURVE ( 'NONE', #6638, #4097, #4961, .T. ) ;
#2077 = AXIS2_PLACEMENT_3D ( 'NONE', #6858, #2502, #3199 ) ;
#2078 = ORIENTED_EDGE ( 'NONE', *, *, #5806, .T. ) ;
#2079 = DIRECTION ( 'NONE',  ( 0.000000000000000000, -1.000000000000000000, 0.000000000000000000 ) ) ;
#2080 = ORIENTED_EDGE ( 'NONE', *, *, #6662, .F. ) ;
#2081 = ORIENTED_EDGE ( 'NONE', *, *, #2364, .T. ) ;
#2082 =( NAMED_UNIT ( * ) SI_UNIT ( $, .STERADIAN. ) SOLID_ANGLE_UNIT ( ) );
#2083 = ORIENTED_EDGE ( 'NONE', *, *, #5907, .T. ) ;
#2084 = CARTESIAN_POINT ( 'NONE',  ( 24.00000000000000000, 500.0000000000000000, 18.50000000000000000 ) ) ;
#2085 = AXIS2_PLACEMENT_3D ( 'NONE', #237, #1987, #3313 ) ;
#2086 = CARTESIAN_POINT ( 'NONE',  ( 32.30000000000000426, -500.0000000000000000, 17.69999999999999929 ) ) ;
#2087 = ORIENTED_EDGE ( 'NONE', *, *, #6978, .F. ) ;
#2088 = FACE_OUTER_BOUND ( 'NONE', #2037, .T. ) ;
#2089 = DIRECTION ( 'NONE',  ( 0.000000000000000000, -1.000000000000000000, 0.000000000000000000 ) ) ;
#2090 = EDGE_CURVE ( 'NONE', #3370, #2920, #4233, .T. ) ;
#2091 = EDGE_LOOP ( 'NONE', ( #8070, #4232, #6574, #5688 ) ) ;
#2092 = CARTESIAN_POINT ( 'NONE',  ( 13.50000000000000000, 501.0000000000000000, 15.50000000000000000 ) ) ;
#2093 = ORIENTED_EDGE ( 'NONE', *, *, #4487, .F. ) ;
#2094 = CIRCLE ( 'NONE', #1182, 2.499999999999998668 ) ;
#2095 = AXIS2_PLACEMENT_3D ( 'NONE', #7994, #2378, #4269 ) ;
#2096 = ORIENTED_EDGE ( 'NONE', *, *, #7102, .F. ) ;
#2097 = ORIENTED_EDGE ( 'NONE', *, *, #5919, .T. ) ;
#2098 = CARTESIAN_POINT ( 'NONE',  ( 34.84619406499999883, 501.0000000000000000, -10.00000000000000000 ) ) ;
#2099 = ORIENTED_EDGE ( 'NONE', *, *, #493, .F. ) ;
#2100 = DIRECTION ( 'NONE',  ( 0.000000000000000000, 0.000000000000000000, 1.000000000000000000 ) ) ;
#2101 = DIRECTION ( 'NONE',  ( 1.000000000000000000, 0.000000000000000000, 1.999928000984139554E-10 ) ) ;
#2102 = AXIS2_PLACEMENT_3D ( 'NONE', #4154, #1765, #3577 ) ;
#2103 = ADVANCED_FACE ( 'NONE', ( #5529 ), #7309, .T. ) ;
#2104 = ORIENTED_EDGE ( 'NONE', *, *, #1789, .T. ) ;
#2105 = ORIENTED_EDGE ( 'NONE', *, *, #3662, .F. ) ;
#2106 = ORIENTED_EDGE ( 'NONE', *, *, #1890, .T. ) ;
#2107 = DIRECTION ( 'NONE',  ( 0.000000000000000000, 0.000000000000000000, 1.000000000000000000 ) ) ;
#2108 = PLANE ( 'NONE',  #1246 ) ;
#2109 = EDGE_CURVE ( 'NONE', #3273, #7630, #7947, .T. ) ;
#2110 = CARTESIAN_POINT ( 'NONE',  ( 40.00000000000000000, 500.0000000000000000, 16.00000000000000000 ) ) ;
#2111 = CARTESIAN_POINT ( 'NONE',  ( -27.75000000000000000, -500.0000000000000000, 3.557611840000000303 ) ) ;
#2112 = LINE ( 'NONE', #3884, #1802 ) ;
#2113 = ORIENTED_EDGE ( 'NONE', *, *, #3386, .T. ) ;
#2114 = CARTESIAN_POINT ( 'NONE',  ( -36.50000000000000000, 501.0000000000000000, 4.000000000100000008 ) ) ;
#2115 = ORIENTED_EDGE ( 'NONE', *, *, #3234, .T. ) ;
#2116 = EDGE_LOOP ( 'NONE', ( #6612, #3821, #5460, #1810 ) ) ;
#2117 = DIRECTION ( 'NONE',  ( -1.040462604279012531E-08, 0.000000000000000000, -1.000000000000000000 ) ) ;
#2118 = EDGE_CURVE ( 'NONE', #252, #7168, #2999, .T. ) ;
#2119 = CARTESIAN_POINT ( 'NONE',  ( 13.73749999999999893, -500.0000000000000000, -18.00000000000000000 ) ) ;
#2120 = DIRECTION ( 'NONE',  ( 1.000000000000000000, 0.000000000000000000, 0.000000000000000000 ) ) ;
#2121 = CARTESIAN_POINT ( 'NONE',  ( 0.000000000000000000, 500.0000000000000000, -20.00000000000000000 ) ) ;
#2122 = VECTOR ( 'NONE', #7492, 1000.000000000000000 ) ;
#2123 = PLANE ( 'NONE',  #6654 ) ;
#2124 = VERTEX_POINT ( 'NONE', #6695 ) ;
#2125 = VERTEX_POINT ( 'NONE', #2333 ) ;
#2126 = FACE_OUTER_BOUND ( 'NONE', #4116, .T. ) ;
#2127 = VERTEX_POINT ( 'NONE', #1075 ) ;
#2128 = ORIENTED_EDGE ( 'NONE', *, *, #1798, .T. ) ;
#2129 = AXIS2_PLACEMENT_3D ( 'NONE', #1655, #344, #213 ) ;
#2130 = EDGE_CURVE ( 'NONE', #8013, #2295, #5608, .T. ) ;
#2131 = EDGE_CURVE ( 'NONE', #5826, #2614, #5094, .T. ) ;
#2132 = EDGE_LOOP ( 'NONE', ( #5788, #704, #3153, #4642 ) ) ;
#2133 = CARTESIAN_POINT ( 'NONE',  ( -26.50000000000000000, 501.0000000000000000, 15.50000000000000000 ) ) ;
#2134 = CYLINDRICAL_SURFACE ( 'NONE', #6558, 0.5000000000000004441 ) ;
#2135 = ORIENTED_EDGE ( 'NONE', *, *, #3098, .F. ) ;
#2136 = DIRECTION ( 'NONE',  ( 0.000000000000000000, -1.000000000000000000, 0.000000000000000000 ) ) ;
#2137 = CARTESIAN_POINT ( 'NONE',  ( 25.50000000009999823, 500.0000000000000000, 18.49999999990000177 ) ) ;
#2138 = ORIENTED_EDGE ( 'NONE', *, *, #3271, .F. ) ;
#2139 = DIRECTION ( 'NONE',  ( 0.000000000000000000, -1.000000000000000000, 0.000000000000000000 ) ) ;
#2140 = VERTEX_POINT ( 'NONE', #498 ) ;
#2141 = EDGE_LOOP ( 'NONE', ( #4028, #537, #670, #227 ) ) ;
#2142 = ADVANCED_FACE ( 'NONE', ( #4841 ), #7351, .F. ) ;
#2143 = LINE ( 'NONE', #3376, #501 ) ;
#2144 = CIRCLE ( 'NONE', #4899, 0.5000000000000004441 ) ;
#2145 = ORIENTED_EDGE ( 'NONE', *, *, #4453, .T. ) ;
#2146 = CARTESIAN_POINT ( 'NONE',  ( 27.81433982999999799, 501.0000000000000000, -9.935660179999999286 ) ) ;
#2147 = LINE ( 'NONE', #6628, #1175 ) ;
#2148 = ORIENTED_EDGE ( 'NONE', *, *, #7862, .T. ) ;
#2149 = EDGE_LOOP ( 'NONE', ( #1586, #1196, #5250, #5040 ) ) ;
#2150 = ORIENTED_EDGE ( 'NONE', *, *, #5257, .T. ) ;
#2151 = EDGE_CURVE ( 'NONE', #7744, #5950, #1912, .T. ) ;
#2152 = LINE ( 'NONE', #7082, #3789 ) ;
#2153 = FACE_OUTER_BOUND ( 'NONE', #6056, .T. ) ;
#2154 = CIRCLE ( 'NONE', #4013, 5.000000028479870906 ) ;
#2155 = CARTESIAN_POINT ( 'NONE',  ( -27.00000000000000000, -500.0000000000000000, -16.00000000000000000 ) ) ;
#2156 = CARTESIAN_POINT ( 'NONE',  ( 35.50000000000000000, 501.0000000000000000, 5.750000000000000000 ) ) ;
#2157 = AXIS2_PLACEMENT_3D ( 'NONE', #2146, #224, #2718 ) ;
#2158 = LINE ( 'NONE', #7129, #274 ) ;
#2159 = VERTEX_POINT ( 'NONE', #7539 ) ;
#2160 = ORIENTED_EDGE ( 'NONE', *, *, #617, .T. ) ;
#2161 = DIRECTION ( 'NONE',  ( 0.000000000000000000, -1.000000000000000000, 0.000000000000000000 ) ) ;
#2162 = CARTESIAN_POINT ( 'NONE',  ( 12.50000000000000000, -500.0000000000000000, -17.99999999990000177 ) ) ;
#2163 = CARTESIAN_POINT ( 'NONE',  ( 37.54999999999999716, -500.0000000000000000, -7.000000000100000008 ) ) ;
#2164 = CARTESIAN_POINT ( 'NONE',  ( -8.200000010000000117, 501.0000000000000000, -11.74974747000000086 ) ) ;
#2165 = CARTESIAN_POINT ( 'NONE',  ( -40.00000000000000000, 500.0000000000000000, 0.000000000000000000 ) ) ;
#2166 = EDGE_CURVE ( 'NONE', #7796, #6743, #6883, .T. ) ;
#2167 = VERTEX_POINT ( 'NONE', #2615 ) ;
#2168 = DIRECTION ( 'NONE',  ( 1.000000000000000000, 0.000000000000000000, 9.999640004920697768E-11 ) ) ;
#2169 = ORIENTED_EDGE ( 'NONE', *, *, #1978, .T. ) ;
#2170 = ORIENTED_EDGE ( 'NONE', *, *, #349, .F. ) ;
#2171 = ORIENTED_EDGE ( 'NONE', *, *, #1162, .T. ) ;
#2172 = DIRECTION ( 'NONE',  ( 0.000000000000000000, 1.000000000000000000, 0.000000000000000000 ) ) ;
#2173 = LINE ( 'NONE', #2797, #1956 ) ;
#2174 = ORIENTED_EDGE ( 'NONE', *, *, #2151, .F. ) ;
#2175 = DIRECTION ( 'NONE',  ( 4.884684341243943186E-09, 0.000000000000000000, -1.000000000000000000 ) ) ;
#2176 = DIRECTION ( 'NONE',  ( -1.999962695453659090E-10, 0.000000000000000000, 1.000000000000000000 ) ) ;
#2177 = CIRCLE ( 'NONE', #7420, 0.5000000000000004441 ) ;
#2178 = EDGE_CURVE ( 'NONE', #5401, #5754, #4349, .T. ) ;
#2179 = LINE ( 'NONE', #216, #2071 ) ;
#2180 = ADVANCED_FACE ( 'NONE', ( #3770 ), #1799, .F. ) ;
#2181 = VERTEX_POINT ( 'NONE', #4466 ) ;
#2182 = ORIENTED_EDGE ( 'NONE', *, *, #7824, .F. ) ;
#2183 = ORIENTED_EDGE ( 'NONE', *, *, #6689, .T. ) ;
#2184 = CARTESIAN_POINT ( 'NONE',  ( -40.00000000000000000, 500.0000000000000000, 16.00000000000000000 ) ) ;
#2185 = CIRCLE ( 'NONE', #6123, 2.200000000000000622 ) ;
#2186 = ORIENTED_EDGE ( 'NONE', *, *, #475, .F. ) ;
#2187 = DIRECTION ( 'NONE',  ( 0.000000000000000000, -1.000000000000000000, 0.000000000000000000 ) ) ;
#2188 = DIRECTION ( 'NONE',  ( 0.7071067811865474617, 0.000000000000000000, 0.7071067811865474617 ) ) ;
#2189 = ORIENTED_EDGE ( 'NONE', *, *, #6607, .T. ) ;
#2190 = ADVANCED_FACE ( 'NONE', ( #3192 ), #5074, .F. ) ;
#2191 = VECTOR ( 'NONE', #1879, 1000.000000000000000 ) ;
#2192 = VERTEX_POINT ( 'NONE', #7501 ) ;
#2193 = DIRECTION ( 'NONE',  ( -1.000000000000000000, 0.000000000000000000, 0.000000000000000000 ) ) ;
#2194 = DIRECTION ( 'NONE',  ( 0.000000000000000000, -1.000000000000000000, 0.000000000000000000 ) ) ;
#2195 = VECTOR ( 'NONE', #5560, 1000.000000000000000 ) ;
#2196 = CARTESIAN_POINT ( 'NONE',  ( -35.50000000000000000, 501.0000000000000000, 5.750000000000000000 ) ) ;
#2197 = CARTESIAN_POINT ( 'NONE',  ( 26.50000000000000000, -500.0000000000000000, -15.50000000000000000 ) ) ;
#2198 = EDGE_CURVE ( 'NONE', #942, #5305, #520, .T. ) ;
#2199 = VECTOR ( 'NONE', #6145, 1000.000000000000000 ) ;
#2200 = ORIENTED_EDGE ( 'NONE', *, *, #441, .T. ) ;
#2201 = VECTOR ( 'NONE', #6282, 1000.000000000000000 ) ;
#2202 = DIRECTION ( 'NONE',  ( 1.000000000000000000, 0.000000000000000000, 0.000000000000000000 ) ) ;
#2203 = ORIENTED_EDGE ( 'NONE', *, *, #6206, .T. ) ;
#2204 = ORIENTED_EDGE ( 'NONE', *, *, #4, .T. ) ;
#2205 = EDGE_CURVE ( 'NONE', #4810, #3708, #3131, .T. ) ;
#2206 = LINE ( 'NONE', #2914, #3553 ) ;
#2207 = VECTOR ( 'NONE', #5837, 1000.000000000000000 ) ;
#2208 = DIRECTION ( 'NONE',  ( 0.000000000000000000, -1.000000000000000000, 0.000000000000000000 ) ) ;
#2209 = FACE_OUTER_BOUND ( 'NONE', #3367, .T. ) ;
#2210 = CARTESIAN_POINT ( 'NONE',  ( -25.00000000010000178, 500.0000000000000000, -16.50000000010000178 ) ) ;
#2211 = AXIS2_PLACEMENT_3D ( 'NONE', #3722, #1211, #3958 ) ;
#2212 = ORIENTED_EDGE ( 'NONE', *, *, #3994, .T. ) ;
#2213 = ORIENTED_EDGE ( 'NONE', *, *, #7287, .F. ) ;
#2214 = CARTESIAN_POINT ( 'NONE',  ( 9.664466080000000403, -500.0000000000000000, -8.214213559999999248 ) ) ;
#2215 = EDGE_CURVE ( 'NONE', #1649, #5735, #5681, .T. ) ;
#2216 = CARTESIAN_POINT ( 'NONE',  ( 12.18566017000000024, 501.0000000000000000, -9.935660179999999286 ) ) ;
#2217 = CARTESIAN_POINT ( 'NONE',  ( 29.21446609999999922, 500.0000000000000000, 7.093145749999999694 ) ) ;
#2218 = AXIS2_PLACEMENT_3D ( 'NONE', #4631, #4503, #7132 ) ;
#2219 = DIRECTION ( 'NONE',  ( 0.000000000000000000, -1.000000000000000000, 0.000000000000000000 ) ) ;
#2220 = AXIS2_PLACEMENT_3D ( 'NONE', #2342, #6046, #5502 ) ;
#2221 = CARTESIAN_POINT ( 'NONE',  ( 24.00000000000000000, -500.0000000000000000, -16.50000000000000000 ) ) ;
#2222 = ORIENTED_EDGE ( 'NONE', *, *, #1343, .F. ) ;
#2223 = EDGE_LOOP ( 'NONE', ( #6181, #3174, #1026, #7918 ) ) ;
#2224 = EDGE_LOOP ( 'NONE', ( #7098, #8076, #1412, #43 ) ) ;
#2225 = VECTOR ( 'NONE', #7286, 1000.000000000000000 ) ;
#2226 = AXIS2_PLACEMENT_3D ( 'NONE', #6647, #1023, #3529 ) ;
#2227 = CARTESIAN_POINT ( 'NONE',  ( -24.00000000010000178, -500.0000000000000000, 18.50000000000000000 ) ) ;
#2228 = ORIENTED_EDGE ( 'NONE', *, *, #1427, .F. ) ;
#2229 = LINE ( 'NONE', #6586, #7782 ) ;
#2230 = ADVANCED_FACE ( 'NONE', ( #114 ), #730, .F. ) ;
#2231 = EDGE_CURVE ( 'NONE', #3984, #2682, #1952, .T. ) ;
#2232 = FACE_OUTER_BOUND ( 'NONE', #4127, .T. ) ;
#2233 = CIRCLE ( 'NONE', #7983, 5.000000028479869130 ) ;
#2234 = VECTOR ( 'NONE', #4880, 1000.000000000000000 ) ;
#2235 = ORIENTED_EDGE ( 'NONE', *, *, #3136, .T. ) ;
#2236 = ORIENTED_EDGE ( 'NONE', *, *, #7569, .F. ) ;
#2237 = CARTESIAN_POINT ( 'NONE',  ( -36.00000000000000000, -500.0000000000000000, 16.00000000000000000 ) ) ;
#2238 = CARTESIAN_POINT ( 'NONE',  ( 17.42309703250000297, 500.0000000000000000, 10.00000000000000000 ) ) ;
#2239 = EDGE_CURVE ( 'NONE', #3690, #7350, #6196, .T. ) ;
#2240 = EDGE_CURVE ( 'NONE', #4755, #4964, #6677, .T. ) ;
#2241 = DIRECTION ( 'NONE',  ( 0.000000000000000000, -1.000000000000000000, 0.000000000000000000 ) ) ;
#2242 = CARTESIAN_POINT ( 'NONE',  ( -26.50000000000000000, -500.0000000000000000, 15.50000000000000000 ) ) ;
#2243 = ORIENTED_EDGE ( 'NONE', *, *, #2350, .T. ) ;
#2244 = DIRECTION ( 'NONE',  ( 1.000000000000000000, 0.000000000000000000, -4.943961900846445806E-15 ) ) ;
#2245 = ORIENTED_EDGE ( 'NONE', *, *, #2941, .F. ) ;
#2246 = CARTESIAN_POINT ( 'NONE',  ( 25.00000000000000000, 500.0000000000000000, 15.50000000000000000 ) ) ;
#2247 = LINE ( 'NONE', #1675, #3981 ) ;
#2248 = EDGE_CURVE ( 'NONE', #351, #5122, #2571, .T. ) ;
#2249 = LINE ( 'NONE', #983, #1905 ) ;
#2250 = PLANE ( 'NONE',  #7758 ) ;
#2251 = DIRECTION ( 'NONE',  ( 0.000000000000000000, -1.000000000000000000, 0.000000000000000000 ) ) ;
#2252 = CARTESIAN_POINT ( 'NONE',  ( 27.50000000000000000, 501.0000000000000000, -18.00000000000000000 ) ) ;
#2253 = EDGE_CURVE ( 'NONE', #7164, #3940, #1430, .T. ) ;
#2254 = VERTEX_POINT ( 'NONE', #7465 ) ;
#2255 = VERTEX_POINT ( 'NONE', #5645 ) ;
#2256 = VECTOR ( 'NONE', #27, 1000.000000000000000 ) ;
#2257 = ORIENTED_EDGE ( 'NONE', *, *, #1363, .T. ) ;
#2258 = CARTESIAN_POINT ( 'NONE',  ( 13.19999999000000024, 501.0000000000000000, 11.74974747000000086 ) ) ;
#2259 = DIRECTION ( 'NONE',  ( 0.000000000000000000, 0.000000000000000000, 1.000000000000000000 ) ) ;
#2260 = VERTEX_POINT ( 'NONE', #2495 ) ;
#2261 = CYLINDRICAL_SURFACE ( 'NONE', #6373, 2.500000000000000444 ) ;
#2262 = CARTESIAN_POINT ( 'NONE',  ( -38.49999999989999822, 500.0000000000000000, -5.500000000099999120 ) ) ;
#2263 = DIRECTION ( 'NONE',  ( 0.000000000000000000, 0.000000000000000000, 1.000000000000000000 ) ) ;
#2264 = VECTOR ( 'NONE', #6062, 1000.000000000000000 ) ;
#2265 = ORIENTED_EDGE ( 'NONE', *, *, #2334, .T. ) ;
#2266 = EDGE_CURVE ( 'NONE', #310, #2283, #7846, .T. ) ;
#2267 = EDGE_LOOP ( 'NONE', ( #2703, #194, #2452, #7365 ) ) ;
#2268 = CARTESIAN_POINT ( 'NONE',  ( -8.200000010000000117, -500.0000000000000000, 6.812436867499999771 ) ) ;
#2269 = ORIENTED_EDGE ( 'NONE', *, *, #3648, .T. ) ;
#2270 = CARTESIAN_POINT ( 'NONE',  ( -16.00000000000000000, 501.0000000000000000, -16.50000000000000000 ) ) ;
#2271 = CARTESIAN_POINT ( 'NONE',  ( -12.50000000010000001, 501.0000000000000000, 15.49999999989999999 ) ) ;
#2272 = EDGE_CURVE ( 'NONE', #1025, #1725, #6232, .T. ) ;
#2273 = ORIENTED_EDGE ( 'NONE', *, *, #6354, .T. ) ;
#2274 = ORIENTED_EDGE ( 'NONE', *, *, #2016, .T. ) ;
#2275 = CARTESIAN_POINT ( 'NONE',  ( 30.00000000000000000, 501.0000000000000000, -14.19238813000000121 ) ) ;
#2276 = CARTESIAN_POINT ( 'NONE',  ( 29.21446609999999922, 500.0000000000000000, -7.093145749999999694 ) ) ;
#2277 = LINE ( 'NONE', #1546, #5324 ) ;
#2278 = PLANE ( 'NONE',  #3835 ) ;
#2279 = ADVANCED_FACE ( 'NONE', ( #8107 ), #4998, .T. ) ;
#2280 = EDGE_CURVE ( 'NONE', #4162, #6534, #3669, .T. ) ;
#2281 = ORIENTED_EDGE ( 'NONE', *, *, #4136, .T. ) ;
#2282 = DIRECTION ( 'NONE',  ( 2.222219322136872090E-10, 0.000000000000000000, -1.000000000000000000 ) ) ;
#2283 = VERTEX_POINT ( 'NONE', #152 ) ;
#2284 = CARTESIAN_POINT ( 'NONE',  ( 35.50000000010000178, 501.0000000000000000, 5.000000000000000000 ) ) ;
#2285 = CARTESIAN_POINT ( 'NONE',  ( -24.00000000000000000, -500.0000000000000000, -18.50000000000000000 ) ) ;
#2286 = CARTESIAN_POINT ( 'NONE',  ( 15.99999999989999999, 500.0000000000000000, 18.50000000000000000 ) ) ;
#2287 = CARTESIAN_POINT ( 'NONE',  ( -36.00000000000000000, 501.0000000000000000, -16.00000000000000000 ) ) ;
#2288 = EDGE_CURVE ( 'NONE', #4953, #6582, #7738, .T. ) ;
#2289 = VERTEX_POINT ( 'NONE', #1557 ) ;
#2290 = CARTESIAN_POINT ( 'NONE',  ( -27.00000000009999823, 500.0000000000000000, -17.55000000000000071 ) ) ;
#2291 = ORIENTED_EDGE ( 'NONE', *, *, #7686, .T. ) ;
#2292 = ORIENTED_EDGE ( 'NONE', *, *, #6842, .F. ) ;
#2293 = CARTESIAN_POINT ( 'NONE',  ( -25.00000001796670190, -500.0000000000000000, 14.19238815442339963 ) ) ;
#2294 = CARTESIAN_POINT ( 'NONE',  ( 38.19999999999999574, 501.0000000000000000, -16.00000000000000000 ) ) ;
#2295 = VERTEX_POINT ( 'NONE', #5901 ) ;
#2296 = PLANE ( 'NONE',  #3237 ) ;
#2297 = DIRECTION ( 'NONE',  ( -1.000000000000000000, 0.000000000000000000, 0.000000000000000000 ) ) ;
#2298 = CARTESIAN_POINT ( 'NONE',  ( -25.50000000009999823, 501.0000000000000000, -18.49999999990000177 ) ) ;
#2299 = EDGE_CURVE ( 'NONE', #5439, #111, #5805, .T. ) ;
#2300 = ORIENTED_EDGE ( 'NONE', *, *, #4382, .F. ) ;
#2301 = CARTESIAN_POINT ( 'NONE',  ( -13.73749999999999893, -500.0000000000000000, 18.00000000000000000 ) ) ;
#2302 = ORIENTED_EDGE ( 'NONE', *, *, #4445, .T. ) ;
#2303 = ORIENTED_EDGE ( 'NONE', *, *, #992, .F. ) ;
#2304 = CARTESIAN_POINT ( 'NONE',  ( -12.55000000000000071, -500.0000000000000000, 18.00000000000000000 ) ) ;
#2305 = VERTEX_POINT ( 'NONE', #898 ) ;
#2306 = CARTESIAN_POINT ( 'NONE',  ( 32.75000002847990288, 501.0000000000000000, 3.557611826337780503 ) ) ;
#2307 = CYLINDRICAL_SURFACE ( 'NONE', #2754, 2.200000000000000622 ) ;
#2308 = VECTOR ( 'NONE', #4415, 1000.000000000000000 ) ;
#2309 = EDGE_CURVE ( 'NONE', #1360, #3755, #4067, .T. ) ;
#2310 = AXIS2_PLACEMENT_3D ( 'NONE', #7107, #7793, #2175 ) ;
#2311 = CARTESIAN_POINT ( 'NONE',  ( 23.55761183999999986, 500.0000000000000000, -7.750000000000000000 ) ) ;
#2312 = CARTESIAN_POINT ( 'NONE',  ( -38.19999999999999574, -500.0000000000000000, -7.074999999999999289 ) ) ;
#2313 = CARTESIAN_POINT ( 'NONE',  ( 12.55000000000000071, 501.0000000000000000, 17.99999999990000177 ) ) ;
#2314 = EDGE_CURVE ( 'NONE', #6050, #6638, #5151, .T. ) ;
#2315 = FACE_OUTER_BOUND ( 'NONE', #1255, .T. ) ;
#2316 = AXIS2_PLACEMENT_3D ( 'NONE', #2075, #7578, #3938 ) ;
#2317 = CARTESIAN_POINT ( 'NONE',  ( -13.00000000000000000, -500.0000000000000000, 8.387500000000001066 ) ) ;
#2318 = ORIENTED_EDGE ( 'NONE', *, *, #5953, .F. ) ;
#2319 = CARTESIAN_POINT ( 'NONE',  ( -36.77500000000000568, 501.0000000000000000, 7.000000000000000000 ) ) ;
#2320 = CARTESIAN_POINT ( 'NONE',  ( 24.00000000000000000, 501.0000000000000000, 18.50000000000000000 ) ) ;
#2321 = EDGE_CURVE ( 'NONE', #5773, #4837, #8103, .T. ) ;
#2322 = DIRECTION ( 'NONE',  ( -1.000000000000000000, 0.000000000000000000, 0.000000000000000000 ) ) ;
#2323 = ADVANCED_FACE ( 'NONE', ( #6564 ), #7693, .F. ) ;
#2324 = CARTESIAN_POINT ( 'NONE',  ( 1.424999995000000075, 500.0000000000000000, 18.00000000000000000 ) ) ;
#2325 = CARTESIAN_POINT ( 'NONE',  ( -12.25000000575199977, -500.0000000000000000, -3.557611840000000303 ) ) ;
#2326 = AXIS2_PLACEMENT_3D ( 'NONE', #7412, #410, #4258 ) ;
#2327 = VECTOR ( 'NONE', #7458, 1000.000000000000000 ) ;
#2328 = DIRECTION ( 'NONE',  ( 0.7071067811865474617, 0.000000000000000000, -0.7071067811865474617 ) ) ;
#2329 = ORIENTED_EDGE ( 'NONE', *, *, #8064, .T. ) ;
#2330 = VERTEX_POINT ( 'NONE', #7613 ) ;
#2331 = AXIS2_PLACEMENT_3D ( 'NONE', #7251, #6716, #5395 ) ;
#2332 = AXIS2_PLACEMENT_3D ( 'NONE', #1886, #6782, #1774 ) ;
#2333 = CARTESIAN_POINT ( 'NONE',  ( 14.50000000000000000, 500.0000000000000000, -19.99999999990000177 ) ) ;
#2334 = EDGE_CURVE ( 'NONE', #1532, #4837, #1056, .T. ) ;
#2335 = PLANE ( 'NONE',  #4338 ) ;
#2336 = DIRECTION ( 'NONE',  ( 0.000000000000000000, -1.000000000000000000, 0.000000000000000000 ) ) ;
#2337 = CARTESIAN_POINT ( 'NONE',  ( 36.00000000000000000, 500.0000000000000000, 20.00000000000000000 ) ) ;
#2338 = CIRCLE ( 'NONE', #2874, 3.999999999999996447 ) ;
#2339 = LINE ( 'NONE', #4848, #7204 ) ;
#2340 = AXIS2_PLACEMENT_3D ( 'NONE', #2761, #919, #345 ) ;
#2341 = VERTEX_POINT ( 'NONE', #3559 ) ;
#2342 = CARTESIAN_POINT ( 'NONE',  ( -38.49999999989999822, 501.0000000000000000, -5.500000000099999120 ) ) ;
#2343 = EDGE_LOOP ( 'NONE', ( #3712, #5159, #3920, #6517 ) ) ;
#2344 = CARTESIAN_POINT ( 'NONE',  ( 25.00000000000000000, -500.0000000000000000, -15.50000000010000001 ) ) ;
#2345 = UNCERTAINTY_MEASURE_WITH_UNIT (LENGTH_MEASURE( 1.000000000000000082E-05 ), #4498, 'distance_accuracy_value', 'NONE');
#2346 = ORIENTED_EDGE ( 'NONE', *, *, #123, .T. ) ;
#2347 = CARTESIAN_POINT ( 'NONE',  ( -14.25000000000000000, 501.0000000000000000, 15.50000000000000000 ) ) ;
#2348 = VECTOR ( 'NONE', #2357, 1000.000000000000000 ) ;
#2349 = VECTOR ( 'NONE', #6319, 1000.000000000000000 ) ;
#2350 = EDGE_CURVE ( 'NONE', #3607, #3487, #3401, .T. ) ;
#2351 = LINE ( 'NONE', #435, #6291 ) ;
#2352 = AXIS2_PLACEMENT_3D ( 'NONE', #4450, #97, #2101 ) ;
#2353 = CIRCLE ( 'NONE', #2077, 0.5000000000000004441 ) ;
#2354 = DIRECTION ( 'NONE',  ( 0.000000000000000000, 1.000000000000000000, 0.000000000000000000 ) ) ;
#2355 = DIRECTION ( 'NONE',  ( 0.000000000000000000, 0.000000000000000000, -1.000000000000000000 ) ) ;
#2356 = EDGE_CURVE ( 'NONE', #1099, #1581, #4189, .T. ) ;
#2357 = DIRECTION ( 'NONE',  ( 0.000000000000000000, -1.000000000000000000, 0.000000000000000000 ) ) ;
#2358 = VECTOR ( 'NONE', #6576, 1000.000000000000000 ) ;
#2359 = CIRCLE ( 'NONE', #6951, 0.4499999999999990119 ) ;
#2360 = CARTESIAN_POINT ( 'NONE',  ( 25.50000000000000000, -500.0000000000000000, 20.00000000000000000 ) ) ;
#2361 = ORIENTED_EDGE ( 'NONE', *, *, #6987, .F. ) ;
#2362 = CARTESIAN_POINT ( 'NONE',  ( -1.425000005000000014, 500.0000000000000000, -18.00000000000000000 ) ) ;
#2363 = CIRCLE ( 'NONE', #2102, 2.500000000000000444 ) ;
#2364 = EDGE_CURVE ( 'NONE', #2422, #3201, #1511, .T. ) ;
#2365 = ORIENTED_EDGE ( 'NONE', *, *, #6842, .T. ) ;
#2366 = AXIS2_PLACEMENT_3D ( 'NONE', #2826, #2952, #4144 ) ;
#2367 = CARTESIAN_POINT ( 'NONE',  ( -10.78553390999999984, 500.0000000000000000, -7.093145749999990812 ) ) ;
#2368 = CARTESIAN_POINT ( 'NONE',  ( 27.47499999999999787, 501.0000000000000000, 18.00000000000000000 ) ) ;
#2369 = DIRECTION ( 'NONE',  ( 0.000000000000000000, 1.000000000000000000, 0.000000000000000000 ) ) ;
#2370 = DIRECTION ( 'NONE',  ( 0.000000000000000000, 0.000000000000000000, -1.000000000000000000 ) ) ;
#2371 = DIRECTION ( 'NONE',  ( 0.000000000000000000, 1.000000000000000000, 0.000000000000000000 ) ) ;
#2372 = ORIENTED_EDGE ( 'NONE', *, *, #4861, .F. ) ;
#2373 = CARTESIAN_POINT ( 'NONE',  ( -34.19238812999999766, 501.0000000000000000, 10.00000000000000000 ) ) ;
#2374 = EDGE_CURVE ( 'NONE', #469, #2341, #6383, .T. ) ;
#2375 = ORIENTED_EDGE ( 'NONE', *, *, #4651, .T. ) ;
#2376 = EDGE_LOOP ( 'NONE', ( #611, #3999, #3974, #507 ) ) ;
#2377 = DIRECTION ( 'NONE',  ( 0.000000000000000000, -1.000000000000000000, 0.000000000000000000 ) ) ;
#2378 = DIRECTION ( 'NONE',  ( 0.000000000000000000, -1.000000000000000000, 0.000000000000000000 ) ) ;
#2379 = LINE ( 'NONE', #3043, #5107 ) ;
#2380 = CARTESIAN_POINT ( 'NONE',  ( -27.49999999990000177, 500.0000000000000000, -15.49999999989999999 ) ) ;
#2381 = DIRECTION ( 'NONE',  ( 0.000000000000000000, -1.000000000000000000, 0.000000000000000000 ) ) ;
#2382 = LINE ( 'NONE', #4886, #1704 ) ;
#2383 = EDGE_LOOP ( 'NONE', ( #6048, #1330, #5504, #4739 ) ) ;
#2384 = LINE ( 'NONE', #4890, #6807 ) ;
#2385 = EDGE_CURVE ( 'NONE', #7619, #5149, #4540, .T. ) ;
#2386 = EDGE_CURVE ( 'NONE', #3026, #469, #1294, .T. ) ;
#2387 = EDGE_LOOP ( 'NONE', ( #2876, #7618, #7677, #1933 ) ) ;
#2388 = VERTEX_POINT ( 'NONE', #3976 ) ;
#2389 = CARTESIAN_POINT ( 'NONE',  ( 11.46446609000000016, -500.0000000000000000, -10.65685425999999936 ) ) ;
#2390 = EDGE_LOOP ( 'NONE', ( #5959, #2400, #2099, #822 ) ) ;
#2391 = DIRECTION ( 'NONE',  ( 0.000000000000000000, 0.000000000000000000, 1.000000000000000000 ) ) ;
#2392 = CARTESIAN_POINT ( 'NONE',  ( -36.00000000000000000, -500.0000000000000000, -20.00000000000000000 ) ) ;
#2393 = AXIS2_PLACEMENT_3D ( 'NONE', #2156, #4664, #1548 ) ;
#2394 = EDGE_CURVE ( 'NONE', #5731, #4150, #1703, .T. ) ;
#2395 = AXIS2_PLACEMENT_3D ( 'NONE', #5588, #1287, #1824 ) ;
#2396 = CARTESIAN_POINT ( 'NONE',  ( -36.50000000000000000, 500.0000000000000000, -4.000000000000000000 ) ) ;
#2397 = DIRECTION ( 'NONE',  ( 1.000000000000000000, 0.000000000000000000, 9.999813477268295448E-11 ) ) ;
#2398 = EDGE_LOOP ( 'NONE', ( #4656, #7123, #7736, #5373 ) ) ;
#2399 = CARTESIAN_POINT ( 'NONE',  ( -38.50000000000000000, 500.0000000000000000, 4.000000000000000000 ) ) ;
#2400 = ORIENTED_EDGE ( 'NONE', *, *, #1818, .T. ) ;
#2401 = EDGE_CURVE ( 'NONE', #5467, #3549, #3355, .T. ) ;
#2402 = EDGE_LOOP ( 'NONE', ( #7117, #4041, #7725, #6002 ) ) ;
#2403 = CARTESIAN_POINT ( 'NONE',  ( -13.50000000010000001, -500.0000000000000000, -16.00000000010000178 ) ) ;
#2404 = CARTESIAN_POINT ( 'NONE',  ( 36.00000000000000000, 500.0000000000000000, 20.00000000000000000 ) ) ;
#2405 = CARTESIAN_POINT ( 'NONE',  ( -20.00000000000000000, -500.0000000000000000, 0.000000000000000000 ) ) ;
#2406 = VECTOR ( 'NONE', #7490, 1000.000000000000000 ) ;
#2407 = CARTESIAN_POINT ( 'NONE',  ( -27.50000000000000000, -500.0000000000000000, -17.99999999990000177 ) ) ;
#2408 = DIRECTION ( 'NONE',  ( 0.000000000000000000, -1.000000000000000000, 0.000000000000000000 ) ) ;
#2409 = LINE ( 'NONE', #1793, #2055 ) ;
#2410 = EDGE_CURVE ( 'NONE', #7051, #7222, #6428, .T. ) ;
#2411 = CARTESIAN_POINT ( 'NONE',  ( 20.49816017750000086, 500.0000000000000000, 1.623160172499999998 ) ) ;
#2412 = VERTEX_POINT ( 'NONE', #2162 ) ;
#2413 = ORIENTED_EDGE ( 'NONE', *, *, #5634, .T. ) ;
#2414 = DIRECTION ( 'NONE',  ( -0.7071067811865474617, 0.000000000000000000, 0.7071067811865474617 ) ) ;
#2415 = CARTESIAN_POINT ( 'NONE',  ( -35.50000000000000000, 500.0000000000000000, -6.500000000000000000 ) ) ;
#2416 = AXIS2_PLACEMENT_3D ( 'NONE', #7966, #4980, #5585 ) ;
#2417 = CARTESIAN_POINT ( 'NONE',  ( -31.80000000000000071, 500.0000000000000000, -12.30000000000000071 ) ) ;
#2418 = CARTESIAN_POINT ( 'NONE',  ( 8.199999990000000238, 500.0000000000000000, 15.50000000000000000 ) ) ;
#2419 = EDGE_CURVE ( 'NONE', #5650, #3521, #1093, .T. ) ;
#2420 = DIRECTION ( 'NONE',  ( 0.000000000000000000, 0.000000000000000000, 1.000000000000000000 ) ) ;
#2421 = CARTESIAN_POINT ( 'NONE',  ( -12.50000000010000001, 501.0000000000000000, -15.49999999989999999 ) ) ;
#2422 = VERTEX_POINT ( 'NONE', #7443 ) ;
#2423 = CARTESIAN_POINT ( 'NONE',  ( -36.00000000000000000, 500.0000000000000000, -16.00000000000000000 ) ) ;
#2424 = ORIENTED_EDGE ( 'NONE', *, *, #5892, .F. ) ;
#2425 = VERTEX_POINT ( 'NONE', #8011 ) ;
#2426 = DIRECTION ( 'NONE',  ( 0.000000000000000000, 0.000000000000000000, 1.000000000000000000 ) ) ;
#2427 = ORIENTED_EDGE ( 'NONE', *, *, #506, .F. ) ;
#2428 = CARTESIAN_POINT ( 'NONE',  ( 16.44238817366219862, 501.0000000000000000, 12.75000002847990110 ) ) ;
#2429 = CARTESIAN_POINT ( 'NONE',  ( 10.00000000000000000, -500.0000000000000000, 7.423097032500000303 ) ) ;
#2430 = CYLINDRICAL_SURFACE ( 'NONE', #4025, 0.5000000000000004441 ) ;
#2431 = EDGE_CURVE ( 'NONE', #2649, #6293, #7333, .T. ) ;
#2432 = EDGE_CURVE ( 'NONE', #17, #4305, #7485, .T. ) ;
#2433 = VECTOR ( 'NONE', #4662, 1000.000000000000000 ) ;
#2434 = EDGE_LOOP ( 'NONE', ( #4510, #6791, #2584, #10 ) ) ;
#2435 = DIRECTION ( 'NONE',  ( 0.000000000000000000, -1.000000000000000000, 0.000000000000000000 ) ) ;
#2436 = CARTESIAN_POINT ( 'NONE',  ( 5.699999990000019778, -500.0000000000000000, 15.50000000000000000 ) ) ;
#2437 = EDGE_CURVE ( 'NONE', #5206, #5016, #6932, .T. ) ;
#2438 = FACE_OUTER_BOUND ( 'NONE', #5814, .T. ) ;
#2439 = ORIENTED_EDGE ( 'NONE', *, *, #4353, .T. ) ;
#2440 = VECTOR ( 'NONE', #5558, 1000.000000000000000 ) ;
#2441 = CARTESIAN_POINT ( 'NONE',  ( 29.99999999990000177, -500.0000000000000000, -15.50000000000000000 ) ) ;
#2442 = LINE ( 'NONE', #603, #3916 ) ;
#2443 = CARTESIAN_POINT ( 'NONE',  ( -40.00000000000000000, 500.0000000000000000, 16.00000000000000000 ) ) ;
#2444 = VECTOR ( 'NONE', #6983, 1000.000000000000000 ) ;
#2445 = DIRECTION ( 'NONE',  ( 0.000000000000000000, 0.000000000000000000, -1.000000000000000000 ) ) ;
#2446 = EDGE_CURVE ( 'NONE', #6472, #7044, #1128, .T. ) ;
#2447 = CYLINDRICAL_SURFACE ( 'NONE', #5931, 2.500000000000000444 ) ;
#2448 = CARTESIAN_POINT ( 'NONE',  ( -30.00000000000000000, 500.0000000000000000, -7.423097032500000303 ) ) ;
#2449 = VECTOR ( 'NONE', #7542, 1000.000000000000000 ) ;
#2450 = CARTESIAN_POINT ( 'NONE',  ( 13.73749999999999893, 500.0000000000000000, 18.00000000000000000 ) ) ;
#2451 = EDGE_LOOP ( 'NONE', ( #878, #7587, #3734, #5251 ) ) ;
#2452 = ORIENTED_EDGE ( 'NONE', *, *, #1024, .F. ) ;
#2453 = DIRECTION ( 'NONE',  ( 0.000000000000000000, -1.000000000000000000, 0.000000000000000000 ) ) ;
#2454 = DIRECTION ( 'NONE',  ( 0.000000000000000000, -1.000000000000000000, 0.000000000000000000 ) ) ;
#2455 = CARTESIAN_POINT ( 'NONE',  ( -13.20000001000000012, -500.0000000000000000, -11.74974747000000086 ) ) ;
#2456 = AXIS2_PLACEMENT_3D ( 'NONE', #7023, #1405, #3913 ) ;
#2457 = DIRECTION ( 'NONE',  ( -0.7071067811865461294, 0.000000000000000000, 0.7071067811865489050 ) ) ;
#2458 = CARTESIAN_POINT ( 'NONE',  ( -27.00000000000000000, -500.0000000000000000, -8.387500000000001066 ) ) ;
#2459 = EDGE_LOOP ( 'NONE', ( #4016, #3002, #6022, #6027 ) ) ;
#2460 = DIRECTION ( 'NONE',  ( 0.000000000000000000, -1.000000000000000000, 0.000000000000000000 ) ) ;
#2461 = ORIENTED_EDGE ( 'NONE', *, *, #747, .F. ) ;
#2462 = EDGE_LOOP ( 'NONE', ( #1053, #2002, #5810, #314 ) ) ;
#2463 = EDGE_CURVE ( 'NONE', #7914, #1966, #1243, .T. ) ;
#2464 = ORIENTED_EDGE ( 'NONE', *, *, #6851, .T. ) ;
#2465 = DIRECTION ( 'NONE',  ( 1.000000000000000000, 0.000000000000000000, 0.000000000000000000 ) ) ;
#2466 = CARTESIAN_POINT ( 'NONE',  ( 8.199999990000000238, 501.0000000000000000, 13.62487373500000132 ) ) ;
#2467 = FACE_OUTER_BOUND ( 'NONE', #990, .T. ) ;
#2468 = VECTOR ( 'NONE', #2801, 1000.000000000000000 ) ;
#2469 = VERTEX_POINT ( 'NONE', #1709 ) ;
#2470 = CIRCLE ( 'NONE', #7841, 0.4499999999999990119 ) ;
#2471 = EDGE_CURVE ( 'NONE', #5120, #6659, #1860, .T. ) ;
#2472 = CIRCLE ( 'NONE', #1423, 1.000000000000000888 ) ;
#2473 = EDGE_CURVE ( 'NONE', #7004, #1737, #4864, .T. ) ;
#2474 = VERTEX_POINT ( 'NONE', #6718 ) ;
#2475 = CARTESIAN_POINT ( 'NONE',  ( 14.99999999989999999, -500.0000000000000000, 16.50000000010000178 ) ) ;
#2476 = DIRECTION ( 'NONE',  ( -1.000000000000000000, 0.000000000000000000, 0.000000000000000000 ) ) ;
#2477 = CARTESIAN_POINT ( 'NONE',  ( 27.45000000009999752, -500.0000000000000000, -17.54999999989999893 ) ) ;
#2478 = VECTOR ( 'NONE', #5374, 1000.000000000000000 ) ;
#2479 = CIRCLE ( 'NONE', #1431, 2.500000000000000444 ) ;
#2480 = FACE_OUTER_BOUND ( 'NONE', #7974, .T. ) ;
#2481 = EDGE_CURVE ( 'NONE', #17, #2996, #3594, .T. ) ;
#2482 = ADVANCED_FACE ( 'NONE', ( #479 ), #4369, .T. ) ;
#2483 = LINE ( 'NONE', #6838, #1550 ) ;
#2484 = DIRECTION ( 'NONE',  ( -1.000000000000000000, 0.000000000000000000, -6.666657966410595850E-11 ) ) ;
#2485 = CIRCLE ( 'NONE', #4845, 1.000000000000000888 ) ;
#2486 = AXIS2_PLACEMENT_3D ( 'NONE', #5029, #7497, #4952 ) ;
#2487 = CARTESIAN_POINT ( 'NONE',  ( -36.00000000000000000, 500.0000000000000000, 7.000000000000000000 ) ) ;
#2488 = CARTESIAN_POINT ( 'NONE',  ( -40.00000000000000000, -500.0000000000000000, -5.500000000000000000 ) ) ;
#2489 = CIRCLE ( 'NONE', #3149, 0.4499999999999999001 ) ;
#2490 = AXIS2_PLACEMENT_3D ( 'NONE', #1876, #4425, #1763 ) ;
#2491 = DIRECTION ( 'NONE',  ( 0.000000000000000000, -1.000000000000000000, 0.000000000000000000 ) ) ;
#2492 = EDGE_CURVE ( 'NONE', #4601, #2167, #2485, .T. ) ;
#2493 = ORIENTED_EDGE ( 'NONE', *, *, #6633, .T. ) ;
#2494 = ORIENTED_EDGE ( 'NONE', *, *, #6053, .T. ) ;
#2495 = CARTESIAN_POINT ( 'NONE',  ( 35.50000000000000000, 500.0000000000000000, 6.500000000000000000 ) ) ;
#2496 = VECTOR ( 'NONE', #543, 1000.000000000000000 ) ;
#2497 = CARTESIAN_POINT ( 'NONE',  ( 32.30000000000000426, 501.0000000000000000, -11.79999999999999893 ) ) ;
#2498 = LINE ( 'NONE', #1878, #2626 ) ;
#2499 = LINE ( 'NONE', #5001, #2191 ) ;
#2500 = CARTESIAN_POINT ( 'NONE',  ( 27.00000000000000000, 500.0000000000000000, -17.55000000000000071 ) ) ;
#2501 = ORIENTED_EDGE ( 'NONE', *, *, #8033, .T. ) ;
#2502 = DIRECTION ( 'NONE',  ( 0.000000000000000000, -1.000000000000000000, 0.000000000000000000 ) ) ;
#2503 = ORIENTED_EDGE ( 'NONE', *, *, #4938, .F. ) ;
#2504 = ORIENTED_EDGE ( 'NONE', *, *, #6770, .T. ) ;
#2505 = CARTESIAN_POINT ( 'NONE',  ( 12.90685425000000031, 501.0000000000000000, -9.214466100000000992 ) ) ;
#2506 = ORIENTED_EDGE ( 'NONE', *, *, #4032, .T. ) ;
#2507 = CARTESIAN_POINT ( 'NONE',  ( 35.50000000000000000, 500.0000000000000000, -5.000000000000000000 ) ) ;
#2508 = CARTESIAN_POINT ( 'NONE',  ( 36.00000000000000000, 501.0000000000000000, 6.999999999899999992 ) ) ;
#2509 = ORIENTED_EDGE ( 'NONE', *, *, #7878, .F. ) ;
#2510 = CARTESIAN_POINT ( 'NONE',  ( -36.00000000000000000, 501.0000000000000000, -18.19999999999999929 ) ) ;
#2511 = EDGE_CURVE ( 'NONE', #5735, #7896, #3018, .T. ) ;
#2512 = EDGE_LOOP ( 'NONE', ( #6973, #979, #6940, #4472 ) ) ;
#2513 = EDGE_LOOP ( 'NONE', ( #3948, #3154, #2548, #7704 ) ) ;
#2514 = DIRECTION ( 'NONE',  ( -0.7071067811865474617, 0.000000000000000000, -0.7071067811865474617 ) ) ;
#2515 = DIRECTION ( 'NONE',  ( 0.000000000000000000, 0.000000000000000000, -1.000000000000000000 ) ) ;
#2516 = AXIS2_PLACEMENT_3D ( 'NONE', #367, #2870, #6070 ) ;
#2517 = LINE ( 'NONE', #5020, #3971 ) ;
#2518 = ADVANCED_FACE ( 'NONE', ( #5470 ), #1744, .T. ) ;
#2519 = VECTOR ( 'NONE', #3097, 1000.000000000000000 ) ;
#2520 = PLANE ( 'NONE',  #7453 ) ;
#2521 = DIRECTION ( 'NONE',  ( -1.000000000000000000, 0.000000000000000000, 1.040462578258159895E-08 ) ) ;
#2522 = CARTESIAN_POINT ( 'NONE',  ( -36.00000000000000000, -500.0000000000000000, -20.00000000000000000 ) ) ;
#2523 = CARTESIAN_POINT ( 'NONE',  ( 12.99999999989999999, 500.0000000000000000, -17.55000000000000071 ) ) ;
#2524 = DIRECTION ( 'NONE',  ( 2.222219322136872090E-10, 0.000000000000000000, -1.000000000000000000 ) ) ;
#2525 = ADVANCED_FACE ( 'NONE', ( #598 ), #1206, .F. ) ;
#2526 = EDGE_CURVE ( 'NONE', #4132, #6668, #6789, .T. ) ;
#2527 = CARTESIAN_POINT ( 'NONE',  ( -12.90685425000000031, 500.0000000000000000, -9.214466100000000992 ) ) ;
#2528 = ORIENTED_EDGE ( 'NONE', *, *, #6042, .F. ) ;
#2529 = ORIENTED_EDGE ( 'NONE', *, *, #3098, .T. ) ;
#2530 = CIRCLE ( 'NONE', #1221, 0.4499999999999990119 ) ;
#2531 = CARTESIAN_POINT ( 'NONE',  ( 40.00000000000000000, 500.0000000000000000, -16.00000000000000000 ) ) ;
#2532 = DIRECTION ( 'NONE',  ( 1.000000000000000000, 0.000000000000000000, 0.000000000000000000 ) ) ;
#2533 = FACE_OUTER_BOUND ( 'NONE', #5962, .T. ) ;
#2534 = CARTESIAN_POINT ( 'NONE',  ( 10.00000000010000001, -500.0000000000000000, 15.50000000000000000 ) ) ;
#2535 = EDGE_CURVE ( 'NONE', #1701, #7159, #4977, .T. ) ;
#2536 = DIRECTION ( 'NONE',  ( 0.000000000000000000, 0.000000000000000000, 1.000000000000000000 ) ) ;
#2537 = EDGE_LOOP ( 'NONE', ( #7662, #3733, #5614, #4556 ) ) ;
#2538 = DIRECTION ( 'NONE',  ( 0.000000000000000000, -1.000000000000000000, 0.000000000000000000 ) ) ;
#2539 = EDGE_LOOP ( 'NONE', ( #4843, #7991, #7337, #6215 ) ) ;
#2540 = VERTEX_POINT ( 'NONE', #6217 ) ;
#2541 = VECTOR ( 'NONE', #478, 1000.000000000000000 ) ;
#2542 = CARTESIAN_POINT ( 'NONE',  ( 36.00000000000000000, 500.0000000000000000, 20.00000000000000000 ) ) ;
#2543 = ORIENTED_EDGE ( 'NONE', *, *, #7138, .F. ) ;
#2544 = CARTESIAN_POINT ( 'NONE',  ( -9.664466100000000282, -500.0000000000000000, -8.214213559999999248 ) ) ;
#2545 = CARTESIAN_POINT ( 'NONE',  ( 36.00000000000000000, 500.0000000000000000, -20.00000000000000000 ) ) ;
#2546 = CARTESIAN_POINT ( 'NONE',  ( -16.00000000000000000, -500.0000000000000000, 8.750000000000000000 ) ) ;
#2547 = ADVANCED_FACE ( 'NONE', ( #3096 ), #5586, .F. ) ;
#2548 = ORIENTED_EDGE ( 'NONE', *, *, #4467, .F. ) ;
#2549 = ORIENTED_EDGE ( 'NONE', *, *, #631, .T. ) ;
#2550 = CARTESIAN_POINT ( 'NONE',  ( 0.000000000000000000, 500.0000000000000000, 20.00000000000000000 ) ) ;
#2551 = EDGE_CURVE ( 'NONE', #2124, #1436, #1706, .T. ) ;
#2552 = CARTESIAN_POINT ( 'NONE',  ( 11.62316017250000044, 500.0000000000000000, -10.49816017750000086 ) ) ;
#2553 = VECTOR ( 'NONE', #3988, 1000.000000000000000 ) ;
#2554 = ORIENTED_EDGE ( 'NONE', *, *, #7439, .T. ) ;
#2555 = VECTOR ( 'NONE', #3591, 1000.000000000000000 ) ;
#2556 = CYLINDRICAL_SURFACE ( 'NONE', #6926, 0.4499999999999990119 ) ;
#2557 = ORIENTED_EDGE ( 'NONE', *, *, #1334, .F. ) ;
#2558 = CARTESIAN_POINT ( 'NONE',  ( 13.50000000010000001, 501.0000000000000000, 16.00000000010000178 ) ) ;
#2559 = CARTESIAN_POINT ( 'NONE',  ( 23.55761183999999986, 500.0000000000000000, 7.750000000000000000 ) ) ;
#2560 = EDGE_CURVE ( 'NONE', #5624, #385, #4585, .T. ) ;
#2561 = DIRECTION ( 'NONE',  ( 0.000000000000000000, 0.000000000000000000, 1.000000000000000000 ) ) ;
#2562 = LINE ( 'NONE', #6342, #4621 ) ;
#2563 = VECTOR ( 'NONE', #3184, 1000.000000000000000 ) ;
#2564 = CARTESIAN_POINT ( 'NONE',  ( -32.30000000000000426, 500.0000000000000000, -12.30000000000000071 ) ) ;
#2565 = CYLINDRICAL_SURFACE ( 'NONE', #129, 0.5000000000000004441 ) ;
#2566 = ORIENTED_EDGE ( 'NONE', *, *, #5221, .T. ) ;
#2567 = EDGE_LOOP ( 'NONE', ( #3599, #2577, #6020, #4836 ) ) ;
#2568 = VECTOR ( 'NONE', #4782, 1000.000000000000000 ) ;
#2569 = EDGE_CURVE ( 'NONE', #3532, #1553, #6412, .T. ) ;
#2570 = ADVANCED_FACE ( 'NONE', ( #5136 ), #5790, .F. ) ;
#2571 = LINE ( 'NONE', #6967, #6406 ) ;
#2572 = DIRECTION ( 'NONE',  ( 0.000000000000000000, -1.000000000000000000, 0.000000000000000000 ) ) ;
#2573 = CARTESIAN_POINT ( 'NONE',  ( 20.00000000000000000, 500.0000000000000000, 0.000000000000000000 ) ) ;
#2574 = CARTESIAN_POINT ( 'NONE',  ( -36.00000000000000000, 500.0000000000000000, 20.00000000000000000 ) ) ;
#2575 = AXIS2_PLACEMENT_3D ( 'NONE', #4272, #5567, #5685 ) ;
#2576 = DIRECTION ( 'NONE',  ( 1.000000000000000000, 0.000000000000000000, 6.666657966410595850E-11 ) ) ;
#2577 = ORIENTED_EDGE ( 'NONE', *, *, #2974, .F. ) ;
#2578 = DIRECTION ( 'NONE',  ( -1.000000000000000000, 0.000000000000000000, -9.999813477268295448E-11 ) ) ;
#2579 = ORIENTED_EDGE ( 'NONE', *, *, #21, .T. ) ;
#2580 = VERTEX_POINT ( 'NONE', #5750 ) ;
#2581 = ADVANCED_FACE ( 'NONE', ( #3834 ), #180, .F. ) ;
#2582 = CARTESIAN_POINT ( 'NONE',  ( 0.000000000000000000, 0.000000000000000000, 0.000000000000000000 ) ) ;
#2583 = CIRCLE ( 'NONE', #4694, 5.000000028479870906 ) ;
#2584 = ORIENTED_EDGE ( 'NONE', *, *, #4916, .F. ) ;
#2585 = DIRECTION ( 'NONE',  ( 0.000000000000000000, -1.000000000000000000, 0.000000000000000000 ) ) ;
#2586 = CARTESIAN_POINT ( 'NONE',  ( 14.25000000000000000, 501.0000000000000000, 15.50000000000000000 ) ) ;
#2587 = ORIENTED_EDGE ( 'NONE', *, *, #5232, .F. ) ;
#2588 = PLANE ( 'NONE',  #4164 ) ;
#2589 = ORIENTED_EDGE ( 'NONE', *, *, #3040, .T. ) ;
#2590 = CIRCLE ( 'NONE', #5724, 1.499999999999999556 ) ;
#2591 = ORIENTED_EDGE ( 'NONE', *, *, #4286, .T. ) ;
#2592 = EDGE_CURVE ( 'NONE', #1487, #7249, #3874, .T. ) ;
#2593 = CARTESIAN_POINT ( 'NONE',  ( -10.00000000000000000, 500.0000000000000000, 7.423097032500000303 ) ) ;
#2594 = ORIENTED_EDGE ( 'NONE', *, *, #3342, .T. ) ;
#2595 = CARTESIAN_POINT ( 'NONE',  ( -36.00000000000000000, 500.0000000000000000, -20.00000000000000000 ) ) ;
#2596 = VECTOR ( 'NONE', #5468, 1000.000000000000000 ) ;
#2597 = DIRECTION ( 'NONE',  ( 0.000000000000000000, 1.000000000000000000, 0.000000000000000000 ) ) ;
#2598 = VECTOR ( 'NONE', #7375, 1000.000000000000000 ) ;
#2599 = AXIS2_PLACEMENT_3D ( 'NONE', #5727, #38, #580 ) ;
#2600 = ORIENTED_EDGE ( 'NONE', *, *, #6947, .T. ) ;
#2601 = DIRECTION ( 'NONE',  ( 0.000000000000000000, 1.000000000000000000, 0.000000000000000000 ) ) ;
#2602 = CARTESIAN_POINT ( 'NONE',  ( -29.93566017999999929, 501.0000000000000000, -7.814339829999998877 ) ) ;
#2603 = VECTOR ( 'NONE', #6927, 1000.000000000000000 ) ;
#2604 = DIRECTION ( 'NONE',  ( 0.000000000000000000, -1.000000000000000000, 0.000000000000000000 ) ) ;
#2605 = VECTOR ( 'NONE', #5949, 1000.000000000000000 ) ;
#2606 = FACE_OUTER_BOUND ( 'NONE', #5132, .T. ) ;
#2607 = ORIENTED_EDGE ( 'NONE', *, *, #7537, .T. ) ;
#2608 = EDGE_CURVE ( 'NONE', #823, #6427, #7027, .T. ) ;
#2609 = ORIENTED_EDGE ( 'NONE', *, *, #3297, .F. ) ;
#2610 = FACE_OUTER_BOUND ( 'NONE', #6733, .T. ) ;
#2611 = VECTOR ( 'NONE', #7331, 1000.000000000000000 ) ;
#2612 = CIRCLE ( 'NONE', #786, 4.999999962794540842 ) ;
#2613 = ORIENTED_EDGE ( 'NONE', *, *, #6873, .F. ) ;
#2614 = VERTEX_POINT ( 'NONE', #3963 ) ;
#2615 = CARTESIAN_POINT ( 'NONE',  ( -24.00000000000000000, -500.0000000000000000, 16.50000000000000000 ) ) ;
#2616 = DIRECTION ( 'NONE',  ( 1.000000000000000000, 0.000000000000000000, 3.999856001968284665E-11 ) ) ;
#2617 = DIRECTION ( 'NONE',  ( 2.222219322136872090E-10, 0.000000000000000000, -1.000000000000000000 ) ) ;
#2618 = DIRECTION ( 'NONE',  ( 0.000000000000000000, -1.000000000000000000, 0.000000000000000000 ) ) ;
#2619 = VECTOR ( 'NONE', #1739, 1000.000000000000000 ) ;
#2620 = AXIS2_PLACEMENT_3D ( 'NONE', #4468, #6968, #115 ) ;
#2621 = ADVANCED_FACE ( 'NONE', ( #1285 ), #678, .F. ) ;
#2622 = ORIENTED_EDGE ( 'NONE', *, *, #4978, .T. ) ;
#2623 = DIRECTION ( 'NONE',  ( -0.7071067811865474617, 0.000000000000000000, 0.7071067811865474617 ) ) ;
#2624 = ORIENTED_EDGE ( 'NONE', *, *, #3471, .T. ) ;
#2625 = ORIENTED_EDGE ( 'NONE', *, *, #7439, .F. ) ;
#2626 = VECTOR ( 'NONE', #4386, 1000.000000000000000 ) ;
#2627 = ORIENTED_EDGE ( 'NONE', *, *, #1762, .T. ) ;
#2628 = DIRECTION ( 'NONE',  ( 0.000000000000000000, -1.000000000000000000, 0.000000000000000000 ) ) ;
#2629 = LINE ( 'NONE', #3290, #7856 ) ;
#2630 = ORIENTED_EDGE ( 'NONE', *, *, #7324, .T. ) ;
#2631 = DIRECTION ( 'NONE',  ( 1.000000000000000000, 0.000000000000000000, 0.000000000000000000 ) ) ;
#2632 = ORIENTED_EDGE ( 'NONE', *, *, #4985, .F. ) ;
#2633 = EDGE_CURVE ( 'NONE', #5043, #7555, #714, .T. ) ;
#2634 = EDGE_CURVE ( 'NONE', #87, #4857, #7077, .T. ) ;
#2635 = ORIENTED_EDGE ( 'NONE', *, *, #5615, .F. ) ;
#2636 = DIRECTION ( 'NONE',  ( 1.000000000000000000, 0.000000000000000000, 0.000000000000000000 ) ) ;
#2637 = ORIENTED_EDGE ( 'NONE', *, *, #7862, .F. ) ;
#2638 = DIRECTION ( 'NONE',  ( 0.000000000000000000, -1.000000000000000000, 0.000000000000000000 ) ) ;
#2639 = CARTESIAN_POINT ( 'NONE',  ( -36.00000000000000000, -500.0000000000000000, 16.00000000000000000 ) ) ;
#2640 = ADVANCED_FACE ( 'NONE', ( #5627 ), #3301, .F. ) ;
#2641 = VERTEX_POINT ( 'NONE', #1329 ) ;
#2642 = DIRECTION ( 'NONE',  ( 0.000000000000000000, 0.000000000000000000, 1.000000000000000000 ) ) ;
#2643 = CIRCLE ( 'NONE', #7111, 4.999999962794539066 ) ;
#2644 = DIRECTION ( 'NONE',  ( 0.000000000000000000, 0.000000000000000000, 1.000000000000000000 ) ) ;
#2645 = CARTESIAN_POINT ( 'NONE',  ( -10.00000000000000000, 500.0000000000000000, 15.50000000000000000 ) ) ;
#2646 = FACE_OUTER_BOUND ( 'NONE', #1472, .T. ) ;
#2647 = EDGE_CURVE ( 'NONE', #5921, #3284, #2678, .T. ) ;
#2648 = VECTOR ( 'NONE', #830, 1000.000000000000000 ) ;
#2649 = VERTEX_POINT ( 'NONE', #1408 ) ;
#2650 = PRESENTATION_STYLE_ASSIGNMENT (( #3269 ) ) ;
#2651 = EDGE_LOOP ( 'NONE', ( #2245, #7362, #3038, #3049 ) ) ;
#2652 = ORIENTED_EDGE ( 'NONE', *, *, #8033, .F. ) ;
#2653 = DIRECTION ( 'NONE',  ( 0.000000000000000000, -1.000000000000000000, 0.000000000000000000 ) ) ;
#2654 = DIRECTION ( 'NONE',  ( -0.7071067811865474617, 0.000000000000000000, 0.7071067811865474617 ) ) ;
#2655 = CARTESIAN_POINT ( 'NONE',  ( -10.00000000000000000, 501.0000000000000000, -14.84619406500000061 ) ) ;
#2656 = DIRECTION ( 'NONE',  ( 0.000000000000000000, -1.000000000000000000, 0.000000000000000000 ) ) ;
#2657 = ORIENTED_EDGE ( 'NONE', *, *, #4887, .F. ) ;
#2658 = CARTESIAN_POINT ( 'NONE',  ( 35.50000000010000178, 500.0000000000000000, 5.000000000000000000 ) ) ;
#2659 = EDGE_LOOP ( 'NONE', ( #4481, #457, #2509, #3768 ) ) ;
#2660 = ORIENTED_EDGE ( 'NONE', *, *, #292, .F. ) ;
#2661 = DIRECTION ( 'NONE',  ( 0.000000000000000000, 1.000000000000000000, 0.000000000000000000 ) ) ;
#2662 = ORIENTED_EDGE ( 'NONE', *, *, #3330, .F. ) ;
#2663 = DIRECTION ( 'NONE',  ( 0.000000000000000000, -1.000000000000000000, 0.000000000000000000 ) ) ;
#2664 = ADVANCED_FACE ( 'NONE', ( #7076 ), #54, .F. ) ;
#2665 = DIRECTION ( 'NONE',  ( -1.000000000000000000, 0.000000000000000000, 0.000000000000000000 ) ) ;
#2666 = ORIENTED_EDGE ( 'NONE', *, *, #716, .F. ) ;
#2667 = DIRECTION ( 'NONE',  ( -1.000000000000000000, 0.000000000000000000, 1.040462578258159895E-08 ) ) ;
#2668 = DIRECTION ( 'NONE',  ( 0.000000000000000000, 0.000000000000000000, -1.000000000000000000 ) ) ;
#2669 = VERTEX_POINT ( 'NONE', #19 ) ;
#2670 = CYLINDRICAL_SURFACE ( 'NONE', #1694, 2.499999999999998668 ) ;
#2671 = ORIENTED_EDGE ( 'NONE', *, *, #7449, .T. ) ;
#2672 = ORIENTED_EDGE ( 'NONE', *, *, #3837, .F. ) ;
#2673 = CARTESIAN_POINT ( 'NONE',  ( 29.21446609999999922, -500.0000000000000000, -7.093145749999999694 ) ) ;
#2674 = VERTEX_POINT ( 'NONE', #5018 ) ;
#2675 = LINE ( 'NONE', #2595, #4402 ) ;
#2676 = ADVANCED_FACE ( 'NONE', ( #7523 ), #1898, .F. ) ;
#2677 = ADVANCED_FACE ( 'NONE', ( #5058 ), #7561, .T. ) ;
#2678 = LINE ( 'NONE', #4524, #3929 ) ;
#2679 = AXIS2_PLACEMENT_3D ( 'NONE', #6784, #7323, #1702 ) ;
#2680 = ORIENTED_EDGE ( 'NONE', *, *, #5198, .T. ) ;
#2681 = ORIENTED_EDGE ( 'NONE', *, *, #6987, .T. ) ;
#2682 = VERTEX_POINT ( 'NONE', #5307 ) ;
#2683 = AXIS2_PLACEMENT_3D ( 'NONE', #6284, #1967, #11 ) ;
#2684 = DIRECTION ( 'NONE',  ( 1.000000000000000000, 0.000000000000000000, 0.000000000000000000 ) ) ;
#2685 = CARTESIAN_POINT ( 'NONE',  ( 13.19999999000000024, -500.0000000000000000, 11.74974747000000086 ) ) ;
#2686 = ADVANCED_FACE ( 'NONE', ( #2232 ), #2896, .F. ) ;
#2687 = FACE_OUTER_BOUND ( 'NONE', #5156, .T. ) ;
#2688 = DIRECTION ( 'NONE',  ( 0.000000000000000000, 1.000000000000000000, 0.000000000000000000 ) ) ;
#2689 = ORIENTED_EDGE ( 'NONE', *, *, #6753, .F. ) ;
#2690 = ORIENTED_EDGE ( 'NONE', *, *, #6607, .F. ) ;
#2691 = ADVANCED_FACE ( 'NONE', ( #3379 ), #4004, .F. ) ;
#2692 = CARTESIAN_POINT ( 'NONE',  ( -17.07499999999999929, 500.0000000000000000, -18.19999999999999929 ) ) ;
#2693 = FACE_OUTER_BOUND ( 'NONE', #7586, .T. ) ;
#2694 = LINE ( 'NONE', #7742, #141 ) ;
#2695 = CARTESIAN_POINT ( 'NONE',  ( -16.44238817366219862, -500.0000000000000000, -12.75000002847990110 ) ) ;
#2696 = AXIS2_PLACEMENT_3D ( 'NONE', #8099, #3644, #3726 ) ;
#2697 = ORIENTED_EDGE ( 'NONE', *, *, #5636, .T. ) ;
#2698 = LINE ( 'NONE', #3570, #3670 ) ;
#2699 = EDGE_CURVE ( 'NONE', #2812, #6266, #5392, .T. ) ;
#2700 = ORIENTED_EDGE ( 'NONE', *, *, #6629, .F. ) ;
#2701 = ORIENTED_EDGE ( 'NONE', *, *, #272, .F. ) ;
#2702 = CARTESIAN_POINT ( 'NONE',  ( 27.44999999999999929, -500.0000000000000000, 18.00000000000000000 ) ) ;
#2703 = ORIENTED_EDGE ( 'NONE', *, *, #2784, .F. ) ;
#2704 = CARTESIAN_POINT ( 'NONE',  ( 16.44238816000000014, 500.0000000000000000, 7.750000000000000000 ) ) ;
#2705 = CARTESIAN_POINT ( 'NONE',  ( 27.09314575000000147, 501.0000000000000000, 9.214466100000000992 ) ) ;
#2706 = ORIENTED_EDGE ( 'NONE', *, *, #7011, .F. ) ;
#2707 = CARTESIAN_POINT ( 'NONE',  ( 36.50000000010000178, 501.0000000000000000, 5.000000000100000008 ) ) ;
#2708 = CARTESIAN_POINT ( 'NONE',  ( -38.00000000000000000, 501.0000000000000000, -7.474999999999999645 ) ) ;
#2709 = EDGE_LOOP ( 'NONE', ( #7143, #487, #6405, #7273 ) ) ;
#2710 = DIRECTION ( 'NONE',  ( 0.000000000000000000, -1.000000000000000000, 0.000000000000000000 ) ) ;
#2711 = VERTEX_POINT ( 'NONE', #5220 ) ;
#2712 = EDGE_CURVE ( 'NONE', #2254, #3914, #785, .T. ) ;
#2713 = ORIENTED_EDGE ( 'NONE', *, *, #3436, .F. ) ;
#2714 = EDGE_LOOP ( 'NONE', ( #7092, #5315, #6155, #3477 ) ) ;
#2715 = VECTOR ( 'NONE', #4429, 1000.000000000000000 ) ;
#2716 = CARTESIAN_POINT ( 'NONE',  ( -13.50000000000000000, 500.0000000000000000, 15.50000000010000001 ) ) ;
#2717 = ORIENTED_EDGE ( 'NONE', *, *, #3541, .T. ) ;
#2718 = DIRECTION ( 'NONE',  ( 0.000000000000000000, -1.000000000000000000, 0.000000000000000000 ) ) ;
#2719 = PLANE ( 'NONE',  #4723 ) ;
#2720 = ADVANCED_FACE ( 'NONE', ( #4168 ), #7119, .F. ) ;
#2721 = VERTEX_POINT ( 'NONE', #6542 ) ;
#2722 = VERTEX_POINT ( 'NONE', #1494 ) ;
#2723 = AXIS2_PLACEMENT_3D ( 'NONE', #6760, #7297, #7975 ) ;
#2724 = CARTESIAN_POINT ( 'NONE',  ( 9.664466080000000403, -500.0000000000000000, 8.214213559999999248 ) ) ;
#2725 = VECTOR ( 'NONE', #6207, 1000.000000000000000 ) ;
#2726 = FACE_OUTER_BOUND ( 'NONE', #7747, .T. ) ;
#2727 = DIRECTION ( 'NONE',  ( 0.000000000000000000, -1.000000000000000000, 0.000000000000000000 ) ) ;
#2728 = CARTESIAN_POINT ( 'NONE',  ( -17.50000000000000000, 500.0000000000000000, 11.79999999999999893 ) ) ;
#2729 = CARTESIAN_POINT ( 'NONE',  ( -27.50000000000000000, 501.0000000000000000, -17.99999999990000177 ) ) ;
#2730 = AXIS2_PLACEMENT_3D ( 'NONE', #3801, #7563, #7448 ) ;
#2731 = VECTOR ( 'NONE', #5591, 1000.000000000000000 ) ;
#2732 = ADVANCED_FACE ( 'NONE', ( #7722 ), #4049, .F. ) ;
#2733 = ADVANCED_FACE ( 'NONE', ( #3340 ), #2719, .F. ) ;
#2734 = CARTESIAN_POINT ( 'NONE',  ( 5.699999989999990468, 500.0000000000000000, -15.50000000000000000 ) ) ;
#2735 = ORIENTED_EDGE ( 'NONE', *, *, #3021, .T. ) ;
#2736 = ORIENTED_EDGE ( 'NONE', *, *, #3057, .F. ) ;
#2737 = FACE_OUTER_BOUND ( 'NONE', #5404, .T. ) ;
#2738 = VECTOR ( 'NONE', #6870, 1000.000000000000000 ) ;
#2739 = VECTOR ( 'NONE', #1657, 1000.000000000000000 ) ;
#2740 = CARTESIAN_POINT ( 'NONE',  ( 36.00000000000000000, 500.0000000000000000, 16.00000000000000000 ) ) ;
#2741 = DIRECTION ( 'NONE',  ( 1.000000000000000000, 0.000000000000000000, 0.000000000000000000 ) ) ;
#2742 = DIRECTION ( 'NONE',  ( 0.000000000000000000, 0.000000000000000000, -1.000000000000000000 ) ) ;
#2743 = PLANE ( 'NONE',  #7819 ) ;
#2744 = AXIS2_PLACEMENT_3D ( 'NONE', #4289, #1823, #5515 ) ;
#2745 = AXIS2_PLACEMENT_3D ( 'NONE', #3741, #1997, #2578 ) ;
#2746 = EDGE_CURVE ( 'NONE', #1963, #728, #3428, .T. ) ;
#2747 = ORIENTED_EDGE ( 'NONE', *, *, #1427, .T. ) ;
#2748 = CARTESIAN_POINT ( 'NONE',  ( -12.90685425000000031, -500.0000000000000000, -9.214466100000000992 ) ) ;
#2749 = ORIENTED_EDGE ( 'NONE', *, *, #1288, .T. ) ;
#2750 = ORIENTED_EDGE ( 'NONE', *, *, #8031, .F. ) ;
#2751 = CARTESIAN_POINT ( 'NONE',  ( 10.00000000000000000, 500.0000000000000000, 7.750000000000000000 ) ) ;
#2752 = EDGE_LOOP ( 'NONE', ( #2820, #1760, #4317, #3440, #2579, #652, #596, #7322 ) ) ;
#2753 = LINE ( 'NONE', #1521, #7924 ) ;
#2754 = AXIS2_PLACEMENT_3D ( 'NONE', #4813, #1159, #1705 ) ;
#2755 = CIRCLE ( 'NONE', #6162, 0.5000000000000004441 ) ;
#2756 = CARTESIAN_POINT ( 'NONE',  ( 32.30000000000000426, -500.0000000000000000, -18.19999999999999929 ) ) ;
#2757 = ORIENTED_EDGE ( 'NONE', *, *, #5173, .T. ) ;
#2758 = DIRECTION ( 'NONE',  ( -1.000000000000000000, 0.000000000000000000, -1.999945348218899322E-10 ) ) ;
#2759 = CARTESIAN_POINT ( 'NONE',  ( 9.582169902499979131, -500.0000000000000000, 8.296509737500009862 ) ) ;
#2760 = ORIENTED_EDGE ( 'NONE', *, *, #1454, .F. ) ;
#2761 = CARTESIAN_POINT ( 'NONE',  ( -12.54999999989999893, 500.0000000000000000, -17.54999999989999893 ) ) ;
#2762 = ORIENTED_EDGE ( 'NONE', *, *, #6175, .T. ) ;
#2763 = AXIS2_PLACEMENT_3D ( 'NONE', #4351, #1954, #773 ) ;
#2764 = VECTOR ( 'NONE', #5605, 1000.000000000000000 ) ;
#2765 = ORIENTED_EDGE ( 'NONE', *, *, #1741, .F. ) ;
#2766 = CARTESIAN_POINT ( 'NONE',  ( -11.62316017250000044, -500.0000000000000000, 10.49816017750000086 ) ) ;
#2767 = VERTEX_POINT ( 'NONE', #4131 ) ;
#2768 = LINE ( 'NONE', #4616, #6345 ) ;
#2769 = CARTESIAN_POINT ( 'NONE',  ( 30.00000000000000000, 500.0000000000000000, 15.50000000000000000 ) ) ;
#2770 = EDGE_CURVE ( 'NONE', #2614, #2254, #2147, .T. ) ;
#2771 = VERTEX_POINT ( 'NONE', #6493 ) ;
#2772 = CYLINDRICAL_SURFACE ( 'NONE', #2869, 1.000000000000000000 ) ;
#2773 = CARTESIAN_POINT ( 'NONE',  ( 14.50000000000000000, 500.0000000000000000, 20.00000000000000000 ) ) ;
#2774 = EDGE_CURVE ( 'NONE', #5299, #5964, #882, .T. ) ;
#2775 = LINE ( 'NONE', #2859, #4932 ) ;
#2776 = CARTESIAN_POINT ( 'NONE',  ( 30.00000000000000000, 500.0000000000000000, -14.19238813000000121 ) ) ;
#2777 = CARTESIAN_POINT ( 'NONE',  ( -12.50000000010000001, -500.0000000000000000, 15.49999999989999999 ) ) ;
#2778 = DIRECTION ( 'NONE',  ( 1.000000000000000000, 0.000000000000000000, 0.000000000000000000 ) ) ;
#2779 = EDGE_LOOP ( 'NONE', ( #6896, #2026, #6893, #620 ) ) ;
#2780 = ORIENTED_EDGE ( 'NONE', *, *, #5721, .F. ) ;
#2781 = CARTESIAN_POINT ( 'NONE',  ( -25.00000000000000000, 501.0000000000000000, -15.50000000000000000 ) ) ;
#2782 = EDGE_CURVE ( 'NONE', #7886, #6859, #7977, .T. ) ;
#2783 = DIRECTION ( 'NONE',  ( 1.999962695453659090E-10, 0.000000000000000000, -1.000000000000000000 ) ) ;
#2784 = EDGE_CURVE ( 'NONE', #5899, #5823, #6552, .T. ) ;
#2785 = LINE ( 'NONE', #5282, #4737 ) ;
#2786 = VECTOR ( 'NONE', #1505, 1000.000000000000000 ) ;
#2787 = PLANE ( 'NONE',  #4169 ) ;
#2788 = EDGE_LOOP ( 'NONE', ( #4432, #1312, #4925, #5929 ) ) ;
#2789 = VERTEX_POINT ( 'NONE', #2769 ) ;
#2790 = DIRECTION ( 'NONE',  ( -1.000000000000000000, 0.000000000000000000, 3.556183121661470798E-15 ) ) ;
#2791 = ORIENTED_EDGE ( 'NONE', *, *, #3823, .F. ) ;
#2792 = ORIENTED_EDGE ( 'NONE', *, *, #4984, .T. ) ;
#2793 = VECTOR ( 'NONE', #5867, 1000.000000000000000 ) ;
#2794 = VERTEX_POINT ( 'NONE', #929 ) ;
#2795 = CARTESIAN_POINT ( 'NONE',  ( 14.99999998203329987, 500.0000000000000000, 14.19238815442339963 ) ) ;
#2796 = EDGE_CURVE ( 'NONE', #2789, #7744, #393, .T. ) ;
#2797 = CARTESIAN_POINT ( 'NONE',  ( -31.80000000000000071, 500.0000000000000000, 7.500000000000000000 ) ) ;
#2798 = ORIENTED_EDGE ( 'NONE', *, *, #5710, .T. ) ;
#2799 = DIRECTION ( 'NONE',  ( 0.000000000000000000, -1.000000000000000000, 0.000000000000000000 ) ) ;
#2800 = PLANE ( 'NONE',  #313 ) ;
#2801 = DIRECTION ( 'NONE',  ( 0.000000000000000000, -1.000000000000000000, 0.000000000000000000 ) ) ;
#2802 = ORIENTED_EDGE ( 'NONE', *, *, #8021, .F. ) ;
#2803 = ORIENTED_EDGE ( 'NONE', *, *, #4460, .T. ) ;
#2804 = VERTEX_POINT ( 'NONE', #1663 ) ;
#2805 = DIRECTION ( 'NONE',  ( 0.000000000000000000, 0.000000000000000000, -1.000000000000000000 ) ) ;
#2806 = CIRCLE ( 'NONE', #4635, 0.5000000000000004441 ) ;
#2807 = ORIENTED_EDGE ( 'NONE', *, *, #4651, .F. ) ;
#2808 = CARTESIAN_POINT ( 'NONE',  ( 26.49999999990000177, -500.0000000000000000, 16.00000000010000178 ) ) ;
#2809 = ADVANCED_FACE ( 'NONE', ( #2810 ), #5926, .F. ) ;
#2810 = FACE_OUTER_BOUND ( 'NONE', #1840, .T. ) ;
#2811 = EDGE_LOOP ( 'NONE', ( #1145, #3859 ) ) ;
#2812 = VERTEX_POINT ( 'NONE', #5511 ) ;
#2813 = ADVANCED_FACE ( 'NONE', ( #8079 ), #6666, .F. ) ;
#2814 = EDGE_LOOP ( 'NONE', ( #110, #8039, #4086, #4392 ) ) ;
#2815 = CARTESIAN_POINT ( 'NONE',  ( -12.90685425000000031, -500.0000000000000000, 9.214466100000000992 ) ) ;
#2816 = DIRECTION ( 'NONE',  ( 1.000000000000000000, 0.000000000000000000, 0.000000000000000000 ) ) ;
#2817 = AXIS2_PLACEMENT_3D ( 'NONE', #6717, #2355, #4216 ) ;
#2818 = DIRECTION ( 'NONE',  ( 0.000000000000000000, 0.000000000000000000, 1.000000000000000000 ) ) ;
#2819 = CARTESIAN_POINT ( 'NONE',  ( -11.62316017250000044, -500.0000000000000000, -10.49816017750000086 ) ) ;
#2820 = ORIENTED_EDGE ( 'NONE', *, *, #7192, .T. ) ;
#2821 = DIRECTION ( 'NONE',  ( 0.000000000000000000, 0.000000000000000000, 1.000000000000000000 ) ) ;
#2822 = ADVANCED_FACE ( 'NONE', ( #5465 ), #3551, .F. ) ;
#2823 = ORIENTED_EDGE ( 'NONE', *, *, #5430, .T. ) ;
#2824 = ORIENTED_EDGE ( 'NONE', *, *, #2569, .T. ) ;
#2825 = CARTESIAN_POINT ( 'NONE',  ( -7.250000000000000000, 500.0000000000000000, -3.557611840000020287 ) ) ;
#2826 = CARTESIAN_POINT ( 'NONE',  ( 32.75000002847990288, -500.0000000000000000, 3.557611826337780503 ) ) ;
#2827 = DIRECTION ( 'NONE',  ( 0.000000000000000000, -1.000000000000000000, 0.000000000000000000 ) ) ;
#2828 = LINE ( 'NONE', #7303, #7432 ) ;
#2829 = DIRECTION ( 'NONE',  ( -1.000000000000000000, 0.000000000000000000, 0.000000000000000000 ) ) ;
#2830 = EDGE_CURVE ( 'NONE', #5827, #7030, #1048, .T. ) ;
#2831 = EDGE_CURVE ( 'NONE', #8013, #306, #4974, .T. ) ;
#2832 = VECTOR ( 'NONE', #3747, 1000.000000000000000 ) ;
#2833 = EDGE_LOOP ( 'NONE', ( #6325, #6847, #5155, #7657, #3822, #8001, #7308, #2901, #1401, #1929, #3345, #7632, #4528, #3812, #4553, #1353, #3362, #4051, #6355, #7958, #300, #2757, #5503, #3325, #4773, #7145, #2735, #4954, #7649, #3856, #7532, #2706, #2890, #1664, #5053, #5213, #2717, #6630, #1554, #5188, #1338, #90, #5947, #3656, #5345, #3190, #465, #6475, #4597, #6366, #5803, #1038, #5114, #1620, #375, #2081, #1535, #4006, #8036, #3987, #5288, #3328, #7985, #2792, #6011, #6925, #1621, #3751, #4393, #5331, #7100, #2097, #594, #4615, #2803, #923, #3352, #7705, #6395, #4192, #2269, #2243, #3085, #4120, #7646, #2493, #6984, #6601, #2968, #920, #5994, #2222, #1821, #217, #6821, #7399, #7269, #5042, #792, #634, #6283, #5424, #7384, #3533, #8072, #5613, #3321, #5940, #1848, #7397, #1602, #106, #7858, #2346, #3912, #5520, #5526, #6509, #1715, #373, #3637, #5490, #2200, #2834, #1229, #8083, #2823, #2257, #1086, #536, #562, #6037, #262, #7756, #7955, #7177, #6530, #5130, #3239, #4484, #8003, #2506, #6857, #4867, #813, #13, #1852, #7534, #3497, #7074, #2969, #7802, #4230, #3467, #7724, #2104, #6191, #4306, #7012, #8060, #5868, #6808, #2600, #4866, #2697, #3382, #6894, #950, #486, #80, #398, #676, #6674, #1926, #247, #7589 ) ) ;
#2834 = ORIENTED_EDGE ( 'NONE', *, *, #4627, .T. ) ;
#2835 = VERTEX_POINT ( 'NONE', #6785 ) ;
#2836 = LINE ( 'NONE', #5334, #6299 ) ;
#2837 = LINE ( 'NONE', #1801, #4079 ) ;
#2838 = ORIENTED_EDGE ( 'NONE', *, *, #2239, .F. ) ;
#2839 = DIRECTION ( 'NONE',  ( 1.000000000000000000, 0.000000000000000000, 9.999640004920697768E-11 ) ) ;
#2840 = DIRECTION ( 'NONE',  ( 0.000000000000000000, -1.000000000000000000, 0.000000000000000000 ) ) ;
#2841 = AXIS2_PLACEMENT_3D ( 'NONE', #402, #4009, #359 ) ;
#2842 = CARTESIAN_POINT ( 'NONE',  ( -27.09314575000000147, 500.0000000000000000, 9.214466100000000992 ) ) ;
#2843 = ORIENTED_EDGE ( 'NONE', *, *, #1592, .F. ) ;
#2844 = ADVANCED_FACE ( 'NONE', ( #7325 ), #6093, .F. ) ;
#2845 = EDGE_CURVE ( 'NONE', #1963, #7109, #2351, .T. ) ;
#2846 = ORIENTED_EDGE ( 'NONE', *, *, #4580, .T. ) ;
#2847 = ORIENTED_EDGE ( 'NONE', *, *, #1304, .T. ) ;
#2848 = DIRECTION ( 'NONE',  ( 0.000000000000000000, -1.000000000000000000, 0.000000000000000000 ) ) ;
#2849 = VECTOR ( 'NONE', #503, 1000.000000000000000 ) ;
#2850 = ORIENTED_EDGE ( 'NONE', *, *, #8106, .F. ) ;
#2851 = CARTESIAN_POINT ( 'NONE',  ( -23.55761183999999986, -500.0000000000000000, -7.750000000000000000 ) ) ;
#2852 = DIRECTION ( 'NONE',  ( 0.000000000000000000, -1.000000000000000000, 0.000000000000000000 ) ) ;
#2853 = AXIS2_PLACEMENT_3D ( 'NONE', #6606, #7344, #3526 ) ;
#2854 = ADVANCED_FACE ( 'NONE', ( #7922 ), #2307, .F. ) ;
#2855 = EDGE_LOOP ( 'NONE', ( #3372, #524, #3716, #2281 ) ) ;
#2856 = CARTESIAN_POINT ( 'NONE',  ( 23.40000000000000213, 500.0000000000000000, 4.163799117100999573E-16 ) ) ;
#2857 = CARTESIAN_POINT ( 'NONE',  ( -24.00000000000000000, -500.0000000000000000, 8.750000000000000000 ) ) ;
#2858 = VECTOR ( 'NONE', #6463, 1000.000000000000000 ) ;
#2859 = CARTESIAN_POINT ( 'NONE',  ( 12.87500000000000000, -500.0000000000000000, -15.50000000000000000 ) ) ;
#2860 = DIRECTION ( 'NONE',  ( 0.000000000000000000, 1.000000000000000000, 0.000000000000000000 ) ) ;
#2861 = EDGE_CURVE ( 'NONE', #2341, #32, #2233, .T. ) ;
#2862 = VERTEX_POINT ( 'NONE', #6713 ) ;
#2863 = VECTOR ( 'NONE', #705, 1000.000000000000000 ) ;
#2864 = LINE ( 'NONE', #4256, #2598 ) ;
#2865 = EDGE_LOOP ( 'NONE', ( #1640, #2637, #89, #3360 ) ) ;
#2866 = DIRECTION ( 'NONE',  ( 0.000000000000000000, -1.000000000000000000, 0.000000000000000000 ) ) ;
#2867 = DIRECTION ( 'NONE',  ( 0.000000000000000000, -1.000000000000000000, 0.000000000000000000 ) ) ;
#2868 = CARTESIAN_POINT ( 'NONE',  ( -23.40000000000000213, -500.0000000000000000, 4.163799117100999573E-16 ) ) ;
#2869 = AXIS2_PLACEMENT_3D ( 'NONE', #6550, #7169, #2059 ) ;
#2870 = DIRECTION ( 'NONE',  ( 0.000000000000000000, 1.000000000000000000, 0.000000000000000000 ) ) ;
#2871 = DIRECTION ( 'NONE',  ( 0.000000000000000000, 0.000000000000000000, 1.000000000000000000 ) ) ;
#2872 = EDGE_CURVE ( 'NONE', #3344, #1611, #134, .T. ) ;
#2873 = FACE_OUTER_BOUND ( 'NONE', #5158, .T. ) ;
#2874 = AXIS2_PLACEMENT_3D ( 'NONE', #5403, #7295, #3597 ) ;
#2875 = AXIS2_PLACEMENT_3D ( 'NONE', #6317, #8069, #1 ) ;
#2876 = ORIENTED_EDGE ( 'NONE', *, *, #5919, .F. ) ;
#2877 = ORIENTED_EDGE ( 'NONE', *, *, #5636, .F. ) ;
#2878 = VERTEX_POINT ( 'NONE', #3671 ) ;
#2879 = DIRECTION ( 'NONE',  ( 0.000000000000000000, -1.000000000000000000, 0.000000000000000000 ) ) ;
#2880 = DIRECTION ( 'NONE',  ( 0.000000000000000000, -1.000000000000000000, 0.000000000000000000 ) ) ;
#2881 = ORIENTED_EDGE ( 'NONE', *, *, #3136, .F. ) ;
#2882 = DIRECTION ( 'NONE',  ( 0.000000000000000000, -1.000000000000000000, 0.000000000000000000 ) ) ;
#2883 = AXIS2_PLACEMENT_3D ( 'NONE', #1841, #6850, #1224 ) ;
#2884 = EDGE_CURVE ( 'NONE', #3285, #1185, #555, .T. ) ;
#2885 = LINE ( 'NONE', #2759, #438 ) ;
#2886 = VECTOR ( 'NONE', #2328, 1000.000000000000114 ) ;
#2887 = LINE ( 'NONE', #8032, #6402 ) ;
#2888 = VERTEX_POINT ( 'NONE', #591 ) ;
#2889 = DIRECTION ( 'NONE',  ( 0.000000000000000000, -1.000000000000000000, 0.000000000000000000 ) ) ;
#2890 = ORIENTED_EDGE ( 'NONE', *, *, #2437, .F. ) ;
#2891 = VECTOR ( 'NONE', #6052, 1000.000000000000000 ) ;
#2892 =( GEOMETRIC_REPRESENTATION_CONTEXT ( 3 ) GLOBAL_UNCERTAINTY_ASSIGNED_CONTEXT ( ( #2345 ) ) GLOBAL_UNIT_ASSIGNED_CONTEXT ( ( #4498, #5186, #5802 ) ) REPRESENTATION_CONTEXT ( 'NONE', 'WORKASPACE' ) );
#2893 = CARTESIAN_POINT ( 'NONE',  ( -36.00000000000000000, 500.0000000000000000, -6.999999999899999992 ) ) ;
#2894 = ORIENTED_EDGE ( 'NONE', *, *, #6397, .T. ) ;
#2895 = DIRECTION ( 'NONE',  ( 0.000000000000000000, -1.000000000000000000, 0.000000000000000000 ) ) ;
#2896 = CYLINDRICAL_SURFACE ( 'NONE', #526, 0.4500000000000007327 ) ;
#2897 = EDGE_CURVE ( 'NONE', #5635, #4305, #1088, .T. ) ;
#2898 = ADVANCED_FACE ( 'NONE', ( #3588 ), #473, .F. ) ;
#2899 = AXIS2_PLACEMENT_3D ( 'NONE', #3327, #3366, #7234 ) ;
#2900 = AXIS2_PLACEMENT_3D ( 'NONE', #5723, #7615, #815 ) ;
#2901 = ORIENTED_EDGE ( 'NONE', *, *, #6879, .T. ) ;
#2902 = ORIENTED_EDGE ( 'NONE', *, *, #1762, .F. ) ;
#2903 = CARTESIAN_POINT ( 'NONE',  ( 36.00000000000000000, 500.0000000000000000, 20.00000000000000000 ) ) ;
#2904 = CARTESIAN_POINT ( 'NONE',  ( 35.49999999989999822, -500.0000000000000000, 7.499999999899999992 ) ) ;
#2905 = VECTOR ( 'NONE', #7311, 1000.000000000000000 ) ;
#2906 = DIRECTION ( 'NONE',  ( 0.000000000000000000, -1.000000000000000000, 0.000000000000000000 ) ) ;
#2907 = ADVANCED_FACE ( 'NONE', ( #3711 ), #6748, .F. ) ;
#2908 = LINE ( 'NONE', #7293, #2264 ) ;
#2909 = ORIENTED_EDGE ( 'NONE', *, *, #3806, .T. ) ;
#2910 = DIRECTION ( 'NONE',  ( 0.000000000000000000, -1.000000000000000000, 0.000000000000000000 ) ) ;
#2911 = ORIENTED_EDGE ( 'NONE', *, *, #834, .T. ) ;
#2912 = CARTESIAN_POINT ( 'NONE',  ( 18.37683982750000311, 500.0000000000000000, -0.4981601775000000232 ) ) ;
#2913 = CARTESIAN_POINT ( 'NONE',  ( -10.22500000500000006, 501.0000000000000000, 7.653679655000000359 ) ) ;
#2914 = CARTESIAN_POINT ( 'NONE',  ( -36.00000000000000000, 500.0000000000000000, -20.00000000000000000 ) ) ;
#2915 = ADVANCED_FACE ( 'NONE', ( #6134 ), #3054, .F. ) ;
#2916 = DIRECTION ( 'NONE',  ( 1.000000000000000000, 0.000000000000000000, 0.000000000000000000 ) ) ;
#2917 = CARTESIAN_POINT ( 'NONE',  ( 27.50000000000000000, 500.0000000000000000, 17.99999999990000177 ) ) ;
#2918 = DIRECTION ( 'NONE',  ( 1.999928000984143172E-10, 0.000000000000000000, -1.000000000000000000 ) ) ;
#2919 = ORIENTED_EDGE ( 'NONE', *, *, #5289, .F. ) ;
#2920 = VERTEX_POINT ( 'NONE', #4896 ) ;
#2921 = EDGE_CURVE ( 'NONE', #4648, #2425, #2094, .T. ) ;
#2922 = VECTOR ( 'NONE', #763, 1000.000000000000000 ) ;
#2923 = DIRECTION ( 'NONE',  ( 0.000000000000000000, -1.000000000000000000, 0.000000000000000000 ) ) ;
#2924 = CARTESIAN_POINT ( 'NONE',  ( -13.00000000010000001, -500.0000000000000000, -16.00000000000000000 ) ) ;
#2925 = EDGE_LOOP ( 'NONE', ( #7496, #8082, #4446, #5115 ) ) ;
#2926 = DIRECTION ( 'NONE',  ( 1.000000000000000000, 0.000000000000000000, 2.222219322136872090E-10 ) ) ;
#2927 = CARTESIAN_POINT ( 'NONE',  ( -23.55761183999999986, 501.0000000000000000, 7.750000000000000000 ) ) ;
#2928 = FACE_OUTER_BOUND ( 'NONE', #7800, .T. ) ;
#2929 = CIRCLE ( 'NONE', #3312, 1.500000000000001332 ) ;
#2930 = ORIENTED_EDGE ( 'NONE', *, *, #2386, .T. ) ;
#2931 = ORIENTED_EDGE ( 'NONE', *, *, #6397, .F. ) ;
#2932 = VERTEX_POINT ( 'NONE', #1357 ) ;
#2933 = EDGE_CURVE ( 'NONE', #3502, #3498, #3206, .T. ) ;
#2934 = CARTESIAN_POINT ( 'NONE',  ( -9.582169917500001688, 500.0000000000000000, 8.296509742500010276 ) ) ;
#2935 = EDGE_LOOP ( 'NONE', ( #42, #7869, #5748, #2591 ) ) ;
#2936 = PLANE ( 'NONE',  #6222 ) ;
#2937 = DIRECTION ( 'NONE',  ( 0.000000000000000000, -1.000000000000000000, 0.000000000000000000 ) ) ;
#2938 = ORIENTED_EDGE ( 'NONE', *, *, #1090, .F. ) ;
#2939 = CIRCLE ( 'NONE', #7637, 5.000000005751930487 ) ;
#2940 = ADVANCED_FACE ( 'NONE', ( #4479 ), #7625, .T. ) ;
#2941 = EDGE_CURVE ( 'NONE', #502, #7456, #7553, .T. ) ;
#2942 = LINE ( 'NONE', #1091, #2065 ) ;
#2943 = CARTESIAN_POINT ( 'NONE',  ( -10.00000000000000000, -500.0000000000000000, 7.750000000000000000 ) ) ;
#2944 = DIRECTION ( 'NONE',  ( -1.000000000000000000, 0.000000000000000000, 0.000000000000000000 ) ) ;
#2945 = LINE ( 'NONE', #4177, #1478 ) ;
#2946 = DIRECTION ( 'NONE',  ( 0.000000000000000000, 1.000000000000000000, 0.000000000000000000 ) ) ;
#2947 = ADVANCED_FACE ( 'NONE', ( #7017 ), #3905, .F. ) ;
#2948 = VECTOR ( 'NONE', #597, 1000.000000000000114 ) ;
#2949 = ORIENTED_EDGE ( 'NONE', *, *, #3623, .T. ) ;
#2950 = LINE ( 'NONE', #2284, #6914 ) ;
#2951 = LINE ( 'NONE', #3643, #1358 ) ;
#2952 = DIRECTION ( 'NONE',  ( 0.000000000000000000, 1.000000000000000000, 0.000000000000000000 ) ) ;
#2953 = LINE ( 'NONE', #2324, #3056 ) ;
#2954 = FACE_OUTER_BOUND ( 'NONE', #2091, .T. ) ;
#2955 = APPLICATION_CONTEXT ( 'automotive_design' ) ;
#2956 = DIRECTION ( 'NONE',  ( 0.000000000000000000, -1.000000000000000000, 0.000000000000000000 ) ) ;
#2957 = EDGE_CURVE ( 'NONE', #823, #5467, #4399, .T. ) ;
#2958 = VERTEX_POINT ( 'NONE', #3748 ) ;
#2959 = ORIENTED_EDGE ( 'NONE', *, *, #1932, .T. ) ;
#2960 = CARTESIAN_POINT ( 'NONE',  ( -26.49999999990000177, -500.0000000000000000, 16.00000000010000178 ) ) ;
#2961 = LINE ( 'NONE', #3655, #1964 ) ;
#2962 = DIRECTION ( 'NONE',  ( 0.000000000000000000, -1.000000000000000000, 0.000000000000000000 ) ) ;
#2963 = CARTESIAN_POINT ( 'NONE',  ( 37.54999999989999537, 500.0000000000000000, -7.450000000100000186 ) ) ;
#2964 = DIRECTION ( 'NONE',  ( 6.666657966410595850E-11, 0.000000000000000000, -1.000000000000000000 ) ) ;
#2965 = ORIENTED_EDGE ( 'NONE', *, *, #5033, .F. ) ;
#2966 = DIRECTION ( 'NONE',  ( 1.000000000000000000, 0.000000000000000000, 9.999813477268295448E-11 ) ) ;
#2967 = EDGE_CURVE ( 'NONE', #4221, #1896, #6864, .T. ) ;
#2968 = ORIENTED_EDGE ( 'NONE', *, *, #7798, .T. ) ;
#2969 = ORIENTED_EDGE ( 'NONE', *, *, #1646, .T. ) ;
#2970 = CARTESIAN_POINT ( 'NONE',  ( -37.54999999989999537, 501.0000000000000000, -7.450000000100000186 ) ) ;
#2971 = ORIENTED_EDGE ( 'NONE', *, *, #795, .F. ) ;
#2972 = FACE_OUTER_BOUND ( 'NONE', #7068, .T. ) ;
#2973 = DIRECTION ( 'NONE',  ( 0.000000000000000000, 0.000000000000000000, 1.000000000000000000 ) ) ;
#2974 = EDGE_CURVE ( 'NONE', #5140, #7009, #2629, .T. ) ;
#2975 = VECTOR ( 'NONE', #6829, 1000.000000000000114 ) ;
#2976 = DIRECTION ( 'NONE',  ( 0.000000000000000000, -1.000000000000000000, 0.000000000000000000 ) ) ;
#2977 = DIRECTION ( 'NONE',  ( 0.000000000000000000, -1.000000000000000000, 0.000000000000000000 ) ) ;
#2978 = CARTESIAN_POINT ( 'NONE',  ( 32.30000000000000426, 500.0000000000000000, 12.30000000000000071 ) ) ;
#2979 = CARTESIAN_POINT ( 'NONE',  ( 10.78553388999999996, 501.0000000000000000, -7.093145749999999694 ) ) ;
#2980 = VECTOR ( 'NONE', #4919, 1000.000000000000000 ) ;
#2981 = ORIENTED_EDGE ( 'NONE', *, *, #6803, .T. ) ;
#2982 = EDGE_CURVE ( 'NONE', #7972, #2669, #167, .T. ) ;
#2983 = DIRECTION ( 'NONE',  ( 0.000000000000000000, 0.000000000000000000, 1.000000000000000000 ) ) ;
#2984 = ORIENTED_EDGE ( 'NONE', *, *, #667, .F. ) ;
#2985 = ORIENTED_EDGE ( 'NONE', *, *, #5874, .F. ) ;
#2986 = CARTESIAN_POINT ( 'NONE',  ( -38.19999999999999574, -500.0000000000000000, 16.00000000000000000 ) ) ;
#2987 = VECTOR ( 'NONE', #1755, 1000.000000000000000 ) ;
#2988 = PLANE ( 'NONE',  #5948 ) ;
#2989 = CARTESIAN_POINT ( 'NONE',  ( -32.30000000000000426, 500.0000000000000000, 18.19999999999999929 ) ) ;
#2990 = FACE_OUTER_BOUND ( 'NONE', #148, .T. ) ;
#2991 = DIRECTION ( 'NONE',  ( -1.999962695453659090E-10, 0.000000000000000000, 1.000000000000000000 ) ) ;
#2992 = EDGE_CURVE ( 'NONE', #3740, #1302, #2004, .T. ) ;
#2993 = EDGE_CURVE ( 'NONE', #7004, #6465, #793, .T. ) ;
#2994 = CARTESIAN_POINT ( 'NONE',  ( -36.00000000000000000, 500.0000000000000000, -20.00000000000000000 ) ) ;
#2995 = EDGE_LOOP ( 'NONE', ( #4348, #6948, #2096, #5267 ) ) ;
#2996 = VERTEX_POINT ( 'NONE', #5011 ) ;
#2997 = CIRCLE ( 'NONE', #7054, 0.4500000000000007327 ) ;
#2998 = ORIENTED_EDGE ( 'NONE', *, *, #7174, .F. ) ;
#2999 = LINE ( 'NONE', #4118, #4717 ) ;
#3000 = CARTESIAN_POINT ( 'NONE',  ( -38.19999999999999574, 501.0000000000000000, -14.14999999999999858 ) ) ;
#3001 = DIRECTION ( 'NONE',  ( 0.000000000000000000, 0.000000000000000000, 1.000000000000000000 ) ) ;
#3002 = ORIENTED_EDGE ( 'NONE', *, *, #2010, .F. ) ;
#3003 = CARTESIAN_POINT ( 'NONE',  ( 27.49999999990000177, 500.0000000000000000, 15.49999999989999999 ) ) ;
#3004 = CARTESIAN_POINT ( 'NONE',  ( -13.00000000000000000, 501.0000000000000000, -16.77500000000000213 ) ) ;
#3005 = ADVANCED_FACE ( 'NONE', ( #6982 ), #5695, .F. ) ;
#3006 = VECTOR ( 'NONE', #2910, 1000.000000000000000 ) ;
#3007 = DIRECTION ( 'NONE',  ( 0.000000000000000000, -1.000000000000000000, 0.000000000000000000 ) ) ;
#3008 = ORIENTED_EDGE ( 'NONE', *, *, #7923, .F. ) ;
#3009 = CYLINDRICAL_SURFACE ( 'NONE', #2220, 1.499999999999999556 ) ;
#3010 = ORIENTED_EDGE ( 'NONE', *, *, #834, .F. ) ;
#3011 = PLANE ( 'NONE',  #4302 ) ;
#3012 = ORIENTED_EDGE ( 'NONE', *, *, #7449, .F. ) ;
#3013 = CARTESIAN_POINT ( 'NONE',  ( -26.49999999990000177, 501.0000000000000000, 16.00000000010000178 ) ) ;
#3014 = VECTOR ( 'NONE', #3111, 1000.000000000000000 ) ;
#3015 = VECTOR ( 'NONE', #8035, 1000.000000000000000 ) ;
#3016 = DIRECTION ( 'NONE',  ( -0.7071067807047830556, 0.000000000000000000, -0.7071067816683118679 ) ) ;
#3017 = EDGE_CURVE ( 'NONE', #7672, #4316, #5659, .T. ) ;
#3018 = CIRCLE ( 'NONE', #5228, 0.5000000000000004441 ) ;
#3019 = CIRCLE ( 'NONE', #4724, 1.500000000000001332 ) ;
#3020 = DIRECTION ( 'NONE',  ( -6.666657966410595850E-11, 0.000000000000000000, 1.000000000000000000 ) ) ;
#3021 = EDGE_CURVE ( 'NONE', #622, #2804, #6168, .T. ) ;
#3022 = DIRECTION ( 'NONE',  ( 1.000000000000000000, 0.000000000000000000, 4.884684341243944013E-09 ) ) ;
#3023 = VECTOR ( 'NONE', #5954, 1000.000000000000000 ) ;
#3024 = VECTOR ( 'NONE', #72, 1000.000000000000000 ) ;
#3025 = LINE ( 'NONE', #2979, #694 ) ;
#3026 = VERTEX_POINT ( 'NONE', #6288 ) ;
#3027 = ORIENTED_EDGE ( 'NONE', *, *, #3216, .T. ) ;
#3028 = CARTESIAN_POINT ( 'NONE',  ( -10.00000000010000001, 500.0000000000000000, -15.50000000000000000 ) ) ;
#3029 = AXIS2_PLACEMENT_3D ( 'NONE', #7182, #1561, #4069 ) ;
#3030 = ORIENTED_EDGE ( 'NONE', *, *, #7930, .T. ) ;
#3031 = DIRECTION ( 'NONE',  ( 0.000000000000000000, 1.000000000000000000, 0.000000000000000000 ) ) ;
#3032 = ADVANCED_FACE ( 'NONE', ( #7514 ), #6362, .T. ) ;
#3033 = CARTESIAN_POINT ( 'NONE',  ( -40.00000000000000000, 500.0000000000000000, 16.00000000000000000 ) ) ;
#3034 = DIRECTION ( 'NONE',  ( -1.000000000000000000, 0.000000000000000000, -4.000029474315877176E-11 ) ) ;
#3035 = CARTESIAN_POINT ( 'NONE',  ( 5.699999990000000238, 501.0000000000000000, 18.00000000000000000 ) ) ;
#3036 = DIRECTION ( 'NONE',  ( 0.000000000000000000, -1.000000000000000000, 0.000000000000000000 ) ) ;
#3037 = ORIENTED_EDGE ( 'NONE', *, *, #3050, .T. ) ;
#3038 = ORIENTED_EDGE ( 'NONE', *, *, #6961, .F. ) ;
#3039 = EDGE_CURVE ( 'NONE', #4742, #3847, #4515, .T. ) ;
#3040 = EDGE_CURVE ( 'NONE', #2260, #967, #47, .T. ) ;
#3041 = CARTESIAN_POINT ( 'NONE',  ( -27.49999999990000177, -500.0000000000000000, -15.49999999989999999 ) ) ;
#3042 = CARTESIAN_POINT ( 'NONE',  ( 30.00000000000000000, -500.0000000000000000, 14.19238813000000121 ) ) ;
#3043 = CARTESIAN_POINT ( 'NONE',  ( 38.19999999999999574, 500.0000000000000000, -7.074999999999999289 ) ) ;
#3044 = DIRECTION ( 'NONE',  ( 0.000000000000000000, 1.000000000000000000, 0.000000000000000000 ) ) ;
#3045 = DIRECTION ( 'NONE',  ( 0.000000000000000000, 0.000000000000000000, -1.000000000000000000 ) ) ;
#3046 = FACE_OUTER_BOUND ( 'NONE', #4629, .T. ) ;
#3047 = EDGE_LOOP ( 'NONE', ( #4241, #7499, #77, #3410 ) ) ;
#3048 = LINE ( 'NONE', #5537, #3015 ) ;
#3049 = ORIENTED_EDGE ( 'NONE', *, *, #3145, .T. ) ;
#3050 = EDGE_CURVE ( 'NONE', #1922, #6699, #4362, .T. ) ;
#3051 = DIRECTION ( 'NONE',  ( -1.000000000000000000, 0.000000000000000000, 0.000000000000000000 ) ) ;
#3052 = ORIENTED_EDGE ( 'NONE', *, *, #7408, .F. ) ;
#3053 = CARTESIAN_POINT ( 'NONE',  ( -25.50000000009999823, 500.0000000000000000, 18.49999999990000177 ) ) ;
#3054 = CYLINDRICAL_SURFACE ( 'NONE', #6822, 5.000000028479869130 ) ;
#3055 = CARTESIAN_POINT ( 'NONE',  ( -12.90685425000000031, 501.0000000000000000, -9.214466100000000992 ) ) ;
#3056 = VECTOR ( 'NONE', #5485, 1000.000000000000000 ) ;
#3057 = EDGE_CURVE ( 'NONE', #3162, #3423, #2173, .T. ) ;
#3058 = AXIS2_PLACEMENT_3D ( 'NONE', #7794, #3494, #2176 ) ;
#3059 = LINE ( 'NONE', #2312, #2555 ) ;
#3060 = DIRECTION ( 'NONE',  ( 0.000000000000000000, 0.000000000000000000, -1.000000000000000000 ) ) ;
#3061 = DIRECTION ( 'NONE',  ( 0.000000000000000000, -1.000000000000000000, 0.000000000000000000 ) ) ;
#3062 = ORIENTED_EDGE ( 'NONE', *, *, #7011, .T. ) ;
#3063 = CARTESIAN_POINT ( 'NONE',  ( -40.00000000000000000, -500.0000000000000000, 16.00000000000000000 ) ) ;
#3064 = CARTESIAN_POINT ( 'NONE',  ( 18.75000000000000000, 500.0000000000000000, 4.000000000000000000 ) ) ;
#3065 = DIRECTION ( 'NONE',  ( 1.000000000000000000, 0.000000000000000000, 0.000000000000000000 ) ) ;
#3066 = AXIS2_PLACEMENT_3D ( 'NONE', #6024, #2867, #7898 ) ;
#3067 = DIRECTION ( 'NONE',  ( -1.000000000000000000, 0.000000000000000000, 0.000000000000000000 ) ) ;
#3068 = DIRECTION ( 'NONE',  ( 0.000000000000000000, -1.000000000000000000, 0.000000000000000000 ) ) ;
#3069 = CARTESIAN_POINT ( 'NONE',  ( -17.50000000000000000, -500.0000000000000000, 11.79999999999999893 ) ) ;
#3070 = ADVANCED_FACE ( 'NONE', ( #4119 ), #2134, .F. ) ;
#3071 = AXIS2_PLACEMENT_3D ( 'NONE', #6261, #3183, #6959 ) ;
#3072 = DIRECTION ( 'NONE',  ( 0.000000000000000000, -1.000000000000000000, 0.000000000000000000 ) ) ;
#3073 = EDGE_LOOP ( 'NONE', ( #5209, #1341, #7799, #3492 ) ) ;
#3074 = ORIENTED_EDGE ( 'NONE', *, *, #3187, .F. ) ;
#3075 = DIRECTION ( 'NONE',  ( 0.000000000000000000, -1.000000000000000000, 0.000000000000000000 ) ) ;
#3076 = DIRECTION ( 'NONE',  ( 0.000000000000000000, 0.000000000000000000, 1.000000000000000000 ) ) ;
#3077 = CARTESIAN_POINT ( 'NONE',  ( -6.262500000000000178, -500.0000000000000000, -18.00000000000000000 ) ) ;
#3078 = CARTESIAN_POINT ( 'NONE',  ( 12.55000000000000071, -500.0000000000000000, 17.99999999990000177 ) ) ;
#3079 = EDGE_CURVE ( 'NONE', #2996, #4132, #7, .T. ) ;
#3080 = LINE ( 'NONE', #5569, #4575 ) ;
#3081 = EDGE_CURVE ( 'NONE', #5140, #5517, #4595, .T. ) ;
#3082 = ORIENTED_EDGE ( 'NONE', *, *, #4467, .T. ) ;
#3083 = DIRECTION ( 'NONE',  ( 0.000000000000000000, 0.000000000000000000, 1.000000000000000000 ) ) ;
#3084 = ORIENTED_EDGE ( 'NONE', *, *, #6651, .T. ) ;
#3085 = ORIENTED_EDGE ( 'NONE', *, *, #4124, .T. ) ;
#3086 = DIRECTION ( 'NONE',  ( 0.000000000000000000, -1.000000000000000000, 0.000000000000000000 ) ) ;
#3087 = ORIENTED_EDGE ( 'NONE', *, *, #3017, .T. ) ;
#3088 = DIRECTION ( 'NONE',  ( 0.000000000000000000, 1.000000000000000000, 0.000000000000000000 ) ) ;
#3089 = DIRECTION ( 'NONE',  ( 0.000000000000000000, -1.000000000000000000, 0.000000000000000000 ) ) ;
#3090 = CARTESIAN_POINT ( 'NONE',  ( -38.19999999999999574, 501.0000000000000000, 14.14999999999999858 ) ) ;
#3091 = ADVANCED_FACE ( 'NONE', ( #867, #2040, #5253, #4644, #5864, #6526, #7708, #4731 ), #7059, .F. ) ;
#3092 = ADVANCED_FACE ( 'NONE', ( #1441 ), #3415, .F. ) ;
#3093 = ORIENTED_EDGE ( 'NONE', *, *, #5753, .F. ) ;
#3094 = EDGE_LOOP ( 'NONE', ( #1603, #3545, #5651, #2318 ) ) ;
#3095 = LINE ( 'NONE', #4250, #7538 ) ;
#3096 = FACE_OUTER_BOUND ( 'NONE', #7307, .T. ) ;
#3097 = DIRECTION ( 'NONE',  ( -1.000000000000000000, 0.000000000000000000, 0.000000000000000000 ) ) ;
#3098 = EDGE_CURVE ( 'NONE', #387, #3867, #1614, .T. ) ;
#3099 = CIRCLE ( 'NONE', #4672, 2.500000000000002220 ) ;
#3100 = DIRECTION ( 'NONE',  ( -1.000000000000000000, 0.000000000000000000, -2.222219322136872090E-10 ) ) ;
#3101 = DIRECTION ( 'NONE',  ( 0.000000000000000000, -1.000000000000000000, 0.000000000000000000 ) ) ;
#3102 = LINE ( 'NONE', #1249, #1496 ) ;
#3103 = VECTOR ( 'NONE', #1201, 1000.000000000000000 ) ;
#3104 = DIRECTION ( 'NONE',  ( 0.000000000000000000, 1.000000000000000000, 0.000000000000000000 ) ) ;
#3105 = CARTESIAN_POINT ( 'NONE',  ( 5.699999990000019778, 501.0000000000000000, 15.50000000000000000 ) ) ;
#3106 = CARTESIAN_POINT ( 'NONE',  ( 30.65685426000000291, 500.0000000000000000, -8.535533909999999835 ) ) ;
#3107 = AXIS2_PLACEMENT_3D ( 'NONE', #1955, #5118, #818 ) ;
#3108 = CARTESIAN_POINT ( 'NONE',  ( 28.53553391000000161, 501.0000000000000000, 10.65685425999999936 ) ) ;
#3109 = ORIENTED_EDGE ( 'NONE', *, *, #7487, .T. ) ;
#3110 = ORIENTED_EDGE ( 'NONE', *, *, #6597, .T. ) ;
#3111 = DIRECTION ( 'NONE',  ( -1.000000000000000000, 0.000000000000000000, 0.000000000000000000 ) ) ;
#3112 = ADVANCED_FACE ( 'NONE', ( #7193 ), #993, .T. ) ;
#3113 = LINE ( 'NONE', #3771, #7984 ) ;
#3114 = DIRECTION ( 'NONE',  ( 0.000000000000000000, -1.000000000000000000, 0.000000000000000000 ) ) ;
#3115 = VECTOR ( 'NONE', #6584, 1000.000000000000000 ) ;
#3116 = DIRECTION ( 'NONE',  ( -1.000000000000000000, 0.000000000000000000, 0.000000000000000000 ) ) ;
#3117 = LINE ( 'NONE', #4962, #7574 ) ;
#3118 = ORIENTED_EDGE ( 'NONE', *, *, #50, .T. ) ;
#3119 = DIRECTION ( 'NONE',  ( 0.000000000000000000, 0.000000000000000000, 1.000000000000000000 ) ) ;
#3120 = EDGE_LOOP ( 'NONE', ( #6744, #3985, #6257, #4894 ) ) ;
#3121 = ORIENTED_EDGE ( 'NONE', *, *, #565, .T. ) ;
#3122 = FACE_OUTER_BOUND ( 'NONE', #297, .T. ) ;
#3123 = ORIENTED_EDGE ( 'NONE', *, *, #5484, .F. ) ;
#3124 = DIRECTION ( 'NONE',  ( -1.000000000000000000, 0.000000000000000000, -6.938893903907229364E-16 ) ) ;
#3125 = EDGE_CURVE ( 'NONE', #742, #7555, #5505, .T. ) ;
#3126 = CARTESIAN_POINT ( 'NONE',  ( 26.49999999990000177, 501.0000000000000000, 16.00000000010000178 ) ) ;
#3127 = CARTESIAN_POINT ( 'NONE',  ( 5.699999989999990468, -500.0000000000000000, -15.50000000000000000 ) ) ;
#3128 = CIRCLE ( 'NONE', #5602, 4.000000000000000000 ) ;
#3129 = CIRCLE ( 'NONE', #6532, 4.999999982033290102 ) ;
#3130 = ORIENTED_EDGE ( 'NONE', *, *, #2861, .F. ) ;
#3131 = CIRCLE ( 'NONE', #1050, 5.000000005751958909 ) ;
#3132 = AXIS2_PLACEMENT_3D ( 'NONE', #2421, #6620, #4770 ) ;
#3133 = ORIENTED_EDGE ( 'NONE', *, *, #819, .T. ) ;
#3134 = FACE_OUTER_BOUND ( 'NONE', #5582, .T. ) ;
#3135 = EDGE_CURVE ( 'NONE', #5414, #968, #2489, .T. ) ;
#3136 = EDGE_CURVE ( 'NONE', #6534, #5950, #912, .T. ) ;
#3137 = DIRECTION ( 'NONE',  ( 1.000000000000000000, 0.000000000000000000, 4.884684341243942359E-09 ) ) ;
#3138 = CARTESIAN_POINT ( 'NONE',  ( -8.200000010000000117, 500.0000000000000000, -11.74974747000000086 ) ) ;
#3139 = AXIS2_PLACEMENT_3D ( 'NONE', #754, #6455, #1936 ) ;
#3140 = CIRCLE ( 'NONE', #7971, 4.999999982033289214 ) ;
#3141 = DIRECTION ( 'NONE',  ( 0.000000000000000000, 0.000000000000000000, -1.000000000000000000 ) ) ;
#3142 = DIRECTION ( 'NONE',  ( 0.000000000000000000, 0.000000000000000000, 1.000000000000000000 ) ) ;
#3143 = DIRECTION ( 'NONE',  ( 0.000000000000000000, -1.000000000000000000, 0.000000000000000000 ) ) ;
#3144 = CIRCLE ( 'NONE', #6033, 0.4499999999999999001 ) ;
#3145 = EDGE_CURVE ( 'NONE', #6348, #7456, #210, .T. ) ;
#3146 = FACE_OUTER_BOUND ( 'NONE', #1042, .T. ) ;
#3147 = CARTESIAN_POINT ( 'NONE',  ( -36.00000000000000000, -500.0000000000000000, -20.00000000000000000 ) ) ;
#3148 = DIRECTION ( 'NONE',  ( 1.999928000984143172E-10, 0.000000000000000000, -1.000000000000000000 ) ) ;
#3149 = AXIS2_PLACEMENT_3D ( 'NONE', #4081, #377, #7147 ) ;
#3150 = CIRCLE ( 'NONE', #6420, 1.000000000000000888 ) ;
#3151 = EDGE_LOOP ( 'NONE', ( #3964, #717, #6219, #2413 ) ) ;
#3152 = DIRECTION ( 'NONE',  ( 1.000000000000000000, 0.000000000000000000, 0.000000000000000000 ) ) ;
#3153 = ORIENTED_EDGE ( 'NONE', *, *, #4638, .F. ) ;
#3154 = ORIENTED_EDGE ( 'NONE', *, *, #7415, .F. ) ;
#3155 = EDGE_CURVE ( 'NONE', #3692, #1220, #5205, .T. ) ;
#3156 = DIRECTION ( 'NONE',  ( 1.000000000000000000, 0.000000000000000000, -5.551115123125781913E-15 ) ) ;
#3157 = AXIS2_PLACEMENT_3D ( 'NONE', #5076, #1993, #5117 ) ;
#3158 = CARTESIAN_POINT ( 'NONE',  ( 12.99999999989999999, 501.0000000000000000, -17.55000000000000071 ) ) ;
#3159 = CARTESIAN_POINT ( 'NONE',  ( -31.80000000000000071, 500.0000000000000000, 17.69999999999999929 ) ) ;
#3160 = CARTESIAN_POINT ( 'NONE',  ( 35.49999999989999822, -500.0000000000000000, -7.499999999899999992 ) ) ;
#3161 = CARTESIAN_POINT ( 'NONE',  ( -25.50000000009999823, 501.0000000000000000, 18.49999999990000177 ) ) ;
#3162 = VERTEX_POINT ( 'NONE', #5914 ) ;
#3163 = CARTESIAN_POINT ( 'NONE',  ( 16.44238816000000014, 501.0000000000000000, -7.750000000000000000 ) ) ;
#3164 = VERTEX_POINT ( 'NONE', #2756 ) ;
#3165 = ORIENTED_EDGE ( 'NONE', *, *, #1170, .F. ) ;
#3166 = DIRECTION ( 'NONE',  ( 0.000000000000000000, -1.000000000000000000, 0.000000000000000000 ) ) ;
#3167 = ORIENTED_EDGE ( 'NONE', *, *, #2046, .F. ) ;
#3168 = LINE ( 'NONE', #5658, #6882 ) ;
#3169 = DIRECTION ( 'NONE',  ( 0.000000000000000000, -1.000000000000000000, 0.000000000000000000 ) ) ;
#3170 = DIRECTION ( 'NONE',  ( 0.000000000000000000, -1.000000000000000000, 0.000000000000000000 ) ) ;
#3171 = VERTEX_POINT ( 'NONE', #1481 ) ;
#3172 = CARTESIAN_POINT ( 'NONE',  ( -12.50000000010000001, 500.0000000000000000, 15.49999999989999999 ) ) ;
#3173 = EDGE_CURVE ( 'NONE', #5212, #2012, #3989, .T. ) ;
#3174 = ORIENTED_EDGE ( 'NONE', *, *, #4190, .F. ) ;
#3175 = DIRECTION ( 'NONE',  ( 0.000000000000000000, -1.000000000000000000, 0.000000000000000000 ) ) ;
#3176 = DIRECTION ( 'NONE',  ( 0.000000000000000000, 1.000000000000000000, 0.000000000000000000 ) ) ;
#3177 = VECTOR ( 'NONE', #6462, 1000.000000000000000 ) ;
#3178 = EDGE_CURVE ( 'NONE', #1447, #1684, #5293, .T. ) ;
#3179 = EDGE_CURVE ( 'NONE', #3521, #948, #2837, .T. ) ;
#3180 = LINE ( 'NONE', #6451, #5879 ) ;
#3181 = ORIENTED_EDGE ( 'NONE', *, *, #3662, .T. ) ;
#3182 = LINE ( 'NONE', #4372, #2731 ) ;
#3183 = DIRECTION ( 'NONE',  ( 0.000000000000000000, 0.000000000000000000, 1.000000000000000000 ) ) ;
#3184 = DIRECTION ( 'NONE',  ( 0.000000000000000000, 0.000000000000000000, -1.000000000000000000 ) ) ;
#3185 = ORIENTED_EDGE ( 'NONE', *, *, #6320, .T. ) ;
#3186 = CARTESIAN_POINT ( 'NONE',  ( 38.19999999999999574, 500.0000000000000000, -12.30000000000000071 ) ) ;
#3187 = EDGE_CURVE ( 'NONE', #5846, #757, #4767, .T. ) ;
#3188 = DIRECTION ( 'NONE',  ( 0.000000000000000000, -1.000000000000000000, 0.000000000000000000 ) ) ;
#3189 = VERTEX_POINT ( 'NONE', #7948 ) ;
#3190 = ORIENTED_EDGE ( 'NONE', *, *, #2699, .T. ) ;
#3191 = VECTOR ( 'NONE', #2381, 1000.000000000000000 ) ;
#3192 = FACE_OUTER_BOUND ( 'NONE', #2387, .T. ) ;
#3193 = CARTESIAN_POINT ( 'NONE',  ( 27.00000000000000000, 501.0000000000000000, -17.55000000000000071 ) ) ;
#3194 = DIRECTION ( 'NONE',  ( -1.000000000000000000, 0.000000000000000000, 0.000000000000000000 ) ) ;
#3195 = CARTESIAN_POINT ( 'NONE',  ( -35.50000000000000000, 500.0000000000000000, -2.875000000000000000 ) ) ;
#3196 = DIRECTION ( 'NONE',  ( -1.000000000000000000, 0.000000000000000000, 0.000000000000000000 ) ) ;
#3197 = EDGE_CURVE ( 'NONE', #419, #3830, #2379, .T. ) ;
#3198 = ORIENTED_EDGE ( 'NONE', *, *, #21, .F. ) ;
#3199 = DIRECTION ( 'NONE',  ( 0.000000000000000000, 0.000000000000000000, -1.000000000000000000 ) ) ;
#3200 = ORIENTED_EDGE ( 'NONE', *, *, #1334, .T. ) ;
#3201 = VERTEX_POINT ( 'NONE', #2924 ) ;
#3202 = AXIS2_PLACEMENT_3D ( 'NONE', #515, #1127, #5513 ) ;
#3203 = AXIS2_PLACEMENT_3D ( 'NONE', #1596, #7890, #2816 ) ;
#3204 = ORIENTED_EDGE ( 'NONE', *, *, #4113, .T. ) ;
#3205 = CARTESIAN_POINT ( 'NONE',  ( 15.99999999989999999, -500.0000000000000000, 18.50000000000000000 ) ) ;
#3206 = LINE ( 'NONE', #6898, #1448 ) ;
#3207 = DIRECTION ( 'NONE',  ( -1.000000000000000000, 0.000000000000000000, 0.000000000000000000 ) ) ;
#3208 = EDGE_CURVE ( 'NONE', #6453, #8050, #1597, .T. ) ;
#3209 = ORIENTED_EDGE ( 'NONE', *, *, #617, .F. ) ;
#3210 = ADVANCED_FACE ( 'NONE', ( #5452, #1689, #1076, #4918, #6737, #4799, #3535, #1190 ), #2335, .T. ) ;
#3211 = ORIENTED_EDGE ( 'NONE', *, *, #1180, .F. ) ;
#3212 = DIRECTION ( 'NONE',  ( 0.000000000000000000, 0.000000000000000000, -1.000000000000000000 ) ) ;
#3213 = ORIENTED_EDGE ( 'NONE', *, *, #2712, .F. ) ;
#3214 = LINE ( 'NONE', #1976, #862 ) ;
#3215 = DIRECTION ( 'NONE',  ( 0.000000000000000000, -1.000000000000000000, 0.000000000000000000 ) ) ;
#3216 = EDGE_CURVE ( 'NONE', #427, #2721, #2961, .T. ) ;
#3217 = ORIENTED_EDGE ( 'NONE', *, *, #4005, .T. ) ;
#3218 = VECTOR ( 'NONE', #7840, 1000.000000000000000 ) ;
#3219 = CARTESIAN_POINT ( 'NONE',  ( 5.699999990000000238, -500.0000000000000000, -18.00000000000000000 ) ) ;
#3220 = LINE ( 'NONE', #1376, #5677 ) ;
#3221 = EDGE_CURVE ( 'NONE', #3690, #3889, #6040, .T. ) ;
#3222 = CARTESIAN_POINT ( 'NONE',  ( 35.50000000000000000, -500.0000000000000000, -2.875000000000000000 ) ) ;
#3223 = DIRECTION ( 'NONE',  ( 1.000000000000000000, 0.000000000000000000, 9.999640004920697768E-11 ) ) ;
#3224 = CIRCLE ( 'NONE', #4533, 2.499999999999998668 ) ;
#3225 = DIRECTION ( 'NONE',  ( 1.000000000000000000, 0.000000000000000000, 3.469446951953611033E-15 ) ) ;
#3226 = ORIENTED_EDGE ( 'NONE', *, *, #1132, .F. ) ;
#3227 = DIRECTION ( 'NONE',  ( 0.000000000000000000, -1.000000000000000000, 0.000000000000000000 ) ) ;
#3228 = ORIENTED_EDGE ( 'NONE', *, *, #6662, .T. ) ;
#3229 = VERTEX_POINT ( 'NONE', #7272 ) ;
#3230 = CIRCLE ( 'NONE', #5842, 0.5000000000000004441 ) ;
#3231 = CARTESIAN_POINT ( 'NONE',  ( 31.80000000000000071, 500.0000000000000000, 7.500000000000000000 ) ) ;
#3232 = EDGE_CURVE ( 'NONE', #5696, #3241, #7908, .T. ) ;
#3233 = CYLINDRICAL_SURFACE ( 'NONE', #2900, 5.000000005751958909 ) ;
#3234 = EDGE_CURVE ( 'NONE', #419, #1923, #4842, .T. ) ;
#3235 = DIRECTION ( 'NONE',  ( 0.000000000000000000, -1.000000000000000000, 0.000000000000000000 ) ) ;
#3236 = LINE ( 'NONE', #1514, #883 ) ;
#3237 = AXIS2_PLACEMENT_3D ( 'NONE', #4768, #1654, #4733 ) ;
#3238 = CYLINDRICAL_SURFACE ( 'NONE', #3661, 1.500000000000001332 ) ;
#3239 = ORIENTED_EDGE ( 'NONE', *, *, #7152, .T. ) ;
#3240 = DIRECTION ( 'NONE',  ( 0.000000000000000000, -1.000000000000000000, 0.000000000000000000 ) ) ;
#3241 = VERTEX_POINT ( 'NONE', #2417 ) ;
#3242 = EDGE_LOOP ( 'NONE', ( #3460, #7060, #5421, #416 ) ) ;
#3243 = CIRCLE ( 'NONE', #4043, 2.500000000000000444 ) ;
#3244 = EDGE_LOOP ( 'NONE', ( #5508, #6127, #783, #1267 ) ) ;
#3245 = CARTESIAN_POINT ( 'NONE',  ( 36.50000000000000000, 501.0000000000000000, -4.000000000100000008 ) ) ;
#3246 = EDGE_CURVE ( 'NONE', #4891, #2192, #1728, .T. ) ;
#3247 = CARTESIAN_POINT ( 'NONE',  ( 14.49999999989999999, 501.0000000000000000, 18.49999999990000177 ) ) ;
#3248 = VERTEX_POINT ( 'NONE', #8027 ) ;
#3249 = DIRECTION ( 'NONE',  ( 0.000000000000000000, 0.000000000000000000, 1.000000000000000000 ) ) ;
#3250 = VERTEX_POINT ( 'NONE', #4234 ) ;
#3251 = ORIENTED_EDGE ( 'NONE', *, *, #5437, .F. ) ;
#3252 = CARTESIAN_POINT ( 'NONE',  ( -23.40000000000000213, 500.0000000000000000, -4.163799117100999573E-16 ) ) ;
#3253 = ORIENTED_EDGE ( 'NONE', *, *, #4930, .T. ) ;
#3254 = DIRECTION ( 'NONE',  ( -0.7071067816683119789, 0.000000000000000000, 0.7071067807047830556 ) ) ;
#3255 = AXIS2_PLACEMENT_3D ( 'NONE', #7124, #7810, #1375 ) ;
#3256 = EDGE_CURVE ( 'NONE', #4667, #1118, #6159, .T. ) ;
#3257 = CARTESIAN_POINT ( 'NONE',  ( 36.50000000010000178, 500.0000000000000000, -5.000000000100000008 ) ) ;
#3258 = VECTOR ( 'NONE', #4766, 1000.000000000000000 ) ;
#3259 = VECTOR ( 'NONE', #2139, 1000.000000000000000 ) ;
#3260 = EDGE_CURVE ( 'NONE', #2878, #5276, #4195, .T. ) ;
#3261 = ORIENTED_EDGE ( 'NONE', *, *, #1979, .F. ) ;
#3262 = LINE ( 'NONE', #885, #5083 ) ;
#3263 = FACE_OUTER_BOUND ( 'NONE', #6836, .T. ) ;
#3264 = AXIS2_PLACEMENT_3D ( 'NONE', #7180, #1424, #853 ) ;
#3265 = FACE_OUTER_BOUND ( 'NONE', #3574, .T. ) ;
#3266 = CIRCLE ( 'NONE', #4718, 3.999999999999996447 ) ;
#3267 = DIRECTION ( 'NONE',  ( -0.7071067811865475727, 0.000000000000000000, 0.7071067811865475727 ) ) ;
#3268 = ORIENTED_EDGE ( 'NONE', *, *, #6449, .F. ) ;
#3269 = SURFACE_STYLE_USAGE ( .BOTH. , #6557 ) ;
#3270 = AXIS2_PLACEMENT_3D ( 'NONE', #3257, #2597, #3796 ) ;
#3271 = EDGE_CURVE ( 'NONE', #2412, #662, #2363, .T. ) ;
#3272 = AXIS2_PLACEMENT_3D ( 'NONE', #455, #4148, #7382 ) ;
#3273 = VERTEX_POINT ( 'NONE', #6079 ) ;
#3274 = VERTEX_POINT ( 'NONE', #461 ) ;
#3275 = DIRECTION ( 'NONE',  ( 0.000000000000000000, 0.000000000000000000, 1.000000000000000000 ) ) ;
#3276 = LINE ( 'NONE', #5766, #5629 ) ;
#3277 = CYLINDRICAL_SURFACE ( 'NONE', #7733, 1.000000000000000000 ) ;
#3278 = AXIS2_PLACEMENT_3D ( 'NONE', #1200, #2973, #4246 ) ;
#3279 = AXIS2_PLACEMENT_3D ( 'NONE', #5191, #6385, #772 ) ;
#3280 = ORIENTED_EDGE ( 'NONE', *, *, #7739, .T. ) ;
#3281 = LINE ( 'NONE', #7784, #2605 ) ;
#3282 = ADVANCED_FACE ( 'NONE', ( #6119 ), #500, .T. ) ;
#3283 = EDGE_CURVE ( 'NONE', #4107, #5046, #7387, .T. ) ;
#3284 = VERTEX_POINT ( 'NONE', #1148 ) ;
#3285 = VERTEX_POINT ( 'NONE', #5000 ) ;
#3286 = AXIS2_PLACEMENT_3D ( 'NONE', #3443, #5945, #3034 ) ;
#3287 = DIRECTION ( 'NONE',  ( 0.000000000000000000, -1.000000000000000000, 0.000000000000000000 ) ) ;
#3288 = VERTEX_POINT ( 'NONE', #74 ) ;
#3289 = CARTESIAN_POINT ( 'NONE',  ( 12.24999998000000012, -500.0000000000000000, -0.8894029600000019631 ) ) ;
#3290 = CARTESIAN_POINT ( 'NONE',  ( -34.19238812999999766, 501.0000000000000000, -10.00000000000000000 ) ) ;
#3291 = ORIENTED_EDGE ( 'NONE', *, *, #947, .F. ) ;
#3292 = DIRECTION ( 'NONE',  ( 0.000000000000000000, 1.000000000000000000, 0.000000000000000000 ) ) ;
#3293 = DIRECTION ( 'NONE',  ( 0.000000000000000000, 0.000000000000000000, -1.000000000000000000 ) ) ;
#3294 = EDGE_LOOP ( 'NONE', ( #3486, #6205, #1775, #3609 ) ) ;
#3295 = CARTESIAN_POINT ( 'NONE',  ( 27.49999999990000177, 501.0000000000000000, 15.49999999989999999 ) ) ;
#3296 = ORIENTED_EDGE ( 'NONE', *, *, #7518, .T. ) ;
#3297 = EDGE_CURVE ( 'NONE', #8006, #4598, #5647, .T. ) ;
#3298 = CARTESIAN_POINT ( 'NONE',  ( 37.54999999999999716, 500.0000000000000000, -7.000000000100000008 ) ) ;
#3299 = ORIENTED_EDGE ( 'NONE', *, *, #7481, .F. ) ;
#3300 = PLANE ( 'NONE',  #69 ) ;
#3301 = CYLINDRICAL_SURFACE ( 'NONE', #4071, 4.999999982033290991 ) ;
#3302 = ORIENTED_EDGE ( 'NONE', *, *, #3039, .F. ) ;
#3303 = EDGE_CURVE ( 'NONE', #430, #45, #6707, .T. ) ;
#3304 = ORIENTED_EDGE ( 'NONE', *, *, #228, .F. ) ;
#3305 = CARTESIAN_POINT ( 'NONE',  ( 7.249999980000059630, 500.0000000000000000, 3.557611840000020287 ) ) ;
#3306 = VECTOR ( 'NONE', #4057, 1000.000000000000000 ) ;
#3307 = CARTESIAN_POINT ( 'NONE',  ( 12.54999999989999893, 501.0000000000000000, 17.54999999989999893 ) ) ;
#3308 = CARTESIAN_POINT ( 'NONE',  ( 8.199999990000000238, 500.0000000000000000, 6.812436867499999771 ) ) ;
#3309 = CARTESIAN_POINT ( 'NONE',  ( 36.00000000000000000, -500.0000000000000000, 20.00000000000000000 ) ) ;
#3310 = LINE ( 'NONE', #4497, #2858 ) ;
#3311 = EDGE_CURVE ( 'NONE', #3872, #4636, #5760, .T. ) ;
#3312 = AXIS2_PLACEMENT_3D ( 'NONE', #3758, #3061, #1444 ) ;
#3313 = DIRECTION ( 'NONE',  ( -1.000000000000000000, 0.000000000000000000, 0.000000000000000000 ) ) ;
#3314 = ORIENTED_EDGE ( 'NONE', *, *, #406, .T. ) ;
#3315 = VERTEX_POINT ( 'NONE', #5684 ) ;
#3316 = DIRECTION ( 'NONE',  ( 0.000000000000000000, 0.000000000000000000, 1.000000000000000000 ) ) ;
#3317 = CARTESIAN_POINT ( 'NONE',  ( -5.700000010000000117, 501.0000000000000000, -18.00000000000000000 ) ) ;
#3318 = CARTESIAN_POINT ( 'NONE',  ( -36.50000000010000178, 501.0000000000000000, 5.000000000100000008 ) ) ;
#3319 = FACE_OUTER_BOUND ( 'NONE', #5738, .T. ) ;
#3320 = ADVANCED_FACE ( 'NONE', ( #7577 ), #36, .F. ) ;
#3321 = ORIENTED_EDGE ( 'NONE', *, *, #6214, .T. ) ;
#3322 = CARTESIAN_POINT ( 'NONE',  ( 27.00000000000000000, -500.0000000000000000, 8.387500000000001066 ) ) ;
#3323 = ORIENTED_EDGE ( 'NONE', *, *, #3040, .F. ) ;
#3324 = ORIENTED_EDGE ( 'NONE', *, *, #4214, .T. ) ;
#3325 = ORIENTED_EDGE ( 'NONE', *, *, #585, .T. ) ;
#3326 = DIRECTION ( 'NONE',  ( -2.222219322136872090E-10, 0.000000000000000000, 1.000000000000000000 ) ) ;
#3327 = CARTESIAN_POINT ( 'NONE',  ( -3.989851579841280150E-16, 500.0000000000000000, 0.000000000000000000 ) ) ;
#3328 = ORIENTED_EDGE ( 'NONE', *, *, #2831, .F. ) ;
#3329 = PLANE ( 'NONE',  #618 ) ;
#3330 = EDGE_CURVE ( 'NONE', #3877, #4125, #1070, .T. ) ;
#3331 = DIRECTION ( 'NONE',  ( 1.000000000000000000, 0.000000000000000000, 0.000000000000000000 ) ) ;
#3332 = ORIENTED_EDGE ( 'NONE', *, *, #4590, .T. ) ;
#3333 = CARTESIAN_POINT ( 'NONE',  ( 10.00000000000000000, -500.0000000000000000, -15.50000000000000000 ) ) ;
#3334 = EDGE_LOOP ( 'NONE', ( #257, #6442, #2025, #6693 ) ) ;
#3335 = VERTEX_POINT ( 'NONE', #6234 ) ;
#3336 = ORIENTED_EDGE ( 'NONE', *, *, #4494, .F. ) ;
#3337 = LINE ( 'NONE', #5174, #3773 ) ;
#3338 = ORIENTED_EDGE ( 'NONE', *, *, #3396, .T. ) ;
#3339 = CARTESIAN_POINT ( 'NONE',  ( 15.00000000000000000, -500.0000000000000000, 15.50000000010000001 ) ) ;
#3340 = FACE_OUTER_BOUND ( 'NONE', #574, .T. ) ;
#3341 = ADVANCED_FACE ( 'NONE', ( #732 ), #6273, .F. ) ;
#3342 = EDGE_CURVE ( 'NONE', #3315, #5635, #7352, .T. ) ;
#3343 = AXIS2_PLACEMENT_3D ( 'NONE', #2428, #1814, #4319 ) ;
#3344 = VERTEX_POINT ( 'NONE', #1347 ) ;
#3345 = ORIENTED_EDGE ( 'NONE', *, *, #6332, .T. ) ;
#3346 = LINE ( 'NONE', #6499, #4570 ) ;
#3347 = DIRECTION ( 'NONE',  ( -1.000000000000000000, 0.000000000000000000, 0.000000000000000000 ) ) ;
#3348 = CARTESIAN_POINT ( 'NONE',  ( -24.00000000010000178, 500.0000000000000000, -16.50000000000000000 ) ) ;
#3349 = EDGE_CURVE ( 'NONE', #2, #7945, #4469, .T. ) ;
#3350 = DIRECTION ( 'NONE',  ( 0.7071067811865474617, 0.000000000000000000, -0.7071067811865474617 ) ) ;
#3351 = CIRCLE ( 'NONE', #6494, 1.000000000000000888 ) ;
#3352 = ORIENTED_EDGE ( 'NONE', *, *, #2861, .T. ) ;
#3353 = VERTEX_POINT ( 'NONE', #3852 ) ;
#3354 = VECTOR ( 'NONE', #6015, 1000.000000000000000 ) ;
#3355 = LINE ( 'NONE', #2781, #915 ) ;
#3356 = CARTESIAN_POINT ( 'NONE',  ( -20.49816017750000086, -500.0000000000000000, -1.623160172499999998 ) ) ;
#3357 = PLANE ( 'NONE',  #3682 ) ;
#3358 = CARTESIAN_POINT ( 'NONE',  ( -36.00000000000000000, -500.0000000000000000, 20.00000000000000000 ) ) ;
#3359 = AXIS2_PLACEMENT_3D ( 'NONE', #6363, #1524, #4517 ) ;
#3360 = ORIENTED_EDGE ( 'NONE', *, *, #2845, .T. ) ;
#3361 = CARTESIAN_POINT ( 'NONE',  ( -35.50000000000000000, -500.0000000000000000, 10.00000000000000000 ) ) ;
#3362 = ORIENTED_EDGE ( 'NONE', *, *, #3858, .T. ) ;
#3363 = ORIENTED_EDGE ( 'NONE', *, *, #4486, .F. ) ;
#3364 = ORIENTED_EDGE ( 'NONE', *, *, #6194, .F. ) ;
#3365 = LINE ( 'NONE', #6479, #4011 ) ;
#3366 = DIRECTION ( 'NONE',  ( 0.000000000000000000, -1.000000000000000000, 0.000000000000000000 ) ) ;
#3367 = EDGE_LOOP ( 'NONE', ( #4849, #7346, #5912, #3571 ) ) ;
#3368 = FACE_OUTER_BOUND ( 'NONE', #1570, .T. ) ;
#3369 = CARTESIAN_POINT ( 'NONE',  ( 36.00000000000000000, 500.0000000000000000, -7.000000000000000000 ) ) ;
#3370 = VERTEX_POINT ( 'NONE', #6351 ) ;
#3371 = LINE ( 'NONE', #4690, #4443 ) ;
#3372 = ORIENTED_EDGE ( 'NONE', *, *, #7152, .F. ) ;
#3373 = ORIENTED_EDGE ( 'NONE', *, *, #2374, .T. ) ;
#3374 = AXIS2_PLACEMENT_3D ( 'NONE', #3689, #1139, #1179 ) ;
#3375 = ADVANCED_FACE ( 'NONE', ( #4505 ), #1914, .F. ) ;
#3376 = CARTESIAN_POINT ( 'NONE',  ( -38.19999999999999574, 501.0000000000000000, -12.30000000000000071 ) ) ;
#3377 = EDGE_LOOP ( 'NONE', ( #7847, #623, #4042, #1482 ) ) ;
#3378 = FACE_OUTER_BOUND ( 'NONE', #6581, .T. ) ;
#3379 = FACE_OUTER_BOUND ( 'NONE', #3667, .T. ) ;
#3380 = CLOSED_SHELL ( 'NONE', ( #3210, #1094, #1515, #2279, #3554, #7093, #7301, #734, #6957, #55, #1583, #71, #6752, #6572, #3543, #6470, #1699, #1008, #282, #2482, #2664, #1474, #6069, #7797, #4247, #6305, #7205, #6903, #4778, #7741, #6589, #3875, #4592, #647, #6863, #7687, #7668, #3603, #2066, #5025, #2898, #6869, #2676, #370, #4227, #3112, #6920, #3341, #6891, #3959, #4335, #1193, #7978, #7596, #540, #3457, #1970, #2809, #5519, #4956, #6792, #6522, #7403, #6702, #1837, #2570, #170, #3383, #6931, #1214, #7361, #6910, #2230, #770, #5987, #2581, #6384, #7085, #327, #4395, #2686, #1245, #761, #3488, #2640, #6549, #6495, #7002, #3980, #7941, #7614, #897, #1125, #572, #4747, #809, #2547, #2940, #595, #2518, #3587, #5071, #3032, #4103, #99, #3005, #188, #1464, #4839, #5568, #2947, #7336, #2844, #3886, #5580, #7989, #782, #7807, #7258, #3489, #1752, #2190, #2323, #5093, #1747, #7505, #4279, #2180, #1939, #1265, #3965, #7115, #4937, #5210, #781, #2677, #5538, #1984, #1143, #3788, #3320, #2525, #5423, #6372, #4021, #6736, #3092, #3742, #724, #5310, #3091, #6248, #2691, #4827, #5999, #1636, #3282, #5514, #1279, #2813, #3710, #940, #4526, #1240, #4145, #5481, #3972, #6969, #7257, #5436, #7990, #6834, #4659, #2915, #6536, #4545, #84, #6247, #5642, #3923, #1320, #984, #6236, #6892, #3375, #2733, #6386, #1202, #3513, #1071, #5510, #7348, #4295, #4536, #6097, #2621, #5733, #2142, #3797, #2822, #2103, #5178, #5800, #7266, #5933, #7390, #2000, #6054, #3685, #6256, #3765, #5102, #4838, #2732, #6496, #1601, #6720, #7310, #6678, #4252, #4374, #6193, #1777, #3070, #7212, #8087, #1126, #2064, #6817, #2854, #6704, #2720, #4088, #768, #4792, #5595, #6178, #2907 ) ) ;
#3381 = AXIS2_PLACEMENT_3D ( 'NONE', #7719, #7631, #2011 ) ;
#3382 = ORIENTED_EDGE ( 'NONE', *, *, #6061, .T. ) ;
#3383 = ADVANCED_FACE ( 'NONE', ( #2533 ), #116, .F. ) ;
#3384 = ORIENTED_EDGE ( 'NONE', *, *, #96, .T. ) ;
#3385 = CIRCLE ( 'NONE', #5871, 0.5000000000000004441 ) ;
#3386 = EDGE_CURVE ( 'NONE', #2878, #5742, #1306, .T. ) ;
#3387 = CARTESIAN_POINT ( 'NONE',  ( -11.46446609000000016, 500.0000000000000000, 10.65685425999999936 ) ) ;
#3388 = VECTOR ( 'NONE', #7748, 1000.000000000000000 ) ;
#3389 = CARTESIAN_POINT ( 'NONE',  ( 35.50000000010000178, -500.0000000000000000, 5.000000000000000000 ) ) ;
#3390 = CARTESIAN_POINT ( 'NONE',  ( -8.200000010000000117, -500.0000000000000000, -6.812436867499999771 ) ) ;
#3391 = CARTESIAN_POINT ( 'NONE',  ( 5.699999990000000238, 501.0000000000000000, -18.00000000000000000 ) ) ;
#3392 = CARTESIAN_POINT ( 'NONE',  ( 24.00000000010000178, 500.0000000000000000, -18.50000000000000000 ) ) ;
#3393 = VECTOR ( 'NONE', #2879, 1000.000000000000000 ) ;
#3394 = AXIS2_PLACEMENT_3D ( 'NONE', #1880, #4354, #6856 ) ;
#3395 = CARTESIAN_POINT ( 'NONE',  ( 36.00000000000000000, 500.0000000000000000, -16.00000000000000000 ) ) ;
#3396 = EDGE_CURVE ( 'NONE', #7244, #1888, #656, .T. ) ;
#3397 = EDGE_LOOP ( 'NONE', ( #4736, #718, #2361, #7078 ) ) ;
#3398 = ORIENTED_EDGE ( 'NONE', *, *, #2356, .T. ) ;
#3399 = AXIS2_PLACEMENT_3D ( 'NONE', #2960, #7992, #4152 ) ;
#3400 = VECTOR ( 'NONE', #7508, 1000.000000000000000 ) ;
#3401 = LINE ( 'NONE', #2119, #7710 ) ;
#3402 = CARTESIAN_POINT ( 'NONE',  ( -26.49999999990000177, -500.0000000000000000, -16.00000000010000178 ) ) ;
#3403 = CARTESIAN_POINT ( 'NONE',  ( 27.44999999999999929, -500.0000000000000000, -17.99999999990000177 ) ) ;
#3404 = CARTESIAN_POINT ( 'NONE',  ( 37.54999999989999537, -500.0000000000000000, -7.450000000100000186 ) ) ;
#3405 = AXIS2_PLACEMENT_3D ( 'NONE', #225, #1537, #312 ) ;
#3406 = AXIS2_PLACEMENT_3D ( 'NONE', #3845, #1184, #1256 ) ;
#3407 = ORIENTED_EDGE ( 'NONE', *, *, #3349, .T. ) ;
#3408 = ORIENTED_EDGE ( 'NONE', *, *, #4763, .T. ) ;
#3409 = LINE ( 'NONE', #4027, #5365 ) ;
#3410 = ORIENTED_EDGE ( 'NONE', *, *, #7039, .T. ) ;
#3411 = VERTEX_POINT ( 'NONE', #7467 ) ;
#3412 = ORIENTED_EDGE ( 'NONE', *, *, #6560, .T. ) ;
#3413 = CARTESIAN_POINT ( 'NONE',  ( 10.00000000000000000, -500.0000000000000000, 14.19238813000000121 ) ) ;
#3414 = VECTOR ( 'NONE', #7466, 1000.000000000000000 ) ;
#3415 = PLANE ( 'NONE',  #3939 ) ;
#3416 = ORIENTED_EDGE ( 'NONE', *, *, #5160, .T. ) ;
#3417 = DIRECTION ( 'NONE',  ( 0.000000000000000000, -1.000000000000000000, 0.000000000000000000 ) ) ;
#3418 = FACE_OUTER_BOUND ( 'NONE', #3120, .T. ) ;
#3419 = FACE_OUTER_BOUND ( 'NONE', #386, .T. ) ;
#3420 = VERTEX_POINT ( 'NONE', #3816 ) ;
#3421 = VECTOR ( 'NONE', #5566, 1000.000000000000000 ) ;
#3422 = AXIS2_PLACEMENT_3D ( 'NONE', #6685, #1605, #3523 ) ;
#3423 = VERTEX_POINT ( 'NONE', #3159 ) ;
#3424 = ORIENTED_EDGE ( 'NONE', *, *, #2569, .F. ) ;
#3425 = DIRECTION ( 'NONE',  ( -2.222142223315713114E-10, 0.000000000000000000, 1.000000000000000000 ) ) ;
#3426 = VERTEX_POINT ( 'NONE', #6929 ) ;
#3427 = DIRECTION ( 'NONE',  ( 0.000000000000000000, 0.000000000000000000, 1.000000000000000000 ) ) ;
#3428 = LINE ( 'NONE', #1588, #6942 ) ;
#3429 = EDGE_CURVE ( 'NONE', #1784, #7507, #3737, .T. ) ;
#3430 = ORIENTED_EDGE ( 'NONE', *, *, #2198, .F. ) ;
#3431 = VERTEX_POINT ( 'NONE', #8109 ) ;
#3432 = CARTESIAN_POINT ( 'NONE',  ( -30.00000000000000000, -500.0000000000000000, -14.19238813000000121 ) ) ;
#3433 = LINE ( 'NONE', #5270, #6486 ) ;
#3434 = CARTESIAN_POINT ( 'NONE',  ( 27.00000000000000000, -500.0000000000000000, -17.55000000000000071 ) ) ;
#3435 = FACE_OUTER_BOUND ( 'NONE', #4703, .T. ) ;
#3436 = EDGE_CURVE ( 'NONE', #3562, #6583, #2498, .T. ) ;
#3437 = EDGE_CURVE ( 'NONE', #3549, #6427, #6885, .T. ) ;
#3438 = ORIENTED_EDGE ( 'NONE', *, *, #7605, .F. ) ;
#3439 = ORIENTED_EDGE ( 'NONE', *, *, #3790, .F. ) ;
#3440 = ORIENTED_EDGE ( 'NONE', *, *, #6343, .T. ) ;
#3441 = DIRECTION ( 'NONE',  ( 1.000000000000000000, 0.000000000000000000, 0.000000000000000000 ) ) ;
#3442 = PLANE ( 'NONE',  #3883 ) ;
#3443 = CARTESIAN_POINT ( 'NONE',  ( -35.49999999989999822, -500.0000000000000000, -7.499999999899999992 ) ) ;
#3444 = VECTOR ( 'NONE', #7302, 1000.000000000000000 ) ;
#3445 = DIRECTION ( 'NONE',  ( 1.040462604279012531E-08, 0.000000000000000000, 1.000000000000000000 ) ) ;
#3446 = EDGE_CURVE ( 'NONE', #4132, #3315, #2029, .T. ) ;
#3447 = EDGE_CURVE ( 'NONE', #7051, #1892, #5767, .T. ) ;
#3448 = DIRECTION ( 'NONE',  ( 0.000000000000000000, 0.000000000000000000, 1.000000000000000000 ) ) ;
#3449 = ORIENTED_EDGE ( 'NONE', *, *, #1856, .F. ) ;
#3450 = ORIENTED_EDGE ( 'NONE', *, *, #1538, .T. ) ;
#3451 = AXIS2_PLACEMENT_3D ( 'NONE', #3004, #8029, #2420 ) ;
#3452 = CARTESIAN_POINT ( 'NONE',  ( -15.99999999989999999, -500.0000000000000000, -18.50000000000000000 ) ) ;
#3453 = CARTESIAN_POINT ( 'NONE',  ( -14.50000000000000000, 500.4999999999999432, 19.99999999990000177 ) ) ;
#3454 = ORIENTED_EDGE ( 'NONE', *, *, #1647, .T. ) ;
#3455 = CARTESIAN_POINT ( 'NONE',  ( -37.54999999999999716, 501.0000000000000000, -7.000000000000000000 ) ) ;
#3456 = CARTESIAN_POINT ( 'NONE',  ( -34.19238815442340496, -500.0000000000000000, -5.000000017966709898 ) ) ;
#3457 = ADVANCED_FACE ( 'NONE', ( #5326 ), #7822, .F. ) ;
#3458 = CARTESIAN_POINT ( 'NONE',  ( 11.46446609000000016, -500.0000000000000000, 10.65685425999999936 ) ) ;
#3459 = ORIENTED_EDGE ( 'NONE', *, *, #7569, .T. ) ;
#3460 = ORIENTED_EDGE ( 'NONE', *, *, #1121, .F. ) ;
#3461 = ORIENTED_EDGE ( 'NONE', *, *, #5761, .F. ) ;
#3462 = DIRECTION ( 'NONE',  ( 1.000000000000000000, 0.000000000000000000, 0.000000000000000000 ) ) ;
#3463 = CIRCLE ( 'NONE', #3066, 1.000000000000000888 ) ;
#3464 = ORIENTED_EDGE ( 'NONE', *, *, #7785, .T. ) ;
#3465 = PLANE ( 'NONE',  #2157 ) ;
#3466 = DIRECTION ( 'NONE',  ( -1.000000000000000000, 0.000000000000000000, 0.000000000000000000 ) ) ;
#3467 = ORIENTED_EDGE ( 'NONE', *, *, #3173, .T. ) ;
#3468 = ORIENTED_EDGE ( 'NONE', *, *, #7698, .T. ) ;
#3469 = DIRECTION ( 'NONE',  ( 0.000000000000000000, -1.000000000000000000, 0.000000000000000000 ) ) ;
#3470 = CARTESIAN_POINT ( 'NONE',  ( -12.87500000000000000, 500.0000000000000000, 15.50000000000000000 ) ) ;
#3471 = EDGE_CURVE ( 'NONE', #1746, #2722, #2694, .T. ) ;
#3472 = CIRCLE ( 'NONE', #1112, 5.000000028479869130 ) ;
#3473 = DIRECTION ( 'NONE',  ( 0.000000000000000000, -1.000000000000000000, 0.000000000000000000 ) ) ;
#3474 = DIRECTION ( 'NONE',  ( -1.000000000000000000, 0.000000000000000000, 1.040462578258159895E-08 ) ) ;
#3475 = AXIS2_PLACEMENT_3D ( 'NONE', #2904, #4706, #317 ) ;
#3476 = CARTESIAN_POINT ( 'NONE',  ( -40.00000000000000000, 500.0000000000000000, 16.00000000000000000 ) ) ;
#3477 = ORIENTED_EDGE ( 'NONE', *, *, #22, .T. ) ;
#3478 = LINE ( 'NONE', #4182, #8086 ) ;
#3479 = DIRECTION ( 'NONE',  ( 0.000000000000000000, -1.000000000000000000, 0.000000000000000000 ) ) ;
#3480 = EDGE_CURVE ( 'NONE', #7284, #325, #901, .T. ) ;
#3481 = FACE_OUTER_BOUND ( 'NONE', #3954, .T. ) ;
#3482 = CARTESIAN_POINT ( 'NONE',  ( 38.00000000000000000, 500.0000000000000000, 7.500000000000000000 ) ) ;
#3483 = CYLINDRICAL_SURFACE ( 'NONE', #2853, 0.5000000000000004441 ) ;
#3484 = CARTESIAN_POINT ( 'NONE',  ( 13.50000000010000001, -500.0000000000000000, -16.00000000010000178 ) ) ;
#3485 = VECTOR ( 'NONE', #3949, 1000.000000000000000 ) ;
#3486 = ORIENTED_EDGE ( 'NONE', *, *, #3576, .F. ) ;
#3487 = VERTEX_POINT ( 'NONE', #3403 ) ;
#3488 = ADVANCED_FACE ( 'NONE', ( #154 ), #3357, .F. ) ;
#3489 = ADVANCED_FACE ( 'NONE', ( #6566 ), #7134, .T. ) ;
#3490 = DIRECTION ( 'NONE',  ( 0.000000000000000000, -1.000000000000000000, 0.000000000000000000 ) ) ;
#3491 = CARTESIAN_POINT ( 'NONE',  ( 38.49999999989999822, 501.0000000000000000, -5.500000000099999120 ) ) ;
#3492 = ORIENTED_EDGE ( 'NONE', *, *, #4287, .F. ) ;
#3493 = CARTESIAN_POINT ( 'NONE',  ( 10.78553388999999996, -500.0000000000000000, -7.093145749999999694 ) ) ;
#3494 = DIRECTION ( 'NONE',  ( 0.000000000000000000, -1.000000000000000000, 0.000000000000000000 ) ) ;
#3495 = AXIS2_PLACEMENT_3D ( 'NONE', #8055, #3104, #2445 ) ;
#3496 = CARTESIAN_POINT ( 'NONE',  ( -27.09314575000000147, -500.0000000000000000, 9.214466100000000992 ) ) ;
#3497 = ORIENTED_EDGE ( 'NONE', *, *, #2394, .T. ) ;
#3498 = VERTEX_POINT ( 'NONE', #6430 ) ;
#3499 = VERTEX_POINT ( 'NONE', #4633 ) ;
#3500 = EDGE_CURVE ( 'NONE', #1910, #1195, #5242, .T. ) ;
#3501 = LINE ( 'NONE', #5347, #3516 ) ;
#3502 = VERTEX_POINT ( 'NONE', #1513 ) ;
#3503 = DIRECTION ( 'NONE',  ( 0.000000000000000000, 0.000000000000000000, 1.000000000000000000 ) ) ;
#3504 = CARTESIAN_POINT ( 'NONE',  ( -25.50000000009999823, -500.0000000000000000, 18.49999999990000177 ) ) ;
#3505 = VECTOR ( 'NONE', #7227, 1000.000000000000000 ) ;
#3506 = ORIENTED_EDGE ( 'NONE', *, *, #5119, .T. ) ;
#3507 = EDGE_CURVE ( 'NONE', #994, #5212, #5153, .T. ) ;
#3508 = FACE_OUTER_BOUND ( 'NONE', #7597, .T. ) ;
#3509 = CARTESIAN_POINT ( 'NONE',  ( 37.54999999989999537, 501.0000000000000000, -7.450000000100000186 ) ) ;
#3510 = VECTOR ( 'NONE', #5702, 1000.000000000000114 ) ;
#3511 = DIRECTION ( 'NONE',  ( 0.7071067811865475727, 0.000000000000000000, 0.7071067811865475727 ) ) ;
#3512 = DIRECTION ( 'NONE',  ( -1.000000000000000000, 0.000000000000000000, 0.000000000000000000 ) ) ;
#3513 = ADVANCED_FACE ( 'NONE', ( #5903 ), #4542, .T. ) ;
#3514 = CIRCLE ( 'NONE', #1027, 0.5000000000000004441 ) ;
#3515 = ORIENTED_EDGE ( 'NONE', *, *, #2253, .F. ) ;
#3516 = VECTOR ( 'NONE', #4774, 1000.000000000000000 ) ;
#3517 = LINE ( 'NONE', #4753, #1819 ) ;
#3518 = ORIENTED_EDGE ( 'NONE', *, *, #7624, .F. ) ;
#3519 = DIRECTION ( 'NONE',  ( 0.000000000000000000, 1.000000000000000000, 0.000000000000000000 ) ) ;
#3520 = DIRECTION ( 'NONE',  ( 0.000000000000000000, 0.000000000000000000, 1.000000000000000000 ) ) ;
#3521 = VERTEX_POINT ( 'NONE', #4721 ) ;
#3522 = VECTOR ( 'NONE', #193, 1000.000000000000000 ) ;
#3523 = DIRECTION ( 'NONE',  ( 0.000000000000000000, 0.000000000000000000, -1.000000000000000000 ) ) ;
#3524 = AXIS2_PLACEMENT_3D ( 'NONE', #3305, #144, #1459 ) ;
#3525 = CARTESIAN_POINT ( 'NONE',  ( -34.19238814645449764, -500.0000000000000000, 5.000000037205460046 ) ) ;
#3526 = DIRECTION ( 'NONE',  ( -1.000000000000000000, 0.000000000000000000, -3.469446951953611033E-15 ) ) ;
#3527 = EDGE_CURVE ( 'NONE', #2255, #2181, #2785, .T. ) ;
#3528 = ORIENTED_EDGE ( 'NONE', *, *, #8044, .T. ) ;
#3529 = DIRECTION ( 'NONE',  ( 0.000000000000000000, 1.000000000000000000, 0.000000000000000000 ) ) ;
#3530 = AXIS2_PLACEMENT_3D ( 'NONE', #7218, #7335, #2244 ) ;
#3531 = VECTOR ( 'NONE', #873, 1000.000000000000000 ) ;
#3532 = VERTEX_POINT ( 'NONE', #1606 ) ;
#3533 = ORIENTED_EDGE ( 'NONE', *, *, #2109, .T. ) ;
#3534 = CARTESIAN_POINT ( 'NONE',  ( -35.49999999989999822, -500.0000000000000000, 7.499999999899999992 ) ) ;
#3535 = FACE_BOUND ( 'NONE', #6645, .T. ) ;
#3536 = ORIENTED_EDGE ( 'NONE', *, *, #7213, .T. ) ;
#3537 = DIRECTION ( 'NONE',  ( -1.000000000000000000, 0.000000000000000000, -9.999813477268295448E-11 ) ) ;
#3538 = AXIS2_PLACEMENT_3D ( 'NONE', #70, #3813, #6810 ) ;
#3539 = DIRECTION ( 'NONE',  ( -1.000000000000000000, 0.000000000000000000, -6.666657966410595850E-11 ) ) ;
#3540 = AXIS2_PLACEMENT_3D ( 'NONE', #1564, #7745, #6474 ) ;
#3541 = EDGE_CURVE ( 'NONE', #67, #3549, #5633, .T. ) ;
#3542 = FACE_OUTER_BOUND ( 'NONE', #3819, .T. ) ;
#3543 = ADVANCED_FACE ( 'NONE', ( #1428 ), #3277, .T. ) ;
#3544 = ORIENTED_EDGE ( 'NONE', *, *, #4572, .F. ) ;
#3545 = ORIENTED_EDGE ( 'NONE', *, *, #5290, .T. ) ;
#3546 = VECTOR ( 'NONE', #6755, 1000.000000000000000 ) ;
#3547 = AXIS2_PLACEMENT_3D ( 'NONE', #5235, #6424, #2023 ) ;
#3548 = CARTESIAN_POINT ( 'NONE',  ( 30.65685426000000291, 501.0000000000000000, -8.535533909999999835 ) ) ;
#3549 = VERTEX_POINT ( 'NONE', #7695 ) ;
#3550 = FACE_OUTER_BOUND ( 'NONE', #1235, .T. ) ;
#3551 = PLANE ( 'NONE',  #5369 ) ;
#3552 = AXIS2_PLACEMENT_3D ( 'NONE', #3491, #1572, #5335 ) ;
#3553 = VECTOR ( 'NONE', #4789, 1000.000000000000000 ) ;
#3554 = ADVANCED_FACE ( 'NONE', ( #1469 ), #4675, .T. ) ;
#3555 = ORIENTED_EDGE ( 'NONE', *, *, #5494, .T. ) ;
#3556 = CARTESIAN_POINT ( 'NONE',  ( 34.19238815442340496, 500.0000000000000000, 5.000000017966709898 ) ) ;
#3557 = LINE ( 'NONE', #8010, #2948 ) ;
#3558 = AXIS2_PLACEMENT_3D ( 'NONE', #5037, #6854, #6315 ) ;
#3559 = CARTESIAN_POINT ( 'NONE',  ( 23.55761183999999986, -500.0000000000000000, -7.750000000000000000 ) ) ;
#3560 = CARTESIAN_POINT ( 'NONE',  ( 8.199999990000000238, -500.0000000000000000, 6.812436867499999771 ) ) ;
#3561 = EDGE_CURVE ( 'NONE', #5199, #5924, #4087, .T. ) ;
#3562 = VERTEX_POINT ( 'NONE', #7264 ) ;
#3563 = CYLINDRICAL_SURFACE ( 'NONE', #7062, 0.4499999999999990119 ) ;
#3564 = ORIENTED_EDGE ( 'NONE', *, *, #517, .F. ) ;
#3565 = CARTESIAN_POINT ( 'NONE',  ( 32.30000000000000426, -500.0000000000000000, -11.79999999999999893 ) ) ;
#3566 = DIRECTION ( 'NONE',  ( 0.000000000000000000, -1.000000000000000000, 0.000000000000000000 ) ) ;
#3567 = DIRECTION ( 'NONE',  ( 0.000000000000000000, -1.000000000000000000, 0.000000000000000000 ) ) ;
#3568 = CYLINDRICAL_SURFACE ( 'NONE', #6189, 2.500000000000000444 ) ;
#3569 = CARTESIAN_POINT ( 'NONE',  ( 13.50000000010000001, 500.0000000000000000, -16.00000000010000178 ) ) ;
#3570 = CARTESIAN_POINT ( 'NONE',  ( 26.50000000000000000, 501.0000000000000000, -15.50000000000000000 ) ) ;
#3571 = ORIENTED_EDGE ( 'NONE', *, *, #2608, .T. ) ;
#3572 = VERTEX_POINT ( 'NONE', #7901 ) ;
#3573 = VECTOR ( 'NONE', #4910, 1000.000000000000000 ) ;
#3574 = EDGE_LOOP ( 'NONE', ( #5786, #561, #6047, #7260 ) ) ;
#3575 = DIRECTION ( 'NONE',  ( 0.7071067811865449082, 0.000000000000000000, -0.7071067811865500152 ) ) ;
#3576 = EDGE_CURVE ( 'NONE', #2140, #801, #6830, .T. ) ;
#3577 = DIRECTION ( 'NONE',  ( -1.000000000000000000, 0.000000000000000000, -3.999856001968282080E-11 ) ) ;
#3578 = DIRECTION ( 'NONE',  ( -3.999856001968282080E-11, 0.000000000000000000, 1.000000000000000000 ) ) ;
#3579 = FACE_OUTER_BOUND ( 'NONE', #1492, .T. ) ;
#3580 = CARTESIAN_POINT ( 'NONE',  ( -10.00000000000000000, 500.0000000000000000, -7.423097032500000303 ) ) ;
#3581 = VECTOR ( 'NONE', #3512, 1000.000000000000000 ) ;
#3582 = ORIENTED_EDGE ( 'NONE', *, *, #7729, .F. ) ;
#3583 = ORIENTED_EDGE ( 'NONE', *, *, #702, .T. ) ;
#3584 = VERTEX_POINT ( 'NONE', #3482 ) ;
#3585 = ORIENTED_EDGE ( 'NONE', *, *, #6598, .F. ) ;
#3586 = DIRECTION ( 'NONE',  ( 1.000000000000000000, 0.000000000000000000, 0.000000000000000000 ) ) ;
#3587 = ADVANCED_FACE ( 'NONE', ( #4831 ), #492, .F. ) ;
#3588 = FACE_OUTER_BOUND ( 'NONE', #2935, .T. ) ;
#3589 = ORIENTED_EDGE ( 'NONE', *, *, #5892, .T. ) ;
#3590 = CARTESIAN_POINT ( 'NONE',  ( -12.99999999989999999, -500.0000000000000000, 17.55000000000000071 ) ) ;
#3591 = DIRECTION ( 'NONE',  ( 0.000000000000000000, 0.000000000000000000, 1.000000000000000000 ) ) ;
#3592 = EDGE_CURVE ( 'NONE', #6436, #3780, #8019, .T. ) ;
#3593 = EDGE_CURVE ( 'NONE', #5333, #1153, #1020, .T. ) ;
#3594 = LINE ( 'NONE', #6833, #6285 ) ;
#3595 = DIRECTION ( 'NONE',  ( 1.000000000000000000, 0.000000000000000000, 0.000000000000000000 ) ) ;
#3596 = AXIS2_PLACEMENT_3D ( 'NONE', #1333, #6997, #7528 ) ;
#3597 = DIRECTION ( 'NONE',  ( 1.000000000000000000, 0.000000000000000000, 1.734723475976808672E-15 ) ) ;
#3598 = VECTOR ( 'NONE', #1205, 1000.000000000000000 ) ;
#3599 = ORIENTED_EDGE ( 'NONE', *, *, #5173, .F. ) ;
#3600 = ORIENTED_EDGE ( 'NONE', *, *, #1223, .F. ) ;
#3601 = AXIS2_PLACEMENT_3D ( 'NONE', #5709, #6304, #145 ) ;
#3602 = CARTESIAN_POINT ( 'NONE',  ( -14.99999998203329987, -500.0000000000000000, -14.19238815442339963 ) ) ;
#3603 = ADVANCED_FACE ( 'NONE', ( #2990 ), #3568, .F. ) ;
#3604 = DIRECTION ( 'NONE',  ( 2.775557561562892929E-15, 0.000000000000000000, -1.000000000000000000 ) ) ;
#3605 = CARTESIAN_POINT ( 'NONE',  ( -35.00000000000000000, 501.0000000000000000, -11.79999999999999893 ) ) ;
#3606 = CARTESIAN_POINT ( 'NONE',  ( -27.09314575000000147, 501.0000000000000000, 9.214466100000000992 ) ) ;
#3607 = VERTEX_POINT ( 'NONE', #5982 ) ;
#3608 = CARTESIAN_POINT ( 'NONE',  ( 35.50000000010000178, 500.0000000000000000, -6.500000000000000000 ) ) ;
#3609 = ORIENTED_EDGE ( 'NONE', *, *, #6312, .F. ) ;
#3610 = ORIENTED_EDGE ( 'NONE', *, *, #2782, .F. ) ;
#3611 = EDGE_CURVE ( 'NONE', #3755, #5046, #2643, .T. ) ;
#3612 = CARTESIAN_POINT ( 'NONE',  ( 2.849999990000000150, 501.0000000000000000, 18.00000000000000000 ) ) ;
#3613 = DIRECTION ( 'NONE',  ( -0.7071067811865474617, 0.000000000000000000, 0.7071067811865474617 ) ) ;
#3614 = CARTESIAN_POINT ( 'NONE',  ( -31.80000000000000071, 500.0000000000000000, -7.500000000000000000 ) ) ;
#3615 = ORIENTED_EDGE ( 'NONE', *, *, #7174, .T. ) ;
#3616 = CARTESIAN_POINT ( 'NONE',  ( 36.50000000010000178, 500.0000000000000000, 5.000000000100000008 ) ) ;
#3617 = LINE ( 'NONE', #2337, #7772 ) ;
#3618 = CARTESIAN_POINT ( 'NONE',  ( 23.55761189202310035, 500.0000000000000000, 12.74999986990139966 ) ) ;
#3619 = VECTOR ( 'NONE', #5252, 1000.000000000000000 ) ;
#3620 = VECTOR ( 'NONE', #4900, 1000.000000000000000 ) ;
#3621 = ORIENTED_EDGE ( 'NONE', *, *, #3697, .T. ) ;
#3622 = CARTESIAN_POINT ( 'NONE',  ( -37.54999999989999537, 500.0000000000000000, -7.450000000100000186 ) ) ;
#3623 = EDGE_CURVE ( 'NONE', #7241, #7914, #3645, .T. ) ;
#3624 = VERTEX_POINT ( 'NONE', #1644 ) ;
#3625 = ORIENTED_EDGE ( 'NONE', *, *, #7536, .T. ) ;
#3626 = LINE ( 'NONE', #4969, #3911 ) ;
#3627 = ORIENTED_EDGE ( 'NONE', *, *, #3994, .F. ) ;
#3628 = DIRECTION ( 'NONE',  ( 0.000000000000000000, -1.000000000000000000, 0.000000000000000000 ) ) ;
#3629 = DIRECTION ( 'NONE',  ( 0.000000000000000000, -1.000000000000000000, 0.000000000000000000 ) ) ;
#3630 = AXIS2_PLACEMENT_3D ( 'NONE', #1461, #847, #7035 ) ;
#3631 = EDGE_CURVE ( 'NONE', #3940, #7101, #2953, .T. ) ;
#3632 = VECTOR ( 'NONE', #7663, 1000.000000000000000 ) ;
#3633 = CARTESIAN_POINT ( 'NONE',  ( -17.42309703250000297, -500.0000000000000000, -10.00000000000000000 ) ) ;
#3634 = DIRECTION ( 'NONE',  ( 0.000000000000000000, -1.000000000000000000, 0.000000000000000000 ) ) ;
#3635 = DIRECTION ( 'NONE',  ( 0.000000000000000000, -1.000000000000000000, 0.000000000000000000 ) ) ;
#3636 = AXIS2_PLACEMENT_3D ( 'NONE', #3160, #37, #7424 ) ;
#3637 = ORIENTED_EDGE ( 'NONE', *, *, #1780, .F. ) ;
#3638 = EDGE_CURVE ( 'NONE', #4115, #2412, #6727, .T. ) ;
#3639 = EDGE_CURVE ( 'NONE', #7594, #1204, #6643, .T. ) ;
#3640 = PLANE ( 'NONE',  #7328 ) ;
#3641 = DIRECTION ( 'NONE',  ( -0.7071067825525398920, 0.000000000000000000, -0.7071067798205551425 ) ) ;
#3642 = AXIS2_PLACEMENT_3D ( 'NONE', #5359, #4139, #5891 ) ;
#3643 = CARTESIAN_POINT ( 'NONE',  ( -18.75000000000000000, 500.0000000000000000, 4.000000000000000000 ) ) ;
#3644 = DIRECTION ( 'NONE',  ( 0.000000000000000000, 1.000000000000000000, 0.000000000000000000 ) ) ;
#3645 = LINE ( 'NONE', #1068, #6323 ) ;
#3646 = CARTESIAN_POINT ( 'NONE',  ( -16.00000000000000000, -500.0000000000000000, 18.50000000000000000 ) ) ;
#3647 = AXIS2_PLACEMENT_3D ( 'NONE', #5364, #3519, #3641 ) ;
#3648 = EDGE_CURVE ( 'NONE', #1896, #3607, #1470, .T. ) ;
#3649 = ORIENTED_EDGE ( 'NONE', *, *, #667, .T. ) ;
#3650 = DIRECTION ( 'NONE',  ( 0.000000000000000000, -1.000000000000000000, 0.000000000000000000 ) ) ;
#3651 = ORIENTED_EDGE ( 'NONE', *, *, #4066, .F. ) ;
#3652 = ORIENTED_EDGE ( 'NONE', *, *, #6228, .F. ) ;
#3653 = DIRECTION ( 'NONE',  ( 0.000000000000000000, 1.000000000000000000, 0.000000000000000000 ) ) ;
#3654 = LINE ( 'NONE', #6158, #5897 ) ;
#3655 = CARTESIAN_POINT ( 'NONE',  ( -17.07499999999999929, -500.0000000000000000, -18.19999999999999929 ) ) ;
#3656 = ORIENTED_EDGE ( 'NONE', *, *, #292, .T. ) ;
#3657 = DIRECTION ( 'NONE',  ( 0.000000000000000000, 0.000000000000000000, 1.000000000000000000 ) ) ;
#3658 = DIRECTION ( 'NONE',  ( 1.000000000000000000, 0.000000000000000000, 2.222200047431583316E-10 ) ) ;
#3659 = AXIS2_PLACEMENT_3D ( 'NONE', #2734, #6507, #1507 ) ;
#3660 = DIRECTION ( 'NONE',  ( 1.000000000000000000, 0.000000000000000000, 0.000000000000000000 ) ) ;
#3661 = AXIS2_PLACEMENT_3D ( 'NONE', #3161, #1311, #2576 ) ;
#3662 = EDGE_CURVE ( 'NONE', #4953, #1950, #305, .T. ) ;
#3663 = VERTEX_POINT ( 'NONE', #1754 ) ;
#3664 = FACE_OUTER_BOUND ( 'NONE', #6369, .T. ) ;
#3665 = ORIENTED_EDGE ( 'NONE', *, *, #1328, .F. ) ;
#3666 = DIRECTION ( 'NONE',  ( 0.000000000000000000, 0.000000000000000000, -1.000000000000000000 ) ) ;
#3667 = EDGE_LOOP ( 'NONE', ( #3438, #2543, #6192, #5625 ) ) ;
#3668 = FACE_OUTER_BOUND ( 'NONE', #7612, .T. ) ;
#3669 = CIRCLE ( 'NONE', #1826, 4.999999962794540842 ) ;
#3670 = VECTOR ( 'NONE', #495, 1000.000000000000000 ) ;
#3671 = CARTESIAN_POINT ( 'NONE',  ( 9.664466080000000403, 500.0000000000000000, -8.214213559999999248 ) ) ;
#3672 = AXIS2_PLACEMENT_3D ( 'NONE', #4408, #6297, #3176 ) ;
#3673 = CIRCLE ( 'NONE', #3406, 4.000000000000000000 ) ;
#3674 = DIRECTION ( 'NONE',  ( 1.000000000000000000, 0.000000000000000000, 2.222200047431583316E-10 ) ) ;
#3675 = DIRECTION ( 'NONE',  ( 0.000000000000000000, -1.000000000000000000, 0.000000000000000000 ) ) ;
#3676 = VECTOR ( 'NONE', #5577, 1000.000000000000114 ) ;
#3677 = EDGE_CURVE ( 'NONE', #6302, #5835, #4752, .T. ) ;
#3678 = AXIS2_PLACEMENT_3D ( 'NONE', #1346, #3851, #2616 ) ;
#3679 = LINE ( 'NONE', #5167, #2648 ) ;
#3680 = ORIENTED_EDGE ( 'NONE', *, *, #2090, .T. ) ;
#3681 = CARTESIAN_POINT ( 'NONE',  ( 36.00000000000000000, 500.0000000000000000, -20.00000000000000000 ) ) ;
#3682 = AXIS2_PLACEMENT_3D ( 'NONE', #2655, #7653, #199 ) ;
#3683 = CARTESIAN_POINT ( 'NONE',  ( 27.00000000000000000, -500.0000000000000000, -8.387500000000001066 ) ) ;
#3684 = PLANE ( 'NONE',  #1634 ) ;
#3685 = ADVANCED_FACE ( 'NONE', ( #7863 ), #2250, .F. ) ;
#3686 = DIRECTION ( 'NONE',  ( -1.000000000000000000, 0.000000000000000000, -4.000029474315877176E-11 ) ) ;
#3687 = EDGE_CURVE ( 'NONE', #5122, #6280, #7379, .T. ) ;
#3688 = DIRECTION ( 'NONE',  ( 0.000000000000000000, -1.000000000000000000, 0.000000000000000000 ) ) ;
#3689 = CARTESIAN_POINT ( 'NONE',  ( -32.30000000000000426, -500.0000000000000000, -12.30000000000000071 ) ) ;
#3690 = VERTEX_POINT ( 'NONE', #5409 ) ;
#3691 = CARTESIAN_POINT ( 'NONE',  ( -13.00000000000000000, 501.0000000000000000, 16.77500000000000213 ) ) ;
#3692 = VERTEX_POINT ( 'NONE', #2286 ) ;
#3693 = ORIENTED_EDGE ( 'NONE', *, *, #2992, .F. ) ;
#3694 = CARTESIAN_POINT ( 'NONE',  ( 8.199999990000000238, 500.0000000000000000, -6.812436867499999771 ) ) ;
#3695 = EDGE_CURVE ( 'NONE', #1436, #1701, #4790, .T. ) ;
#3696 = LINE ( 'NONE', #5530, #4596 ) ;
#3697 = EDGE_CURVE ( 'NONE', #3705, #820, #1678, .T. ) ;
#3698 = DIRECTION ( 'NONE',  ( 0.000000000000000000, -1.000000000000000000, 0.000000000000000000 ) ) ;
#3699 = CARTESIAN_POINT ( 'NONE',  ( -36.00000000000000000, 501.0000000000000000, 18.19999999999999929 ) ) ;
#3700 = CARTESIAN_POINT ( 'NONE',  ( 14.99999999989999999, -500.0000000000000000, -16.50000000010000178 ) ) ;
#3701 = CARTESIAN_POINT ( 'NONE',  ( -36.50000000000000000, 500.0000000000000000, 4.000000000100000008 ) ) ;
#3702 = ORIENTED_EDGE ( 'NONE', *, *, #6851, .F. ) ;
#3703 = DIRECTION ( 'NONE',  ( -1.000000000000000000, 0.000000000000000000, -1.734723475976808672E-15 ) ) ;
#3704 = ORIENTED_EDGE ( 'NONE', *, *, #3256, .T. ) ;
#3705 = VERTEX_POINT ( 'NONE', #2488 ) ;
#3706 = VECTOR ( 'NONE', #5110, 1000.000000000000000 ) ;
#3707 = CARTESIAN_POINT ( 'NONE',  ( -30.00000000000000000, 501.0000000000000000, 14.84619406500000061 ) ) ;
#3708 = VERTEX_POINT ( 'NONE', #4459 ) ;
#3709 = CARTESIAN_POINT ( 'NONE',  ( 27.00000000000000000, 501.0000000000000000, -16.77500000000000213 ) ) ;
#3710 = ADVANCED_FACE ( 'NONE', ( #1251 ), #1985, .T. ) ;
#3711 = FACE_OUTER_BOUND ( 'NONE', #3900, .T. ) ;
#3712 = ORIENTED_EDGE ( 'NONE', *, *, #2770, .F. ) ;
#3713 = CARTESIAN_POINT ( 'NONE',  ( 36.00000000000000000, -500.0000000000000000, -20.00000000000000000 ) ) ;
#3714 = CIRCLE ( 'NONE', #6849, 1.000000000000000000 ) ;
#3715 = ORIENTED_EDGE ( 'NONE', *, *, #1475, .F. ) ;
#3716 = ORIENTED_EDGE ( 'NONE', *, *, #5831, .F. ) ;
#3717 = LINE ( 'NONE', #8084, #7926 ) ;
#3718 = DIRECTION ( 'NONE',  ( 0.000000000000000000, 1.000000000000000000, 0.000000000000000000 ) ) ;
#3719 = DIRECTION ( 'NONE',  ( -1.000000000000000000, 0.000000000000000000, -1.999928000984139554E-10 ) ) ;
#3720 = ORIENTED_EDGE ( 'NONE', *, *, #4294, .T. ) ;
#3721 = AXIS2_PLACEMENT_3D ( 'NONE', #4801, #4198, #1151 ) ;
#3722 = CARTESIAN_POINT ( 'NONE',  ( 26.49999999990000177, -500.0000000000000000, -16.00000000010000178 ) ) ;
#3723 = EDGE_CURVE ( 'NONE', #7762, #1381, #155, .T. ) ;
#3724 = CARTESIAN_POINT ( 'NONE',  ( 12.54999999989999893, -500.0000000000000000, 17.54999999989999893 ) ) ;
#3725 = CARTESIAN_POINT ( 'NONE',  ( -32.30000000000000426, 500.0000000000000000, 12.30000000000000071 ) ) ;
#3726 = DIRECTION ( 'NONE',  ( 1.000000000000000000, 0.000000000000000000, 9.999813477268295448E-11 ) ) ;
#3727 = CARTESIAN_POINT ( 'NONE',  ( 10.00000000000000000, 500.0000000000000000, -7.750000000000000000 ) ) ;
#3728 = CARTESIAN_POINT ( 'NONE',  ( 27.09314575000000147, -500.0000000000000000, 9.214466100000000992 ) ) ;
#3729 = ORIENTED_EDGE ( 'NONE', *, *, #7050, .F. ) ;
#3730 = CIRCLE ( 'NONE', #6750, 1.000000000000000888 ) ;
#3731 = CYLINDRICAL_SURFACE ( 'NONE', #2486, 0.4499999999999990119 ) ;
#3732 = EDGE_CURVE ( 'NONE', #1950, #4106, #3763, .T. ) ;
#3733 = ORIENTED_EDGE ( 'NONE', *, *, #5839, .F. ) ;
#3734 = ORIENTED_EDGE ( 'NONE', *, *, #7248, .F. ) ;
#3735 = DIRECTION ( 'NONE',  ( -1.000000000000000000, 0.000000000000000000, 0.000000000000000000 ) ) ;
#3736 = DIRECTION ( 'NONE',  ( 0.000000000000000000, 0.000000000000000000, 1.000000000000000000 ) ) ;
#3737 = LINE ( 'NONE', #697, #6176 ) ;
#3738 = CARTESIAN_POINT ( 'NONE',  ( -40.00000000000000000, 500.0000000000000000, 0.000000000000000000 ) ) ;
#3739 = LINE ( 'NONE', #7543, #7964 ) ;
#3740 = VERTEX_POINT ( 'NONE', #4416 ) ;
#3741 = CARTESIAN_POINT ( 'NONE',  ( 36.50000000010000178, -500.0000000000000000, 5.000000000100000008 ) ) ;
#3742 = ADVANCED_FACE ( 'NONE', ( #5596 ), #722, .F. ) ;
#3743 = EDGE_CURVE ( 'NONE', #7222, #1883, #6063, .T. ) ;
#3744 = ORIENTED_EDGE ( 'NONE', *, *, #5552, .T. ) ;
#3745 = LINE ( 'NONE', #44, #4562 ) ;
#3746 = ORIENTED_EDGE ( 'NONE', *, *, #2774, .T. ) ;
#3747 = DIRECTION ( 'NONE',  ( 1.000000000000000000, 0.000000000000000000, 0.000000000000000000 ) ) ;
#3748 = CARTESIAN_POINT ( 'NONE',  ( -32.30000000000000426, -500.0000000000000000, 11.79999999999999893 ) ) ;
#3749 = CARTESIAN_POINT ( 'NONE',  ( 31.80000000000000071, 501.0000000000000000, 15.00000000000000000 ) ) ;
#3750 = VECTOR ( 'NONE', #5618, 1000.000000000000000 ) ;
#3751 = ORIENTED_EDGE ( 'NONE', *, *, #2463, .T. ) ;
#3752 = DIRECTION ( 'NONE',  ( -0.7071067811865489050, 0.000000000000000000, 0.7071067811865460184 ) ) ;
#3753 = EDGE_CURVE ( 'NONE', #6699, #1746, #6187, .T. ) ;
#3754 = CIRCLE ( 'NONE', #7167, 0.5000000000000004441 ) ;
#3755 = VERTEX_POINT ( 'NONE', #1216 ) ;
#3756 = CARTESIAN_POINT ( 'NONE',  ( 25.00000000010000178, 501.0000000000000000, -16.50000000010000178 ) ) ;
#3757 = CARTESIAN_POINT ( 'NONE',  ( -25.00000000010000178, -500.0000000000000000, 16.50000000010000178 ) ) ;
#3758 = CARTESIAN_POINT ( 'NONE',  ( -25.50000000009999823, -500.0000000000000000, -18.49999999990000177 ) ) ;
#3759 = DIRECTION ( 'NONE',  ( 0.000000000000000000, -1.000000000000000000, 0.000000000000000000 ) ) ;
#3760 = LINE ( 'NONE', #3064, #7568 ) ;
#3761 = DIRECTION ( 'NONE',  ( 0.000000000000000000, -1.000000000000000000, 0.000000000000000000 ) ) ;
#3762 = DIRECTION ( 'NONE',  ( 1.999962695453659090E-10, 0.000000000000000000, -1.000000000000000000 ) ) ;
#3763 = LINE ( 'NONE', #5640, #4489 ) ;
#3764 = DIRECTION ( 'NONE',  ( 0.000000000000000000, 1.000000000000000000, 0.000000000000000000 ) ) ;
#3765 = ADVANCED_FACE ( 'NONE', ( #6962 ), #6226, .F. ) ;
#3766 = AXIS2_PLACEMENT_3D ( 'NONE', #5193, #5768, #2656 ) ;
#3767 = CARTESIAN_POINT ( 'NONE',  ( 36.00000000000000000, 500.0000000000000000, -16.00000000000000000 ) ) ;
#3768 = ORIENTED_EDGE ( 'NONE', *, *, #4701, .T. ) ;
#3769 = ORIENTED_EDGE ( 'NONE', *, *, #4502, .F. ) ;
#3770 = FACE_OUTER_BOUND ( 'NONE', #5611, .T. ) ;
#3771 = CARTESIAN_POINT ( 'NONE',  ( 11.62316017250000044, -500.0000000000000000, 10.49816017750000086 ) ) ;
#3772 = CARTESIAN_POINT ( 'NONE',  ( -12.87500000000000000, -500.0000000000000000, -15.50000000000000000 ) ) ;
#3773 = VECTOR ( 'NONE', #6988, 1000.000000000000000 ) ;
#3774 = CYLINDRICAL_SURFACE ( 'NONE', #2575, 1.500000000000001332 ) ;
#3775 = EDGE_CURVE ( 'NONE', #5835, #3411, #105, .T. ) ;
#3776 = DIRECTION ( 'NONE',  ( 0.000000000000000000, -1.000000000000000000, 0.000000000000000000 ) ) ;
#3777 = VERTEX_POINT ( 'NONE', #8101 ) ;
#3778 = CARTESIAN_POINT ( 'NONE',  ( -35.50000000000000000, -500.0000000000000000, -2.875000000000000000 ) ) ;
#3779 = ORIENTED_EDGE ( 'NONE', *, *, #2215, .F. ) ;
#3780 = VERTEX_POINT ( 'NONE', #6843 ) ;
#3781 = CIRCLE ( 'NONE', #7696, 0.5000000000000004441 ) ;
#3782 = FACE_OUTER_BOUND ( 'NONE', #1499, .T. ) ;
#3783 = VERTEX_POINT ( 'NONE', #7567 ) ;
#3784 = CARTESIAN_POINT ( 'NONE',  ( -31.80000000000000071, 500.0000000000000000, -17.69999999999999929 ) ) ;
#3785 = DIRECTION ( 'NONE',  ( 0.000000000000000000, -1.000000000000000000, 0.000000000000000000 ) ) ;
#3786 = DIRECTION ( 'NONE',  ( -1.000000000000000000, 0.000000000000000000, 0.000000000000000000 ) ) ;
#3787 = VECTOR ( 'NONE', #7259, 1000.000000000000000 ) ;
#3788 = ADVANCED_FACE ( 'NONE', ( #2606 ), #6307, .F. ) ;
#3789 = VECTOR ( 'NONE', #6417, 1000.000000000000000 ) ;
#3790 = EDGE_CURVE ( 'NONE', #469, #2767, #8057, .T. ) ;
#3791 = ORIENTED_EDGE ( 'NONE', *, *, #3790, .T. ) ;
#3792 = AXIS2_PLACEMENT_3D ( 'NONE', #4957, #5032, #3156 ) ;
#3793 = AXIS2_PLACEMENT_3D ( 'NONE', #1693, #5382, #7238 ) ;
#3794 = ORIENTED_EDGE ( 'NONE', *, *, #4855, .T. ) ;
#3795 = CARTESIAN_POINT ( 'NONE',  ( -16.44238817366219862, 500.0000000000000000, -12.75000002847990110 ) ) ;
#3796 = DIRECTION ( 'NONE',  ( -9.999640004920706815E-11, 0.000000000000000000, 1.000000000000000000 ) ) ;
#3797 = ADVANCED_FACE ( 'NONE', ( #5673 ), #2447, .F. ) ;
#3798 = CARTESIAN_POINT ( 'NONE',  ( 24.00000000010000178, 501.0000000000000000, 16.50000000000000000 ) ) ;
#3799 = AXIS2_PLACEMENT_3D ( 'NONE', #1455, #6991, #6335 ) ;
#3800 = AXIS2_PLACEMENT_3D ( 'NONE', #1154, #1771, #5384 ) ;
#3801 = CARTESIAN_POINT ( 'NONE',  ( 34.19238815442340496, 501.0000000000000000, 5.000000017966709898 ) ) ;
#3802 = DIRECTION ( 'NONE',  ( 0.000000000000000000, -1.000000000000000000, 0.000000000000000000 ) ) ;
#3803 = AXIS2_PLACEMENT_3D ( 'NONE', #744, #3785, #5164 ) ;
#3804 = CIRCLE ( 'NONE', #5101, 1.000000000000000888 ) ;
#3805 = DIRECTION ( 'NONE',  ( -0.7071067811865475727, 0.000000000000000000, -0.7071067811865475727 ) ) ;
#3806 = EDGE_CURVE ( 'NONE', #4564, #5086, #7531, .T. ) ;
#3807 = CARTESIAN_POINT ( 'NONE',  ( -35.50000000010000178, 501.0000000000000000, 6.500000000000000000 ) ) ;
#3808 = AXIS2_PLACEMENT_3D ( 'NONE', #2455, #3235, #615 ) ;
#3809 = EDGE_LOOP ( 'NONE', ( #4507, #712, #8016, #5553 ) ) ;
#3810 = DIRECTION ( 'NONE',  ( 1.734723475976807094E-15, 0.000000000000000000, -1.000000000000000000 ) ) ;
#3811 = EDGE_LOOP ( 'NONE', ( #6009, #5524, #2938, #2106 ) ) ;
#3812 = ORIENTED_EDGE ( 'NONE', *, *, #2309, .T. ) ;
#3813 = DIRECTION ( 'NONE',  ( -1.000000000000000000, 0.000000000000000000, 0.000000000000000000 ) ) ;
#3814 = CYLINDRICAL_SURFACE ( 'NONE', #275, 0.5000000000000004441 ) ;
#3815 = EDGE_CURVE ( 'NONE', #4608, #2192, #4377, .T. ) ;
#3816 = CARTESIAN_POINT ( 'NONE',  ( 37.69999999999999574, -500.0000000000000000, -11.79999999999999893 ) ) ;
#3817 = CARTESIAN_POINT ( 'NONE',  ( 8.199999990000000238, -500.0000000000000000, 15.50000000000000000 ) ) ;
#3818 = PLANE ( 'NONE',  #6541 ) ;
#3819 = EDGE_LOOP ( 'NONE', ( #5654, #159, #5050, #4474 ) ) ;
#3820 = FACE_OUTER_BOUND ( 'NONE', #2057, .T. ) ;
#3821 = ORIENTED_EDGE ( 'NONE', *, *, #2288, .T. ) ;
#3822 = ORIENTED_EDGE ( 'NONE', *, *, #4382, .T. ) ;
#3823 = EDGE_CURVE ( 'NONE', #7030, #2474, #7247, .T. ) ;
#3824 = DIRECTION ( 'NONE',  ( 0.000000000000000000, 0.000000000000000000, -1.000000000000000000 ) ) ;
#3825 = ORIENTED_EDGE ( 'NONE', *, *, #6053, .F. ) ;
#3826 = CARTESIAN_POINT ( 'NONE',  ( 13.19999999000000024, 500.0000000000000000, 11.74974747000000086 ) ) ;
#3827 = DIRECTION ( 'NONE',  ( 0.000000000000000000, -1.000000000000000000, 0.000000000000000000 ) ) ;
#3828 = ORIENTED_EDGE ( 'NONE', *, *, #181, .F. ) ;
#3829 = CYLINDRICAL_SURFACE ( 'NONE', #1264, 4.999999869901410321 ) ;
#3830 = VERTEX_POINT ( 'NONE', #3186 ) ;
#3831 = EDGE_CURVE ( 'NONE', #7720, #7130, #2562, .T. ) ;
#3832 = ORIENTED_EDGE ( 'NONE', *, *, #5246, .F. ) ;
#3833 = CYLINDRICAL_SURFACE ( 'NONE', #6471, 1.000000000000000888 ) ;
#3834 = FACE_OUTER_BOUND ( 'NONE', #7003, .T. ) ;
#3835 = AXIS2_PLACEMENT_3D ( 'NONE', #1669, #4253, #2860 ) ;
#3836 = CIRCLE ( 'NONE', #1742, 1.000000000000000888 ) ;
#3837 = EDGE_CURVE ( 'NONE', #7478, #6453, #4583, .T. ) ;
#3838 = EDGE_LOOP ( 'NONE', ( #4588, #5951, #3932, #5540 ) ) ;
#3839 = EDGE_CURVE ( 'NONE', #3783, #87, #7813, .T. ) ;
#3840 = DIRECTION ( 'NONE',  ( 0.000000000000000000, -1.000000000000000000, 0.000000000000000000 ) ) ;
#3841 = DIRECTION ( 'NONE',  ( 1.000000000000000000, 0.000000000000000000, 0.000000000000000000 ) ) ;
#3842 = PLANE ( 'NONE',  #4019 ) ;
#3843 = DIRECTION ( 'NONE',  ( 0.000000000000000000, 1.000000000000000000, 0.000000000000000000 ) ) ;
#3844 = CARTESIAN_POINT ( 'NONE',  ( 12.50000000000000000, 501.0000000000000000, 18.00000000000000000 ) ) ;
#3845 = CARTESIAN_POINT ( 'NONE',  ( -36.00000000000000000, 500.0000000000000000, 16.00000000000000000 ) ) ;
#3846 = EDGE_CURVE ( 'NONE', #1589, #6050, #8014, .T. ) ;
#3847 = VERTEX_POINT ( 'NONE', #6555 ) ;
#3848 = EDGE_LOOP ( 'NONE', ( #2138, #4670, #3897, #6476 ) ) ;
#3849 = AXIS2_PLACEMENT_3D ( 'NONE', #2913, #5406, #7737 ) ;
#3850 = DIRECTION ( 'NONE',  ( 0.000000000000000000, 0.000000000000000000, -1.000000000000000000 ) ) ;
#3851 = DIRECTION ( 'NONE',  ( 0.000000000000000000, 1.000000000000000000, 0.000000000000000000 ) ) ;
#3852 = CARTESIAN_POINT ( 'NONE',  ( 30.65685426000000291, -500.0000000000000000, 8.535533909999999835 ) ) ;
#3853 = DIRECTION ( 'NONE',  ( 0.000000000000000000, -1.000000000000000000, 0.000000000000000000 ) ) ;
#3854 = FACE_OUTER_BOUND ( 'NONE', #2390, .T. ) ;
#3855 = ORIENTED_EDGE ( 'NONE', *, *, #630, .F. ) ;
#3856 = ORIENTED_EDGE ( 'NONE', *, *, #1121, .T. ) ;
#3857 = FACE_OUTER_BOUND ( 'NONE', #1081, .T. ) ;
#3858 = EDGE_CURVE ( 'NONE', #7988, #3957, #5655, .T. ) ;
#3859 = ORIENTED_EDGE ( 'NONE', *, *, #2431, .T. ) ;
#3860 = EDGE_LOOP ( 'NONE', ( #6711, #7659, #295, #5216 ) ) ;
#3861 = AXIS2_PLACEMENT_3D ( 'NONE', #1544, #4781, #4749 ) ;
#3862 = AXIS2_PLACEMENT_3D ( 'NONE', #3307, #186, #4413 ) ;
#3863 = ORIENTED_EDGE ( 'NONE', *, *, #8004, .F. ) ;
#3864 = DIRECTION ( 'NONE',  ( 0.000000000000000000, -1.000000000000000000, 0.000000000000000000 ) ) ;
#3865 = DIRECTION ( 'NONE',  ( 0.000000000000000000, 0.000000000000000000, 1.000000000000000000 ) ) ;
#3866 = CARTESIAN_POINT ( 'NONE',  ( -34.14999999999999858, 501.0000000000000000, 18.19999999999999929 ) ) ;
#3867 = VERTEX_POINT ( 'NONE', #4010 ) ;
#3868 = VECTOR ( 'NONE', #4811, 1000.000000000000000 ) ;
#3869 = EDGE_LOOP ( 'NONE', ( #4892, #4986, #4062, #5337, #861, #4691, #790, #1650, #5004, #3794, #625, #5873, #1726, #2981, #6641, #6518, #6065, #1107, #7066, #6660, #3084, #2594, #1610, #5693 ) ) ;
#3870 = DIRECTION ( 'NONE',  ( 1.000000000000000000, 0.000000000000000000, 3.999856001968282080E-11 ) ) ;
#3871 = CARTESIAN_POINT ( 'NONE',  ( -10.00000000000000000, 501.0000000000000000, -14.19238813000000121 ) ) ;
#3872 = VERTEX_POINT ( 'NONE', #5314 ) ;
#3873 = LINE ( 'NONE', #1897, #3998 ) ;
#3874 = LINE ( 'NONE', #2552, #1057 ) ;
#3875 = ADVANCED_FACE ( 'NONE', ( #5890 ), #7172, .F. ) ;
#3876 = VECTOR ( 'NONE', #5047, 1000.000000000000000 ) ;
#3877 = VERTEX_POINT ( 'NONE', #2776 ) ;
#3878 = FACE_OUTER_BOUND ( 'NONE', #3242, .T. ) ;
#3879 = DIRECTION ( 'NONE',  ( -1.000000000000000000, 0.000000000000000000, 0.000000000000000000 ) ) ;
#3880 = CARTESIAN_POINT ( 'NONE',  ( 31.80000000000000071, -500.0000000000000000, -7.500000000000000000 ) ) ;
#3881 = VECTOR ( 'NONE', #2663, 1000.000000000000000 ) ;
#3882 = CARTESIAN_POINT ( 'NONE',  ( 37.54999999999999716, 500.0000000000000000, 7.000000000000000000 ) ) ;
#3883 = AXIS2_PLACEMENT_3D ( 'NONE', #7900, #290, #4674 ) ;
#3884 = CARTESIAN_POINT ( 'NONE',  ( 38.19999999999999574, -500.0000000000000000, -7.074999999999999289 ) ) ;
#3885 = EDGE_CURVE ( 'NONE', #3502, #3250, #3970, .T. ) ;
#3886 = ADVANCED_FACE ( 'NONE', ( #7731 ), #2022, .F. ) ;
#3887 = CARTESIAN_POINT ( 'NONE',  ( -11.46446609000000016, -500.0000000000000000, -10.65685425999999936 ) ) ;
#3888 = ORIENTED_EDGE ( 'NONE', *, *, #3933, .F. ) ;
#3889 = VERTEX_POINT ( 'NONE', #4532 ) ;
#3890 = VECTOR ( 'NONE', #2818, 1000.000000000000000 ) ;
#3891 = DIRECTION ( 'NONE',  ( 0.000000000000000000, -1.000000000000000000, 0.000000000000000000 ) ) ;
#3892 = LINE ( 'NONE', #3317, #1063 ) ;
#3893 = CARTESIAN_POINT ( 'NONE',  ( -27.45000000009999752, 501.0000000000000000, -17.54999999989999893 ) ) ;
#3894 = PLANE ( 'NONE',  #7034 ) ;
#3895 = EDGE_CURVE ( 'NONE', #2682, #4771, #1378, .T. ) ;
#3896 = AXIS2_PLACEMENT_3D ( 'NONE', #3003, #2962, #7830 ) ;
#3897 = ORIENTED_EDGE ( 'NONE', *, *, #542, .F. ) ;
#3898 = DIRECTION ( 'NONE',  ( -4.884684341243943186E-09, 0.000000000000000000, 1.000000000000000000 ) ) ;
#3899 = ORIENTED_EDGE ( 'NONE', *, *, #2056, .T. ) ;
#3900 = EDGE_LOOP ( 'NONE', ( #1773, #2045, #2657, #1325 ) ) ;
#3901 = CARTESIAN_POINT ( 'NONE',  ( -11.62316017250000044, 500.0000000000000000, -10.49816017750000086 ) ) ;
#3902 = VECTOR ( 'NONE', #5145, 1000.000000000000000 ) ;
#3903 = EDGE_LOOP ( 'NONE', ( #3130, #8104, #1681, #7648 ) ) ;
#3904 = CARTESIAN_POINT ( 'NONE',  ( 40.00000000000000000, 0.000000000000000000, 5.500000000099999120 ) ) ;
#3905 = CYLINDRICAL_SURFACE ( 'NONE', #4207, 2.499999999999998668 ) ;
#3906 = EDGE_LOOP ( 'NONE', ( #7759, #1766, #812, #458 ) ) ;
#3907 = CARTESIAN_POINT ( 'NONE',  ( 6.262500000000000178, 500.0000000000000000, 18.00000000000000000 ) ) ;
#3908 = EDGE_CURVE ( 'NONE', #1274, #1690, #320, .T. ) ;
#3909 = ORIENTED_EDGE ( 'NONE', *, *, #2364, .F. ) ;
#3910 = CARTESIAN_POINT ( 'NONE',  ( -40.00000000000000000, 500.0000000000000000, -16.00000000000000000 ) ) ;
#3911 = VECTOR ( 'NONE', #6129, 1000.000000000000000 ) ;
#3912 = ORIENTED_EDGE ( 'NONE', *, *, #1525, .T. ) ;
#3913 = DIRECTION ( 'NONE',  ( -1.000000000000000000, 0.000000000000000000, 0.000000000000000000 ) ) ;
#3914 = VERTEX_POINT ( 'NONE', #4496 ) ;
#3915 = CARTESIAN_POINT ( 'NONE',  ( 40.00000000000000000, -500.0000000000000000, 5.500000000000000000 ) ) ;
#3916 = VECTOR ( 'NONE', #3101, 1000.000000000000000 ) ;
#3917 = CARTESIAN_POINT ( 'NONE',  ( -14.99999998203329987, 501.0000000000000000, -14.19238815442339963 ) ) ;
#3918 = VERTEX_POINT ( 'NONE', #3882 ) ;
#3919 = AXIS2_PLACEMENT_3D ( 'NONE', #376, #6652, #3653 ) ;
#3920 = ORIENTED_EDGE ( 'NONE', *, *, #8097, .F. ) ;
#3921 = DIRECTION ( 'NONE',  ( 0.000000000000000000, -1.000000000000000000, 0.000000000000000000 ) ) ;
#3922 = LINE ( 'NONE', #720, #1364 ) ;
#3923 = ADVANCED_FACE ( 'NONE', ( #2646 ), #1418, .F. ) ;
#3924 = AXIS2_PLACEMENT_3D ( 'NONE', #2293, #4798, #1111 ) ;
#3925 = CARTESIAN_POINT ( 'NONE',  ( -26.50000000000000000, -500.0000000000000000, -15.50000000010000001 ) ) ;
#3926 = AXIS2_PLACEMENT_3D ( 'NONE', #663, #3083, #4965 ) ;
#3927 = DIRECTION ( 'NONE',  ( -1.000000000000000000, 0.000000000000000000, 0.000000000000000000 ) ) ;
#3928 = LINE ( 'NONE', #2067, #7470 ) ;
#3929 = VECTOR ( 'NONE', #6371, 1000.000000000000000 ) ;
#3930 = VECTOR ( 'NONE', #3188, 1000.000000000000000 ) ;
#3931 = ORIENTED_EDGE ( 'NONE', *, *, #3576, .T. ) ;
#3932 = ORIENTED_EDGE ( 'NONE', *, *, #2178, .F. ) ;
#3933 = EDGE_CURVE ( 'NONE', #3692, #5731, #6422, .T. ) ;
#3934 = EDGE_CURVE ( 'NONE', #1972, #229, #5759, .T. ) ;
#3935 = DIRECTION ( 'NONE',  ( 1.000000000000000000, 0.000000000000000000, 6.666657966410595850E-11 ) ) ;
#3936 = CARTESIAN_POINT ( 'NONE',  ( 18.37683982750000311, -500.0000000000000000, -0.4981601775000000232 ) ) ;
#3937 = DIRECTION ( 'NONE',  ( 0.000000000000000000, -1.000000000000000000, 0.000000000000000000 ) ) ;
#3938 = DIRECTION ( 'NONE',  ( -1.000000000000000000, 0.000000000000000000, -2.222200047431583316E-10 ) ) ;
#3939 = AXIS2_PLACEMENT_3D ( 'NONE', #2216, #3950, #4684 ) ;
#3940 = VERTEX_POINT ( 'NONE', #235 ) ;
#3941 = ORIENTED_EDGE ( 'NONE', *, *, #1686, .F. ) ;
#3942 = CARTESIAN_POINT ( 'NONE',  ( -27.09314575000000147, 501.0000000000000000, -9.214466100000000992 ) ) ;
#3943 = ORIENTED_EDGE ( 'NONE', *, *, #585, .F. ) ;
#3944 = ORIENTED_EDGE ( 'NONE', *, *, #3173, .F. ) ;
#3945 = AXIS2_PLACEMENT_3D ( 'NONE', #4023, #4593, #244 ) ;
#3946 = EDGE_CURVE ( 'NONE', #7296, #6859, #806, .T. ) ;
#3947 = EDGE_CURVE ( 'NONE', #5439, #2641, #5184, .T. ) ;
#3948 = ORIENTED_EDGE ( 'NONE', *, *, #6061, .F. ) ;
#3949 = DIRECTION ( 'NONE',  ( 0.000000000000000000, 0.000000000000000000, -1.000000000000000000 ) ) ;
#3950 = DIRECTION ( 'NONE',  ( -0.7071067811865475727, 0.000000000000000000, 0.7071067811865475727 ) ) ;
#3951 = ORIENTED_EDGE ( 'NONE', *, *, #6762, .T. ) ;
#3952 = DIRECTION ( 'NONE',  ( 0.000000000000000000, 0.000000000000000000, 1.000000000000000000 ) ) ;
#3953 = CARTESIAN_POINT ( 'NONE',  ( 38.00000000000000000, -500.0000000000000000, -3.737499999999999822 ) ) ;
#3954 = EDGE_LOOP ( 'NONE', ( #547, #5104, #7942, #7358 ) ) ;
#3955 = CARTESIAN_POINT ( 'NONE',  ( -27.75000000000000000, 500.0000000000000000, -2.220446049250309876E-16 ) ) ;
#3956 = ORIENTED_EDGE ( 'NONE', *, *, #4740, .T. ) ;
#3957 = VERTEX_POINT ( 'NONE', #2111 ) ;
#3958 = DIRECTION ( 'NONE',  ( 1.000000000000000000, 0.000000000000000000, 1.999928000984139554E-10 ) ) ;
#3959 = ADVANCED_FACE ( 'NONE', ( #7771 ), #281, .F. ) ;
#3960 = PLANE ( 'NONE',  #6916 ) ;
#3961 = ORIENTED_EDGE ( 'NONE', *, *, #7518, .F. ) ;
#3962 = CARTESIAN_POINT ( 'NONE',  ( -38.19999999999999574, 500.0000000000000000, 7.074999999999999289 ) ) ;
#3963 = CARTESIAN_POINT ( 'NONE',  ( -30.00000000000000000, -500.0000000000000000, 14.19238813000000121 ) ) ;
#3964 = ORIENTED_EDGE ( 'NONE', *, *, #1233, .F. ) ;
#3965 = ADVANCED_FACE ( 'NONE', ( #3435 ), #5973, .T. ) ;
#3966 = CARTESIAN_POINT ( 'NONE',  ( -10.00000000000000000, 501.0000000000000000, 14.19238813000000121 ) ) ;
#3967 = CIRCLE ( 'NONE', #7120, 1.500000000000001332 ) ;
#3968 = DIRECTION ( 'NONE',  ( 9.999986949615893129E-11, 0.000000000000000000, -1.000000000000000000 ) ) ;
#3969 = CARTESIAN_POINT ( 'NONE',  ( 16.60000000000000142, -500.0000000000000000, 4.163799117100999573E-16 ) ) ;
#3970 = LINE ( 'NONE', #2062, #3177 ) ;
#3971 = VECTOR ( 'NONE', #7525, 1000.000000000000000 ) ;
#3972 = ADVANCED_FACE ( 'NONE', ( #6756 ), #2278, .F. ) ;
#3973 = DIRECTION ( 'NONE',  ( 0.000000000000000000, -1.000000000000000000, 0.000000000000000000 ) ) ;
#3974 = ORIENTED_EDGE ( 'NONE', *, *, #5082, .F. ) ;
#3975 = ORIENTED_EDGE ( 'NONE', *, *, #2831, .T. ) ;
#3976 = CARTESIAN_POINT ( 'NONE',  ( 36.00000000000000000, -500.0000000000000000, 20.00000000000000000 ) ) ;
#3977 = LINE ( 'NONE', #3356, #7476 ) ;
#3978 = CARTESIAN_POINT ( 'NONE',  ( 9.664466080000000403, 501.0000000000000000, 8.214213559999999248 ) ) ;
#3979 = DIRECTION ( 'NONE',  ( 0.000000000000000000, 0.000000000000000000, 1.000000000000000000 ) ) ;
#3980 = ADVANCED_FACE ( 'NONE', ( #7854 ), #6719, .F. ) ;
#3981 = VECTOR ( 'NONE', #6683, 1000.000000000000000 ) ;
#3982 = ORIENTED_EDGE ( 'NONE', *, *, #6449, .T. ) ;
#3983 = DIRECTION ( 'NONE',  ( 3.999856001968282080E-11, 0.000000000000000000, -1.000000000000000000 ) ) ;
#3984 = VERTEX_POINT ( 'NONE', #480 ) ;
#3985 = ORIENTED_EDGE ( 'NONE', *, *, #1723, .T. ) ;
#3986 = DIRECTION ( 'NONE',  ( 0.000000000000000000, 0.000000000000000000, 1.000000000000000000 ) ) ;
#3987 = ORIENTED_EDGE ( 'NONE', *, *, #7844, .T. ) ;
#3988 = DIRECTION ( 'NONE',  ( 0.000000000000000000, -1.000000000000000000, 0.000000000000000000 ) ) ;
#3989 = LINE ( 'NONE', #6480, #930 ) ;
#3990 = VERTEX_POINT ( 'NONE', #7968 ) ;
#3991 = LINE ( 'NONE', #4557, #3632 ) ;
#3992 = DIRECTION ( 'NONE',  ( -9.999813477268295448E-11, 0.000000000000000000, 1.000000000000000000 ) ) ;
#3993 = EDGE_LOOP ( 'NONE', ( #3729, #5804, #4775, #7713 ) ) ;
#3994 = EDGE_CURVE ( 'NONE', #3780, #252, #3967, .T. ) ;
#3995 = LINE ( 'NONE', #7795, #4315 ) ;
#3996 = EDGE_CURVE ( 'NONE', #3026, #32, #2945, .T. ) ;
#3997 = VERTEX_POINT ( 'NONE', #4783 ) ;
#3998 = VECTOR ( 'NONE', #4407, 1000.000000000000000 ) ;
#3999 = ORIENTED_EDGE ( 'NONE', *, *, #5546, .F. ) ;
#4000 = CIRCLE ( 'NONE', #3203, 0.5000000000000004441 ) ;
#4001 = LINE ( 'NONE', #7600, #7825 ) ;
#4002 = EDGE_LOOP ( 'NONE', ( #1540, #6679, #4240, #2959 ) ) ;
#4003 = CARTESIAN_POINT ( 'NONE',  ( -13.50000000000000000, 500.0000000000000000, -15.50000000000000000 ) ) ;
#4004 = CYLINDRICAL_SURFACE ( 'NONE', #7717, 2.500000000000000444 ) ;
#4005 = EDGE_CURVE ( 'NONE', #2255, #4979, #7252, .T. ) ;
#4006 = ORIENTED_EDGE ( 'NONE', *, *, #1829, .T. ) ;
#4007 = LINE ( 'NONE', #3966, #5219 ) ;
#4008 = CARTESIAN_POINT ( 'NONE',  ( -12.90685425000000031, 501.0000000000000000, 9.214466100000000992 ) ) ;
#4009 = DIRECTION ( 'NONE',  ( 0.000000000000000000, -1.000000000000000000, 0.000000000000000000 ) ) ;
#4010 = CARTESIAN_POINT ( 'NONE',  ( -16.44238816000000014, -500.0000000000000000, 7.750000000000000000 ) ) ;
#4011 = VECTOR ( 'NONE', #5863, 1000.000000000000000 ) ;
#4012 = EDGE_CURVE ( 'NONE', #229, #4755, #5516, .T. ) ;
#4013 = AXIS2_PLACEMENT_3D ( 'NONE', #1326, #6953, #3254 ) ;
#4014 = ORIENTED_EDGE ( 'NONE', *, *, #7402, .T. ) ;
#4015 = CARTESIAN_POINT ( 'NONE',  ( 25.50000000000000000, -500.0000000000000000, -20.00000000000000000 ) ) ;
#4016 = ORIENTED_EDGE ( 'NONE', *, *, #4745, .F. ) ;
#4017 = EDGE_LOOP ( 'NONE', ( #2174, #6809, #5877, #2235 ) ) ;
#4018 = DIRECTION ( 'NONE',  ( 0.000000000000000000, -1.000000000000000000, 0.000000000000000000 ) ) ;
#4019 = AXIS2_PLACEMENT_3D ( 'NONE', #721, #104, #2604 ) ;
#4020 = CARTESIAN_POINT ( 'NONE',  ( 25.00000003720549913, 500.0000000000000000, 14.19238814645449942 ) ) ;
#4021 = ADVANCED_FACE ( 'NONE', ( #2315 ), #7216, .F. ) ;
#4022 = DIRECTION ( 'NONE',  ( 0.000000000000000000, 0.000000000000000000, -1.000000000000000000 ) ) ;
#4023 = CARTESIAN_POINT ( 'NONE',  ( 34.84619406499999883, 501.0000000000000000, 10.00000000000000000 ) ) ;
#4024 = CARTESIAN_POINT ( 'NONE',  ( 9.664466080000000403, 500.0000000000000000, 8.214213559999999248 ) ) ;
#4025 = AXIS2_PLACEMENT_3D ( 'NONE', #1277, #3170, #4933 ) ;
#4026 = VERTEX_POINT ( 'NONE', #6676 ) ;
#4027 = CARTESIAN_POINT ( 'NONE',  ( 12.24999998000000012, 501.0000000000000000, 3.557611840000000303 ) ) ;
#4028 = ORIENTED_EDGE ( 'NONE', *, *, #6151, .F. ) ;
#4029 = ORIENTED_EDGE ( 'NONE', *, *, #4639, .F. ) ;
#4030 = VERTEX_POINT ( 'NONE', #1059 ) ;
#4031 = LINE ( 'NONE', #3289, #3485 ) ;
#4032 = EDGE_CURVE ( 'NONE', #2474, #7044, #2908, .T. ) ;
#4033 = CARTESIAN_POINT ( 'NONE',  ( -16.44238816000000014, 501.0000000000000000, 7.750000000000000000 ) ) ;
#4034 = VECTOR ( 'NONE', #4676, 1000.000000000000000 ) ;
#4035 = VERTEX_POINT ( 'NONE', #2197 ) ;
#4036 = CARTESIAN_POINT ( 'NONE',  ( -25.00000001796670190, 501.0000000000000000, 14.19238815442339963 ) ) ;
#4037 = DIRECTION ( 'NONE',  ( 0.000000000000000000, -1.000000000000000000, 0.000000000000000000 ) ) ;
#4038 = VERTEX_POINT ( 'NONE', #2360 ) ;
#4039 = DIRECTION ( 'NONE',  ( 0.000000000000000000, -1.000000000000000000, 0.000000000000000000 ) ) ;
#4040 = EDGE_LOOP ( 'NONE', ( #6705, #1411, #6310, #831 ) ) ;
#4041 = ORIENTED_EDGE ( 'NONE', *, *, #5187, .T. ) ;
#4042 = ORIENTED_EDGE ( 'NONE', *, *, #3677, .F. ) ;
#4043 = AXIS2_PLACEMENT_3D ( 'NONE', #2777, #6017, #405 ) ;
#4044 = CARTESIAN_POINT ( 'NONE',  ( 16.44238816000000014, 501.0000000000000000, 7.750000000000000000 ) ) ;
#4045 = ORIENTED_EDGE ( 'NONE', *, *, #5232, .T. ) ;
#4046 = CARTESIAN_POINT ( 'NONE',  ( -17.50000000000000000, 500.0000000000000000, -11.79999999999999893 ) ) ;
#4047 = EDGE_CURVE ( 'NONE', #3532, #5899, #518, .T. ) ;
#4048 = EDGE_CURVE ( 'NONE', #5276, #6980, #3025, .T. ) ;
#4049 = CYLINDRICAL_SURFACE ( 'NONE', #3405, 2.200000000000000622 ) ;
#4050 = ORIENTED_EDGE ( 'NONE', *, *, #5484, .T. ) ;
#4051 = ORIENTED_EDGE ( 'NONE', *, *, #1731, .T. ) ;
#4052 = VECTOR ( 'NONE', #3802, 1000.000000000000000 ) ;
#4053 = CARTESIAN_POINT ( 'NONE',  ( -16.44238816000000014, 500.0000000000000000, 7.750000000000000000 ) ) ;
#4054 = CYLINDRICAL_SURFACE ( 'NONE', #4257, 0.4499999999999990119 ) ;
#4055 = EDGE_CURVE ( 'NONE', #7159, #6583, #4138, .T. ) ;
#4056 = DIRECTION ( 'NONE',  ( 0.000000000000000000, -1.000000000000000000, 0.000000000000000000 ) ) ;
#4057 = DIRECTION ( 'NONE',  ( 0.000000000000000000, -1.000000000000000000, 0.000000000000000000 ) ) ;
#4058 = CIRCLE ( 'NONE', #6798, 2.500000000000000444 ) ;
#4059 = AXIS2_PLACEMENT_3D ( 'NONE', #3618, #7874, #4159 ) ;
#4060 = CARTESIAN_POINT ( 'NONE',  ( 31.80000000000000071, 500.0000000000000000, 17.69999999999999929 ) ) ;
#4061 = ORIENTED_EDGE ( 'NONE', *, *, #6344, .T. ) ;
#4062 = ORIENTED_EDGE ( 'NONE', *, *, #6142, .T. ) ;
#4063 = CARTESIAN_POINT ( 'NONE',  ( -37.69999999999999574, 500.0000000000000000, -12.30000000000000071 ) ) ;
#4064 = AXIS2_PLACEMENT_3D ( 'NONE', #5190, #241, #3275 ) ;
#4065 = CIRCLE ( 'NONE', #1300, 1.000000000000000888 ) ;
#4066 = EDGE_CURVE ( 'NONE', #2305, #951, #3714, .T. ) ;
#4067 = LINE ( 'NONE', #196, #5619 ) ;
#4068 = CYLINDRICAL_SURFACE ( 'NONE', #5185, 0.5000000000000004441 ) ;
#4069 = DIRECTION ( 'NONE',  ( -1.734723475976807094E-15, 0.000000000000000000, 1.000000000000000000 ) ) ;
#4070 = CARTESIAN_POINT ( 'NONE',  ( -16.44238810797689965, 500.0000000000000000, 12.74999986990139966 ) ) ;
#4071 = AXIS2_PLACEMENT_3D ( 'NONE', #3917, #5099, #3137 ) ;
#4072 = AXIS2_PLACEMENT_3D ( 'NONE', #4463, #6964, #6878 ) ;
#4073 = ORIENTED_EDGE ( 'NONE', *, *, #4304, .F. ) ;
#4074 = DIRECTION ( 'NONE',  ( 0.000000000000000000, -1.000000000000000000, 0.000000000000000000 ) ) ;
#4075 = EDGE_LOOP ( 'NONE', ( #4209, #211, #2625, #3324 ) ) ;
#4076 = VERTEX_POINT ( 'NONE', #7332 ) ;
#4077 = ORIENTED_EDGE ( 'NONE', *, *, #3831, .F. ) ;
#4078 = DIRECTION ( 'NONE',  ( 0.000000000000000000, -1.000000000000000000, 0.000000000000000000 ) ) ;
#4079 = VECTOR ( 'NONE', #6653, 1000.000000000000000 ) ;
#4080 = CIRCLE ( 'NONE', #4332, 0.5000000000000004441 ) ;
#4081 = CARTESIAN_POINT ( 'NONE',  ( 37.54999999989999537, -500.0000000000000000, 7.450000000100000186 ) ) ;
#4082 = ORIENTED_EDGE ( 'NONE', *, *, #4486, .T. ) ;
#4083 = CYLINDRICAL_SURFACE ( 'NONE', #5329, 1.000000000000000888 ) ;
#4084 = DIRECTION ( 'NONE',  ( -6.666426669947139600E-11, 0.000000000000000000, 1.000000000000000000 ) ) ;
#4085 = PLANE ( 'NONE',  #1047 ) ;
#4086 = ORIENTED_EDGE ( 'NONE', *, *, #5552, .F. ) ;
#4087 = CIRCLE ( 'NONE', #3286, 2.500000000000002220 ) ;
#4088 = ADVANCED_FACE ( 'NONE', ( #5358 ), #4219, .F. ) ;
#4089 = ORIENTED_EDGE ( 'NONE', *, *, #7635, .T. ) ;
#4090 = ORIENTED_EDGE ( 'NONE', *, *, #7895, .F. ) ;
#4091 = CARTESIAN_POINT ( 'NONE',  ( 18.38750000000000284, 500.0000000000000000, 7.000000000000000000 ) ) ;
#4092 = ORIENTED_EDGE ( 'NONE', *, *, #8051, .T. ) ;
#4093 = DIRECTION ( 'NONE',  ( -0.7071067825525398920, 0.000000000000000000, -0.7071067798205551425 ) ) ;
#4094 = DIRECTION ( 'NONE',  ( 1.000000000000000000, 0.000000000000000000, 6.666657966410595850E-11 ) ) ;
#4095 = ORIENTED_EDGE ( 'NONE', *, *, #1808, .T. ) ;
#4096 = EDGE_CURVE ( 'NONE', #5816, #7685, #975, .T. ) ;
#4097 = VERTEX_POINT ( 'NONE', #2242 ) ;
#4098 = DIRECTION ( 'NONE',  ( -4.000064168785401882E-11, 0.000000000000000000, 1.000000000000000000 ) ) ;
#4099 = DIRECTION ( 'NONE',  ( -1.000000000000000000, 0.000000000000000000, 0.000000000000000000 ) ) ;
#4100 = DIRECTION ( 'NONE',  ( -1.000000000000000000, 0.000000000000000000, 0.000000000000000000 ) ) ;
#4101 = CARTESIAN_POINT ( 'NONE',  ( 32.74999986990139433, 500.0000000000000000, -3.557611892023129663 ) ) ;
#4102 = EDGE_CURVE ( 'NONE', #7884, #1735, #7445, .T. ) ;
#4103 = ADVANCED_FACE ( 'NONE', ( #2438 ), #4558, .F. ) ;
#4104 = AXIS2_PLACEMENT_3D ( 'NONE', #4872, #453, #413 ) ;
#4105 = DIRECTION ( 'NONE',  ( 0.000000000000000000, -1.000000000000000000, 0.000000000000000000 ) ) ;
#4106 = VERTEX_POINT ( 'NONE', #4902 ) ;
#4107 = VERTEX_POINT ( 'NONE', #7063 ) ;
#4108 = PLANE ( 'NONE',  #3849 ) ;
#4109 = CARTESIAN_POINT ( 'NONE',  ( -13.20000001000000012, 501.0000000000000000, -11.74974747000000086 ) ) ;
#4110 = DIRECTION ( 'NONE',  ( 9.999640004920706815E-11, 0.000000000000000000, -1.000000000000000000 ) ) ;
#4111 = CIRCLE ( 'NONE', #966, 0.4499999999999990119 ) ;
#4112 = CYLINDRICAL_SURFACE ( 'NONE', #4544, 2.200000000000000622 ) ;
#4113 = EDGE_CURVE ( 'NONE', #2125, #8013, #5630, .T. ) ;
#4114 = LINE ( 'NONE', #5412, #1176 ) ;
#4115 = VERTEX_POINT ( 'NONE', #6790 ) ;
#4116 = EDGE_LOOP ( 'NONE', ( #6380, #7131, #4519, #633 ) ) ;
#4117 = AXIS2_PLACEMENT_3D ( 'NONE', #2137, #7237, #6618 ) ;
#4118 = CARTESIAN_POINT ( 'NONE',  ( -25.50000000000000000, 500.4999999999999432, -19.99999999990000177 ) ) ;
#4119 = FACE_OUTER_BOUND ( 'NONE', #6347, .T. ) ;
#4120 = ORIENTED_EDGE ( 'NONE', *, *, #172, .T. ) ;
#4121 = FACE_OUTER_BOUND ( 'NONE', #7394, .T. ) ;
#4122 = CARTESIAN_POINT ( 'NONE',  ( -14.99999999989999999, 500.0000000000000000, -16.50000000010000178 ) ) ;
#4123 = CARTESIAN_POINT ( 'NONE',  ( 0.000000000000000000, 500.0000000000000000, 20.00000000000000000 ) ) ;
#4124 = EDGE_CURVE ( 'NONE', #3487, #6562, #4111, .T. ) ;
#4125 = VERTEX_POINT ( 'NONE', #171 ) ;
#4126 = ORIENTED_EDGE ( 'NONE', *, *, #182, .F. ) ;
#4127 = EDGE_LOOP ( 'NONE', ( #7767, #7692, #4355, #7512 ) ) ;
#4128 = VECTOR ( 'NONE', #6839, 1000.000000000000000 ) ;
#4129 = ORIENTED_EDGE ( 'NONE', *, *, #6104, .F. ) ;
#4130 = CARTESIAN_POINT ( 'NONE',  ( 31.80000000000000071, -500.0000000000000000, -12.30000000000000071 ) ) ;
#4131 = CARTESIAN_POINT ( 'NONE',  ( 16.44238816000000014, 500.0000000000000000, -7.750000000000000000 ) ) ;
#4132 = VERTEX_POINT ( 'NONE', #3138 ) ;
#4133 = LINE ( 'NONE', #6631, #764 ) ;
#4134 = FACE_OUTER_BOUND ( 'NONE', #2512, .T. ) ;
#4135 = AXIS2_PLACEMENT_3D ( 'NONE', #1293, #7565, #4493 ) ;
#4136 = EDGE_CURVE ( 'NONE', #6938, #5827, #4940, .T. ) ;
#4137 = DIRECTION ( 'NONE',  ( -2.222219322136872090E-10, 0.000000000000000000, 1.000000000000000000 ) ) ;
#4138 = LINE ( 'NONE', #3560, #7500 ) ;
#4139 = DIRECTION ( 'NONE',  ( 1.000000000000000000, 0.000000000000000000, 0.000000000000000000 ) ) ;
#4140 = FACE_OUTER_BOUND ( 'NONE', #7282, .T. ) ;
#4141 = VERTEX_POINT ( 'NONE', #638 ) ;
#4142 = CARTESIAN_POINT ( 'NONE',  ( 16.60000000000000142, 500.0000000000000000, 4.163799117100999573E-16 ) ) ;
#4143 = EDGE_CURVE ( 'NONE', #5964, #6208, #3679, .T. ) ;
#4144 = DIRECTION ( 'NONE',  ( -0.7071067816683119789, 0.000000000000000000, 0.7071067807047830556 ) ) ;
#4145 = ADVANCED_FACE ( 'NONE', ( #1208 ), #5780, .F. ) ;
#4146 = CARTESIAN_POINT ( 'NONE',  ( 12.50000000000000000, 501.0000000000000000, -17.99999999990000177 ) ) ;
#4147 = CARTESIAN_POINT ( 'NONE',  ( 40.00000000000000000, -500.0000000000000000, -16.00000000000000000 ) ) ;
#4148 = DIRECTION ( 'NONE',  ( 0.000000000000000000, -1.000000000000000000, 0.000000000000000000 ) ) ;
#4149 = ORIENTED_EDGE ( 'NONE', *, *, #5082, .T. ) ;
#4150 = VERTEX_POINT ( 'NONE', #8012 ) ;
#4151 = ORIENTED_EDGE ( 'NONE', *, *, #3934, .F. ) ;
#4152 = DIRECTION ( 'NONE',  ( -1.000000000000000000, 0.000000000000000000, -1.999928000984139554E-10 ) ) ;
#4153 = EDGE_CURVE ( 'NONE', #1373, #3344, #2517, .T. ) ;
#4154 = CARTESIAN_POINT ( 'NONE',  ( 12.50000000010000001, -500.0000000000000000, -15.49999999989999999 ) ) ;
#4155 = EDGE_LOOP ( 'NONE', ( #7436, #4882, #2461, #191 ) ) ;
#4156 = DIRECTION ( 'NONE',  ( 0.000000000000000000, -1.000000000000000000, 0.000000000000000000 ) ) ;
#4157 = CARTESIAN_POINT ( 'NONE',  ( -7.250000000000000000, 501.0000000000000000, 3.557611840000010073 ) ) ;
#4158 = VECTOR ( 'NONE', #7087, 1000.000000000000000 ) ;
#4159 = DIRECTION ( 'NONE',  ( -1.040462604279012531E-08, 0.000000000000000000, -1.000000000000000000 ) ) ;
#4160 = ORIENTED_EDGE ( 'NONE', *, *, #2178, .T. ) ;
#4161 = DIRECTION ( 'NONE',  ( 0.000000000000000000, -1.000000000000000000, 0.000000000000000000 ) ) ;
#4162 = VERTEX_POINT ( 'NONE', #560 ) ;
#4163 = FACE_OUTER_BOUND ( 'NONE', #2651, .T. ) ;
#4164 = AXIS2_PLACEMENT_3D ( 'NONE', #3749, #7556, #5579 ) ;
#4165 = ORIENTED_EDGE ( 'NONE', *, *, #3197, .F. ) ;
#4166 = LINE ( 'NONE', #5428, #7144 ) ;
#4167 = EDGE_CURVE ( 'NONE', #4914, #7278, #6456, .T. ) ;
#4168 = FACE_OUTER_BOUND ( 'NONE', #3073, .T. ) ;
#4169 = AXIS2_PLACEMENT_3D ( 'NONE', #2165, #368, #4761 ) ;
#4170 = ORIENTED_EDGE ( 'NONE', *, *, #6000, .T. ) ;
#4171 = EDGE_LOOP ( 'NONE', ( #5287, #5060, #5266, #7509 ) ) ;
#4172 = CARTESIAN_POINT ( 'NONE',  ( -24.00000000010000178, 501.0000000000000000, 18.50000000000000000 ) ) ;
#4173 = CARTESIAN_POINT ( 'NONE',  ( -30.00000000000000000, 500.0000000000000000, -15.50000000000000000 ) ) ;
#4174 = VECTOR ( 'NONE', #6089, 1000.000000000000000 ) ;
#4175 = ORIENTED_EDGE ( 'NONE', *, *, #4153, .T. ) ;
#4176 = CARTESIAN_POINT ( 'NONE',  ( -27.75000000000000000, 501.0000000000000000, -4.440892098500630106E-16 ) ) ;
#4177 = CARTESIAN_POINT ( 'NONE',  ( 27.09314575000000147, 501.0000000000000000, -9.214466100000000992 ) ) ;
#4178 = EDGE_LOOP ( 'NONE', ( #293, #2613, #7433, #5584 ) ) ;
#4179 = CARTESIAN_POINT ( 'NONE',  ( -26.49999999990000177, 500.0000000000000000, -16.00000000010000178 ) ) ;
#4180 = EDGE_CURVE ( 'NONE', #7091, #7104, #4983, .T. ) ;
#4181 = VERTEX_POINT ( 'NONE', #2399 ) ;
#4182 = CARTESIAN_POINT ( 'NONE',  ( 34.19238812999999766, 501.0000000000000000, -10.00000000000000000 ) ) ;
#4183 = VECTOR ( 'NONE', #6912, 1000.000000000000000 ) ;
#4184 = DIRECTION ( 'NONE',  ( -1.000000000000000000, 0.000000000000000000, -6.666657966410595850E-11 ) ) ;
#4185 = DIRECTION ( 'NONE',  ( 0.000000000000000000, 1.000000000000000000, 0.000000000000000000 ) ) ;
#4186 = DIRECTION ( 'NONE',  ( -0.7071067825525398920, 0.000000000000000000, -0.7071067798205551425 ) ) ;
#4187 = ORIENTED_EDGE ( 'NONE', *, *, #4855, .F. ) ;
#4188 = PLANE ( 'NONE',  #2226 ) ;
#4189 = CIRCLE ( 'NONE', #2218, 4.999999982033289214 ) ;
#4190 = EDGE_CURVE ( 'NONE', #6861, #7318, #7664, .T. ) ;
#4191 = AXIS2_PLACEMENT_3D ( 'NONE', #4804, #505, #426 ) ;
#4192 = ORIENTED_EDGE ( 'NONE', *, *, #2967, .T. ) ;
#4193 = EDGE_LOOP ( 'NONE', ( #3198, #5085, #6074, #4242 ) ) ;
#4194 = CYLINDRICAL_SURFACE ( 'NONE', #391, 0.5000000000000004441 ) ;
#4195 = LINE ( 'NONE', #1113, #2496 ) ;
#4196 = CARTESIAN_POINT ( 'NONE',  ( -16.44238810797689965, -500.0000000000000000, 12.74999986990139966 ) ) ;
#4197 = VECTOR ( 'NONE', #4218, 1000.000000000000000 ) ;
#4198 = DIRECTION ( 'NONE',  ( 0.000000000000000000, 1.000000000000000000, 0.000000000000000000 ) ) ;
#4199 = CIRCLE ( 'NONE', #3800, 4.999999962794539066 ) ;
#4200 = FACE_OUTER_BOUND ( 'NONE', #1442, .T. ) ;
#4201 = EDGE_LOOP ( 'NONE', ( #4851, #2985, #1960, #6664 ) ) ;
#4202 = DIRECTION ( 'NONE',  ( 1.000000000000000000, 0.000000000000000000, 4.884684341243944013E-09 ) ) ;
#4203 = EDGE_CURVE ( 'NONE', #7168, #6165, #2929, .T. ) ;
#4204 = EDGE_CURVE ( 'NONE', #4877, #7043, #5137, .T. ) ;
#4205 = ORIENTED_EDGE ( 'NONE', *, *, #7853, .T. ) ;
#4206 = ORIENTED_EDGE ( 'NONE', *, *, #5839, .T. ) ;
#4207 = AXIS2_PLACEMENT_3D ( 'NONE', #1928, #3827, #6398 ) ;
#4208 = DIRECTION ( 'NONE',  ( 0.7071067816683119789, 0.000000000000000000, -0.7071067807047830556 ) ) ;
#4209 = ORIENTED_EDGE ( 'NONE', *, *, #4627, .F. ) ;
#4210 = CARTESIAN_POINT ( 'NONE',  ( 7.249999980000049860, 501.0000000000000000, -3.557611840000020287 ) ) ;
#4211 = CARTESIAN_POINT ( 'NONE',  ( 23.55761182633779782, -500.0000000000000000, -12.75000002847990110 ) ) ;
#4212 = VECTOR ( 'NONE', #341, 1000.000000000000000 ) ;
#4213 = AXIS2_PLACEMENT_3D ( 'NONE', #1677, #1067, #2322 ) ;
#4214 = EDGE_CURVE ( 'NONE', #3663, #4821, #1167, .T. ) ;
#4215 = LINE ( 'NONE', #476, #5730 ) ;
#4216 = DIRECTION ( 'NONE',  ( 0.000000000000000000, -1.000000000000000000, 0.000000000000000000 ) ) ;
#4217 = VECTOR ( 'NONE', #2408, 1000.000000000000000 ) ;
#4218 = DIRECTION ( 'NONE',  ( 0.000000000000000000, -1.000000000000000000, 0.000000000000000000 ) ) ;
#4219 = PLANE ( 'NONE',  #5937 ) ;
#4220 = CARTESIAN_POINT ( 'NONE',  ( 38.19999999999999574, 501.0000000000000000, -14.14999999999999858 ) ) ;
#4221 = VERTEX_POINT ( 'NONE', #6300 ) ;
#4222 = DIRECTION ( 'NONE',  ( -0.7071067811865474617, 0.000000000000000000, 0.7071067811865474617 ) ) ;
#4223 = DIRECTION ( 'NONE',  ( 1.000000000000000000, 0.000000000000000000, 1.999928000984139554E-10 ) ) ;
#4224 = CARTESIAN_POINT ( 'NONE',  ( 23.55761182633779782, 501.0000000000000000, -12.75000002847990110 ) ) ;
#4225 = DIRECTION ( 'NONE',  ( 1.000000000000000000, 0.000000000000000000, 0.000000000000000000 ) ) ;
#4226 = CARTESIAN_POINT ( 'NONE',  ( -25.75000000000000000, 501.0000000000000000, -15.50000000000000000 ) ) ;
#4227 = ADVANCED_FACE ( 'NONE', ( #8049 ), #1244, .F. ) ;
#4228 = CARTESIAN_POINT ( 'NONE',  ( 13.73749999999999893, -500.0000000000000000, 18.00000000000000000 ) ) ;
#4229 = ORIENTED_EDGE ( 'NONE', *, *, #4096, .T. ) ;
#4230 = ORIENTED_EDGE ( 'NONE', *, *, #1454, .T. ) ;
#4231 = AXIS2_PLACEMENT_3D ( 'NONE', #7088, #6999, #3267 ) ;
#4232 = ORIENTED_EDGE ( 'NONE', *, *, #530, .T. ) ;
#4233 = LINE ( 'NONE', #5451, #2478 ) ;
#4234 = CARTESIAN_POINT ( 'NONE',  ( 10.00000000000000000, -500.0000000000000000, -14.19238813000000121 ) ) ;
#4235 = LINE ( 'NONE', #5995, #7943 ) ;
#4236 = EDGE_CURVE ( 'NONE', #1542, #1892, #6218, .T. ) ;
#4237 = PLANE ( 'NONE',  #3451 ) ;
#4238 = CYLINDRICAL_SURFACE ( 'NONE', #3132, 2.499999999999998668 ) ;
#4239 = VECTOR ( 'NONE', #5996, 1000.000000000000000 ) ;
#4240 = ORIENTED_EDGE ( 'NONE', *, *, #1867, .F. ) ;
#4241 = ORIENTED_EDGE ( 'NONE', *, *, #4994, .F. ) ;
#4242 = ORIENTED_EDGE ( 'NONE', *, *, #6995, .F. ) ;
#4243 = DIRECTION ( 'NONE',  ( 0.000000000000000000, -1.000000000000000000, 0.000000000000000000 ) ) ;
#4244 = ORIENTED_EDGE ( 'NONE', *, *, #3934, .T. ) ;
#4245 = DIRECTION ( 'NONE',  ( 0.000000000000000000, -1.000000000000000000, 0.000000000000000000 ) ) ;
#4246 = DIRECTION ( 'NONE',  ( 1.000000000000000000, 0.000000000000000000, 0.000000000000000000 ) ) ;
#4247 = ADVANCED_FACE ( 'NONE', ( #1034 ), #1484, .F. ) ;
#4248 = EDGE_CURVE ( 'NONE', #325, #5911, #2885, .T. ) ;
#4249 = VECTOR ( 'NONE', #463, 1000.000000000000000 ) ;
#4250 = CARTESIAN_POINT ( 'NONE',  ( 11.46446609000000016, 501.0000000000000000, 10.65685425999999936 ) ) ;
#4251 = CARTESIAN_POINT ( 'NONE',  ( 25.00000001796670190, 501.0000000000000000, -14.19238815442339963 ) ) ;
#4252 = ADVANCED_FACE ( 'NONE', ( #5381 ), #4689, .F. ) ;
#4253 = DIRECTION ( 'NONE',  ( 1.000000000000000000, 0.000000000000000000, 0.000000000000000000 ) ) ;
#4254 = ORIENTED_EDGE ( 'NONE', *, *, #7368, .F. ) ;
#4255 = ORIENTED_EDGE ( 'NONE', *, *, #6126, .T. ) ;
#4256 = CARTESIAN_POINT ( 'NONE',  ( 35.50000000000000000, 501.0000000000000000, -5.000000000000000000 ) ) ;
#4257 = AXIS2_PLACEMENT_3D ( 'NONE', #3509, #935, #3674 ) ;
#4258 = DIRECTION ( 'NONE',  ( 0.000000000000000000, 0.000000000000000000, 1.000000000000000000 ) ) ;
#4259 = CARTESIAN_POINT ( 'NONE',  ( -12.50000000000000000, -500.0000000000000000, 17.99999999990000177 ) ) ;
#4260 = CARTESIAN_POINT ( 'NONE',  ( -13.50000000010000001, -500.0000000000000000, 16.00000000010000178 ) ) ;
#4261 = EDGE_CURVE ( 'NONE', #4026, #7009, #1990, .T. ) ;
#4262 = DIRECTION ( 'NONE',  ( 0.000000000000000000, 1.000000000000000000, 0.000000000000000000 ) ) ;
#4263 = LINE ( 'NONE', #6765, #7041 ) ;
#4264 = EDGE_LOOP ( 'NONE', ( #1906, #6290, #3951, #6489, #6820, #6278, #3625, #6986 ) ) ;
#4265 = DIRECTION ( 'NONE',  ( 2.222142223315713114E-10, 0.000000000000000000, -1.000000000000000000 ) ) ;
#4266 = ORIENTED_EDGE ( 'NONE', *, *, #2299, .T. ) ;
#4267 = ORIENTED_EDGE ( 'NONE', *, *, #3639, .F. ) ;
#4268 = CARTESIAN_POINT ( 'NONE',  ( -10.00000000000000000, -500.0000000000000000, -14.19238813000000121 ) ) ;
#4269 = DIRECTION ( 'NONE',  ( 1.000000000000000000, 0.000000000000000000, 1.999945348218899322E-10 ) ) ;
#4270 = CARTESIAN_POINT ( 'NONE',  ( -30.65685426000000291, 501.0000000000000000, 8.535533909999999835 ) ) ;
#4271 = ORIENTED_EDGE ( 'NONE', *, *, #4701, .F. ) ;
#4272 = CARTESIAN_POINT ( 'NONE',  ( 25.50000000009999823, 501.0000000000000000, -18.49999999990000177 ) ) ;
#4273 = DIRECTION ( 'NONE',  ( 0.000000000000000000, -1.000000000000000000, 0.000000000000000000 ) ) ;
#4274 = DIRECTION ( 'NONE',  ( -1.000000000000000000, 0.000000000000000000, 0.000000000000000000 ) ) ;
#4275 = VECTOR ( 'NONE', #5469, 1000.000000000000000 ) ;
#4276 = ORIENTED_EDGE ( 'NONE', *, *, #109, .T. ) ;
#4277 = CARTESIAN_POINT ( 'NONE',  ( 15.00000000000000000, 501.0000000000000000, -15.50000000000000000 ) ) ;
#4278 = ORIENTED_EDGE ( 'NONE', *, *, #4520, .F. ) ;
#4279 = ADVANCED_FACE ( 'NONE', ( #5822 ), #5208, .T. ) ;
#4280 = CARTESIAN_POINT ( 'NONE',  ( 13.19999999000000024, -500.0000000000000000, -11.74974747000000086 ) ) ;
#4281 = ORIENTED_EDGE ( 'NONE', *, *, #5944, .F. ) ;
#4282 = DIRECTION ( 'NONE',  ( 0.7071067811865449082, 0.000000000000000000, -0.7071067811865500152 ) ) ;
#4283 = CARTESIAN_POINT ( 'NONE',  ( 26.99999999989999822, 501.0000000000000000, -16.00000000000000000 ) ) ;
#4284 = VECTOR ( 'NONE', #6799, 1000.000000000000000 ) ;
#4285 = AXIS2_PLACEMENT_3D ( 'NONE', #2707, #2799, #6482 ) ;
#4286 = EDGE_CURVE ( 'NONE', #7672, #6242, #260, .T. ) ;
#4287 = EDGE_CURVE ( 'NONE', #6393, #3624, #7873, .T. ) ;
#4288 = CARTESIAN_POINT ( 'NONE',  ( -32.30000000000000426, 501.0000000000000000, -17.69999999999999929 ) ) ;
#4289 = CARTESIAN_POINT ( 'NONE',  ( 25.00000000010000178, 501.0000000000000000, 16.50000000010000178 ) ) ;
#4290 = DIRECTION ( 'NONE',  ( 0.000000000000000000, -1.000000000000000000, 0.000000000000000000 ) ) ;
#4291 = VECTOR ( 'NONE', #3979, 1000.000000000000000 ) ;
#4292 = ORIENTED_EDGE ( 'NONE', *, *, #5351, .F. ) ;
#4293 = CARTESIAN_POINT ( 'NONE',  ( 15.99999999989999999, 501.0000000000000000, -16.50000000000000000 ) ) ;
#4294 = EDGE_CURVE ( 'NONE', #5123, #2711, #5917, .T. ) ;
#4295 = ADVANCED_FACE ( 'NONE', ( #1576 ), #1526, .F. ) ;
#4296 = DIRECTION ( 'NONE',  ( 0.000000000000000000, -1.000000000000000000, 0.000000000000000000 ) ) ;
#4297 = AXIS2_PLACEMENT_3D ( 'NONE', #3569, #6111, #2991 ) ;
#4298 = CARTESIAN_POINT ( 'NONE',  ( -27.81433982999999799, 501.0000000000000000, 9.935660179999999286 ) ) ;
#4299 = LINE ( 'NONE', #7414, #2440 ) ;
#4300 = CARTESIAN_POINT ( 'NONE',  ( 24.00000000000000000, 500.0000000000000000, -8.750000000000000000 ) ) ;
#4301 = DIRECTION ( 'NONE',  ( 0.000000000000000000, -1.000000000000000000, 0.000000000000000000 ) ) ;
#4302 = AXIS2_PLACEMENT_3D ( 'NONE', #8005, #3666, #4396 ) ;
#4303 = CARTESIAN_POINT ( 'NONE',  ( -37.69999999999999574, 500.0000000000000000, -11.79999999999999893 ) ) ;
#4304 = EDGE_CURVE ( 'NONE', #820, #4564, #563, .T. ) ;
#4305 = VERTEX_POINT ( 'NONE', #7832 ) ;
#4306 = ORIENTED_EDGE ( 'NONE', *, *, #5271, .T. ) ;
#4307 = CIRCLE ( 'NONE', #1817, 4.999999869901409433 ) ;
#4308 = CARTESIAN_POINT ( 'NONE',  ( 30.00000000000000000, -500.0000000000000000, 7.423097032500000303 ) ) ;
#4309 = CARTESIAN_POINT ( 'NONE',  ( 38.50000000000000000, 500.0000000000000000, -4.000000000000000000 ) ) ;
#4310 = DIRECTION ( 'NONE',  ( 0.000000000000000000, -1.000000000000000000, 0.000000000000000000 ) ) ;
#4311 = LINE ( 'NONE', #3699, #7178 ) ;
#4312 = DIRECTION ( 'NONE',  ( 0.000000000000000000, 1.000000000000000000, 0.000000000000000000 ) ) ;
#4313 = VECTOR ( 'NONE', #2923, 1000.000000000000000 ) ;
#4314 = CARTESIAN_POINT ( 'NONE',  ( -36.00000000000000000, 500.0000000000000000, -20.00000000000000000 ) ) ;
#4315 = VECTOR ( 'NONE', #7666, 1000.000000000000000 ) ;
#4316 = VERTEX_POINT ( 'NONE', #3369 ) ;
#4317 = ORIENTED_EDGE ( 'NONE', *, *, #6794, .T. ) ;
#4318 = DIRECTION ( 'NONE',  ( 0.000000000000000000, -1.000000000000000000, 0.000000000000000000 ) ) ;
#4319 = DIRECTION ( 'NONE',  ( -0.7071067807047830556, 0.000000000000000000, -0.7071067816683118679 ) ) ;
#4320 = AXIS2_PLACEMENT_3D ( 'NONE', #3612, #6117, #34 ) ;
#4321 = AXIS2_PLACEMENT_3D ( 'NONE', #1268, #3240, #8071 ) ;
#4322 = CARTESIAN_POINT ( 'NONE',  ( 14.99999998203329987, 501.0000000000000000, 14.19238815442339963 ) ) ;
#4323 = ORIENTED_EDGE ( 'NONE', *, *, #228, .T. ) ;
#4324 = LINE ( 'NONE', #7437, #1534 ) ;
#4325 = EDGE_CURVE ( 'NONE', #776, #3288, #3836, .T. ) ;
#4326 = AXIS2_PLACEMENT_3D ( 'NONE', #7479, #8041, #4931 ) ;
#4327 = VECTOR ( 'NONE', #7042, 1000.000000000000000 ) ;
#4328 = ORIENTED_EDGE ( 'NONE', *, *, #124, .T. ) ;
#4329 = DIRECTION ( 'NONE',  ( 0.000000000000000000, -1.000000000000000000, 0.000000000000000000 ) ) ;
#4330 = DIRECTION ( 'NONE',  ( 0.000000000000000000, 1.000000000000000000, 0.000000000000000000 ) ) ;
#4331 = VECTOR ( 'NONE', #2665, 1000.000000000000000 ) ;
#4332 = AXIS2_PLACEMENT_3D ( 'NONE', #1843, #8108, #1913 ) ;
#4333 = DIRECTION ( 'NONE',  ( 0.000000000000000000, -1.000000000000000000, 0.000000000000000000 ) ) ;
#4334 = ORIENTED_EDGE ( 'NONE', *, *, #3429, .F. ) ;
#4335 = ADVANCED_FACE ( 'NONE', ( #380 ), #6579, .T. ) ;
#4336 = VERTEX_POINT ( 'NONE', #956 ) ;
#4337 = CARTESIAN_POINT ( 'NONE',  ( -25.00000003720549913, 500.0000000000000000, -14.19238814645449942 ) ) ;
#4338 = AXIS2_PLACEMENT_3D ( 'NONE', #7354, #3698, #5416 ) ;
#4339 = DIRECTION ( 'NONE',  ( 0.000000000000000000, 1.000000000000000000, 0.000000000000000000 ) ) ;
#4340 = DIRECTION ( 'NONE',  ( 0.000000000000000000, -1.000000000000000000, 0.000000000000000000 ) ) ;
#4341 = CARTESIAN_POINT ( 'NONE',  ( -14.49999999989999999, 501.0000000000000000, 18.49999999990000177 ) ) ;
#4342 = FACE_OUTER_BOUND ( 'NONE', #6330, .T. ) ;
#4343 = EDGE_CURVE ( 'NONE', #7796, #622, #870, .T. ) ;
#4344 = EDGE_CURVE ( 'NONE', #2425, #1896, #6529, .T. ) ;
#4345 = VERTEX_POINT ( 'NONE', #7755 ) ;
#4346 = DIRECTION ( 'NONE',  ( 1.000000000000000000, 0.000000000000000000, 3.469446951953611033E-15 ) ) ;
#4347 = ORIENTED_EDGE ( 'NONE', *, *, #2560, .T. ) ;
#4348 = ORIENTED_EDGE ( 'NONE', *, *, #1133, .F. ) ;
#4349 = LINE ( 'NONE', #1874, #2603 ) ;
#4350 = DIRECTION ( 'NONE',  ( -1.000000000000000000, 0.000000000000000000, -3.469446951953611033E-15 ) ) ;
#4351 = CARTESIAN_POINT ( 'NONE',  ( 25.00000001796670190, 500.0000000000000000, -14.19238815442339963 ) ) ;
#4352 = DIRECTION ( 'NONE',  ( 0.000000000000000000, 0.000000000000000000, -1.000000000000000000 ) ) ;
#4353 = EDGE_CURVE ( 'NONE', #5865, #2669, #4365, .T. ) ;
#4354 = DIRECTION ( 'NONE',  ( 0.000000000000000000, -1.000000000000000000, 0.000000000000000000 ) ) ;
#4355 = ORIENTED_EDGE ( 'NONE', *, *, #584, .F. ) ;
#4356 = DIRECTION ( 'NONE',  ( 0.000000000000000000, 1.000000000000000000, 0.000000000000000000 ) ) ;
#4357 = ORIENTED_EDGE ( 'NONE', *, *, #2076, .F. ) ;
#4358 = ORIENTED_EDGE ( 'NONE', *, *, #4784, .F. ) ;
#4359 = VECTOR ( 'NONE', #7127, 1000.000000000000000 ) ;
#4360 = ORIENTED_EDGE ( 'NONE', *, *, #4136, .F. ) ;
#4361 = CARTESIAN_POINT ( 'NONE',  ( 37.69999999999999574, 501.0000000000000000, 11.79999999999999893 ) ) ;
#4362 = LINE ( 'NONE', #2545, #1710 ) ;
#4363 = CARTESIAN_POINT ( 'NONE',  ( 32.74999986990139433, 501.0000000000000000, -3.557611892023129663 ) ) ;
#4364 = EDGE_CURVE ( 'NONE', #6648, #7030, #4647, .T. ) ;
#4365 = CIRCLE ( 'NONE', #4117, 1.500000000000001332 ) ;
#4366 = ORIENTED_EDGE ( 'NONE', *, *, #5180, .F. ) ;
#4367 = ORIENTED_EDGE ( 'NONE', *, *, #6411, .F. ) ;
#4368 = FACE_OUTER_BOUND ( 'NONE', #2398, .T. ) ;
#4369 = CYLINDRICAL_SURFACE ( 'NONE', #6814, 1.000000000000000888 ) ;
#4370 = DIRECTION ( 'NONE',  ( 0.000000000000000000, 0.000000000000000000, 1.000000000000000000 ) ) ;
#4371 = CARTESIAN_POINT ( 'NONE',  ( 12.99999999989999999, -500.0000000000000000, -17.55000000000000071 ) ) ;
#4372 = CARTESIAN_POINT ( 'NONE',  ( -28.53553391000000161, 501.0000000000000000, 10.65685425999999936 ) ) ;
#4373 = CARTESIAN_POINT ( 'NONE',  ( 17.50000000000000000, -500.0000000000000000, -11.79999999999999893 ) ) ;
#4374 = ADVANCED_FACE ( 'NONE', ( #3418 ), #2800, .F. ) ;
#4375 = AXIS2_PLACEMENT_3D ( 'NONE', #6184, #6761, #1135 ) ;
#4376 = LINE ( 'NONE', #6225, #1007 ) ;
#4377 = LINE ( 'NONE', #648, #3706 ) ;
#4378 = ORIENTED_EDGE ( 'NONE', *, *, #6214, .F. ) ;
#4379 = DIRECTION ( 'NONE',  ( 0.000000000000000000, -1.000000000000000000, 0.000000000000000000 ) ) ;
#4380 = ORIENTED_EDGE ( 'NONE', *, *, #2314, .F. ) ;
#4381 = ORIENTED_EDGE ( 'NONE', *, *, #939, .T. ) ;
#4382 = EDGE_CURVE ( 'NONE', #3499, #2540, #824, .T. ) ;
#4383 = EDGE_CURVE ( 'NONE', #5653, #7383, #7999, .T. ) ;
#4384 = DIRECTION ( 'NONE',  ( 0.000000000000000000, 0.000000000000000000, -1.000000000000000000 ) ) ;
#4385 = CYLINDRICAL_SURFACE ( 'NONE', #4730, 0.4499999999999990119 ) ;
#4386 = DIRECTION ( 'NONE',  ( 0.000000000000000000, -1.000000000000000000, 0.000000000000000000 ) ) ;
#4387 = LINE ( 'NONE', #6886, #233 ) ;
#4388 = CARTESIAN_POINT ( 'NONE',  ( -30.00000000000000000, 501.0000000000000000, -15.50000000000000000 ) ) ;
#4389 = ORIENTED_EDGE ( 'NONE', *, *, #1041, .T. ) ;
#4390 = DIRECTION ( 'NONE',  ( 0.000000000000000000, 0.000000000000000000, -1.000000000000000000 ) ) ;
#4391 = CIRCLE ( 'NONE', #6364, 5.000000028479869130 ) ;
#4392 = ORIENTED_EDGE ( 'NONE', *, *, #2647, .T. ) ;
#4393 = ORIENTED_EDGE ( 'NONE', *, *, #5818, .T. ) ;
#4394 = AXIS2_PLACEMENT_3D ( 'NONE', #1501, #7253, #3968 ) ;
#4395 = ADVANCED_FACE ( 'NONE', ( #3579 ), #4237, .F. ) ;
#4396 = DIRECTION ( 'NONE',  ( 0.000000000000000000, -1.000000000000000000, 0.000000000000000000 ) ) ;
#4397 = VERTEX_POINT ( 'NONE', #5418 ) ;
#4398 = FACE_OUTER_BOUND ( 'NONE', #7547, .T. ) ;
#4399 = LINE ( 'NONE', #85, #1308 ) ;
#4400 = CARTESIAN_POINT ( 'NONE',  ( -37.54999999999999716, 500.0000000000000000, -7.000000000000000000 ) ) ;
#4401 = CIRCLE ( 'NONE', #859, 0.5000000000000004441 ) ;
#4402 = VECTOR ( 'NONE', #6294, 1000.000000000000000 ) ;
#4403 = ORIENTED_EDGE ( 'NONE', *, *, #1978, .F. ) ;
#4404 = EDGE_CURVE ( 'NONE', #3164, #1302, #8020, .T. ) ;
#4405 = AXIS2_PLACEMENT_3D ( 'NONE', #2196, #4100, #6595 ) ;
#4406 = ORIENTED_EDGE ( 'NONE', *, *, #2974, .T. ) ;
#4407 = DIRECTION ( 'NONE',  ( 1.000000000000000000, 0.000000000000000000, 0.000000000000000000 ) ) ;
#4408 = CARTESIAN_POINT ( 'NONE',  ( 35.50000000000000000, 501.0000000000000000, -5.750000000000000000 ) ) ;
#4409 = CARTESIAN_POINT ( 'NONE',  ( -31.80000000000000071, -500.0000000000000000, -7.500000000000000000 ) ) ;
#4410 = CARTESIAN_POINT ( 'NONE',  ( 13.00000000000000000, -500.0000000000000000, 17.55000000000000071 ) ) ;
#4411 = EDGE_CURVE ( 'NONE', #2721, #253, #969, .T. ) ;
#4412 = DIRECTION ( 'NONE',  ( -1.000000000000000000, 0.000000000000000000, 0.000000000000000000 ) ) ;
#4413 = DIRECTION ( 'NONE',  ( 1.000000000000000000, 0.000000000000000000, 2.222219322136863560E-10 ) ) ;
#4414 = CIRCLE ( 'NONE', #2316, 0.4499999999999990119 ) ;
#4415 = DIRECTION ( 'NONE',  ( 0.000000000000000000, 1.000000000000000000, 0.000000000000000000 ) ) ;
#4416 = CARTESIAN_POINT ( 'NONE',  ( 31.80000000000000071, 500.0000000000000000, -17.69999999999999929 ) ) ;
#4417 = CARTESIAN_POINT ( 'NONE',  ( 14.49999999989999999, 500.0000000000000000, -18.49999999990000177 ) ) ;
#4418 = EDGE_CURVE ( 'NONE', #471, #7827, #444, .T. ) ;
#4419 = VERTEX_POINT ( 'NONE', #7314 ) ;
#4420 = VECTOR ( 'NONE', #6188, 1000.000000000000000 ) ;
#4421 = DIRECTION ( 'NONE',  ( -1.999928000984143172E-10, 0.000000000000000000, 1.000000000000000000 ) ) ;
#4422 = ORIENTED_EDGE ( 'NONE', *, *, #681, .T. ) ;
#4423 = ORIENTED_EDGE ( 'NONE', *, *, #29, .T. ) ;
#4424 = CARTESIAN_POINT ( 'NONE',  ( -18.38750000000000284, 500.0000000000000000, -7.000000000000000000 ) ) ;
#4425 = DIRECTION ( 'NONE',  ( 0.000000000000000000, 1.000000000000000000, 0.000000000000000000 ) ) ;
#4426 = VECTOR ( 'NONE', #6639, 1000.000000000000000 ) ;
#4427 = CARTESIAN_POINT ( 'NONE',  ( 13.00000000000000000, 501.0000000000000000, 17.55000000000000071 ) ) ;
#4428 = AXIS2_PLACEMENT_3D ( 'NONE', #3707, #3051, #8038 ) ;
#4429 = DIRECTION ( 'NONE',  ( 0.000000000000000000, -1.000000000000000000, 0.000000000000000000 ) ) ;
#4430 = EDGE_CURVE ( 'NONE', #6481, #1542, #321, .T. ) ;
#4431 = LINE ( 'NONE', #6972, #1290 ) ;
#4432 = ORIENTED_EDGE ( 'NONE', *, *, #1829, .F. ) ;
#4433 = CARTESIAN_POINT ( 'NONE',  ( -10.00000000010000001, -500.0000000000000000, -15.50000000000000000 ) ) ;
#4434 = AXIS2_PLACEMENT_3D ( 'NONE', #5708, #8053, #102 ) ;
#4435 = ORIENTED_EDGE ( 'NONE', *, *, #1789, .F. ) ;
#4436 = VERTEX_POINT ( 'NONE', #6200 ) ;
#4437 = LINE ( 'NONE', #5201, #5872 ) ;
#4438 = ORIENTED_EDGE ( 'NONE', *, *, #517, .T. ) ;
#4439 = DIRECTION ( 'NONE',  ( -1.000000000000000000, 0.000000000000000000, 0.000000000000000000 ) ) ;
#4440 = DIRECTION ( 'NONE',  ( 0.000000000000000000, 0.000000000000000000, -1.000000000000000000 ) ) ;
#4441 = DIRECTION ( 'NONE',  ( 0.000000000000000000, -1.000000000000000000, 0.000000000000000000 ) ) ;
#4442 = AXIS2_PLACEMENT_3D ( 'NONE', #538, #3490, #3575 ) ;
#4443 = VECTOR ( 'NONE', #5783, 1000.000000000000000 ) ;
#4444 = EDGE_CURVE ( 'NONE', #3872, #2888, #1804, .T. ) ;
#4445 = EDGE_CURVE ( 'NONE', #3984, #395, #6043, .T. ) ;
#4446 = ORIENTED_EDGE ( 'NONE', *, *, #6651, .F. ) ;
#4447 = AXIS2_PLACEMENT_3D ( 'NONE', #1991, #3891, #2027 ) ;
#4448 = EDGE_LOOP ( 'NONE', ( #5319, #5781, #7776, #4077 ) ) ;
#4449 = DIRECTION ( 'NONE',  ( 0.000000000000000000, -1.000000000000000000, 0.000000000000000000 ) ) ;
#4450 = CARTESIAN_POINT ( 'NONE',  ( 26.49999999990000177, 501.0000000000000000, -16.00000000010000178 ) ) ;
#4451 = VECTOR ( 'NONE', #5967, 1000.000000000000000 ) ;
#4452 = CIRCLE ( 'NONE', #3547, 1.000000000000000000 ) ;
#4453 = EDGE_CURVE ( 'NONE', #4923, #1447, #3617, .T. ) ;
#4454 = DIRECTION ( 'NONE',  ( 0.000000000000000000, -1.000000000000000000, 0.000000000000000000 ) ) ;
#4455 = CARTESIAN_POINT ( 'NONE',  ( 36.50000000000000000, -500.0000000000000000, -4.000000000100000008 ) ) ;
#4456 = VECTOR ( 'NONE', #7105, 1000.000000000000000 ) ;
#4457 = AXIS2_PLACEMENT_3D ( 'NONE', #3000, #1189, #3076 ) ;
#4458 = CARTESIAN_POINT ( 'NONE',  ( -40.00000000000000000, -500.0000000000000000, 16.00000000000000000 ) ) ;
#4459 = CARTESIAN_POINT ( 'NONE',  ( -8.200000010000000117, -500.0000000000000000, 11.74974747000000086 ) ) ;
#4460 = EDGE_CURVE ( 'NONE', #4598, #6105, #6336, .T. ) ;
#4461 = VECTOR ( 'NONE', #7047, 1000.000000000000000 ) ;
#4462 = ORIENTED_EDGE ( 'NONE', *, *, #8021, .T. ) ;
#4463 = CARTESIAN_POINT ( 'NONE',  ( -36.00000000000000000, 500.0000000000000000, 16.00000000000000000 ) ) ;
#4464 = ORIENTED_EDGE ( 'NONE', *, *, #5753, .T. ) ;
#4465 = ORIENTED_EDGE ( 'NONE', *, *, #5376, .F. ) ;
#4466 = CARTESIAN_POINT ( 'NONE',  ( 27.75000000000000000, -500.0000000000000000, -3.557611840000000303 ) ) ;
#4467 = EDGE_CURVE ( 'NONE', #1581, #550, #6701, .T. ) ;
#4468 = CARTESIAN_POINT ( 'NONE',  ( -36.77500000000000568, 501.0000000000000000, -7.000000000000000000 ) ) ;
#4469 = LINE ( 'NONE', #6970, #1456 ) ;
#4470 = DIRECTION ( 'NONE',  ( 0.000000000000000000, 1.000000000000000000, 0.000000000000000000 ) ) ;
#4471 = FACE_OUTER_BOUND ( 'NONE', #706, .T. ) ;
#4472 = ORIENTED_EDGE ( 'NONE', *, *, #7224, .T. ) ;
#4473 = FACE_OUTER_BOUND ( 'NONE', #6045, .T. ) ;
#4474 = ORIENTED_EDGE ( 'NONE', *, *, #5581, .T. ) ;
#4475 = DIRECTION ( 'NONE',  ( 1.000000000000000000, 0.000000000000000000, 0.000000000000000000 ) ) ;
#4476 = ORIENTED_EDGE ( 'NONE', *, *, #4478, .T. ) ;
#4477 = DIRECTION ( 'NONE',  ( 0.000000000000000000, 1.000000000000000000, 0.000000000000000000 ) ) ;
#4478 = EDGE_CURVE ( 'NONE', #4567, #7672, #2530, .T. ) ;
#4479 = FACE_OUTER_BOUND ( 'NONE', #933, .T. ) ;
#4480 = LINE ( 'NONE', #3055, #3103 ) ;
#4481 = ORIENTED_EDGE ( 'NONE', *, *, #7450, .T. ) ;
#4482 = EDGE_LOOP ( 'NONE', ( #7106, #3715, #2182, #7166 ) ) ;
#4483 = DIRECTION ( 'NONE',  ( 0.000000000000000000, -1.000000000000000000, 0.000000000000000000 ) ) ;
#4484 = ORIENTED_EDGE ( 'NONE', *, *, #2830, .T. ) ;
#4485 = DIRECTION ( 'NONE',  ( 0.000000000000000000, -1.000000000000000000, 0.000000000000000000 ) ) ;
#4486 = EDGE_CURVE ( 'NONE', #5477, #776, #6082, .T. ) ;
#4487 = EDGE_CURVE ( 'NONE', #284, #6638, #4846, .T. ) ;
#4488 = CARTESIAN_POINT ( 'NONE',  ( -8.200000010000000117, 501.0000000000000000, 13.62487373500000132 ) ) ;
#4489 = VECTOR ( 'NONE', #6919, 1000.000000000000000 ) ;
#4490 = VECTOR ( 'NONE', #404, 1000.000000000000000 ) ;
#4491 = ORIENTED_EDGE ( 'NONE', *, *, #7494, .T. ) ;
#4492 = LINE ( 'NONE', #2019, #513 ) ;
#4493 = DIRECTION ( 'NONE',  ( 1.000000000000000000, 0.000000000000000000, 6.666657966410595850E-11 ) ) ;
#4494 = EDGE_CURVE ( 'NONE', #1532, #3990, #2806, .T. ) ;
#4495 = DIRECTION ( 'NONE',  ( 0.000000000000000000, -1.000000000000000000, 0.000000000000000000 ) ) ;
#4496 = CARTESIAN_POINT ( 'NONE',  ( -27.50000000000000000, -500.0000000000000000, 18.00000000000000000 ) ) ;
#4497 = CARTESIAN_POINT ( 'NONE',  ( -24.00000000000000000, -500.0000000000000000, -8.750000000000000000 ) ) ;
#4498 =( LENGTH_UNIT ( ) NAMED_UNIT ( * ) SI_UNIT ( .MILLI., .METRE. ) );
#4499 = ORIENTED_EDGE ( 'NONE', *, *, #1440, .F. ) ;
#4500 = ORIENTED_EDGE ( 'NONE', *, *, #5057, .F. ) ;
#4501 = VECTOR ( 'NONE', #1768, 1000.000000000000114 ) ;
#4502 = EDGE_CURVE ( 'NONE', #2771, #7601, #5239, .T. ) ;
#4503 = DIRECTION ( 'NONE',  ( 0.000000000000000000, -1.000000000000000000, 0.000000000000000000 ) ) ;
#4504 = DIRECTION ( 'NONE',  ( 0.000000000000000000, -1.000000000000000000, 0.000000000000000000 ) ) ;
#4505 = FACE_OUTER_BOUND ( 'NONE', #5413, .T. ) ;
#4506 = CARTESIAN_POINT ( 'NONE',  ( 13.00000000000000000, 500.0000000000000000, -16.00000000000000000 ) ) ;
#4507 = ORIENTED_EDGE ( 'NONE', *, *, #3908, .F. ) ;
#4508 = CARTESIAN_POINT ( 'NONE',  ( 34.19238815442340496, -500.0000000000000000, 5.000000017966709898 ) ) ;
#4509 = ORIENTED_EDGE ( 'NONE', *, *, #8078, .T. ) ;
#4510 = ORIENTED_EDGE ( 'NONE', *, *, #1733, .F. ) ;
#4511 = AXIS2_PLACEMENT_3D ( 'NONE', #5349, #2053, #5925 ) ;
#4512 = LINE ( 'NONE', #2751, #3388 ) ;
#4513 = ORIENTED_EDGE ( 'NONE', *, *, #3885, .F. ) ;
#4514 = DIRECTION ( 'NONE',  ( 5.551115123125785858E-15, 0.000000000000000000, 1.000000000000000000 ) ) ;
#4515 = LINE ( 'NONE', #2508, #6419 ) ;
#4516 = ORIENTED_EDGE ( 'NONE', *, *, #565, .F. ) ;
#4517 = DIRECTION ( 'NONE',  ( 0.7071067811865449082, 0.000000000000000000, -0.7071067811865500152 ) ) ;
#4518 = ORIENTED_EDGE ( 'NONE', *, *, #4874, .F. ) ;
#4519 = ORIENTED_EDGE ( 'NONE', *, *, #5907, .F. ) ;
#4520 = EDGE_CURVE ( 'NONE', #5309, #1638, #7777, .T. ) ;
#4521 = CARTESIAN_POINT ( 'NONE',  ( 30.00000000000000000, -500.0000000000000000, 15.50000000000000000 ) ) ;
#4522 = ORIENTED_EDGE ( 'NONE', *, *, #4966, .F. ) ;
#4523 = CARTESIAN_POINT ( 'NONE',  ( -8.200000010000000117, 501.0000000000000000, 15.50000000000000000 ) ) ;
#4524 = CARTESIAN_POINT ( 'NONE',  ( 38.50000000000000000, 501.0000000000000000, -4.000000000000000000 ) ) ;
#4525 = EDGE_CURVE ( 'NONE', #3274, #3284, #5419, .T. ) ;
#4526 = ADVANCED_FACE ( 'NONE', ( #2737 ), #1642, .F. ) ;
#4527 = AXIS2_PLACEMENT_3D ( 'NONE', #5088, #2003, #4514 ) ;
#4528 = ORIENTED_EDGE ( 'NONE', *, *, #2018, .T. ) ;
#4529 = CARTESIAN_POINT ( 'NONE',  ( 34.19238812999999766, 500.0000000000000000, 10.00000000000000000 ) ) ;
#4530 = DIRECTION ( 'NONE',  ( 0.000000000000000000, -1.000000000000000000, 0.000000000000000000 ) ) ;
#4531 = CARTESIAN_POINT ( 'NONE',  ( 15.99999999989999999, -500.0000000000000000, -16.50000000000000000 ) ) ;
#4532 = CARTESIAN_POINT ( 'NONE',  ( 39.99999999989999822, 500.0000000000000000, -5.500000000000000000 ) ) ;
#4533 = AXIS2_PLACEMENT_3D ( 'NONE', #26, #2369, #4908 ) ;
#4534 = DIRECTION ( 'NONE',  ( 0.000000000000000000, 0.000000000000000000, -1.000000000000000000 ) ) ;
#4535 = EDGE_CURVE ( 'NONE', #6128, #1735, #6563, .T. ) ;
#4536 = ADVANCED_FACE ( 'NONE', ( #943 ), #4108, .F. ) ;
#4537 = EDGE_LOOP ( 'NONE', ( #7620, #3449, #3430, #2494 ) ) ;
#4538 = ORIENTED_EDGE ( 'NONE', *, *, #6840, .F. ) ;
#4539 = VECTOR ( 'NONE', #5697, 1000.000000000000000 ) ;
#4540 = LINE ( 'NONE', #2692, #4834 ) ;
#4541 = CARTESIAN_POINT ( 'NONE',  ( -37.69999999999999574, 501.0000000000000000, -12.30000000000000071 ) ) ;
#4542 = CYLINDRICAL_SURFACE ( 'NONE', #279, 5.000000005751969567 ) ;
#4543 = DIRECTION ( 'NONE',  ( 0.000000000000000000, 1.000000000000000000, 0.000000000000000000 ) ) ;
#4544 = AXIS2_PLACEMENT_3D ( 'NONE', #2287, #7864, #6567 ) ;
#4545 = ADVANCED_FACE ( 'NONE', ( #288 ), #7262, .F. ) ;
#4546 = ORIENTED_EDGE ( 'NONE', *, *, #6879, .F. ) ;
#4547 = ORIENTED_EDGE ( 'NONE', *, *, #7952, .F. ) ;
#4548 = FACE_OUTER_BOUND ( 'NONE', #2462, .T. ) ;
#4549 = VERTEX_POINT ( 'NONE', #7179 ) ;
#4550 = ORIENTED_EDGE ( 'NONE', *, *, #6126, .F. ) ;
#4551 = LINE ( 'NONE', #3901, #1286 ) ;
#4552 = CIRCLE ( 'NONE', #632, 1.500000000000001332 ) ;
#4553 = ORIENTED_EDGE ( 'NONE', *, *, #3611, .T. ) ;
#4554 = CARTESIAN_POINT ( 'NONE',  ( -15.99999999989999999, 500.0000000000000000, 16.50000000000000000 ) ) ;
#4555 = CARTESIAN_POINT ( 'NONE',  ( 32.30000000000000426, 501.0000000000000000, -17.69999999999999929 ) ) ;
#4556 = ORIENTED_EDGE ( 'NONE', *, *, #2431, .F. ) ;
#4557 = CARTESIAN_POINT ( 'NONE',  ( -16.00000000000000000, 501.0000000000000000, 18.50000000000000000 ) ) ;
#4558 = PLANE ( 'NONE',  #2395 ) ;
#4559 = ORIENTED_EDGE ( 'NONE', *, *, #7324, .F. ) ;
#4560 = FACE_OUTER_BOUND ( 'NONE', #1342, .T. ) ;
#4561 = CIRCLE ( 'NONE', #2723, 0.4500000000000007327 ) ;
#4562 = VECTOR ( 'NONE', #3086, 1000.000000000000000 ) ;
#4563 = ORIENTED_EDGE ( 'NONE', *, *, #3623, .F. ) ;
#4564 = VERTEX_POINT ( 'NONE', #1604 ) ;
#4565 = DIRECTION ( 'NONE',  ( 0.000000000000000000, -1.000000000000000000, 0.000000000000000000 ) ) ;
#4566 = CARTESIAN_POINT ( 'NONE',  ( 24.00000000010000178, -500.0000000000000000, -18.50000000000000000 ) ) ;
#4567 = VERTEX_POINT ( 'NONE', #6067 ) ;
#4568 = DIRECTION ( 'NONE',  ( 0.000000000000000000, -1.000000000000000000, 0.000000000000000000 ) ) ;
#4569 = VECTOR ( 'NONE', #1291, 1000.000000000000000 ) ;
#4570 = VECTOR ( 'NONE', #5930, 1000.000000000000000 ) ;
#4571 = CARTESIAN_POINT ( 'NONE',  ( -26.50000000000000000, 501.0000000000000000, -15.50000000010000001 ) ) ;
#4572 = EDGE_CURVE ( 'NONE', #4821, #4141, #3463, .T. ) ;
#4573 = VERTEX_POINT ( 'NONE', #1555 ) ;
#4574 = VECTOR ( 'NONE', #8015, 1000.000000000000000 ) ;
#4575 = VECTOR ( 'NONE', #5002, 1000.000000000000000 ) ;
#4576 = ORIENTED_EDGE ( 'NONE', *, *, #3125, .T. ) ;
#4577 = CARTESIAN_POINT ( 'NONE',  ( 10.00000000000000000, -500.0000000000000000, -7.750000000000000000 ) ) ;
#4578 = CARTESIAN_POINT ( 'NONE',  ( 36.00000000000000000, 501.0000000000000000, -18.19999999999999929 ) ) ;
#4579 = VECTOR ( 'NONE', #3735, 1000.000000000000000 ) ;
#4580 = EDGE_CURVE ( 'NONE', #1988, #17, #2939, .T. ) ;
#4581 = LINE ( 'NONE', #6341, #222 ) ;
#4582 = VECTOR ( 'NONE', #428, 1000.000000000000000 ) ;
#4583 = LINE ( 'NONE', #189, #2922 ) ;
#4584 = DIRECTION ( 'NONE',  ( 0.000000000000000000, 0.000000000000000000, -1.000000000000000000 ) ) ;
#4585 = CIRCLE ( 'NONE', #3270, 1.000000000000000000 ) ;
#4586 = COLOUR_RGB ( '',0.7921568627450980005, 0.8196078431372548767, 0.9333333333333333481 ) ;
#4587 = ORIENTED_EDGE ( 'NONE', *, *, #7558, .F. ) ;
#4588 = ORIENTED_EDGE ( 'NONE', *, *, #921, .F. ) ;
#4589 = CARTESIAN_POINT ( 'NONE',  ( 14.49999999989999999, -500.0000000000000000, 18.49999999990000177 ) ) ;
#4590 = EDGE_CURVE ( 'NONE', #5214, #6302, #896, .T. ) ;
#4591 = DIRECTION ( 'NONE',  ( 0.7071067811865489050, 0.000000000000000000, 0.7071067811865460184 ) ) ;
#4592 = ADVANCED_FACE ( 'NONE', ( #7820 ), #981, .F. ) ;
#4593 = DIRECTION ( 'NONE',  ( 0.000000000000000000, 0.000000000000000000, 1.000000000000000000 ) ) ;
#4594 = DIRECTION ( 'NONE',  ( 0.000000000000000000, 0.000000000000000000, -1.000000000000000000 ) ) ;
#4595 = CIRCLE ( 'NONE', #5895, 4.999999982033290102 ) ;
#4596 = VECTOR ( 'NONE', #2454, 1000.000000000000000 ) ;
#4597 = ORIENTED_EDGE ( 'NONE', *, *, #7240, .T. ) ;
#4598 = VERTEX_POINT ( 'NONE', #365 ) ;
#4599 = LINE ( 'NONE', #3322, #7208 ) ;
#4600 = ORIENTED_EDGE ( 'NONE', *, *, #5784, .F. ) ;
#4601 = VERTEX_POINT ( 'NONE', #7860 ) ;
#4602 = VECTOR ( 'NONE', #1653, 1000.000000000000000 ) ;
#4603 = CYLINDRICAL_SURFACE ( 'NONE', #6388, 0.5000000000000004441 ) ;
#4604 = ORIENTED_EDGE ( 'NONE', *, *, #5710, .F. ) ;
#4605 = LINE ( 'NONE', #3158, #3414 ) ;
#4606 = EDGE_CURVE ( 'NONE', #2649, #5332, #2247, .T. ) ;
#4607 = DIRECTION ( 'NONE',  ( -1.000000000000000000, 0.000000000000000000, 0.000000000000000000 ) ) ;
#4608 = VERTEX_POINT ( 'NONE', #1066 ) ;
#4609 = CARTESIAN_POINT ( 'NONE',  ( -25.50000000000000000, -500.0000000000000000, 20.00000000000000000 ) ) ;
#4610 = DIRECTION ( 'NONE',  ( 0.000000000000000000, -1.000000000000000000, 0.000000000000000000 ) ) ;
#4611 = ORIENTED_EDGE ( 'NONE', *, *, #4985, .T. ) ;
#4612 = DIRECTION ( 'NONE',  ( 0.000000000000000000, 1.000000000000000000, 0.000000000000000000 ) ) ;
#4613 = ORIENTED_EDGE ( 'NONE', *, *, #6946, .F. ) ;
#4614 = ORIENTED_EDGE ( 'NONE', *, *, #6947, .F. ) ;
#4615 = ORIENTED_EDGE ( 'NONE', *, *, #3297, .T. ) ;
#4616 = CARTESIAN_POINT ( 'NONE',  ( 36.50000000000000000, 501.0000000000000000, 4.000000000000000000 ) ) ;
#4617 = EDGE_CURVE ( 'NONE', #5333, #2, #450, .T. ) ;
#4618 = DIRECTION ( 'NONE',  ( -3.999994779846362809E-11, 0.000000000000000000, 1.000000000000000000 ) ) ;
#4619 = ORIENTED_EDGE ( 'NONE', *, *, #381, .F. ) ;
#4620 = DIRECTION ( 'NONE',  ( 1.000000000000000000, 0.000000000000000000, 0.000000000000000000 ) ) ;
#4621 = VECTOR ( 'NONE', #5798, 1000.000000000000000 ) ;
#4622 = DIRECTION ( 'NONE',  ( 0.000000000000000000, -1.000000000000000000, 0.000000000000000000 ) ) ;
#4623 = CARTESIAN_POINT ( 'NONE',  ( 8.199999990000000238, -500.0000000000000000, 11.74974747000000086 ) ) ;
#4624 = DIRECTION ( 'NONE',  ( 0.000000000000000000, -1.000000000000000000, 0.000000000000000000 ) ) ;
#4625 = AXIS2_PLACEMENT_3D ( 'NONE', #6444, #3293, #6254 ) ;
#4626 = FILL_AREA_STYLE_COLOUR ( '', #4586 ) ;
#4627 = EDGE_CURVE ( 'NONE', #315, #4821, #7452, .T. ) ;
#4628 = ORIENTED_EDGE ( 'NONE', *, *, #7291, .T. ) ;
#4629 = EDGE_LOOP ( 'NONE', ( #4715, #5836, #348, #4935 ) ) ;
#4630 = DIRECTION ( 'NONE',  ( -1.000000000000000000, 0.000000000000000000, 3.556183121661470798E-15 ) ) ;
#4631 = CARTESIAN_POINT ( 'NONE',  ( -25.00000001796670190, 500.0000000000000000, 14.19238815442339963 ) ) ;
#4632 = CARTESIAN_POINT ( 'NONE',  ( -18.37683982750000311, -500.0000000000000000, 0.4981601775000000232 ) ) ;
#4633 = CARTESIAN_POINT ( 'NONE',  ( -40.00000000000000000, -500.0000000000000000, 5.500000000000000000 ) ) ;
#4634 = DIRECTION ( 'NONE',  ( 0.000000000000000000, 0.000000000000000000, 1.000000000000000000 ) ) ;
#4635 = AXIS2_PLACEMENT_3D ( 'NONE', #4063, #4018, #1510 ) ;
#4636 = VERTEX_POINT ( 'NONE', #525 ) ;
#4637 = CARTESIAN_POINT ( 'NONE',  ( 31.80000000000000071, 500.0000000000000000, -12.30000000000000071 ) ) ;
#4638 = EDGE_CURVE ( 'NONE', #2722, #7594, #1101, .T. ) ;
#4639 = EDGE_CURVE ( 'NONE', #2641, #3162, #2144, .T. ) ;
#4640 = ORIENTED_EDGE ( 'NONE', *, *, #3303, .F. ) ;
#4641 = ORIENTED_EDGE ( 'NONE', *, *, #2016, .F. ) ;
#4642 = ORIENTED_EDGE ( 'NONE', *, *, #3471, .F. ) ;
#4643 = DIRECTION ( 'NONE',  ( 2.222219322136872090E-10, 0.000000000000000000, -1.000000000000000000 ) ) ;
#4644 = FACE_BOUND ( 'NONE', #4264, .T. ) ;
#4645 = VERTEX_POINT ( 'NONE', #4259 ) ;
#4646 = CARTESIAN_POINT ( 'NONE',  ( 40.00000000000000000, 500.0000000000000000, 0.000000000000000000 ) ) ;
#4647 = LINE ( 'NONE', #7150, #1344 ) ;
#4648 = VERTEX_POINT ( 'NONE', #4907 ) ;
#4649 = CYLINDRICAL_SURFACE ( 'NONE', #5610, 4.999999962794539066 ) ;
#4650 = ORIENTED_EDGE ( 'NONE', *, *, #5328, .T. ) ;
#4651 = EDGE_CURVE ( 'NONE', #951, #4181, #2951, .T. ) ;
#4652 = VECTOR ( 'NONE', #1625, 1000.000000000000000 ) ;
#4653 = ORIENTED_EDGE ( 'NONE', *, *, #6762, .F. ) ;
#4654 = CIRCLE ( 'NONE', #3475, 2.500000000000002220 ) ;
#4655 = FACE_OUTER_BOUND ( 'NONE', #1044, .T. ) ;
#4656 = ORIENTED_EDGE ( 'NONE', *, *, #5119, .F. ) ;
#4657 = DIRECTION ( 'NONE',  ( 0.000000000000000000, 0.000000000000000000, -1.000000000000000000 ) ) ;
#4658 = DIRECTION ( 'NONE',  ( -0.7071067811865475727, 0.000000000000000000, 0.7071067811865475727 ) ) ;
#4659 = ADVANCED_FACE ( 'NONE', ( #4826 ), #2988, .F. ) ;
#4660 = ORIENTED_EDGE ( 'NONE', *, *, #5674, .F. ) ;
#4661 = CARTESIAN_POINT ( 'NONE',  ( 20.49816017750000086, 500.0000000000000000, -1.623160172499999998 ) ) ;
#4662 = DIRECTION ( 'NONE',  ( -1.000000000000000000, 0.000000000000000000, 0.000000000000000000 ) ) ;
#4663 = CARTESIAN_POINT ( 'NONE',  ( -8.200000010000000117, 500.0000000000000000, -15.50000000000000000 ) ) ;
#4664 = DIRECTION ( 'NONE',  ( 1.000000000000000000, 0.000000000000000000, 0.000000000000000000 ) ) ;
#4665 = CARTESIAN_POINT ( 'NONE',  ( -10.00000000000000000, -500.0000000000000000, 7.423097032500000303 ) ) ;
#4666 = VECTOR ( 'NONE', #390, 1000.000000000000000 ) ;
#4667 = VERTEX_POINT ( 'NONE', #5593 ) ;
#4668 = CARTESIAN_POINT ( 'NONE',  ( 18.75000000000000000, -500.0000000000000000, 4.000000000000000000 ) ) ;
#4669 = ORIENTED_EDGE ( 'NONE', *, *, #4214, .F. ) ;
#4670 = ORIENTED_EDGE ( 'NONE', *, *, #3638, .F. ) ;
#4671 = CARTESIAN_POINT ( 'NONE',  ( -16.44238810797689965, 501.0000000000000000, 12.74999986990139966 ) ) ;
#4672 = AXIS2_PLACEMENT_3D ( 'NONE', #4871, #7378, #1753 ) ;
#4673 = DIRECTION ( 'NONE',  ( 0.000000000000000000, -1.000000000000000000, 0.000000000000000000 ) ) ;
#4674 = DIRECTION ( 'NONE',  ( 0.000000000000000000, 1.000000000000000000, 0.000000000000000000 ) ) ;
#4675 = CYLINDRICAL_SURFACE ( 'NONE', #3029, 4.000000000000000000 ) ;
#4676 = DIRECTION ( 'NONE',  ( 0.000000000000000000, -1.000000000000000000, 0.000000000000000000 ) ) ;
#4677 = EDGE_CURVE ( 'NONE', #7665, #2012, #4990, .T. ) ;
#4678 = EDGE_LOOP ( 'NONE', ( #959, #1331, #5563, #6473 ) ) ;
#4679 = CARTESIAN_POINT ( 'NONE',  ( 37.99999999989999822, 501.0000000000000000, 7.450000000000000178 ) ) ;
#4680 = ORIENTED_EDGE ( 'NONE', *, *, #4793, .F. ) ;
#4681 = EDGE_LOOP ( 'NONE', ( #1064, #2881, #1839, #740 ) ) ;
#4682 = ORIENTED_EDGE ( 'NONE', *, *, #1971, .T. ) ;
#4683 = DIRECTION ( 'NONE',  ( -1.000000000000000000, 0.000000000000000000, -3.469446951953611033E-15 ) ) ;
#4684 = DIRECTION ( 'NONE',  ( 0.000000000000000000, 1.000000000000000000, 0.000000000000000000 ) ) ;
#4685 = AXIS2_PLACEMENT_3D ( 'NONE', #3404, #1387, #5904 ) ;
#4686 = ORIENTED_EDGE ( 'NONE', *, *, #6619, .F. ) ;
#4687 = LINE ( 'NONE', #3907, #1014 ) ;
#4688 = EDGE_CURVE ( 'NONE', #6293, #2649, #6992, .T. ) ;
#4689 = CYLINDRICAL_SURFACE ( 'NONE', #2129, 0.5000000000000004441 ) ;
#4690 = CARTESIAN_POINT ( 'NONE',  ( 18.75000000000000000, 500.0000000000000000, -4.000000000000000000 ) ) ;
#4691 = ORIENTED_EDGE ( 'NONE', *, *, #2551, .T. ) ;
#4692 = ORIENTED_EDGE ( 'NONE', *, *, #3723, .T. ) ;
#4693 = EDGE_LOOP ( 'NONE', ( #6741, #5854, #1382, #4170 ) ) ;
#4694 = AXIS2_PLACEMENT_3D ( 'NONE', #4695, #2848, #4208 ) ;
#4695 = CARTESIAN_POINT ( 'NONE',  ( -32.75000002847990288, 500.0000000000000000, -3.557611826337780503 ) ) ;
#4696 = ORIENTED_EDGE ( 'NONE', *, *, #4411, .T. ) ;
#4697 = DIRECTION ( 'NONE',  ( -3.999994779846362809E-11, 0.000000000000000000, 1.000000000000000000 ) ) ;
#4698 = DIRECTION ( 'NONE',  ( 0.000000000000000000, -1.000000000000000000, 0.000000000000000000 ) ) ;
#4699 = EDGE_CURVE ( 'NONE', #430, #6394, #6725, .T. ) ;
#4700 = VECTOR ( 'NONE', #5105, 1000.000000000000000 ) ;
#4701 = EDGE_CURVE ( 'NONE', #6357, #1390, #1866, .T. ) ;
#4702 = EDGE_LOOP ( 'NONE', ( #2736, #4061, #6521, #7482 ) ) ;
#4703 = EDGE_LOOP ( 'NONE', ( #1825, #8034, #5012, #2052 ) ) ;
#4704 = AXIS2_PLACEMENT_3D ( 'NONE', #2558, #8095, #1292 ) ;
#4705 = CARTESIAN_POINT ( 'NONE',  ( 28.53553391000000161, -500.0000000000000000, 10.65685425999999936 ) ) ;
#4706 = DIRECTION ( 'NONE',  ( 0.000000000000000000, 1.000000000000000000, 0.000000000000000000 ) ) ;
#4707 = DIRECTION ( 'NONE',  ( 0.000000000000000000, -1.000000000000000000, 0.000000000000000000 ) ) ;
#4708 = EDGE_CURVE ( 'NONE', #60, #3420, #7976, .T. ) ;
#4709 = CARTESIAN_POINT ( 'NONE',  ( -37.99999999989999822, 501.0000000000000000, -7.450000000000000178 ) ) ;
#4710 = DIRECTION ( 'NONE',  ( -0.7071067798205549204, 0.000000000000000000, 0.7071067825525400030 ) ) ;
#4711 = CIRCLE ( 'NONE', #2063, 5.000000005751930487 ) ;
#4712 = VECTOR ( 'NONE', #3196, 1000.000000000000000 ) ;
#4713 = LINE ( 'NONE', #1015, #3006 ) ;
#4714 = ORIENTED_EDGE ( 'NONE', *, *, #3135, .F. ) ;
#4715 = ORIENTED_EDGE ( 'NONE', *, *, #6337, .F. ) ;
#4716 = CARTESIAN_POINT ( 'NONE',  ( -24.00000000000000000, 501.0000000000000000, 17.50000000000000000 ) ) ;
#4717 = VECTOR ( 'NONE', #6735, 1000.000000000000000 ) ;
#4718 = AXIS2_PLACEMENT_3D ( 'NONE', #7903, #7944, #1648 ) ;
#4719 = DIRECTION ( 'NONE',  ( 0.000000000000000000, 1.000000000000000000, 0.000000000000000000 ) ) ;
#4720 = EDGE_CURVE ( 'NONE', #3990, #5698, #448, .T. ) ;
#4721 = CARTESIAN_POINT ( 'NONE',  ( -38.00000000000000000, -500.0000000000000000, 7.450000000000000178 ) ) ;
#4722 = PLANE ( 'NONE',  #1141 ) ;
#4723 = AXIS2_PLACEMENT_3D ( 'NONE', #965, #4777, #4698 ) ;
#4724 = AXIS2_PLACEMENT_3D ( 'NONE', #8102, #2491, #765 ) ;
#4725 = CYLINDRICAL_SURFACE ( 'NONE', #5230, 5.000000005751930487 ) ;
#4726 = VERTEX_POINT ( 'NONE', #7935 ) ;
#4727 = ORIENTED_EDGE ( 'NONE', *, *, #3330, .T. ) ;
#4728 = EDGE_CURVE ( 'NONE', #5865, #315, #6224, .T. ) ;
#4729 = DIRECTION ( 'NONE',  ( -1.000000000000000000, 0.000000000000000000, -4.884684341243942359E-09 ) ) ;
#4730 = AXIS2_PLACEMENT_3D ( 'NONE', #6884, #1800, #6197 ) ;
#4731 = FACE_OUTER_BOUND ( 'NONE', #5322, .T. ) ;
#4732 = ORIENTED_EDGE ( 'NONE', *, *, #6434, .T. ) ;
#4733 = DIRECTION ( 'NONE',  ( 1.000000000000000000, 0.000000000000000000, 0.000000000000000000 ) ) ;
#4734 = CARTESIAN_POINT ( 'NONE',  ( 29.99999999990000177, 501.0000000000000000, -15.50000000000000000 ) ) ;
#4735 = LINE ( 'NONE', #3910, #3259 ) ;
#4736 = ORIENTED_EDGE ( 'NONE', *, *, #6076, .F. ) ;
#4737 = VECTOR ( 'NONE', #945, 1000.000000000000000 ) ;
#4738 = EDGE_LOOP ( 'NONE', ( #5715, #3888, #2372, #4680 ) ) ;
#4739 = ORIENTED_EDGE ( 'NONE', *, *, #7773, .F. ) ;
#4740 = EDGE_CURVE ( 'NONE', #3830, #2127, #5557, .T. ) ;
#4741 = DIRECTION ( 'NONE',  ( 0.000000000000000000, -1.000000000000000000, 0.000000000000000000 ) ) ;
#4742 = VERTEX_POINT ( 'NONE', #1174 ) ;
#4743 = DIRECTION ( 'NONE',  ( 0.000000000000000000, -1.000000000000000000, 0.000000000000000000 ) ) ;
#4744 = DIRECTION ( 'NONE',  ( 1.000000000000000000, 0.000000000000000000, 3.999856001968282080E-11 ) ) ;
#4745 = EDGE_CURVE ( 'NONE', #1690, #2058, #579, .T. ) ;
#4746 = ORIENTED_EDGE ( 'NONE', *, *, #5129, .F. ) ;
#4747 = ADVANCED_FACE ( 'NONE', ( #489 ), #3684, .F. ) ;
#4748 = CARTESIAN_POINT ( 'NONE',  ( 12.50000000010000001, 500.0000000000000000, 15.49999999989999999 ) ) ;
#4749 = DIRECTION ( 'NONE',  ( -0.7071067811865450192, 0.000000000000000000, 0.7071067811865501263 ) ) ;
#4750 = LINE ( 'NONE', #5888, #354 ) ;
#4751 = CARTESIAN_POINT ( 'NONE',  ( 14.49999999989999999, 501.0000000000000000, -18.49999999990000177 ) ) ;
#4752 = CIRCLE ( 'NONE', #4104, 0.5000000000000004441 ) ;
#4753 = CARTESIAN_POINT ( 'NONE',  ( 16.00000000000000000, 500.0000000000000000, -8.750000000000000000 ) ) ;
#4754 = EDGE_CURVE ( 'NONE', #3624, #7933, #1628, .T. ) ;
#4755 = VERTEX_POINT ( 'NONE', #1213 ) ;
#4756 = PLANE ( 'NONE',  #6667 ) ;
#4757 = CARTESIAN_POINT ( 'NONE',  ( -10.00000000000000000, 500.0000000000000000, -7.750000000000000000 ) ) ;
#4758 = DIRECTION ( 'NONE',  ( 0.000000000000000000, -1.000000000000000000, 0.000000000000000000 ) ) ;
#4759 = CARTESIAN_POINT ( 'NONE',  ( 35.49999999989999822, 501.0000000000000000, -7.499999999899999992 ) ) ;
#4760 = AXIS2_PLACEMENT_3D ( 'NONE', #2044, #1899, #3719 ) ;
#4761 = DIRECTION ( 'NONE',  ( 0.000000000000000000, 0.000000000000000000, 1.000000000000000000 ) ) ;
#4762 = CARTESIAN_POINT ( 'NONE',  ( -40.00000000000000000, 500.0000000000000000, 5.500000000000000000 ) ) ;
#4763 = EDGE_CURVE ( 'NONE', #5309, #1998, #3102, .T. ) ;
#4764 = ORIENTED_EDGE ( 'NONE', *, *, #3283, .T. ) ;
#4765 = ORIENTED_EDGE ( 'NONE', *, *, #7154, .F. ) ;
#4766 = DIRECTION ( 'NONE',  ( 0.000000000000000000, 0.000000000000000000, 1.000000000000000000 ) ) ;
#4767 = LINE ( 'NONE', #6698, #533 ) ;
#4768 = CARTESIAN_POINT ( 'NONE',  ( -20.00000000000000000, 501.0000000000000000, -7.750000000000000000 ) ) ;
#4769 = DIRECTION ( 'NONE',  ( 0.000000000000000000, 1.000000000000000000, 0.000000000000000000 ) ) ;
#4770 = DIRECTION ( 'NONE',  ( 4.000064168785401882E-11, 0.000000000000000000, -1.000000000000000000 ) ) ;
#4771 = VERTEX_POINT ( 'NONE', #643 ) ;
#4772 = CARTESIAN_POINT ( 'NONE',  ( -12.50000000000000000, 500.0000000000000000, 17.99999999990000177 ) ) ;
#4773 = ORIENTED_EDGE ( 'NONE', *, *, #2784, .T. ) ;
#4774 = DIRECTION ( 'NONE',  ( 0.000000000000000000, -1.000000000000000000, 0.000000000000000000 ) ) ;
#4775 = ORIENTED_EDGE ( 'NONE', *, *, #8043, .F. ) ;
#4776 = DIRECTION ( 'NONE',  ( -0.7071067816683119789, 0.000000000000000000, 0.7071067807047830556 ) ) ;
#4777 = DIRECTION ( 'NONE',  ( 0.000000000000000000, 0.000000000000000000, -1.000000000000000000 ) ) ;
#4778 = ADVANCED_FACE ( 'NONE', ( #25 ), #685, .F. ) ;
#4779 = ORIENTED_EDGE ( 'NONE', *, *, #381, .T. ) ;
#4780 = LINE ( 'NONE', #4172, #5603 ) ;
#4781 = DIRECTION ( 'NONE',  ( 0.000000000000000000, 1.000000000000000000, 0.000000000000000000 ) ) ;
#4782 = DIRECTION ( 'NONE',  ( 0.000000000000000000, -1.000000000000000000, 0.000000000000000000 ) ) ;
#4783 = CARTESIAN_POINT ( 'NONE',  ( -12.25000000000000000, -500.0000000000000000, 3.557611840000000303 ) ) ;
#4784 = EDGE_CURVE ( 'NONE', #265, #2812, #5294, .T. ) ;
#4785 = CARTESIAN_POINT ( 'NONE',  ( 0.000000000000000000, 500.0000000000000000, -20.00000000000000000 ) ) ;
#4786 = ORIENTED_EDGE ( 'NONE', *, *, #6434, .F. ) ;
#4787 = FACE_OUTER_BOUND ( 'NONE', #3811, .T. ) ;
#4788 = DIRECTION ( 'NONE',  ( 0.000000000000000000, -1.000000000000000000, 0.000000000000000000 ) ) ;
#4789 = DIRECTION ( 'NONE',  ( 1.000000000000000000, 0.000000000000000000, 0.000000000000000000 ) ) ;
#4790 = LINE ( 'NONE', #6109, #3444 ) ;
#4791 = DIRECTION ( 'NONE',  ( -1.000000000000000000, 0.000000000000000000, 0.000000000000000000 ) ) ;
#4792 = ADVANCED_FACE ( 'NONE', ( #5064 ), #5638, .F. ) ;
#4793 = EDGE_CURVE ( 'NONE', #4150, #4923, #3922, .T. ) ;
#4794 = DIRECTION ( 'NONE',  ( 0.000000000000000000, -1.000000000000000000, 0.000000000000000000 ) ) ;
#4795 = ORIENTED_EDGE ( 'NONE', *, *, #4012, .F. ) ;
#4796 = ORIENTED_EDGE ( 'NONE', *, *, #4699, .F. ) ;
#4797 = VECTOR ( 'NONE', #762, 1000.000000000000000 ) ;
#4798 = DIRECTION ( 'NONE',  ( 0.000000000000000000, 1.000000000000000000, 0.000000000000000000 ) ) ;
#4799 = FACE_BOUND ( 'NONE', #5162, .T. ) ;
#4800 = DIRECTION ( 'NONE',  ( 0.000000000000000000, 0.000000000000000000, 1.000000000000000000 ) ) ;
#4801 = CARTESIAN_POINT ( 'NONE',  ( 16.44238810797689965, -500.0000000000000000, -12.74999986990139966 ) ) ;
#4802 = EDGE_CURVE ( 'NONE', #7168, #5206, #5796, .T. ) ;
#4803 = AXIS2_PLACEMENT_3D ( 'NONE', #4363, #1483, #2667 ) ;
#4804 = CARTESIAN_POINT ( 'NONE',  ( 25.75000000000000000, 501.0000000000000000, -15.50000000000000000 ) ) ;
#4805 = ORIENTED_EDGE ( 'NONE', *, *, #3221, .F. ) ;
#4806 = DIRECTION ( 'NONE',  ( 1.000000000000000000, 0.000000000000000000, 0.000000000000000000 ) ) ;
#4807 = ORIENTED_EDGE ( 'NONE', *, *, #5720, .F. ) ;
#4808 = EDGE_LOOP ( 'NONE', ( #3515, #5572, #5778, #3012 ) ) ;
#4809 = LINE ( 'NONE', #2934, #6008 ) ;
#4810 = VERTEX_POINT ( 'NONE', #6418 ) ;
#4811 = DIRECTION ( 'NONE',  ( 0.000000000000000000, -1.000000000000000000, 0.000000000000000000 ) ) ;
#4812 = EDGE_CURVE ( 'NONE', #6582, #7429, #804, .T. ) ;
#4813 = CARTESIAN_POINT ( 'NONE',  ( -36.00000000000000000, 501.0000000000000000, 16.00000000000000000 ) ) ;
#4814 = CIRCLE ( 'NONE', #5993, 5.000000028479869130 ) ;
#4815 = DIRECTION ( 'NONE',  ( 0.000000000000000000, -1.000000000000000000, 0.000000000000000000 ) ) ;
#4816 = DIRECTION ( 'NONE',  ( 0.000000000000000000, 0.000000000000000000, -1.000000000000000000 ) ) ;
#4817 = VECTOR ( 'NONE', #7897, 1000.000000000000000 ) ;
#4818 = DIRECTION ( 'NONE',  ( 0.000000000000000000, -1.000000000000000000, 0.000000000000000000 ) ) ;
#4819 = AXIS2_PLACEMENT_3D ( 'NONE', #1623, #4741, #7957 ) ;
#4820 = DIRECTION ( 'NONE',  ( 0.000000000000000000, -1.000000000000000000, 0.000000000000000000 ) ) ;
#4821 = VERTEX_POINT ( 'NONE', #760 ) ;
#4822 = VECTOR ( 'NONE', #2426, 1000.000000000000000 ) ;
#4823 = CARTESIAN_POINT ( 'NONE',  ( 36.00000000000000000, -500.0000000000000000, -16.00000000000000000 ) ) ;
#4824 = ORIENTED_EDGE ( 'NONE', *, *, #6840, .T. ) ;
#4825 = DIRECTION ( 'NONE',  ( 0.000000000000000000, -1.000000000000000000, 0.000000000000000000 ) ) ;
#4826 = FACE_OUTER_BOUND ( 'NONE', #2513, .T. ) ;
#4827 = ADVANCED_FACE ( 'NONE', ( #5670 ), #2020, .F. ) ;
#4828 = VECTOR ( 'NONE', #5320, 1000.000000000000000 ) ;
#4829 = DIRECTION ( 'NONE',  ( 0.000000000000000000, -1.000000000000000000, 0.000000000000000000 ) ) ;
#4830 = VECTOR ( 'NONE', #934, 1000.000000000000000 ) ;
#4831 = FACE_OUTER_BOUND ( 'NONE', #4075, .T. ) ;
#4832 = FACE_OUTER_BOUND ( 'NONE', #2659, .T. ) ;
#4833 = LINE ( 'NONE', #6073, #1827 ) ;
#4834 = VECTOR ( 'NONE', #2072, 1000.000000000000000 ) ;
#4835 = AXIS2_PLACEMENT_3D ( 'NONE', #2298, #5457, #2964 ) ;
#4836 = ORIENTED_EDGE ( 'NONE', *, *, #5446, .T. ) ;
#4837 = VERTEX_POINT ( 'NONE', #1460 ) ;
#4838 = ADVANCED_FACE ( 'NONE', ( #3263 ), #7607, .F. ) ;
#4839 = ADVANCED_FACE ( 'NONE', ( #5756 ), #62, .F. ) ;
#4840 = ORIENTED_EDGE ( 'NONE', *, *, #8097, .T. ) ;
#4841 = FACE_OUTER_BOUND ( 'NONE', #1975, .T. ) ;
#4842 = LINE ( 'NONE', #2294, #7089 ) ;
#4843 = ORIENTED_EDGE ( 'NONE', *, *, #7595, .F. ) ;
#4844 = CARTESIAN_POINT ( 'NONE',  ( 31.80000000000000071, 501.0000000000000000, 17.69999999999999929 ) ) ;
#4845 = AXIS2_PLACEMENT_3D ( 'NONE', #3757, #3675, #1782 ) ;
#4846 = LINE ( 'NONE', #6122, #5799 ) ;
#4847 = AXIS2_PLACEMENT_3D ( 'NONE', #858, #248, #6519 ) ;
#4848 = CARTESIAN_POINT ( 'NONE',  ( 17.50000000000000000, 500.0000000000000000, -11.79999999999999893 ) ) ;
#4849 = ORIENTED_EDGE ( 'NONE', *, *, #3437, .F. ) ;
#4850 = CARTESIAN_POINT ( 'NONE',  ( -12.99999999989999999, 501.0000000000000000, 17.55000000000000071 ) ) ;
#4851 = ORIENTED_EDGE ( 'NONE', *, *, #5818, .F. ) ;
#4852 = AXIS2_PLACEMENT_3D ( 'NONE', #827, #7791, #5378 ) ;
#4853 = VECTOR ( 'NONE', #1947, 1000.000000000000000 ) ;
#4854 = AXIS2_PLACEMENT_3D ( 'NONE', #1480, #2039, #1571 ) ;
#4855 = EDGE_CURVE ( 'NONE', #6583, #325, #192, .T. ) ;
#4856 = CARTESIAN_POINT ( 'NONE',  ( 24.00000000000000000, 501.0000000000000000, -16.50000000000000000 ) ) ;
#4857 = VERTEX_POINT ( 'NONE', #6917 ) ;
#4858 = CARTESIAN_POINT ( 'NONE',  ( -32.30000000000000426, -500.0000000000000000, -11.79999999999999893 ) ) ;
#4859 = DIRECTION ( 'NONE',  ( 0.000000000000000000, 1.000000000000000000, 0.000000000000000000 ) ) ;
#4860 = AXIS2_PLACEMENT_3D ( 'NONE', #5204, #2172, #4643 ) ;
#4861 = EDGE_CURVE ( 'NONE', #4923, #3692, #4906, .T. ) ;
#4862 = LINE ( 'NONE', #2903, #6670 ) ;
#4863 = CARTESIAN_POINT ( 'NONE',  ( -32.30000000000000426, 500.0000000000000000, -18.19999999999999929 ) ) ;
#4864 = LINE ( 'NONE', #7407, #4197 ) ;
#4865 = DIRECTION ( 'NONE',  ( 6.666657966410595850E-11, 0.000000000000000000, -1.000000000000000000 ) ) ;
#4866 = ORIENTED_EDGE ( 'NONE', *, *, #5033, .T. ) ;
#4867 = ORIENTED_EDGE ( 'NONE', *, *, #675, .T. ) ;
#4868 = LINE ( 'NONE', #2317, #1035 ) ;
#4869 = DIRECTION ( 'NONE',  ( 0.000000000000000000, -1.000000000000000000, 0.000000000000000000 ) ) ;
#4870 = DIRECTION ( 'NONE',  ( 0.000000000000000000, 0.000000000000000000, 1.000000000000000000 ) ) ;
#4871 = CARTESIAN_POINT ( 'NONE',  ( -35.49999999989999822, 500.0000000000000000, -7.499999999899999992 ) ) ;
#4872 = CARTESIAN_POINT ( 'NONE',  ( -36.00000000010000178, 500.0000000000000000, 6.499999999899999992 ) ) ;
#4873 = LINE ( 'NONE', #5486, #1680 ) ;
#4874 = EDGE_CURVE ( 'NONE', #6861, #5813, #1370, .T. ) ;
#4875 = CARTESIAN_POINT ( 'NONE',  ( -5.700000010000000117, -500.0000000000000000, 18.00000000000000000 ) ) ;
#4876 = VERTEX_POINT ( 'NONE', #2559 ) ;
#4877 = VERTEX_POINT ( 'NONE', #4455 ) ;
#4878 = AXIS2_PLACEMENT_3D ( 'NONE', #6801, #3688, #5559 ) ;
#4879 = DIRECTION ( 'NONE',  ( 6.666657966410595850E-11, 0.000000000000000000, -1.000000000000000000 ) ) ;
#4880 = DIRECTION ( 'NONE',  ( 0.000000000000000000, -1.000000000000000000, 0.000000000000000000 ) ) ;
#4881 = DIRECTION ( 'NONE',  ( 1.999962695453659090E-10, 0.000000000000000000, -1.000000000000000000 ) ) ;
#4882 = ORIENTED_EDGE ( 'NONE', *, *, #7650, .F. ) ;
#4883 = FACE_OUTER_BOUND ( 'NONE', #653, .T. ) ;
#4884 = CARTESIAN_POINT ( 'NONE',  ( 34.14999999999999858, 501.0000000000000000, -18.19999999999999929 ) ) ;
#4885 = EDGE_CURVE ( 'NONE', #5846, #1435, #3220, .T. ) ;
#4886 = CARTESIAN_POINT ( 'NONE',  ( 23.55761183999999986, 501.0000000000000000, 7.750000000000000000 ) ) ;
#4887 = EDGE_CURVE ( 'NONE', #7688, #6293, #5182, .T. ) ;
#4888 = AXIS2_PLACEMENT_3D ( 'NONE', #425, #5533, #3539 ) ;
#4889 = ORIENTED_EDGE ( 'NONE', *, *, #1040, .F. ) ;
#4890 = CARTESIAN_POINT ( 'NONE',  ( 27.75000000000000000, 501.0000000000000000, 3.557611840000000303 ) ) ;
#4891 = VERTEX_POINT ( 'NONE', #7640 ) ;
#4892 = ORIENTED_EDGE ( 'NONE', *, *, #39, .T. ) ;
#4893 = DIRECTION ( 'NONE',  ( -0.7071067811865500152, 0.000000000000000000, -0.7071067811865450192 ) ) ;
#4894 = ORIENTED_EDGE ( 'NONE', *, *, #4897, .F. ) ;
#4895 = FACE_OUTER_BOUND ( 'NONE', #3244, .T. ) ;
#4896 = CARTESIAN_POINT ( 'NONE',  ( 13.50000000000000000, 500.0000000000000000, 15.50000000000000000 ) ) ;
#4897 = EDGE_CURVE ( 'NONE', #2711, #5030, #2060, .T. ) ;
#4898 = EDGE_CURVE ( 'NONE', #1220, #3370, #3730, .T. ) ;
#4899 = AXIS2_PLACEMENT_3D ( 'NONE', #3725, #1717, #7377 ) ;
#4900 = DIRECTION ( 'NONE',  ( -1.000000000000000000, 0.000000000000000000, 0.000000000000000000 ) ) ;
#4901 = DIRECTION ( 'NONE',  ( -1.000000000000000000, 0.000000000000000000, -3.469446951953611033E-15 ) ) ;
#4902 = CARTESIAN_POINT ( 'NONE',  ( 38.50000000000000000, -500.0000000000000000, 4.000000000100000008 ) ) ;
#4903 = EDGE_CURVE ( 'NONE', #3423, #6393, #4000, .T. ) ;
#4904 = DIRECTION ( 'NONE',  ( -1.000000000000000000, 0.000000000000000000, 3.556183121661470798E-15 ) ) ;
#4905 = LINE ( 'NONE', #6682, #6523 ) ;
#4906 = CIRCLE ( 'NONE', #4135, 1.500000000000001332 ) ;
#4907 = CARTESIAN_POINT ( 'NONE',  ( 27.50000000000000000, 500.0000000000000000, -18.00000000000000000 ) ) ;
#4908 = DIRECTION ( 'NONE',  ( 4.000064168785401882E-11, 0.000000000000000000, -1.000000000000000000 ) ) ;
#4909 = ORIENTED_EDGE ( 'NONE', *, *, #554, .F. ) ;
#4910 = DIRECTION ( 'NONE',  ( 0.000000000000000000, 0.000000000000000000, 1.000000000000000000 ) ) ;
#4911 = AXIS2_PLACEMENT_3D ( 'NONE', #4210, #7959, #4282 ) ;
#4912 = DIRECTION ( 'NONE',  ( 0.000000000000000000, -1.000000000000000000, 0.000000000000000000 ) ) ;
#4913 = ORIENTED_EDGE ( 'NONE', *, *, #7739, .F. ) ;
#4914 = VERTEX_POINT ( 'NONE', #846 ) ;
#4915 = DIRECTION ( 'NONE',  ( -1.000000000000000000, 0.000000000000000000, -3.999856001968284665E-11 ) ) ;
#4916 = EDGE_CURVE ( 'NONE', #7475, #1589, #6551, .T. ) ;
#4917 = FACE_OUTER_BOUND ( 'NONE', #2383, .T. ) ;
#4918 = FACE_BOUND ( 'NONE', #6848, .T. ) ;
#4919 = DIRECTION ( 'NONE',  ( 0.000000000000000000, -1.000000000000000000, 0.000000000000000000 ) ) ;
#4920 = CARTESIAN_POINT ( 'NONE',  ( 8.199999990000000238, 501.0000000000000000, -15.50000000000000000 ) ) ;
#4921 = CARTESIAN_POINT ( 'NONE',  ( 0.000000000000000000, 500.0000000000000000, 20.00000000000000000 ) ) ;
#4922 = VECTOR ( 'NONE', #4439, 1000.000000000000000 ) ;
#4923 = VERTEX_POINT ( 'NONE', #2773 ) ;
#4924 = DIRECTION ( 'NONE',  ( 0.000000000000000000, -1.000000000000000000, 0.000000000000000000 ) ) ;
#4925 = ORIENTED_EDGE ( 'NONE', *, *, #5661, .F. ) ;
#4926 = VERTEX_POINT ( 'NONE', #3389 ) ;
#4927 = LINE ( 'NONE', #5045, #5077 ) ;
#4928 = VERTEX_POINT ( 'NONE', #972 ) ;
#4929 = DIRECTION ( 'NONE',  ( 0.000000000000000000, -1.000000000000000000, 0.000000000000000000 ) ) ;
#4930 = EDGE_CURVE ( 'NONE', #7104, #427, #7001, .T. ) ;
#4931 = DIRECTION ( 'NONE',  ( 0.000000000000000000, 1.000000000000000000, 0.000000000000000000 ) ) ;
#4932 = VECTOR ( 'NONE', #1632, 1000.000000000000000 ) ;
#4933 = DIRECTION ( 'NONE',  ( 1.000000000000000000, 0.000000000000000000, 1.999945348218899322E-10 ) ) ;
#4934 = AXIS2_PLACEMENT_3D ( 'NONE', #4036, #7019, #789 ) ;
#4935 = ORIENTED_EDGE ( 'NONE', *, *, #1594, .T. ) ;
#4936 = DIRECTION ( 'NONE',  ( 9.999813477268295448E-11, 0.000000000000000000, -1.000000000000000000 ) ) ;
#4937 = ADVANCED_FACE ( 'NONE', ( #2726 ), #5886, .F. ) ;
#4938 = EDGE_CURVE ( 'NONE', #1074, #351, #401, .T. ) ;
#4939 = DIRECTION ( 'NONE',  ( 1.000000000000000000, 0.000000000000000000, -5.551115123125781913E-15 ) ) ;
#4940 = LINE ( 'NONE', #7409, #6728 ) ;
#4941 = AXIS2_PLACEMENT_3D ( 'NONE', #8067, #2618, #4594 ) ;
#4942 = ORIENTED_EDGE ( 'NONE', *, *, #1538, .F. ) ;
#4943 = CARTESIAN_POINT ( 'NONE',  ( 14.99999999989999999, 501.0000000000000000, -16.50000000010000178 ) ) ;
#4944 = FACE_OUTER_BOUND ( 'NONE', #4482, .T. ) ;
#4945 = AXIS2_PLACEMENT_3D ( 'NONE', #5974, #1635, #6505 ) ;
#4946 = DIRECTION ( 'NONE',  ( -0.7071067811865475727, 0.000000000000000000, -0.7071067811865475727 ) ) ;
#4947 = EDGE_CURVE ( 'NONE', #6280, #219, #4654, .T. ) ;
#4948 = CARTESIAN_POINT ( 'NONE',  ( -14.99999999989999999, 501.0000000000000000, -16.50000000010000178 ) ) ;
#4949 = DIRECTION ( 'NONE',  ( -1.000000000000000000, 0.000000000000000000, 0.000000000000000000 ) ) ;
#4950 = CARTESIAN_POINT ( 'NONE',  ( 27.00000000009999823, 500.0000000000000000, 17.55000000000000071 ) ) ;
#4951 = ORIENTED_EDGE ( 'NONE', *, *, #384, .F. ) ;
#4952 = DIRECTION ( 'NONE',  ( -1.000000000000000000, 0.000000000000000000, -2.222200047431583316E-10 ) ) ;
#4953 = VERTEX_POINT ( 'NONE', #5932 ) ;
#4954 = ORIENTED_EDGE ( 'NONE', *, *, #1133, .T. ) ;
#4955 = VECTOR ( 'NONE', #2642, 1000.000000000000000 ) ;
#4956 = ADVANCED_FACE ( 'NONE', ( #2153 ), #2108, .F. ) ;
#4957 = CARTESIAN_POINT ( 'NONE',  ( 5.699999990000019778, 500.0000000000000000, 15.50000000000000000 ) ) ;
#4958 = CARTESIAN_POINT ( 'NONE',  ( -38.00000000000000000, -500.0000000000000000, -7.500000000000000000 ) ) ;
#4959 = DIRECTION ( 'NONE',  ( 0.000000000000000000, 0.000000000000000000, -1.000000000000000000 ) ) ;
#4960 = LINE ( 'NONE', #6813, #7681 ) ;
#4961 = CIRCLE ( 'NONE', #3399, 0.5000000000000004441 ) ;
#4962 = CARTESIAN_POINT ( 'NONE',  ( 30.65685426000000291, 501.0000000000000000, 8.535533909999999835 ) ) ;
#4963 = AXIS2_PLACEMENT_3D ( 'NONE', #4123, #6777, #3660 ) ;
#4964 = VERTEX_POINT ( 'NONE', #7811 ) ;
#4965 = DIRECTION ( 'NONE',  ( 1.000000000000000000, 0.000000000000000000, 0.000000000000000000 ) ) ;
#4966 = EDGE_CURVE ( 'NONE', #4976, #332, #1011, .T. ) ;
#4967 = VERTEX_POINT ( 'NONE', #5396 ) ;
#4968 = EDGE_LOOP ( 'NONE', ( #4358, #5927, #4403, #6267 ) ) ;
#4969 = CARTESIAN_POINT ( 'NONE',  ( -31.80000000000000071, 501.0000000000000000, -12.30000000000000071 ) ) ;
#4970 = ORIENTED_EDGE ( 'NONE', *, *, #303, .F. ) ;
#4971 = DIRECTION ( 'NONE',  ( -1.000000000000000000, 0.000000000000000000, -6.666657966410595850E-11 ) ) ;
#4972 = AXIS2_PLACEMENT_3D ( 'NONE', #5116, #1187, #575 ) ;
#4973 = VECTOR ( 'NONE', #2538, 1000.000000000000000 ) ;
#4974 = LINE ( 'NONE', #2392, #2891 ) ;
#4975 = DIRECTION ( 'NONE',  ( 0.000000000000000000, 0.000000000000000000, -1.000000000000000000 ) ) ;
#4976 = VERTEX_POINT ( 'NONE', #5227 ) ;
#4977 = CIRCLE ( 'NONE', #1582, 2.500000000000000444 ) ;
#4978 = EDGE_CURVE ( 'NONE', #1074, #6280, #3433, .T. ) ;
#4979 = VERTEX_POINT ( 'NONE', #2276 ) ;
#4980 = DIRECTION ( 'NONE',  ( 0.000000000000000000, 1.000000000000000000, 0.000000000000000000 ) ) ;
#4981 = DIRECTION ( 'NONE',  ( 0.000000000000000000, 0.000000000000000000, 1.000000000000000000 ) ) ;
#4982 = CIRCLE ( 'NONE', #2095, 0.5000000000000004441 ) ;
#4983 = LINE ( 'NONE', #4409, #6599 ) ;
#4984 = EDGE_CURVE ( 'NONE', #2295, #6481, #7125, .T. ) ;
#4985 = EDGE_CURVE ( 'NONE', #1118, #7475, #5044, .T. ) ;
#4986 = ORIENTED_EDGE ( 'NONE', *, *, #5019, .T. ) ;
#4987 = CARTESIAN_POINT ( 'NONE',  ( -34.14999999999999858, 501.0000000000000000, -18.19999999999999929 ) ) ;
#4988 = VECTOR ( 'NONE', #2370, 1000.000000000000000 ) ;
#4989 = DIRECTION ( 'NONE',  ( 0.000000000000000000, -1.000000000000000000, 0.000000000000000000 ) ) ;
#4990 = LINE ( 'NONE', #5521, #2406 ) ;
#4991 = FACE_OUTER_BOUND ( 'NONE', #7250, .T. ) ;
#4992 = CARTESIAN_POINT ( 'NONE',  ( -18.75000000000000000, 500.0000000000000000, -4.000000000000000000 ) ) ;
#4993 = CARTESIAN_POINT ( 'NONE',  ( 17.42309703250000297, 500.0000000000000000, -10.00000000000000000 ) ) ;
#4994 = EDGE_CURVE ( 'NONE', #4573, #674, #886, .T. ) ;
#4995 = FACE_OUTER_BOUND ( 'NONE', #2451, .T. ) ;
#4996 = ORIENTED_EDGE ( 'NONE', *, *, #5734, .F. ) ;
#4997 = ORIENTED_EDGE ( 'NONE', *, *, #4383, .T. ) ;
#4998 = CYLINDRICAL_SURFACE ( 'NONE', #7207, 3.999999999999996447 ) ;
#4999 = CYLINDRICAL_SURFACE ( 'NONE', #5377, 1.500000000000001332 ) ;
#5000 = CARTESIAN_POINT ( 'NONE',  ( 26.99999999989999822, 500.0000000000000000, -16.00000000000000000 ) ) ;
#5001 = CARTESIAN_POINT ( 'NONE',  ( 35.50000000000000000, -500.0000000000000000, 2.875000000000000000 ) ) ;
#5002 = DIRECTION ( 'NONE',  ( 0.000000000000000000, -1.000000000000000000, 0.000000000000000000 ) ) ;
#5003 = EDGE_CURVE ( 'NONE', #2167, #7886, #5971, .T. ) ;
#5004 = ORIENTED_EDGE ( 'NONE', *, *, #4055, .T. ) ;
#5005 = CARTESIAN_POINT ( 'NONE',  ( 27.50000000000000000, 501.0000000000000000, 17.99999999990000177 ) ) ;
#5006 = ORIENTED_EDGE ( 'NONE', *, *, #4325, .F. ) ;
#5007 = ORIENTED_EDGE ( 'NONE', *, *, #2897, .F. ) ;
#5008 = CARTESIAN_POINT ( 'NONE',  ( -38.50000000000000000, -500.0000000000000000, -4.000000000100000008 ) ) ;
#5009 = ORIENTED_EDGE ( 'NONE', *, *, #832, .T. ) ;
#5010 = LINE ( 'NONE', #6326, #3750 ) ;
#5011 = CARTESIAN_POINT ( 'NONE',  ( -9.664466100000000282, 500.0000000000000000, -8.214213559999999248 ) ) ;
#5012 = ORIENTED_EDGE ( 'NONE', *, *, #7440, .F. ) ;
#5013 = FACE_OUTER_BOUND ( 'NONE', #836, .T. ) ;
#5014 = AXIS2_PLACEMENT_3D ( 'NONE', #679, #4370, #3331 ) ;
#5015 = ORIENTED_EDGE ( 'NONE', *, *, #2035, .F. ) ;
#5016 = VERTEX_POINT ( 'NONE', #7849 ) ;
#5017 = CARTESIAN_POINT ( 'NONE',  ( -9.664466100000000282, 501.0000000000000000, -8.214213559999999248 ) ) ;
#5018 = CARTESIAN_POINT ( 'NONE',  ( -28.53553391000000161, 500.0000000000000000, -10.65685425999999936 ) ) ;
#5019 = EDGE_CURVE ( 'NONE', #3997, #2888, #5699, .T. ) ;
#5020 = CARTESIAN_POINT ( 'NONE',  ( 35.50000000010000178, 501.0000000000000000, -6.500000000000000000 ) ) ;
#5021 = AXIS2_PLACEMENT_3D ( 'NONE', #8054, #3031, #4223 ) ;
#5022 = DIRECTION ( 'NONE',  ( 0.000000000000000000, 0.000000000000000000, 1.000000000000000000 ) ) ;
#5023 = FACE_OUTER_BOUND ( 'NONE', #510, .T. ) ;
#5024 = CARTESIAN_POINT ( 'NONE',  ( 40.00000000000000000, 500.0000000000000000, 16.00000000000000000 ) ) ;
#5025 = ADVANCED_FACE ( 'NONE', ( #4134 ), #4054, .F. ) ;
#5026 = CARTESIAN_POINT ( 'NONE',  ( -37.50000000000000000, 501.0000000000000000, 4.000000000000000000 ) ) ;
#5027 = DIRECTION ( 'NONE',  ( 0.000000000000000000, -1.000000000000000000, 0.000000000000000000 ) ) ;
#5028 = VECTOR ( 'NONE', #4743, 1000.000000000000000 ) ;
#5029 = CARTESIAN_POINT ( 'NONE',  ( -37.54999999989999537, 501.0000000000000000, 7.450000000100000186 ) ) ;
#5030 = VERTEX_POINT ( 'NONE', #1055 ) ;
#5031 = VERTEX_POINT ( 'NONE', #4173 ) ;
#5032 = DIRECTION ( 'NONE',  ( 0.000000000000000000, -1.000000000000000000, 0.000000000000000000 ) ) ;
#5033 = EDGE_CURVE ( 'NONE', #3867, #7383, #7927, .T. ) ;
#5034 = DIRECTION ( 'NONE',  ( 0.000000000000000000, -1.000000000000000000, 0.000000000000000000 ) ) ;
#5035 = EDGE_CURVE ( 'NONE', #4564, #8023, #7330, .T. ) ;
#5036 = AXIS2_PLACEMENT_3D ( 'NONE', #3013, #7434, #472 ) ;
#5037 = CARTESIAN_POINT ( 'NONE',  ( 37.50000000000000000, 501.0000000000000000, 4.000000000000000000 ) ) ;
#5038 = CARTESIAN_POINT ( 'NONE',  ( 13.50000000000000000, 500.0000000000000000, -15.50000000010000001 ) ) ;
#5039 = CARTESIAN_POINT ( 'NONE',  ( 35.50000000000000000, -500.0000000000000000, 6.500000000000000000 ) ) ;
#5040 = ORIENTED_EDGE ( 'NONE', *, *, #1569, .F. ) ;
#5041 = DIRECTION ( 'NONE',  ( -1.000000000000000000, 0.000000000000000000, 0.000000000000000000 ) ) ;
#5042 = ORIENTED_EDGE ( 'NONE', *, *, #6286, .T. ) ;
#5043 = VERTEX_POINT ( 'NONE', #1779 ) ;
#5044 = CIRCLE ( 'NONE', #4394, 1.000000000000000888 ) ;
#5045 = CARTESIAN_POINT ( 'NONE',  ( 9.582169902499989789, -500.0000000000000000, -8.296509737500009862 ) ) ;
#5046 = VERTEX_POINT ( 'NONE', #557 ) ;
#5047 = DIRECTION ( 'NONE',  ( 0.000000000000000000, -1.000000000000000000, 0.000000000000000000 ) ) ;
#5048 = EDGE_CURVE ( 'NONE', #7249, #3502, #7136, .T. ) ;
#5049 = DIRECTION ( 'NONE',  ( -0.7071067811865474617, 0.000000000000000000, -0.7071067811865474617 ) ) ;
#5050 = ORIENTED_EDGE ( 'NONE', *, *, #6770, .F. ) ;
#5051 = DIRECTION ( 'NONE',  ( 0.000000000000000000, -1.000000000000000000, 0.000000000000000000 ) ) ;
#5052 = VECTOR ( 'NONE', #5789, 1000.000000000000000 ) ;
#5053 = ORIENTED_EDGE ( 'NONE', *, *, #4203, .T. ) ;
#5054 = CIRCLE ( 'NONE', #2841, 4.999999869901410321 ) ;
#5055 = ORIENTED_EDGE ( 'NONE', *, *, #2992, .T. ) ;
#5056 = CARTESIAN_POINT ( 'NONE',  ( 36.00000000000000000, -500.0000000000000000, -16.00000000000000000 ) ) ;
#5057 = EDGE_CURVE ( 'NONE', #253, #5773, #3059, .T. ) ;
#5058 = FACE_OUTER_BOUND ( 'NONE', #749, .T. ) ;
#5059 = CIRCLE ( 'NONE', #1911, 1.000000000000000888 ) ;
#5060 = ORIENTED_EDGE ( 'NONE', *, *, #3050, .F. ) ;
#5061 = LINE ( 'NONE', #4293, #4183 ) ;
#5062 = ORIENTED_EDGE ( 'NONE', *, *, #4344, .F. ) ;
#5063 = CARTESIAN_POINT ( 'NONE',  ( 16.00000000000000000, 501.0000000000000000, 16.50000000000000000 ) ) ;
#5064 = FACE_OUTER_BOUND ( 'NONE', #7969, .T. ) ;
#5065 = AXIS2_PLACEMENT_3D ( 'NONE', #1191, #8110, #2457 ) ;
#5066 = DIRECTION ( 'NONE',  ( -0.7071067811865475727, 0.000000000000000000, 0.7071067811865475727 ) ) ;
#5067 = DIRECTION ( 'NONE',  ( 0.000000000000000000, 1.000000000000000000, 0.000000000000000000 ) ) ;
#5068 = ORIENTED_EDGE ( 'NONE', *, *, #4677, .F. ) ;
#5069 = VECTOR ( 'NONE', #5461, 1000.000000000000000 ) ;
#5070 = LINE ( 'NONE', #6846, #1834 ) ;
#5071 = ADVANCED_FACE ( 'NONE', ( #6832 ), #7442, .T. ) ;
#5072 = ORIENTED_EDGE ( 'NONE', *, *, #6946, .T. ) ;
#5073 = ORIENTED_EDGE ( 'NONE', *, *, #5437, .T. ) ;
#5074 = PLANE ( 'NONE',  #3538 ) ;
#5075 = CARTESIAN_POINT ( 'NONE',  ( 36.00000000000000000, -500.0000000000000000, 16.00000000000000000 ) ) ;
#5076 = CARTESIAN_POINT ( 'NONE',  ( -7.250000000000000000, 500.0000000000000000, 3.557611840000010073 ) ) ;
#5077 = VECTOR ( 'NONE', #4893, 1000.000000000000000 ) ;
#5078 = DIRECTION ( 'NONE',  ( 0.000000000000000000, -1.000000000000000000, 0.000000000000000000 ) ) ;
#5079 = CARTESIAN_POINT ( 'NONE',  ( 6.262500000000000178, -500.0000000000000000, -18.00000000000000000 ) ) ;
#5080 = EDGE_LOOP ( 'NONE', ( #5764, #2919, #1110, #201 ) ) ;
#5081 = FACE_OUTER_BOUND ( 'NONE', #549, .T. ) ;
#5082 = EDGE_CURVE ( 'NONE', #4976, #310, #3557, .T. ) ;
#5083 = VECTOR ( 'NONE', #803, 1000.000000000000000 ) ;
#5084 = EDGE_CURVE ( 'NONE', #127, #628, #3095, .T. ) ;
#5085 = ORIENTED_EDGE ( 'NONE', *, *, #2633, .T. ) ;
#5086 = VERTEX_POINT ( 'NONE', #2396 ) ;
#5087 = ORIENTED_EDGE ( 'NONE', *, *, #5003, .F. ) ;
#5088 = CARTESIAN_POINT ( 'NONE',  ( -5.700000010000020545, 500.0000000000000000, 15.50000000000000000 ) ) ;
#5089 = DIRECTION ( 'NONE',  ( 0.000000000000000000, -1.000000000000000000, 0.000000000000000000 ) ) ;
#5090 = PLANE ( 'NONE',  #7029 ) ;
#5091 = ORIENTED_EDGE ( 'NONE', *, *, #7764, .F. ) ;
#5092 = ORIENTED_EDGE ( 'NONE', *, *, #8078, .F. ) ;
#5093 = ADVANCED_FACE ( 'NONE', ( #7405 ), #1666, .F. ) ;
#5094 = CIRCLE ( 'NONE', #3924, 4.999999982033289214 ) ;
#5095 = VECTOR ( 'NONE', #4074, 1000.000000000000000 ) ;
#5096 = CARTESIAN_POINT ( 'NONE',  ( -13.00000000000000000, -500.0000000000000000, 16.00000000000000000 ) ) ;
#5097 = ORIENTED_EDGE ( 'NONE', *, *, #356, .T. ) ;
#5098 = CARTESIAN_POINT ( 'NONE',  ( 27.44999999999999929, 501.0000000000000000, 18.00000000000000000 ) ) ;
#5099 = DIRECTION ( 'NONE',  ( 0.000000000000000000, -1.000000000000000000, 0.000000000000000000 ) ) ;
#5100 = AXIS2_PLACEMENT_3D ( 'NONE', #353, #1626, #841 ) ;
#5101 = AXIS2_PLACEMENT_3D ( 'NONE', #5525, #2956, #7306 ) ;
#5102 = ADVANCED_FACE ( 'NONE', ( #6216 ), #6058, .F. ) ;
#5103 = ORIENTED_EDGE ( 'NONE', *, *, #6502, .F. ) ;
#5104 = ORIENTED_EDGE ( 'NONE', *, *, #318, .F. ) ;
#5105 = DIRECTION ( 'NONE',  ( 0.000000000000000000, -1.000000000000000000, 0.000000000000000000 ) ) ;
#5106 = DIRECTION ( 'NONE',  ( 0.000000000000000000, -1.000000000000000000, 0.000000000000000000 ) ) ;
#5107 = VECTOR ( 'NONE', #2259, 1000.000000000000000 ) ;
#5108 = CIRCLE ( 'NONE', #6559, 2.200000000000000622 ) ;
#5109 = LINE ( 'NONE', #7608, #5703 ) ;
#5110 = DIRECTION ( 'NONE',  ( 0.000000000000000000, -1.000000000000000000, 0.000000000000000000 ) ) ;
#5111 = LINE ( 'NONE', #2729, #369 ) ;
#5112 = AXIS2_PLACEMENT_3D ( 'NONE', #6198, #6812, #422 ) ;
#5113 = PLANE ( 'NONE',  #6292 ) ;
#5114 = ORIENTED_EDGE ( 'NONE', *, *, #6337, .T. ) ;
#5115 = ORIENTED_EDGE ( 'NONE', *, *, #6608, .F. ) ;
#5116 = CARTESIAN_POINT ( 'NONE',  ( -24.00000000000000000, 501.0000000000000000, -17.50000000000000000 ) ) ;
#5117 = DIRECTION ( 'NONE',  ( -0.7071067811865450192, 0.000000000000000000, 0.7071067811865501263 ) ) ;
#5118 = DIRECTION ( 'NONE',  ( 0.000000000000000000, -1.000000000000000000, 0.000000000000000000 ) ) ;
#5119 = EDGE_CURVE ( 'NONE', #5175, #7284, #5548, .T. ) ;
#5120 = VERTEX_POINT ( 'NONE', #1092 ) ;
#5121 = CARTESIAN_POINT ( 'NONE',  ( 30.00000000000000000, 501.0000000000000000, 14.84619406500000061 ) ) ;
#5122 = VERTEX_POINT ( 'NONE', #8046 ) ;
#5123 = VERTEX_POINT ( 'NONE', #6100 ) ;
#5124 = CYLINDRICAL_SURFACE ( 'NONE', #2683, 0.5000000000000004441 ) ;
#5125 = DIRECTION ( 'NONE',  ( 0.000000000000000000, -1.000000000000000000, 0.000000000000000000 ) ) ;
#5126 = ORIENTED_EDGE ( 'NONE', *, *, #1890, .F. ) ;
#5127 = DIRECTION ( 'NONE',  ( 0.000000000000000000, 1.000000000000000000, 0.000000000000000000 ) ) ;
#5128 = EDGE_CURVE ( 'NONE', #5477, #5855, #6137, .T. ) ;
#5129 = EDGE_CURVE ( 'NONE', #5393, #1297, #3351, .T. ) ;
#5130 = ORIENTED_EDGE ( 'NONE', *, *, #5883, .T. ) ;
#5131 = VECTOR ( 'NONE', #5273, 1000.000000000000000 ) ;
#5132 = EDGE_LOOP ( 'NONE', ( #1232, #5062, #903, #835 ) ) ;
#5133 = DIRECTION ( 'NONE',  ( 0.000000000000000000, 1.000000000000000000, 0.000000000000000000 ) ) ;
#5134 = EDGE_LOOP ( 'NONE', ( #4546, #5291, #1519, #5348 ) ) ;
#5135 = DIRECTION ( 'NONE',  ( 0.000000000000000000, 1.000000000000000000, 0.000000000000000000 ) ) ;
#5136 = FACE_OUTER_BOUND ( 'NONE', #608, .T. ) ;
#5137 = CIRCLE ( 'NONE', #5535, 1.000000000000000000 ) ;
#5138 = EDGE_CURVE ( 'NONE', #7456, #741, #729, .T. ) ;
#5139 = EDGE_CURVE ( 'NONE', #4125, #184, #1743, .T. ) ;
#5140 = VERTEX_POINT ( 'NONE', #1165 ) ;
#5141 = CARTESIAN_POINT ( 'NONE',  ( -13.50000000010000001, 501.0000000000000000, -16.00000000010000178 ) ) ;
#5142 = CARTESIAN_POINT ( 'NONE',  ( -23.40000000000000213, 0.000000000000000000, 4.163799117100999573E-16 ) ) ;
#5143 = LINE ( 'NONE', #3880, #4158 ) ;
#5144 = CARTESIAN_POINT ( 'NONE',  ( -38.19999999999999574, 501.0000000000000000, 16.00000000000000000 ) ) ;
#5145 = DIRECTION ( 'NONE',  ( 1.000000000000000000, 0.000000000000000000, 0.000000000000000000 ) ) ;
#5146 = ORIENTED_EDGE ( 'NONE', *, *, #702, .F. ) ;
#5147 = DIRECTION ( 'NONE',  ( 1.734723475976807094E-15, 0.000000000000000000, -1.000000000000000000 ) ) ;
#5148 = ORIENTED_EDGE ( 'NONE', *, *, #4520, .T. ) ;
#5149 = VERTEX_POINT ( 'NONE', #4863 ) ;
#5150 = AXIS2_PLACEMENT_3D ( 'NONE', #3602, #6107, #5479 ) ;
#5151 = LINE ( 'NONE', #442, #5744 ) ;
#5152 = CARTESIAN_POINT ( 'NONE',  ( 37.99999999989999822, 500.0000000000000000, -7.500000000000000000 ) ) ;
#5153 = LINE ( 'NONE', #855, #6568 ) ;
#5154 = DIRECTION ( 'NONE',  ( 0.000000000000000000, 0.000000000000000000, 1.000000000000000000 ) ) ;
#5155 = ORIENTED_EDGE ( 'NONE', *, *, #434, .F. ) ;
#5156 = EDGE_LOOP ( 'NONE', ( #7828, #3468, #1114, #7221 ) ) ;
#5157 = CARTESIAN_POINT ( 'NONE',  ( 16.00000000000000000, 501.0000000000000000, -17.50000000000000000 ) ) ;
#5158 = EDGE_LOOP ( 'NONE', ( #1695, #7056, #5015, #4089 ) ) ;
#5159 = ORIENTED_EDGE ( 'NONE', *, *, #958, .F. ) ;
#5160 = EDGE_CURVE ( 'NONE', #2425, #3877, #3717, .T. ) ;
#5161 = APPLICATION_PROTOCOL_DEFINITION ( 'draft international standard', 'automotive_design', 1998, #5991 ) ;
#5162 = EDGE_LOOP ( 'NONE', ( #5551, #3982, #7142, #661, #2365, #3459, #7021, #1450 ) ) ;
#5163 = DIRECTION ( 'NONE',  ( 0.000000000000000000, -1.000000000000000000, 0.000000000000000000 ) ) ;
#5164 = DIRECTION ( 'NONE',  ( 1.999928000984143172E-10, 0.000000000000000000, -1.000000000000000000 ) ) ;
#5165 = ORIENTED_EDGE ( 'NONE', *, *, #1052, .T. ) ;
#5166 = CYLINDRICAL_SURFACE ( 'NONE', #7814, 0.5000000000000004441 ) ;
#5167 = CARTESIAN_POINT ( 'NONE',  ( 17.42309703250000297, -500.0000000000000000, -10.00000000000000000 ) ) ;
#5168 = ORIENTED_EDGE ( 'NONE', *, *, #4885, .T. ) ;
#5169 = DIRECTION ( 'NONE',  ( 1.000000000000000000, 0.000000000000000000, 3.999856001968284665E-11 ) ) ;
#5170 = VECTOR ( 'NONE', #3864, 1000.000000000000000 ) ;
#5171 = ORIENTED_EDGE ( 'NONE', *, *, #251, .T. ) ;
#5172 = ORIENTED_EDGE ( 'NONE', *, *, #5180, .T. ) ;
#5173 = EDGE_CURVE ( 'NONE', #7009, #5199, #6751, .T. ) ;
#5174 = CARTESIAN_POINT ( 'NONE',  ( 13.00000000010000001, 501.0000000000000000, 16.00000000000000000 ) ) ;
#5175 = VERTEX_POINT ( 'NONE', #5626 ) ;
#5176 = CARTESIAN_POINT ( 'NONE',  ( -16.60000000000000142, 500.0000000000000000, -4.163799117100999573E-16 ) ) ;
#5177 = DIRECTION ( 'NONE',  ( 0.000000000000000000, -1.000000000000000000, 0.000000000000000000 ) ) ;
#5178 = ADVANCED_FACE ( 'NONE', ( #4368 ), #3300, .F. ) ;
#5179 = ORIENTED_EDGE ( 'NONE', *, *, #992, .T. ) ;
#5180 = EDGE_CURVE ( 'NONE', #2932, #252, #2675, .T. ) ;
#5181 = FACE_OUTER_BOUND ( 'NONE', #7880, .T. ) ;
#5182 = LINE ( 'NONE', #5142, #7909 ) ;
#5183 = CARTESIAN_POINT ( 'NONE',  ( 16.60000000000000142, 0.000000000000000000, 4.163799117100999573E-16 ) ) ;
#5184 = LINE ( 'NONE', #2728, #2786 ) ;
#5185 = AXIS2_PLACEMENT_3D ( 'NONE', #6565, #412, #5943 ) ;
#5186 =( NAMED_UNIT ( * ) PLANE_ANGLE_UNIT ( ) SI_UNIT ( $, .RADIAN. ) );
#5187 = EDGE_CURVE ( 'NONE', #2996, #5635, #1367, .T. ) ;
#5188 = ORIENTED_EDGE ( 'NONE', *, *, #843, .T. ) ;
#5189 = ORIENTED_EDGE ( 'NONE', *, *, #530, .F. ) ;
#5190 = CARTESIAN_POINT ( 'NONE',  ( -37.69999999999999574, -500.0000000000000000, -12.30000000000000071 ) ) ;
#5191 = CARTESIAN_POINT ( 'NONE',  ( -32.75000002847990288, -500.0000000000000000, -3.557611826337780503 ) ) ;
#5192 = DIRECTION ( 'NONE',  ( 0.000000000000000000, -1.000000000000000000, 0.000000000000000000 ) ) ;
#5193 = CARTESIAN_POINT ( 'NONE',  ( -34.84619406499999883, 501.0000000000000000, -10.00000000000000000 ) ) ;
#5194 = VECTOR ( 'NONE', #5078, 1000.000000000000000 ) ;
#5195 = ORIENTED_EDGE ( 'NONE', *, *, #4930, .F. ) ;
#5196 = ORIENTED_EDGE ( 'NONE', *, *, #3208, .F. ) ;
#5197 = CARTESIAN_POINT ( 'NONE',  ( 18.75000000000000000, -500.0000000000000000, -4.000000000000000000 ) ) ;
#5198 = EDGE_CURVE ( 'NONE', #6989, #4967, #2154, .T. ) ;
#5199 = VERTEX_POINT ( 'NONE', #1934 ) ;
#5200 = ORIENTED_EDGE ( 'NONE', *, *, #5318, .F. ) ;
#5201 = CARTESIAN_POINT ( 'NONE',  ( -8.200000010000000117, 500.0000000000000000, 6.812436867499999771 ) ) ;
#5202 = CIRCLE ( 'NONE', #4297, 0.5000000000000004441 ) ;
#5203 = EDGE_LOOP ( 'NONE', ( #748, #3825, #268, #2048 ) ) ;
#5204 = CARTESIAN_POINT ( 'NONE',  ( 12.54999999989999893, -500.0000000000000000, -17.54999999989999893 ) ) ;
#5205 = LINE ( 'NONE', #953, #4456 ) ;
#5206 = VERTEX_POINT ( 'NONE', #1407 ) ;
#5207 = FACE_OUTER_BOUND ( 'NONE', #7427, .T. ) ;
#5208 = CYLINDRICAL_SURFACE ( 'NONE', #3058, 0.5000000000000004441 ) ;
#5209 = ORIENTED_EDGE ( 'NONE', *, *, #4903, .F. ) ;
#5210 = ADVANCED_FACE ( 'NONE', ( #3134 ), #3833, .T. ) ;
#5211 = DIRECTION ( 'NONE',  ( 0.000000000000000000, -1.000000000000000000, 0.000000000000000000 ) ) ;
#5212 = VERTEX_POINT ( 'NONE', #635 ) ;
#5213 = ORIENTED_EDGE ( 'NONE', *, *, #7558, .T. ) ;
#5214 = VERTEX_POINT ( 'NONE', #18 ) ;
#5215 = LINE ( 'NONE', #876, #6003 ) ;
#5216 = ORIENTED_EDGE ( 'NONE', *, *, #2334, .F. ) ;
#5217 = DIRECTION ( 'NONE',  ( 0.000000000000000000, -1.000000000000000000, 0.000000000000000000 ) ) ;
#5218 = AXIS2_PLACEMENT_3D ( 'NONE', #4943, #6258, #5518 ) ;
#5219 = VECTOR ( 'NONE', #5755, 1000.000000000000000 ) ;
#5220 = CARTESIAN_POINT ( 'NONE',  ( 36.00000000000000000, 500.0000000000000000, -18.19999999999999929 ) ) ;
#5221 = EDGE_CURVE ( 'NONE', #5086, #4726, #3214, .T. ) ;
#5222 = ORIENTED_EDGE ( 'NONE', *, *, #5057, .T. ) ;
#5223 = VECTOR ( 'NONE', #6512, 1000.000000000000000 ) ;
#5224 = CIRCLE ( 'NONE', #6149, 0.5000000000000004441 ) ;
#5225 = ORIENTED_EDGE ( 'NONE', *, *, #6435, .F. ) ;
#5226 = LINE ( 'NONE', #6374, #4955 ) ;
#5227 = CARTESIAN_POINT ( 'NONE',  ( -12.90685425000000031, 500.0000000000000000, 9.214466100000000992 ) ) ;
#5228 = AXIS2_PLACEMENT_3D ( 'NONE', #2978, #6139, #4901 ) ;
#5229 = LINE ( 'NONE', #1598, #3354 ) ;
#5230 = AXIS2_PLACEMENT_3D ( 'NONE', #5909, #7052, #2790 ) ;
#5231 = CARTESIAN_POINT ( 'NONE',  ( -26.49999999990000177, 500.0000000000000000, 16.00000000010000178 ) ) ;
#5232 = EDGE_CURVE ( 'NONE', #3171, #8050, #753, .T. ) ;
#5233 = EDGE_CURVE ( 'NONE', #738, #1963, #6094, .T. ) ;
#5234 = ORIENTED_EDGE ( 'NONE', *, *, #4343, .F. ) ;
#5235 = CARTESIAN_POINT ( 'NONE',  ( -36.50000000010000178, -500.0000000000000000, 5.000000000100000008 ) ) ;
#5236 = AXIS2_PLACEMENT_3D ( 'NONE', #3126, #3169, #1276 ) ;
#5237 = ORIENTED_EDGE ( 'NONE', *, *, #1609, .F. ) ;
#5238 = ORIENTED_EDGE ( 'NONE', *, *, #2592, .F. ) ;
#5239 = LINE ( 'NONE', #5941, #838 ) ;
#5240 = CARTESIAN_POINT ( 'NONE',  ( 40.00000000000000000, 500.0000000000000000, -16.00000000000000000 ) ) ;
#5241 = LINE ( 'NONE', #7740, #6039 ) ;
#5242 = LINE ( 'NONE', #7096, #1842 ) ;
#5243 = FACE_OUTER_BOUND ( 'NONE', #7418, .T. ) ;
#5244 = VECTOR ( 'NONE', #7541, 1000.000000000000000 ) ;
#5245 = AXIS2_PLACEMENT_3D ( 'NONE', #7263, #3567, #4184 ) ;
#5246 = EDGE_CURVE ( 'NONE', #1366, #4026, #139, .T. ) ;
#5247 = ORIENTED_EDGE ( 'NONE', *, *, #4383, .F. ) ;
#5248 = FACE_OUTER_BOUND ( 'NONE', #5372, .T. ) ;
#5249 = ORIENTED_EDGE ( 'NONE', *, *, #5048, .T. ) ;
#5250 = ORIENTED_EDGE ( 'NONE', *, *, #7462, .F. ) ;
#5251 = ORIENTED_EDGE ( 'NONE', *, *, #2419, .T. ) ;
#5252 = DIRECTION ( 'NONE',  ( 0.000000000000000000, -1.000000000000000000, 0.000000000000000000 ) ) ;
#5253 = FACE_BOUND ( 'NONE', #7232, .T. ) ;
#5254 = ORIENTED_EDGE ( 'NONE', *, *, #5407, .T. ) ;
#5255 = CARTESIAN_POINT ( 'NONE',  ( 13.50000000010000001, 500.0000000000000000, 16.00000000010000178 ) ) ;
#5256 = DIRECTION ( 'NONE',  ( 0.000000000000000000, -1.000000000000000000, 0.000000000000000000 ) ) ;
#5257 = EDGE_CURVE ( 'NONE', #5332, #7688, #1369, .T. ) ;
#5258 = ORIENTED_EDGE ( 'NONE', *, *, #2511, .F. ) ;
#5259 = LINE ( 'NONE', #833, #5880 ) ;
#5260 = ORIENTED_EDGE ( 'NONE', *, *, #1828, .T. ) ;
#5261 = VERTEX_POINT ( 'NONE', #3915 ) ;
#5262 = DIRECTION ( 'NONE',  ( 0.000000000000000000, 0.000000000000000000, 1.000000000000000000 ) ) ;
#5263 = ORIENTED_EDGE ( 'NONE', *, *, #7824, .T. ) ;
#5264 = CARTESIAN_POINT ( 'NONE',  ( 38.19999999999999574, 500.0000000000000000, 7.074999999999999289 ) ) ;
#5265 = CARTESIAN_POINT ( 'NONE',  ( 30.00000000000000000, 501.0000000000000000, 15.50000000000000000 ) ) ;
#5266 = ORIENTED_EDGE ( 'NONE', *, *, #1676, .T. ) ;
#5267 = ORIENTED_EDGE ( 'NONE', *, *, #5784, .T. ) ;
#5268 = CARTESIAN_POINT ( 'NONE',  ( 36.50000000000000000, 500.0000000000000000, -4.000000000100000008 ) ) ;
#5269 = VECTOR ( 'NONE', #3350, 1000.000000000000114 ) ;
#5270 = CARTESIAN_POINT ( 'NONE',  ( 35.50000000000000000, 501.0000000000000000, 9.999999999899998215 ) ) ;
#5271 = EDGE_CURVE ( 'NONE', #7827, #4645, #3873, .T. ) ;
#5272 = LINE ( 'NONE', #3390, #3890 ) ;
#5273 = DIRECTION ( 'NONE',  ( 0.000000000000000000, -1.000000000000000000, 0.000000000000000000 ) ) ;
#5274 = AXIS2_PLACEMENT_3D ( 'NONE', #2262, #4769, #4084 ) ;
#5275 = DIRECTION ( 'NONE',  ( -1.000000000000000000, 0.000000000000000000, -6.666657966410595850E-11 ) ) ;
#5276 = VERTEX_POINT ( 'NONE', #6370 ) ;
#5277 = ORIENTED_EDGE ( 'NONE', *, *, #2933, .T. ) ;
#5278 = DIRECTION ( 'NONE',  ( 0.000000000000000000, -1.000000000000000000, 0.000000000000000000 ) ) ;
#5279 = EDGE_CURVE ( 'NONE', #1923, #5030, #7404, .T. ) ;
#5280 = DIRECTION ( 'NONE',  ( 0.000000000000000000, -1.000000000000000000, 0.000000000000000000 ) ) ;
#5281 = DIRECTION ( 'NONE',  ( 0.000000000000000000, -1.000000000000000000, 0.000000000000000000 ) ) ;
#5282 = CARTESIAN_POINT ( 'NONE',  ( 27.75000000000000000, 501.0000000000000000, -3.557611840000000303 ) ) ;
#5283 = DIRECTION ( 'NONE',  ( -1.000000000000000000, 0.000000000000000000, 0.000000000000000000 ) ) ;
#5284 = VECTOR ( 'NONE', #3441, 1000.000000000000000 ) ;
#5285 = ORIENTED_EDGE ( 'NONE', *, *, #5198, .F. ) ;
#5286 = LINE ( 'NONE', #4679, #120 ) ;
#5287 = ORIENTED_EDGE ( 'NONE', *, *, #1875, .T. ) ;
#5288 = ORIENTED_EDGE ( 'NONE', *, *, #6185, .T. ) ;
#5289 = EDGE_CURVE ( 'NONE', #1420, #5383, #6868, .T. ) ;
#5290 = EDGE_CURVE ( 'NONE', #2289, #2124, #2013, .T. ) ;
#5291 = ORIENTED_EDGE ( 'NONE', *, *, #1971, .F. ) ;
#5292 = CARTESIAN_POINT ( 'NONE',  ( 7.249999980000059630, 501.0000000000000000, 3.557611840000020287 ) ) ;
#5293 = LINE ( 'NONE', #3453, #3023 ) ;
#5294 = CIRCLE ( 'NONE', #3596, 4.999999962794540842 ) ;
#5295 = VERTEX_POINT ( 'NONE', #1242 ) ;
#5296 = CYLINDRICAL_SURFACE ( 'NONE', #2310, 4.999999982033290102 ) ;
#5297 = DIRECTION ( 'NONE',  ( 0.000000000000000000, 1.000000000000000000, 0.000000000000000000 ) ) ;
#5298 = DIRECTION ( 'NONE',  ( 1.000000000000000000, 0.000000000000000000, 0.000000000000000000 ) ) ;
#5299 = VERTEX_POINT ( 'NONE', #798 ) ;
#5300 = VECTOR ( 'NONE', #7560, 1000.000000000000000 ) ;
#5301 = ORIENTED_EDGE ( 'NONE', *, *, #2432, .T. ) ;
#5302 = ORIENTED_EDGE ( 'NONE', *, *, #484, .F. ) ;
#5303 = EDGE_CURVE ( 'NONE', #1568, #5309, #3472, .T. ) ;
#5304 = DIRECTION ( 'NONE',  ( 0.000000000000000000, -1.000000000000000000, 0.000000000000000000 ) ) ;
#5305 = VERTEX_POINT ( 'NONE', #6252 ) ;
#5306 = LINE ( 'NONE', #964, #460 ) ;
#5307 = CARTESIAN_POINT ( 'NONE',  ( 8.199999990000000238, 500.0000000000000000, -11.74974747000000086 ) ) ;
#5308 = ORIENTED_EDGE ( 'NONE', *, *, #630, .T. ) ;
#5309 = VERTEX_POINT ( 'NONE', #677 ) ;
#5310 = ADVANCED_FACE ( 'NONE', ( #5664 ), #53, .T. ) ;
#5311 = CYLINDRICAL_SURFACE ( 'NONE', #8092, 0.5000000000000004441 ) ;
#5312 = CARTESIAN_POINT ( 'NONE',  ( -32.30000000000000426, -500.0000000000000000, -17.69999999999999929 ) ) ;
#5313 = LINE ( 'NONE', #7891, #2568 ) ;
#5314 = CARTESIAN_POINT ( 'NONE',  ( -10.78553390999999984, 500.0000000000000000, 7.093145749999999694 ) ) ;
#5315 = ORIENTED_EDGE ( 'NONE', *, *, #2774, .F. ) ;
#5316 = CARTESIAN_POINT ( 'NONE',  ( -36.00000000000000000, 500.0000000000000000, -18.19999999999999929 ) ) ;
#5317 = VECTOR ( 'NONE', #5356, 1000.000000000000000 ) ;
#5318 = EDGE_CURVE ( 'NONE', #3250, #8006, #5960, .T. ) ;
#5319 = ORIENTED_EDGE ( 'NONE', *, *, #7192, .F. ) ;
#5320 = DIRECTION ( 'NONE',  ( -1.000000000000000000, 0.000000000000000000, 0.000000000000000000 ) ) ;
#5321 = EDGE_LOOP ( 'NONE', ( #7231, #864, #4500, #4090 ) ) ;
#5322 = EDGE_LOOP ( 'NONE', ( #1530, #3704, #4611, #7867, #7151, #6767, #1918, #1017, #5009, #4840, #3398, #3082, #1661, #2549, #4014, #4149, #5491, #1352, #7112, #1120, #1350, #40, #7521, #4255, #1466, #5168, #931, #6487, #31, #5622, #138, #3680, #2464, #1796, #1406, #552, #857, #3280, #52, #4276, #963, #6390, #1432, #998, #6546, #7638, #2681, #446, #2189, #7548, #4509, #5179, #6649, #2554, #2439, #1393, #7239, #1851, #3181, #5794, #5072, #3454, #5254, #7583, #7510, #3030, #5908, #6573, #4438, #6715, #2680, #5097, #3217, #1186, #5073, #6365, #6141, #1797, #4476, #3087, #4323, #68, #4347, #6322, #3744, #4805, #5644, #907, #851, #347, #5386, #2504, #3649, #1122, #5536, #5501, #1049, #3416, #4727, #3384, #2930, #3791, #6240, #970, #5249, #5277, #5700, #2291, #582, #7069, #7267, #5862, #1951, #5353, #1523, #2038, #6382, #4082, #7176, #7114, #1219, #3407, #7040, #2083, #3555, #6524, #7783, #4092, #960, #5148, #954, #1157, #2169, #3109, #7809, #5263, #4692, #1857, #2627, #429, #2847, #6034, #2212, #4366, #7839, #423, #6036, #2909, #3185, #7667, #3296, #346, #7837, #2824, #2894, #7038, #6975, #7920, #4205, #79, #2501, #1563, #4389, #3314, #7519, #1698, #894, #3332, #7441, #1144, #700, #2375, #1029, #4271, #2843, #7372 ) ) ;
#5323 = CARTESIAN_POINT ( 'NONE',  ( -18.38750000000000284, 500.0000000000000000, 7.000000000000000000 ) ) ;
#5324 = VECTOR ( 'NONE', #5934, 1000.000000000000000 ) ;
#5325 = CARTESIAN_POINT ( 'NONE',  ( -14.49999999989999999, 500.0000000000000000, -18.49999999990000177 ) ) ;
#5326 = FACE_OUTER_BOUND ( 'NONE', #1809, .T. ) ;
#5327 = CARTESIAN_POINT ( 'NONE',  ( 37.69999999999999574, 501.0000000000000000, -11.79999999999999893 ) ) ;
#5328 = EDGE_CURVE ( 'NONE', #3783, #1784, #5830, .T. ) ;
#5329 = AXIS2_PLACEMENT_3D ( 'NONE', #1691, #2882, #2839 ) ;
#5330 = DIRECTION ( 'NONE',  ( 0.000000000000000000, -1.000000000000000000, 0.000000000000000000 ) ) ;
#5331 = ORIENTED_EDGE ( 'NONE', *, *, #973, .T. ) ;
#5332 = VERTEX_POINT ( 'NONE', #5176 ) ;
#5333 = VERTEX_POINT ( 'NONE', #4003 ) ;
#5334 = CARTESIAN_POINT ( 'NONE',  ( 24.00000000010000178, 501.0000000000000000, -18.50000000000000000 ) ) ;
#5335 = DIRECTION ( 'NONE',  ( 1.000000000000000000, 0.000000000000000000, 6.666657966410595850E-11 ) ) ;
#5336 = CIRCLE ( 'NONE', #3636, 2.500000000000000444 ) ;
#5337 = ORIENTED_EDGE ( 'NONE', *, *, #2205, .T. ) ;
#5338 = DIRECTION ( 'NONE',  ( 6.666426669947139600E-11, 0.000000000000000000, -1.000000000000000000 ) ) ;
#5339 = CARTESIAN_POINT ( 'NONE',  ( -36.00000000000000000, 501.0000000000000000, -6.999999999899999992 ) ) ;
#5340 = EDGE_CURVE ( 'NONE', #6439, #4397, #1502, .T. ) ;
#5341 = DIRECTION ( 'NONE',  ( -1.000000000000000000, 0.000000000000000000, -3.999856001968282080E-11 ) ) ;
#5342 = EDGE_CURVE ( 'NONE', #7571, #1532, #7118, .T. ) ;
#5343 = VERTEX_POINT ( 'NONE', #2851 ) ;
#5344 = EDGE_LOOP ( 'NONE', ( #5237, #2087, #150, #1270 ) ) ;
#5345 = ORIENTED_EDGE ( 'NONE', *, *, #4784, .T. ) ;
#5346 = CIRCLE ( 'NONE', #6786, 0.5000000000000004441 ) ;
#5347 = CARTESIAN_POINT ( 'NONE',  ( -27.50000000000000000, 501.0000000000000000, 18.00000000000000000 ) ) ;
#5348 = ORIENTED_EDGE ( 'NONE', *, *, #3775, .T. ) ;
#5349 = CARTESIAN_POINT ( 'NONE',  ( 36.00000000010000178, 500.0000000000000000, 6.499999999899999992 ) ) ;
#5350 = DIRECTION ( 'NONE',  ( 0.000000000000000000, -1.000000000000000000, 0.000000000000000000 ) ) ;
#5351 = EDGE_CURVE ( 'NONE', #1257, #239, #2768, .T. ) ;
#5352 = VERTEX_POINT ( 'NONE', #1453 ) ;
#5353 = ORIENTED_EDGE ( 'NONE', *, *, #1867, .T. ) ;
#5354 = VECTOR ( 'NONE', #4620, 1000.000000000000000 ) ;
#5355 = DIRECTION ( 'NONE',  ( 0.000000000000000000, -1.000000000000000000, 0.000000000000000000 ) ) ;
#5356 = DIRECTION ( 'NONE',  ( 0.000000000000000000, 0.000000000000000000, 1.000000000000000000 ) ) ;
#5357 = CARTESIAN_POINT ( 'NONE',  ( -26.99999999989999822, -500.0000000000000000, 16.00000000000000000 ) ) ;
#5358 = FACE_OUTER_BOUND ( 'NONE', #4702, .T. ) ;
#5359 = CARTESIAN_POINT ( 'NONE',  ( 38.00000000000000000, 501.0000000000000000, 7.474999999999999645 ) ) ;
#5360 = CIRCLE ( 'NONE', #2875, 2.499999999999998668 ) ;
#5361 = EDGE_CURVE ( 'NONE', #6436, #67, #1003, .T. ) ;
#5362 = DIRECTION ( 'NONE',  ( -1.000000000000000000, 0.000000000000000000, 0.000000000000000000 ) ) ;
#5363 = ORIENTED_EDGE ( 'NONE', *, *, #7751, .F. ) ;
#5364 = CARTESIAN_POINT ( 'NONE',  ( 34.19238814645449764, -500.0000000000000000, -5.000000037205460046 ) ) ;
#5365 = VECTOR ( 'NONE', #2079, 1000.000000000000000 ) ;
#5366 = CARTESIAN_POINT ( 'NONE',  ( 32.30000000000000426, -500.0000000000000000, -12.30000000000000071 ) ) ;
#5367 = DIRECTION ( 'NONE',  ( 0.000000000000000000, -1.000000000000000000, 0.000000000000000000 ) ) ;
#5368 = LINE ( 'NONE', #5327, #1404 ) ;
#5369 = AXIS2_PLACEMENT_3D ( 'NONE', #2466, #1815, #7435 ) ;
#5370 = VECTOR ( 'NONE', #5371, 1000.000000000000000 ) ;
#5371 = DIRECTION ( 'NONE',  ( 1.000000000000000000, 0.000000000000000000, 0.000000000000000000 ) ) ;
#5372 = EDGE_LOOP ( 'NONE', ( #7658, #8037, #2632, #2630 ) ) ;
#5373 = ORIENTED_EDGE ( 'NONE', *, *, #3480, .F. ) ;
#5374 = DIRECTION ( 'NONE',  ( -1.000000000000000000, 0.000000000000000000, 0.000000000000000000 ) ) ;
#5375 = AXIS2_PLACEMENT_3D ( 'NONE', #2586, #3865, #7592 ) ;
#5376 = EDGE_CURVE ( 'NONE', #7720, #6781, #352, .T. ) ;
#5377 = AXIS2_PLACEMENT_3D ( 'NONE', #7422, #6772, #614 ) ;
#5378 = DIRECTION ( 'NONE',  ( 1.000000000000000000, 0.000000000000000000, 1.040834085586084059E-15 ) ) ;
#5379 = VERTEX_POINT ( 'NONE', #4130 ) ;
#5380 = CARTESIAN_POINT ( 'NONE',  ( -27.00000000000000000, 501.0000000000000000, -16.77500000000000213 ) ) ;
#5381 = FACE_OUTER_BOUND ( 'NONE', #4193, .T. ) ;
#5382 = DIRECTION ( 'NONE',  ( 0.000000000000000000, 1.000000000000000000, 0.000000000000000000 ) ) ;
#5383 = VERTEX_POINT ( 'NONE', #7673 ) ;
#5384 = DIRECTION ( 'NONE',  ( 0.7071067825525398920, 0.000000000000000000, 0.7071067798205551425 ) ) ;
#5385 = VECTOR ( 'NONE', #6773, 1000.000000000000000 ) ;
#5386 = ORIENTED_EDGE ( 'NONE', *, *, #982, .T. ) ;
#5387 = LINE ( 'NONE', #926, #5069 ) ;
#5388 = ORIENTED_EDGE ( 'NONE', *, *, #958, .T. ) ;
#5389 = CARTESIAN_POINT ( 'NONE',  ( -12.50000000010000001, 500.0000000000000000, -15.49999999989999999 ) ) ;
#5390 = EDGE_CURVE ( 'NONE', #6911, #5816, #269, .T. ) ;
#5391 = EDGE_CURVE ( 'NONE', #2058, #1195, #5306, .T. ) ;
#5392 = LINE ( 'NONE', #5834, #6032 ) ;
#5393 = VERTEX_POINT ( 'NONE', #3339 ) ;
#5394 = ORIENTED_EDGE ( 'NONE', *, *, #6753, .T. ) ;
#5395 = DIRECTION ( 'NONE',  ( -6.666657966410595850E-11, 0.000000000000000000, 1.000000000000000000 ) ) ;
#5396 = CARTESIAN_POINT ( 'NONE',  ( 27.75000000000000000, 500.0000000000000000, 3.557611840000000303 ) ) ;
#5397 = EDGE_CURVE ( 'NONE', #7507, #87, #2229, .T. ) ;
#5398 = EDGE_CURVE ( 'NONE', #6302, #4573, #6492, .T. ) ;
#5399 = DIRECTION ( 'NONE',  ( 0.000000000000000000, -1.000000000000000000, 0.000000000000000000 ) ) ;
#5400 = DIRECTION ( 'NONE',  ( 9.999640004920706815E-11, 0.000000000000000000, -1.000000000000000000 ) ) ;
#5401 = VERTEX_POINT ( 'NONE', #1536 ) ;
#5402 = AXIS2_PLACEMENT_3D ( 'NONE', #7457, #1296, #3223 ) ;
#5403 = CARTESIAN_POINT ( 'NONE',  ( 36.00000000000000000, -500.0000000000000000, 16.00000000000000000 ) ) ;
#5404 = EDGE_LOOP ( 'NONE', ( #5087, #4559, #58, #802 ) ) ;
#5405 = FACE_OUTER_BOUND ( 'NONE', #941, .T. ) ;
#5406 = DIRECTION ( 'NONE',  ( -0.7071067811865461294, 0.000000000000000000, 0.7071067811865490160 ) ) ;
#5407 = EDGE_CURVE ( 'NONE', #2260, #4742, #5683, .T. ) ;
#5408 = LINE ( 'NONE', #6068, #937 ) ;
#5409 = CARTESIAN_POINT ( 'NONE',  ( 40.00000000000000000, 500.0000000000000000, -16.00000000000000000 ) ) ;
#5410 = AXIS2_PLACEMENT_3D ( 'NONE', #1745, #6140, #443 ) ;
#5411 = DIRECTION ( 'NONE',  ( -1.040462604279012531E-08, 0.000000000000000000, -1.000000000000000000 ) ) ;
#5412 = CARTESIAN_POINT ( 'NONE',  ( -29.21446609999999922, 501.0000000000000000, -7.093145749999999694 ) ) ;
#5413 = EDGE_LOOP ( 'NONE', ( #4499, #2068, #335, #4129 ) ) ;
#5414 = VERTEX_POINT ( 'NONE', #7803 ) ;
#5415 = LINE ( 'NONE', #6157, #3393 ) ;
#5416 = DIRECTION ( 'NONE',  ( 0.000000000000000000, 0.000000000000000000, -1.000000000000000000 ) ) ;
#5417 = CYLINDRICAL_SURFACE ( 'NONE', #5984, 0.4499999999999990119 ) ;
#5418 = CARTESIAN_POINT ( 'NONE',  ( -11.46446609000000016, 500.0000000000000000, -10.65685425999999936 ) ) ;
#5419 = CIRCLE ( 'NONE', #48, 1.500000000000001332 ) ;
#5420 = CYLINDRICAL_SURFACE ( 'NONE', #7712, 4.999999869901410321 ) ;
#5421 = ORIENTED_EDGE ( 'NONE', *, *, #3806, .F. ) ;
#5422 = CYLINDRICAL_SURFACE ( 'NONE', #6407, 3.999999999999996447 ) ;
#5423 = ADVANCED_FACE ( 'NONE', ( #1493 ), #3465, .F. ) ;
#5424 = ORIENTED_EDGE ( 'NONE', *, *, #4143, .T. ) ;
#5425 = ORIENTED_EDGE ( 'NONE', *, *, #3947, .T. ) ;
#5426 = CARTESIAN_POINT ( 'NONE',  ( -16.00000000000000000, -500.0000000000000000, -8.750000000000000000 ) ) ;
#5427 = ORIENTED_EDGE ( 'NONE', *, *, #5361, .T. ) ;
#5428 = CARTESIAN_POINT ( 'NONE',  ( -31.80000000000000071, 501.0000000000000000, 17.69999999999999929 ) ) ;
#5429 = DIRECTION ( 'NONE',  ( 0.000000000000000000, -1.000000000000000000, 0.000000000000000000 ) ) ;
#5430 = EDGE_CURVE ( 'NONE', #7601, #7706, #5555, .T. ) ;
#5431 = DIRECTION ( 'NONE',  ( -4.884684341243943186E-09, 0.000000000000000000, 1.000000000000000000 ) ) ;
#5432 = CARTESIAN_POINT ( 'NONE',  ( -38.50000000000000000, 501.0000000000000000, -4.000000000100000008 ) ) ;
#5433 = AXIS2_PLACEMENT_3D ( 'NONE', #311, #2187, #4697 ) ;
#5434 = DIRECTION ( 'NONE',  ( -1.000000000000000000, 0.000000000000000000, -1.734723475976808672E-15 ) ) ;
#5435 = DIRECTION ( 'NONE',  ( 0.000000000000000000, 0.000000000000000000, -1.000000000000000000 ) ) ;
#5436 = ADVANCED_FACE ( 'NONE', ( #3378 ), #5878, .F. ) ;
#5437 = EDGE_CURVE ( 'NONE', #7516, #2469, #2015, .T. ) ;
#5438 = DIRECTION ( 'NONE',  ( 0.000000000000000000, 0.000000000000000000, -1.000000000000000000 ) ) ;
#5439 = VERTEX_POINT ( 'NONE', #5965 ) ;
#5440 = CARTESIAN_POINT ( 'NONE',  ( 39.99999999989999822, 500.4999999999999432, -5.500000000000000000 ) ) ;
#5441 = CARTESIAN_POINT ( 'NONE',  ( 23.40000000000000213, 0.000000000000000000, -4.163799117100999573E-16 ) ) ;
#5442 = DIRECTION ( 'NONE',  ( 0.000000000000000000, -1.000000000000000000, 0.000000000000000000 ) ) ;
#5443 = CARTESIAN_POINT ( 'NONE',  ( -13.20000001000000012, 500.0000000000000000, 11.74974747000000086 ) ) ;
#5444 = AXIS2_PLACEMENT_3D ( 'NONE', #5056, #5135, #6410 ) ;
#5445 = CARTESIAN_POINT ( 'NONE',  ( 34.19238814645449764, 501.0000000000000000, -5.000000037205460046 ) ) ;
#5446 = EDGE_CURVE ( 'NONE', #5575, #5199, #6665, .T. ) ;
#5447 = CARTESIAN_POINT ( 'NONE',  ( 37.54999999989999537, 500.0000000000000000, 7.450000000100000186 ) ) ;
#5448 = ORIENTED_EDGE ( 'NONE', *, *, #4444, .T. ) ;
#5449 = EDGE_LOOP ( 'NONE', ( #1155, #7905, #1615, #6171 ) ) ;
#5450 = AXIS2_PLACEMENT_3D ( 'NONE', #280, #2241, #4137 ) ;
#5451 = CARTESIAN_POINT ( 'NONE',  ( 7.125000000000000000, 500.0000000000000000, 15.50000000000000000 ) ) ;
#5452 = FACE_BOUND ( 'NONE', #2811, .T. ) ;
#5453 = LINE ( 'NONE', #7951, #750 ) ;
#5454 = PRODUCT_DEFINITION ( 'UNKNOWN', '', #7048, #6130 ) ;
#5455 = DIRECTION ( 'NONE',  ( 0.000000000000000000, 1.000000000000000000, 0.000000000000000000 ) ) ;
#5456 = AXIS2_PLACEMENT_3D ( 'NONE', #1077, #4156, #5338 ) ;
#5457 = DIRECTION ( 'NONE',  ( 0.000000000000000000, -1.000000000000000000, 0.000000000000000000 ) ) ;
#5458 = ORIENTED_EDGE ( 'NONE', *, *, #7481, .T. ) ;
#5459 = CARTESIAN_POINT ( 'NONE',  ( -18.75000000000000000, -500.0000000000000000, -4.000000000000000000 ) ) ;
#5460 = ORIENTED_EDGE ( 'NONE', *, *, #4812, .T. ) ;
#5461 = DIRECTION ( 'NONE',  ( 0.000000000000000000, 1.000000000000000000, 0.000000000000000000 ) ) ;
#5462 = CIRCLE ( 'NONE', #5065, 5.000000005751969567 ) ;
#5463 = EDGE_LOOP ( 'NONE', ( #2965, #2135, #5915, #4997 ) ) ;
#5464 = CARTESIAN_POINT ( 'NONE',  ( -30.65685426000000291, 500.0000000000000000, -8.535533909999999835 ) ) ;
#5465 = FACE_OUTER_BOUND ( 'NONE', #3334, .T. ) ;
#5466 = VECTOR ( 'NONE', #5262, 1000.000000000000000 ) ;
#5467 = VERTEX_POINT ( 'NONE', #6092 ) ;
#5468 = DIRECTION ( 'NONE',  ( 1.000000000000000000, 0.000000000000000000, 0.000000000000000000 ) ) ;
#5469 = DIRECTION ( 'NONE',  ( -0.7071067811865500152, 0.000000000000000000, 0.7071067811865450192 ) ) ;
#5470 = FACE_OUTER_BOUND ( 'NONE', #6570, .T. ) ;
#5471 = AXIS2_PLACEMENT_3D ( 'NONE', #5507, #5541, #1156 ) ;
#5472 = EDGE_CURVE ( 'NONE', #3423, #7933, #4166, .T. ) ;
#5473 = DIRECTION ( 'NONE',  ( 0.000000000000000000, -1.000000000000000000, 0.000000000000000000 ) ) ;
#5474 = VERTEX_POINT ( 'NONE', #4858 ) ;
#5475 = VECTOR ( 'NONE', #2684, 1000.000000000000000 ) ;
#5476 = DIRECTION ( 'NONE',  ( 0.000000000000000000, -1.000000000000000000, 0.000000000000000000 ) ) ;
#5477 = VERTEX_POINT ( 'NONE', #7400 ) ;
#5478 = CARTESIAN_POINT ( 'NONE',  ( 14.99999999989999999, 501.0000000000000000, 16.50000000010000178 ) ) ;
#5479 = DIRECTION ( 'NONE',  ( 1.000000000000000000, 0.000000000000000000, 4.884684341243942359E-09 ) ) ;
#5480 = CIRCLE ( 'NONE', #1937, 2.499999999999998668 ) ;
#5481 = ADVANCED_FACE ( 'NONE', ( #3550 ), #511, .T. ) ;
#5482 = CARTESIAN_POINT ( 'NONE',  ( 27.09314575000000147, 500.0000000000000000, 9.214466100000000992 ) ) ;
#5483 = AXIS2_PLACEMENT_3D ( 'NONE', #6580, #174, #957 ) ;
#5484 = EDGE_CURVE ( 'NONE', #776, #4336, #1662, .T. ) ;
#5485 = DIRECTION ( 'NONE',  ( -1.000000000000000000, 0.000000000000000000, 0.000000000000000000 ) ) ;
#5486 = CARTESIAN_POINT ( 'NONE',  ( 24.00000000000000000, 500.0000000000000000, 8.750000000000000000 ) ) ;
#5487 = LINE ( 'NONE', #2252, #1171 ) ;
#5488 = AXIS2_PLACEMENT_3D ( 'NONE', #6101, #4330, #5434 ) ;
#5489 = VECTOR ( 'NONE', #3119, 1000.000000000000000 ) ;
#5490 = ORIENTED_EDGE ( 'NONE', *, *, #1818, .F. ) ;
#5491 = ORIENTED_EDGE ( 'NONE', *, *, #2266, .T. ) ;
#5492 = CARTESIAN_POINT ( 'NONE',  ( 37.69999999999999574, 501.0000000000000000, -12.30000000000000071 ) ) ;
#5493 = LINE ( 'NONE', #2497, #2234 ) ;
#5494 = EDGE_CURVE ( 'NONE', #987, #1910, #593, .T. ) ;
#5495 = CARTESIAN_POINT ( 'NONE',  ( -13.50000000010000001, 501.0000000000000000, 16.00000000010000178 ) ) ;
#5496 = DIRECTION ( 'NONE',  ( 0.000000000000000000, 1.000000000000000000, 0.000000000000000000 ) ) ;
#5497 = VECTOR ( 'NONE', #5177, 1000.000000000000000 ) ;
#5498 = DIRECTION ( 'NONE',  ( 0.000000000000000000, -1.000000000000000000, 0.000000000000000000 ) ) ;
#5499 = VECTOR ( 'NONE', #6190, 1000.000000000000000 ) ;
#5500 = CARTESIAN_POINT ( 'NONE',  ( -15.99999999989999999, -500.0000000000000000, 16.50000000000000000 ) ) ;
#5501 = ORIENTED_EDGE ( 'NONE', *, *, #6163, .T. ) ;
#5502 = DIRECTION ( 'NONE',  ( -6.666426669947139600E-11, 0.000000000000000000, 1.000000000000000000 ) ) ;
#5503 = ORIENTED_EDGE ( 'NONE', *, *, #3561, .T. ) ;
#5504 = ORIENTED_EDGE ( 'NONE', *, *, #6271, .F. ) ;
#5505 = CIRCLE ( 'NONE', #6696, 0.5000000000000004441 ) ;
#5506 = VECTOR ( 'NONE', #2532, 1000.000000000000000 ) ;
#5507 = CARTESIAN_POINT ( 'NONE',  ( 35.49999999989999822, 500.0000000000000000, 7.499999999899999992 ) ) ;
#5508 = ORIENTED_EDGE ( 'NONE', *, *, #4032, .F. ) ;
#5509 = FACE_OUTER_BOUND ( 'NONE', #6935, .T. ) ;
#5510 = ADVANCED_FACE ( 'NONE', ( #5509 ), #6133, .F. ) ;
#5511 = CARTESIAN_POINT ( 'NONE',  ( -28.53553391000000161, -500.0000000000000000, -10.65685425999999936 ) ) ;
#5512 = VECTOR ( 'NONE', #5808, 1000.000000000000000 ) ;
#5513 = DIRECTION ( 'NONE',  ( -0.7071067798205549204, 0.000000000000000000, 0.7071067825525400030 ) ) ;
#5514 = ADVANCED_FACE ( 'NONE', ( #2972 ), #1738, .F. ) ;
#5515 = DIRECTION ( 'NONE',  ( -1.000000000000000000, 0.000000000000000000, -9.999640004920697768E-11 ) ) ;
#5516 = LINE ( 'NONE', #1095, #3581 ) ;
#5517 = VERTEX_POINT ( 'NONE', #5464 ) ;
#5518 = DIRECTION ( 'NONE',  ( 1.000000000000000000, 0.000000000000000000, 9.999640004920697768E-11 ) ) ;
#5519 = ADVANCED_FACE ( 'NONE', ( #433 ), #1776, .F. ) ;
#5520 = ORIENTED_EDGE ( 'NONE', *, *, #7065, .T. ) ;
#5521 = CARTESIAN_POINT ( 'NONE',  ( -13.50000000000000000, 501.0000000000000000, 15.50000000010000001 ) ) ;
#5522 = DIRECTION ( 'NONE',  ( -9.999813477268295448E-11, 0.000000000000000000, 1.000000000000000000 ) ) ;
#5523 = CARTESIAN_POINT ( 'NONE',  ( 24.00000000000000000, 501.0000000000000000, 17.50000000000000000 ) ) ;
#5524 = ORIENTED_EDGE ( 'NONE', *, *, #2419, .F. ) ;
#5525 = CARTESIAN_POINT ( 'NONE',  ( -14.99999999989999999, -500.0000000000000000, 16.50000000010000178 ) ) ;
#5526 = ORIENTED_EDGE ( 'NONE', *, *, #1170, .T. ) ;
#5527 = ORIENTED_EDGE ( 'NONE', *, *, #4048, .T. ) ;
#5528 = AXIS2_PLACEMENT_3D ( 'NONE', #606, #1336, #5713 ) ;
#5529 = FACE_OUTER_BOUND ( 'NONE', #6328, .T. ) ;
#5530 = CARTESIAN_POINT ( 'NONE',  ( 12.24999998000000012, 501.0000000000000000, -3.557611840000010073 ) ) ;
#5531 = DIRECTION ( 'NONE',  ( -1.000000000000000000, 0.000000000000000000, 0.000000000000000000 ) ) ;
#5532 = CARTESIAN_POINT ( 'NONE',  ( 38.19999999999999574, -500.0000000000000000, 12.30000000000000071 ) ) ;
#5533 = DIRECTION ( 'NONE',  ( 0.000000000000000000, -1.000000000000000000, 0.000000000000000000 ) ) ;
#5534 = PLANE ( 'NONE',  #4191 ) ;
#5535 = AXIS2_PLACEMENT_3D ( 'NONE', #8090, #6871, #1783 ) ;
#5536 = ORIENTED_EDGE ( 'NONE', *, *, #2198, .T. ) ;
#5537 = CARTESIAN_POINT ( 'NONE',  ( -38.00000000000000000, 500.0000000000000000, 3.737499999999999822 ) ) ;
#5538 = ADVANCED_FACE ( 'NONE', ( #553 ), #2936, .F. ) ;
#5539 = EDGE_CURVE ( 'NONE', #5295, #4667, #1506, .T. ) ;
#5540 = ORIENTED_EDGE ( 'NONE', *, *, #5587, .F. ) ;
#5541 = DIRECTION ( 'NONE',  ( 0.000000000000000000, -1.000000000000000000, 0.000000000000000000 ) ) ;
#5542 = ORIENTED_EDGE ( 'NONE', *, *, #4153, .F. ) ;
#5543 = DIRECTION ( 'NONE',  ( 0.000000000000000000, 1.000000000000000000, 0.000000000000000000 ) ) ;
#5544 = CARTESIAN_POINT ( 'NONE',  ( -9.582169917499991030, -500.0000000000000000, -8.296509742499999618 ) ) ;
#5545 = CARTESIAN_POINT ( 'NONE',  ( 12.50000000000000000, 500.0000000000000000, 18.00000000000000000 ) ) ;
#5546 = EDGE_CURVE ( 'NONE', #310, #1973, #6209, .T. ) ;
#5547 = VECTOR ( 'NONE', #1788, 1000.000000000000000 ) ;
#5548 = LINE ( 'NONE', #1708, #4275 ) ;
#5549 = CARTESIAN_POINT ( 'NONE',  ( -27.00000000000000000, 501.0000000000000000, -16.00000000000000000 ) ) ;
#5550 = DIRECTION ( 'NONE',  ( 0.000000000000000000, -1.000000000000000000, 0.000000000000000000 ) ) ;
#5551 = ORIENTED_EDGE ( 'NONE', *, *, #4404, .T. ) ;
#5552 = EDGE_CURVE ( 'NONE', #5921, #3889, #5968, .T. ) ;
#5553 = ORIENTED_EDGE ( 'NONE', *, *, #2010, .T. ) ;
#5554 = LINE ( 'NONE', #6795, #4574 ) ;
#5555 = CIRCLE ( 'NONE', #849, 0.5000000000000004441 ) ;
#5556 = DIRECTION ( 'NONE',  ( 6.666426669947139600E-11, 0.000000000000000000, -1.000000000000000000 ) ) ;
#5557 = LINE ( 'NONE', #604, #6609 ) ;
#5558 = DIRECTION ( 'NONE',  ( 0.000000000000000000, -1.000000000000000000, 0.000000000000000000 ) ) ;
#5559 = DIRECTION ( 'NONE',  ( -0.7071067798205549204, 0.000000000000000000, 0.7071067825525400030 ) ) ;
#5560 = DIRECTION ( 'NONE',  ( -1.000000000000000000, 0.000000000000000000, 0.000000000000000000 ) ) ;
#5561 = DIRECTION ( 'NONE',  ( 0.000000000000000000, -1.000000000000000000, 0.000000000000000000 ) ) ;
#5562 = ORIENTED_EDGE ( 'NONE', *, *, #2481, .F. ) ;
#5563 = ORIENTED_EDGE ( 'NONE', *, *, #1592, .T. ) ;
#5564 = DIRECTION ( 'NONE',  ( -1.000000000000000000, 0.000000000000000000, -3.469446951953614978E-15 ) ) ;
#5565 = DIRECTION ( 'NONE',  ( -1.000000000000000000, 0.000000000000000000, 0.000000000000000000 ) ) ;
#5566 = DIRECTION ( 'NONE',  ( 0.000000000000000000, -1.000000000000000000, 0.000000000000000000 ) ) ;
#5567 = DIRECTION ( 'NONE',  ( 0.000000000000000000, -1.000000000000000000, 0.000000000000000000 ) ) ;
#5568 = ADVANCED_FACE ( 'NONE', ( #4895 ), #6172, .F. ) ;
#5569 = CARTESIAN_POINT ( 'NONE',  ( -30.00000000000000000, 501.0000000000000000, 14.19238813000000121 ) ) ;
#5570 = ORIENTED_EDGE ( 'NONE', *, *, #4096, .F. ) ;
#5571 = LINE ( 'NONE', #3778, #5489 ) ;
#5572 = ORIENTED_EDGE ( 'NONE', *, *, #394, .T. ) ;
#5573 = ORIENTED_EDGE ( 'NONE', *, *, #4677, .T. ) ;
#5574 = CARTESIAN_POINT ( 'NONE',  ( -27.81433982999999799, 501.0000000000000000, -9.935660179999999286 ) ) ;
#5575 = VERTEX_POINT ( 'NONE', #1158 ) ;
#5576 = CARTESIAN_POINT ( 'NONE',  ( -23.55761182633779782, -500.0000000000000000, 12.75000002847990110 ) ) ;
#5577 = DIRECTION ( 'NONE',  ( -0.7071067811865489050, 0.000000000000000000, 0.7071067811865460184 ) ) ;
#5578 = VECTOR ( 'NONE', #1250, 1000.000000000000000 ) ;
#5579 = DIRECTION ( 'NONE',  ( 0.000000000000000000, 0.000000000000000000, 1.000000000000000000 ) ) ;
#5580 = ADVANCED_FACE ( 'NONE', ( #3668 ), #8040, .F. ) ;
#5581 = EDGE_CURVE ( 'NONE', #4419, #7818, #6826, .T. ) ;
#5582 = EDGE_LOOP ( 'NONE', ( #5679, #94, #1516, #6060 ) ) ;
#5583 = AXIS2_PLACEMENT_3D ( 'NONE', #889, #5399, #234 ) ;
#5584 = ORIENTED_EDGE ( 'NONE', *, *, #3187, .T. ) ;
#5585 = DIRECTION ( 'NONE',  ( -1.040462604279012531E-08, 0.000000000000000000, -1.000000000000000000 ) ) ;
#5586 = PLANE ( 'NONE',  #8111 ) ;
#5587 = EDGE_CURVE ( 'NONE', #7013, #5401, #6243, .T. ) ;
#5588 = CARTESIAN_POINT ( 'NONE',  ( 16.00000000000000000, 501.0000000000000000, 17.50000000000000000 ) ) ;
#5589 = CIRCLE ( 'NONE', #8075, 4.999999869901410321 ) ;
#5590 = CARTESIAN_POINT ( 'NONE',  ( -16.44238816000000014, -500.0000000000000000, -7.750000000000000000 ) ) ;
#5591 = DIRECTION ( 'NONE',  ( 0.000000000000000000, -1.000000000000000000, 0.000000000000000000 ) ) ;
#5592 = CIRCLE ( 'NONE', #2456, 0.5000000000000004441 ) ;
#5593 = CARTESIAN_POINT ( 'NONE',  ( -24.00000000010000178, 500.0000000000000000, 18.50000000000000000 ) ) ;
#5594 = DIRECTION ( 'NONE',  ( 0.000000000000000000, -1.000000000000000000, 0.000000000000000000 ) ) ;
#5595 = ADVANCED_FACE ( 'NONE', ( #707 ), #5124, .F. ) ;
#5596 = FACE_OUTER_BOUND ( 'NONE', #7194, .T. ) ;
#5597 = CARTESIAN_POINT ( 'NONE',  ( -36.00000000010000178, 500.0000000000000000, -6.499999999899999992 ) ) ;
#5598 = AXIS2_PLACEMENT_3D ( 'NONE', #2319, #1134, #4296 ) ;
#5599 = DIRECTION ( 'NONE',  ( 1.000000000000000000, 0.000000000000000000, 0.000000000000000000 ) ) ;
#5600 = ORIENTED_EDGE ( 'NONE', *, *, #5035, .F. ) ;
#5601 = ORIENTED_EDGE ( 'NONE', *, *, #1440, .T. ) ;
#5602 = AXIS2_PLACEMENT_3D ( 'NONE', #4823, #1639, #407 ) ;
#5603 = VECTOR ( 'NONE', #5355, 1000.000000000000000 ) ;
#5604 = CARTESIAN_POINT ( 'NONE',  ( 14.25000000000000000, 501.0000000000000000, -15.50000000000000000 ) ) ;
#5605 = DIRECTION ( 'NONE',  ( 0.000000000000000000, 0.000000000000000000, 1.000000000000000000 ) ) ;
#5606 = CARTESIAN_POINT ( 'NONE',  ( 30.00000000000000000, 501.0000000000000000, -14.84619406500000061 ) ) ;
#5607 = CARTESIAN_POINT ( 'NONE',  ( -5.700000010000000117, 500.0000000000000000, 18.00000000000000000 ) ) ;
#5608 = CIRCLE ( 'NONE', #644, 1.500000000000001332 ) ;
#5609 = CARTESIAN_POINT ( 'NONE',  ( 37.54999999999999716, -500.0000000000000000, 7.000000000000000000 ) ) ;
#5610 = AXIS2_PLACEMENT_3D ( 'NONE', #304, #6404, #7153 ) ;
#5611 = EDGE_LOOP ( 'NONE', ( #918, #1392, #5928, #7498 ) ) ;
#5612 = DIRECTION ( 'NONE',  ( 0.000000000000000000, -1.000000000000000000, 0.000000000000000000 ) ) ;
#5613 = ORIENTED_EDGE ( 'NONE', *, *, #691, .T. ) ;
#5614 = ORIENTED_EDGE ( 'NONE', *, *, #4887, .T. ) ;
#5615 = EDGE_CURVE ( 'NONE', #4181, #1390, #198, .T. ) ;
#5616 = PLANE ( 'NONE',  #4428 ) ;
#5617 = ORIENTED_EDGE ( 'NONE', *, *, #4287, .T. ) ;
#5618 = DIRECTION ( 'NONE',  ( 0.000000000000000000, 0.000000000000000000, 1.000000000000000000 ) ) ;
#5619 = VECTOR ( 'NONE', #7094, 1000.000000000000000 ) ;
#5620 = AXIS2_PLACEMENT_3D ( 'NONE', #5157, #7701, #3448 ) ;
#5621 = DIRECTION ( 'NONE',  ( 2.222219322136872090E-10, 0.000000000000000000, -1.000000000000000000 ) ) ;
#5622 = ORIENTED_EDGE ( 'NONE', *, *, #3155, .T. ) ;
#5623 = FACE_OUTER_BOUND ( 'NONE', #3838, .T. ) ;
#5624 = VERTEX_POINT ( 'NONE', #2507 ) ;
#5625 = ORIENTED_EDGE ( 'NONE', *, *, #7037, .T. ) ;
#5626 = CARTESIAN_POINT ( 'NONE',  ( 10.78553388999999996, 500.0000000000000000, 7.093145749999990812 ) ) ;
#5627 = FACE_OUTER_BOUND ( 'NONE', #2459, .T. ) ;
#5628 = VECTOR ( 'NONE', #1891, 1000.000000000000000 ) ;
#5629 = VECTOR ( 'NONE', #197, 1000.000000000000000 ) ;
#5630 = LINE ( 'NONE', #6180, #1619 ) ;
#5631 = ORIENTED_EDGE ( 'NONE', *, *, #3447, .F. ) ;
#5632 = DIRECTION ( 'NONE',  ( 0.000000000000000000, -1.000000000000000000, 0.000000000000000000 ) ) ;
#5633 = CIRCLE ( 'NONE', #7865, 1.000000000000000888 ) ;
#5634 = EDGE_CURVE ( 'NONE', #385, #4877, #7552, .T. ) ;
#5635 = VERTEX_POINT ( 'NONE', #2544 ) ;
#5636 = EDGE_CURVE ( 'NONE', #7383, #736, #4391, .T. ) ;
#5637 = DIRECTION ( 'NONE',  ( -1.000000000000000000, 0.000000000000000000, 0.000000000000000000 ) ) ;
#5638 = PLANE ( 'NONE',  #1757 ) ;
#5639 = CARTESIAN_POINT ( 'NONE',  ( 5.699999989999990468, 501.0000000000000000, -15.50000000000000000 ) ) ;
#5640 = CARTESIAN_POINT ( 'NONE',  ( 38.50000000000000000, 501.0000000000000000, 4.000000000100000008 ) ) ;
#5641 = LINE ( 'NONE', #1298, #4853 ) ;
#5642 = ADVANCED_FACE ( 'NONE', ( #6361 ), #6981, .F. ) ;
#5643 = ORIENTED_EDGE ( 'NONE', *, *, #1254, .F. ) ;
#5644 = ORIENTED_EDGE ( 'NONE', *, *, #1676, .F. ) ;
#5645 = CARTESIAN_POINT ( 'NONE',  ( 27.75000000000000000, 500.0000000000000000, -3.557611840000000303 ) ) ;
#5646 = CARTESIAN_POINT ( 'NONE',  ( -37.99999999989999822, -500.0000000000000000, -7.450000000000000178 ) ) ;
#5647 = LINE ( 'NONE', #1262, #539 ) ;
#5648 = CARTESIAN_POINT ( 'NONE',  ( -31.80000000000000071, -500.0000000000000000, -12.30000000000000071 ) ) ;
#5649 = LINE ( 'NONE', #6887, #769 ) ;
#5650 = VERTEX_POINT ( 'NONE', #1275 ) ;
#5651 = ORIENTED_EDGE ( 'NONE', *, *, #7845, .F. ) ;
#5652 = LINE ( 'NONE', #3163, #4973 ) ;
#5653 = VERTEX_POINT ( 'NONE', #1927 ) ;
#5654 = ORIENTED_EDGE ( 'NONE', *, *, #6633, .F. ) ;
#5655 = CIRCLE ( 'NONE', #6977, 4.999999869901409433 ) ;
#5656 = DIRECTION ( 'NONE',  ( -0.7071067811865475727, 0.000000000000000000, 0.7071067811865475727 ) ) ;
#5657 = ORIENTED_EDGE ( 'NONE', *, *, #440, .T. ) ;
#5658 = CARTESIAN_POINT ( 'NONE',  ( -23.55761183999999986, 501.0000000000000000, -7.750000000000000000 ) ) ;
#5659 = LINE ( 'NONE', #1397, #1062 ) ;
#5660 = FACE_OUTER_BOUND ( 'NONE', #5763, .T. ) ;
#5661 = EDGE_CURVE ( 'NONE', #3288, #5333, #1853, .T. ) ;
#5662 = VERTEX_POINT ( 'NONE', #743 ) ;
#5663 = ORIENTED_EDGE ( 'NONE', *, *, #136, .F. ) ;
#5664 = FACE_OUTER_BOUND ( 'NONE', #6626, .T. ) ;
#5665 = DIRECTION ( 'NONE',  ( -1.000000000000000000, 0.000000000000000000, -3.999856001968284665E-11 ) ) ;
#5666 = EDGE_CURVE ( 'NONE', #7475, #4601, #1889, .T. ) ;
#5667 = AXIS2_PLACEMENT_3D ( 'NONE', #1100, #567, #2484 ) ;
#5668 = CARTESIAN_POINT ( 'NONE',  ( 5.699999990000000238, 500.0000000000000000, -18.00000000000000000 ) ) ;
#5669 = CYLINDRICAL_SURFACE ( 'NONE', #4704, 0.5000000000000004441 ) ;
#5670 = FACE_OUTER_BOUND ( 'NONE', #6087, .T. ) ;
#5671 = VECTOR ( 'NONE', #3879, 1000.000000000000000 ) ;
#5672 = PLANE ( 'NONE',  #7931 ) ;
#5673 = FACE_OUTER_BOUND ( 'NONE', #4808, .T. ) ;
#5674 = EDGE_CURVE ( 'NONE', #4141, #7601, #1319, .T. ) ;
#5675 = EDGE_CURVE ( 'NONE', #1638, #5343, #3168, .T. ) ;
#5676 = VECTOR ( 'NONE', #928, 1000.000000000000000 ) ;
#5677 = VECTOR ( 'NONE', #2644, 1000.000000000000000 ) ;
#5678 = LINE ( 'NONE', #5717, #1711 ) ;
#5679 = ORIENTED_EDGE ( 'NONE', *, *, #1847, .F. ) ;
#5680 = ORIENTED_EDGE ( 'NONE', *, *, #716, .T. ) ;
#5681 = LINE ( 'NONE', #3231, #396 ) ;
#5682 = CARTESIAN_POINT ( 'NONE',  ( -26.99999999989999822, 500.0000000000000000, 16.00000000000000000 ) ) ;
#5683 = CIRCLE ( 'NONE', #4511, 0.4999999999999995559 ) ;
#5684 = CARTESIAN_POINT ( 'NONE',  ( -8.200000010000000117, -500.0000000000000000, -11.74974747000000086 ) ) ;
#5685 = DIRECTION ( 'NONE',  ( -1.000000000000000000, 0.000000000000000000, -6.666657966410595850E-11 ) ) ;
#5686 = EDGE_CURVE ( 'NONE', #5030, #3164, #128, .T. ) ;
#5687 = CARTESIAN_POINT ( 'NONE',  ( 25.00000000010000178, 500.0000000000000000, -16.50000000010000178 ) ) ;
#5688 = ORIENTED_EDGE ( 'NONE', *, *, #7103, .F. ) ;
#5689 = DIRECTION ( 'NONE',  ( 1.000000000000000000, 0.000000000000000000, 0.000000000000000000 ) ) ;
#5690 = ORIENTED_EDGE ( 'NONE', *, *, #5233, .F. ) ;
#5691 = ORIENTED_EDGE ( 'NONE', *, *, #2437, .T. ) ;
#5692 = DIRECTION ( 'NONE',  ( -0.7071067811865474617, 0.000000000000000000, 0.7071067811865474617 ) ) ;
#5693 = ORIENTED_EDGE ( 'NONE', *, *, #1920, .T. ) ;
#5694 = CARTESIAN_POINT ( 'NONE',  ( -20.00000000000000000, 0.000000000000000000, 0.000000000000000000 ) ) ;
#5695 = PLANE ( 'NONE',  #5375 ) ;
#5696 = VERTEX_POINT ( 'NONE', #3784 ) ;
#5697 = DIRECTION ( 'NONE',  ( 1.000000000000000000, 0.000000000000000000, 0.000000000000000000 ) ) ;
#5698 = VERTEX_POINT ( 'NONE', #6941 ) ;
#5699 = CIRCLE ( 'NONE', #3861, 4.999999999999999112 ) ;
#5700 = ORIENTED_EDGE ( 'NONE', *, *, #542, .T. ) ;
#5701 = CARTESIAN_POINT ( 'NONE',  ( 12.87500000000000000, 500.0000000000000000, 15.50000000000000000 ) ) ;
#5702 = DIRECTION ( 'NONE',  ( -0.7071067811865474617, 0.000000000000000000, -0.7071067811865474617 ) ) ;
#5703 = VECTOR ( 'NONE', #2727, 1000.000000000000000 ) ;
#5704 = ORIENTED_EDGE ( 'NONE', *, *, #6803, .F. ) ;
#5705 = CARTESIAN_POINT ( 'NONE',  ( -20.49816017750000086, -500.0000000000000000, 1.623160172499999998 ) ) ;
#5706 = DIRECTION ( 'NONE',  ( 0.000000000000000000, 0.000000000000000000, 1.000000000000000000 ) ) ;
#5707 = ORIENTED_EDGE ( 'NONE', *, *, #7764, .T. ) ;
#5708 = CARTESIAN_POINT ( 'NONE',  ( 25.00000003720549913, -500.0000000000000000, 14.19238814645449942 ) ) ;
#5709 = CARTESIAN_POINT ( 'NONE',  ( 16.44238817366219862, 500.0000000000000000, 12.75000002847990110 ) ) ;
#5710 = EDGE_CURVE ( 'NONE', #7284, #3562, #1383, .T. ) ;
#5711 = VECTOR ( 'NONE', #6855, 1000.000000000000000 ) ;
#5712 = LINE ( 'NONE', #1377, #1252 ) ;
#5713 = DIRECTION ( 'NONE',  ( 0.000000000000000000, 1.000000000000000000, 0.000000000000000000 ) ) ;
#5714 = EDGE_LOOP ( 'NONE', ( #5196, #2672, #2690, #4045 ) ) ;
#5715 = ORIENTED_EDGE ( 'NONE', *, *, #2394, .F. ) ;
#5716 = CIRCLE ( 'NONE', #3374, 0.5000000000000004441 ) ;
#5717 = CARTESIAN_POINT ( 'NONE',  ( -10.00000000000000000, -500.0000000000000000, -7.750000000000000000 ) ) ;
#5718 = VERTEX_POINT ( 'NONE', #7623 ) ;
#5719 = EDGE_LOOP ( 'NONE', ( #1282, #5631, #2008, #2949 ) ) ;
#5720 = EDGE_CURVE ( 'NONE', #7101, #2289, #7161, .T. ) ;
#5721 = EDGE_CURVE ( 'NONE', #6465, #7241, #5010, .T. ) ;
#5722 = DIRECTION ( 'NONE',  ( 0.000000000000000000, 0.000000000000000000, -1.000000000000000000 ) ) ;
#5723 = CARTESIAN_POINT ( 'NONE',  ( -13.20000001000000012, 501.0000000000000000, 11.74974747000000086 ) ) ;
#5724 = AXIS2_PLACEMENT_3D ( 'NONE', #6223, #4454, #5556 ) ;
#5725 = CARTESIAN_POINT ( 'NONE',  ( -5.700000010000000117, 501.0000000000000000, -15.50000000000000000 ) ) ;
#5726 = DIRECTION ( 'NONE',  ( 0.7071067807047830556, 0.000000000000000000, 0.7071067816683118679 ) ) ;
#5727 = CARTESIAN_POINT ( 'NONE',  ( -38.49999999989999822, -500.0000000000000000, -5.500000000099999120 ) ) ;
#5728 = ORIENTED_EDGE ( 'NONE', *, *, #5966, .T. ) ;
#5729 = LINE ( 'NONE', #122, #266 ) ;
#5730 = VECTOR ( 'NONE', #2193, 1000.000000000000000 ) ;
#5731 = VERTEX_POINT ( 'NONE', #3205 ) ;
#5732 = ORIENTED_EDGE ( 'NONE', *, *, #3039, .T. ) ;
#5733 = ADVANCED_FACE ( 'NONE', ( #4398 ), #7590, .F. ) ;
#5734 = EDGE_CURVE ( 'NONE', #5261, #4953, #6897, .T. ) ;
#5735 = VERTEX_POINT ( 'NONE', #5913 ) ;
#5736 = CARTESIAN_POINT ( 'NONE',  ( -25.00000000000000000, 501.0000000000000000, 15.50000000010000001 ) ) ;
#5737 = DIRECTION ( 'NONE',  ( 0.000000000000000000, -1.000000000000000000, 0.000000000000000000 ) ) ;
#5738 = EDGE_LOOP ( 'NONE', ( #1531, #3589, #767, #7304 ) ) ;
#5739 = DIRECTION ( 'NONE',  ( -1.000000000000000000, 0.000000000000000000, -1.999928000984139554E-10 ) ) ;
#5740 = CIRCLE ( 'NONE', #2211, 0.5000000000000004441 ) ;
#5741 = AXIS2_PLACEMENT_3D ( 'NONE', #5687, #7581, #1959 ) ;
#5742 = VERTEX_POINT ( 'NONE', #2214 ) ;
#5743 = ORIENTED_EDGE ( 'NONE', *, *, #3311, .F. ) ;
#5744 = VECTOR ( 'NONE', #5849, 1000.000000000000000 ) ;
#5745 = VECTOR ( 'NONE', #6610, 1000.000000000000000 ) ;
#5746 = EDGE_CURVE ( 'NONE', #2330, #1683, #4031, .T. ) ;
#5747 = DIRECTION ( 'NONE',  ( 0.000000000000000000, -1.000000000000000000, 0.000000000000000000 ) ) ;
#5748 = ORIENTED_EDGE ( 'NONE', *, *, #3017, .F. ) ;
#5749 = DIRECTION ( 'NONE',  ( 0.000000000000000000, -1.000000000000000000, 0.000000000000000000 ) ) ;
#5750 = CARTESIAN_POINT ( 'NONE',  ( 16.44238816000000014, -500.0000000000000000, 7.750000000000000000 ) ) ;
#5751 = AXIS2_PLACEMENT_3D ( 'NONE', #7843, #270, #6007 ) ;
#5752 = STYLED_ITEM ( 'NONE', ( #2650 ), #1718 ) ;
#5753 = EDGE_CURVE ( 'NONE', #5696, #7104, #340, .T. ) ;
#5754 = VERTEX_POINT ( 'NONE', #5776 ) ;
#5755 = DIRECTION ( 'NONE',  ( 0.000000000000000000, -1.000000000000000000, 0.000000000000000000 ) ) ;
#5756 = FACE_OUTER_BOUND ( 'NONE', #7209, .T. ) ;
#5757 = VECTOR ( 'NONE', #153, 1000.000000000000000 ) ;
#5758 = CYLINDRICAL_SURFACE ( 'NONE', #1130, 5.000000028479869130 ) ;
#5759 = LINE ( 'NONE', #3391, #5131 ) ;
#5760 = CIRCLE ( 'NONE', #3157, 4.999999999999999112 ) ;
#5761 = EDGE_CURVE ( 'NONE', #7478, #2794, #2753, .T. ) ;
#5762 = CARTESIAN_POINT ( 'NONE',  ( 32.30000000000000426, 501.0000000000000000, -18.19999999999999929 ) ) ;
#5763 = EDGE_LOOP ( 'NONE', ( #1884, #7156, #178, #5172 ) ) ;
#5764 = ORIENTED_EDGE ( 'NONE', *, *, #6113, .F. ) ;
#5765 = DIRECTION ( 'NONE',  ( 0.000000000000000000, -1.000000000000000000, 0.000000000000000000 ) ) ;
#5766 = CARTESIAN_POINT ( 'NONE',  ( -7.125000000000000000, 500.0000000000000000, 15.50000000000000000 ) ) ;
#5767 = LINE ( 'NONE', #6469, #5512 ) ;
#5768 = DIRECTION ( 'NONE',  ( 0.000000000000000000, 0.000000000000000000, -1.000000000000000000 ) ) ;
#5769 = EDGE_CURVE ( 'NONE', #1784, #5439, #4401, .T. ) ;
#5770 = EDGE_LOOP ( 'NONE', ( #7139, #4464, #7113, #3008 ) ) ;
#5771 = CARTESIAN_POINT ( 'NONE',  ( 36.50000000000000000, 500.0000000000000000, 4.000000000000000000 ) ) ;
#5772 = ORIENTED_EDGE ( 'NONE', *, *, #2356, .F. ) ;
#5773 = VERTEX_POINT ( 'NONE', #209 ) ;
#5774 = CARTESIAN_POINT ( 'NONE',  ( -30.00000000000000000, 500.0000000000000000, 7.423097032500000303 ) ) ;
#5775 = ORIENTED_EDGE ( 'NONE', *, *, #5430, .F. ) ;
#5776 = CARTESIAN_POINT ( 'NONE',  ( 32.30000000000000426, -500.0000000000000000, 11.79999999999999893 ) ) ;
#5777 = DIRECTION ( 'NONE',  ( 1.000000000000000000, 0.000000000000000000, 0.000000000000000000 ) ) ;
#5778 = ORIENTED_EDGE ( 'NONE', *, *, #2535, .F. ) ;
#5779 = DIRECTION ( 'NONE',  ( 0.000000000000000000, 1.000000000000000000, 0.000000000000000000 ) ) ;
#5780 = PLANE ( 'NONE',  #5014 ) ;
#5781 = ORIENTED_EDGE ( 'NONE', *, *, #5587, .T. ) ;
#5782 = EDGE_CURVE ( 'NONE', #7945, #2422, #952, .T. ) ;
#5783 = DIRECTION ( 'NONE',  ( 1.000000000000000000, 0.000000000000000000, 0.000000000000000000 ) ) ;
#5784 = EDGE_CURVE ( 'NONE', #5352, #6238, #3365, .T. ) ;
#5785 = VECTOR ( 'NONE', #4949, 1000.000000000000000 ) ;
#5786 = ORIENTED_EDGE ( 'NONE', *, *, #7240, .F. ) ;
#5787 = DIRECTION ( 'NONE',  ( 0.000000000000000000, 0.000000000000000000, 1.000000000000000000 ) ) ;
#5788 = ORIENTED_EDGE ( 'NONE', *, *, #7798, .F. ) ;
#5789 = DIRECTION ( 'NONE',  ( 0.000000000000000000, -1.000000000000000000, 0.000000000000000000 ) ) ;
#5790 = CYLINDRICAL_SURFACE ( 'NONE', #1299, 2.499999999999998668 ) ;
#5791 = AXIS2_PLACEMENT_3D ( 'NONE', #4101, #3635, #3474 ) ;
#5792 = EDGE_CURVE ( 'NONE', #5955, #2804, #255, .T. ) ;
#5793 = AXIS2_PLACEMENT_3D ( 'NONE', #7391, #4312, #1730 ) ;
#5794 = ORIENTED_EDGE ( 'NONE', *, *, #181, .T. ) ;
#5795 = LINE ( 'NONE', #4661, #1161 ) ;
#5796 = LINE ( 'NONE', #2522, #5671 ) ;
#5797 = DIRECTION ( 'NONE',  ( 0.000000000000000000, 0.000000000000000000, 1.000000000000000000 ) ) ;
#5798 = DIRECTION ( 'NONE',  ( 0.000000000000000000, -1.000000000000000000, 0.000000000000000000 ) ) ;
#5799 = VECTOR ( 'NONE', #545, 1000.000000000000000 ) ;
#5800 = ADVANCED_FACE ( 'NONE', ( #7750 ), #7058, .F. ) ;
#5801 = ORIENTED_EDGE ( 'NONE', *, *, #3631, .F. ) ;
#5802 =( NAMED_UNIT ( * ) SI_UNIT ( $, .STERADIAN. ) SOLID_ANGLE_UNIT ( ) );
#5803 = ORIENTED_EDGE ( 'NONE', *, *, #4745, .T. ) ;
#5804 = ORIENTED_EDGE ( 'NONE', *, *, #3895, .T. ) ;
#5805 = LINE ( 'NONE', #7651, #6025 ) ;
#5806 = EDGE_CURVE ( 'NONE', #1589, #4097, #6440, .T. ) ;
#5807 = LINE ( 'NONE', #1992, #5757 ) ;
#5808 = DIRECTION ( 'NONE',  ( 0.000000000000000000, -1.000000000000000000, 0.000000000000000000 ) ) ;
#5809 = CARTESIAN_POINT ( 'NONE',  ( 13.00000000000000000, 500.0000000000000000, 17.55000000000000071 ) ) ;
#5810 = ORIENTED_EDGE ( 'NONE', *, *, #1920, .F. ) ;
#5811 = EDGE_LOOP ( 'NONE', ( #2300, #1770, #2635, #1489 ) ) ;
#5812 = DIRECTION ( 'NONE',  ( 0.000000000000000000, 0.000000000000000000, 1.000000000000000000 ) ) ;
#5813 = VERTEX_POINT ( 'NONE', #2704 ) ;
#5814 = EDGE_LOOP ( 'NONE', ( #205, #868, #7018, #6508 ) ) ;
#5815 = DIRECTION ( 'NONE',  ( 1.999928000984139554E-10, 0.000000000000000000, -1.000000000000000000 ) ) ;
#5816 = VERTEX_POINT ( 'NONE', #5952 ) ;
#5817 = DIRECTION ( 'NONE',  ( 0.000000000000000000, -1.000000000000000000, 0.000000000000000000 ) ) ;
#5818 = EDGE_CURVE ( 'NONE', #1966, #1737, #8081, .T. ) ;
#5819 = DIRECTION ( 'NONE',  ( 0.000000000000000000, 1.000000000000000000, 0.000000000000000000 ) ) ;
#5820 = ORIENTED_EDGE ( 'NONE', *, *, #7373, .F. ) ;
#5821 = CARTESIAN_POINT ( 'NONE',  ( 36.00000000000000000, 500.0000000000000000, 16.00000000000000000 ) ) ;
#5822 = FACE_OUTER_BOUND ( 'NONE', #5719, .T. ) ;
#5823 = VERTEX_POINT ( 'NONE', #7146 ) ;
#5824 = CARTESIAN_POINT ( 'NONE',  ( 13.00000000000000000, -500.0000000000000000, 8.387500000000001066 ) ) ;
#5825 = VECTOR ( 'NONE', #7211, 1000.000000000000000 ) ;
#5826 = VERTEX_POINT ( 'NONE', #1437 ) ;
#5827 = VERTEX_POINT ( 'NONE', #3413 ) ;
#5828 = LINE ( 'NONE', #2593, #5466 ) ;
#5829 = ORIENTED_EDGE ( 'NONE', *, *, #337, .F. ) ;
#5830 = LINE ( 'NONE', #3962, #4666 ) ;
#5831 = EDGE_CURVE ( 'NONE', #6938, #127, #794, .T. ) ;
#5832 = EDGE_CURVE ( 'NONE', #7244, #6472, #6697, .T. ) ;
#5833 = VECTOR ( 'NONE', #6862, 1000.000000000000000 ) ;
#5834 = CARTESIAN_POINT ( 'NONE',  ( -18.37683982750000311, -500.0000000000000000, -0.4981601775000000232 ) ) ;
#5835 = VERTEX_POINT ( 'NONE', #7660 ) ;
#5836 = ORIENTED_EDGE ( 'NONE', *, *, #3500, .F. ) ;
#5837 = DIRECTION ( 'NONE',  ( 0.000000000000000000, 0.000000000000000000, 1.000000000000000000 ) ) ;
#5838 = DIRECTION ( 'NONE',  ( -1.000000000000000000, 0.000000000000000000, 0.000000000000000000 ) ) ;
#5839 = EDGE_CURVE ( 'NONE', #7688, #5332, #7220, .T. ) ;
#5840 = FACE_OUTER_BOUND ( 'NONE', #165, .T. ) ;
#5841 = CARTESIAN_POINT ( 'NONE',  ( 15.99999999989999999, 501.0000000000000000, 18.50000000000000000 ) ) ;
#5842 = AXIS2_PLACEMENT_3D ( 'NONE', #5255, #5779, #5739 ) ;
#5843 = LINE ( 'NONE', #3844, #7949 ) ;
#5844 = LINE ( 'NONE', #7175, #1422 ) ;
#5845 = ORIENTED_EDGE ( 'NONE', *, *, #8009, .F. ) ;
#5846 = VERTEX_POINT ( 'NONE', #4554 ) ;
#5847 = VECTOR ( 'NONE', #2336, 1000.000000000000000 ) ;
#5848 = EDGE_CURVE ( 'NONE', #1725, #6911, #2359, .T. ) ;
#5849 = DIRECTION ( 'NONE',  ( 0.000000000000000000, -1.000000000000000000, 0.000000000000000000 ) ) ;
#5850 = CARTESIAN_POINT ( 'NONE',  ( 40.00000000000000000, -500.0000000000000000, -16.00000000000000000 ) ) ;
#5851 = DIRECTION ( 'NONE',  ( 0.000000000000000000, 1.000000000000000000, 0.000000000000000000 ) ) ;
#5852 = CARTESIAN_POINT ( 'NONE',  ( 12.24999998000000012, 501.0000000000000000, -1.778805920000000151 ) ) ;
#5853 = AXIS2_PLACEMENT_3D ( 'NONE', #7939, #7781, #3445 ) ;
#5854 = ORIENTED_EDGE ( 'NONE', *, *, #7785, .F. ) ;
#5855 = VERTEX_POINT ( 'NONE', #3452 ) ;
#5856 = CYLINDRICAL_SURFACE ( 'NONE', #3540, 1.000000000000000888 ) ;
#5857 = EDGE_LOOP ( 'NONE', ( #4378, #4889, #5285, #1573 ) ) ;
#5858 = ORIENTED_EDGE ( 'NONE', *, *, #7138, .T. ) ;
#5859 = EDGE_CURVE ( 'NONE', #7594, #7746, #2836, .T. ) ;
#5860 = FACE_OUTER_BOUND ( 'NONE', #223, .T. ) ;
#5861 = VECTOR ( 'NONE', #3462, 1000.000000000000000 ) ;
#5862 = ORIENTED_EDGE ( 'NONE', *, *, #2410, .T. ) ;
#5863 = DIRECTION ( 'NONE',  ( 0.000000000000000000, -1.000000000000000000, 0.000000000000000000 ) ) ;
#5864 = FACE_BOUND ( 'NONE', #2752, .T. ) ;
#5865 = VERTEX_POINT ( 'NONE', #2084 ) ;
#5866 = DIRECTION ( 'NONE',  ( 1.000000000000000000, 0.000000000000000000, 0.000000000000000000 ) ) ;
#5867 = DIRECTION ( 'NONE',  ( 0.000000000000000000, -1.000000000000000000, 0.000000000000000000 ) ) ;
#5868 = ORIENTED_EDGE ( 'NONE', *, *, #1539, .T. ) ;
#5869 = ADVANCED_BREP_SHAPE_REPRESENTATION ( '1108055_profil_a8_80x40_leicht', ( #1718, #1028 ), #7956 ) ;
#5870 = DIRECTION ( 'NONE',  ( -0.7071067811865474617, 0.000000000000000000, -0.7071067811865474617 ) ) ;
#5871 = AXIS2_PLACEMENT_3D ( 'NONE', #6303, #1212, #7564 ) ;
#5872 = VECTOR ( 'NONE', #2001, 1000.000000000000000 ) ;
#5873 = ORIENTED_EDGE ( 'NONE', *, *, #1861, .T. ) ;
#5874 = EDGE_CURVE ( 'NONE', #6465, #1966, #4605, .T. ) ;
#5875 = ORIENTED_EDGE ( 'NONE', *, *, #2321, .F. ) ;
#5876 = DIRECTION ( 'NONE',  ( 0.000000000000000000, -1.000000000000000000, 0.000000000000000000 ) ) ;
#5877 = ORIENTED_EDGE ( 'NONE', *, *, #7723, .F. ) ;
#5878 = CYLINDRICAL_SURFACE ( 'NONE', #5433, 2.499999999999998668 ) ;
#5879 = VECTOR ( 'NONE', #3759, 1000.000000000000000 ) ;
#5880 = VECTOR ( 'NONE', #7110, 1000.000000000000000 ) ;
#5881 = CARTESIAN_POINT ( 'NONE',  ( 35.50000000000000000, 501.0000000000000000, -10.00000000000000000 ) ) ;
#5882 = AXIS2_PLACEMENT_3D ( 'NONE', #7967, #558, #7928 ) ;
#5883 = EDGE_CURVE ( 'NONE', #7318, #628, #3113, .T. ) ;
#5884 = VERTEX_POINT ( 'NONE', #655 ) ;
#5885 = DIRECTION ( 'NONE',  ( -0.7071067811865474617, 0.000000000000000000, -0.7071067811865474617 ) ) ;
#5886 = PLANE ( 'NONE',  #57 ) ;
#5887 = AXIS2_PLACEMENT_3D ( 'NONE', #7674, #1368, #1977 ) ;
#5888 = CARTESIAN_POINT ( 'NONE',  ( 37.54999999999999716, 501.0000000000000000, 7.000000000000000000 ) ) ;
#5889 = AXIS2_PLACEMENT_3D ( 'NONE', #7915, #6203, #1807 ) ;
#5890 = FACE_OUTER_BOUND ( 'NONE', #1931, .T. ) ;
#5891 = DIRECTION ( 'NONE',  ( 0.000000000000000000, 1.000000000000000000, 0.000000000000000000 ) ) ;
#5892 = EDGE_CURVE ( 'NONE', #1258, #1683, #3696, .T. ) ;
#5893 = EDGE_CURVE ( 'NONE', #6266, #5343, #8, .T. ) ;
#5894 = CARTESIAN_POINT ( 'NONE',  ( -14.50000000000000000, -500.0000000000000000, 20.00000000000000000 ) ) ;
#5895 = AXIS2_PLACEMENT_3D ( 'NONE', #7752, #1522, #6614 ) ;
#5896 = AXIS2_PLACEMENT_3D ( 'NONE', #535, #3036, #7417 ) ;
#5897 = VECTOR ( 'NONE', #6272, 1000.000000000000000 ) ;
#5898 = ORIENTED_EDGE ( 'NONE', *, *, #1327, .F. ) ;
#5899 = VERTEX_POINT ( 'NONE', #5646 ) ;
#5900 = CARTESIAN_POINT ( 'NONE',  ( 37.99999999989999822, 501.0000000000000000, -7.500000000000000000 ) ) ;
#5901 = CARTESIAN_POINT ( 'NONE',  ( 16.00000000000000000, -500.0000000000000000, -18.50000000000000000 ) ) ;
#5902 = CARTESIAN_POINT ( 'NONE',  ( -35.50000000010000178, -500.0000000000000000, -5.000000000000000000 ) ) ;
#5903 = FACE_OUTER_BOUND ( 'NONE', #3993, .T. ) ;
#5904 = DIRECTION ( 'NONE',  ( 1.000000000000000000, 0.000000000000000000, 2.222200047431583316E-10 ) ) ;
#5905 = VECTOR ( 'NONE', #577, 1000.000000000000000 ) ;
#5906 = CIRCLE ( 'NONE', #2366, 5.000000028479870906 ) ;
#5907 = EDGE_CURVE ( 'NONE', #4608, #987, #541, .T. ) ;
#5908 = ORIENTED_EDGE ( 'NONE', *, *, #7952, .T. ) ;
#5909 = CARTESIAN_POINT ( 'NONE',  ( -7.250000000000000000, 501.0000000000000000, -3.557611840000020287 ) ) ;
#5910 = ORIENTED_EDGE ( 'NONE', *, *, #7165, .F. ) ;
#5911 = VERTEX_POINT ( 'NONE', #8026 ) ;
#5912 = ORIENTED_EDGE ( 'NONE', *, *, #2957, .F. ) ;
#5913 = CARTESIAN_POINT ( 'NONE',  ( 31.80000000000000071, 500.0000000000000000, 12.30000000000000071 ) ) ;
#5914 = CARTESIAN_POINT ( 'NONE',  ( -31.80000000000000071, 500.0000000000000000, 12.30000000000000071 ) ) ;
#5915 = ORIENTED_EDGE ( 'NONE', *, *, #631, .F. ) ;
#5916 = CARTESIAN_POINT ( 'NONE',  ( -35.50000000000000000, -500.0000000000000000, 2.875000000000000000 ) ) ;
#5917 = LINE ( 'NONE', #5957, #4239 ) ;
#5918 = CARTESIAN_POINT ( 'NONE',  ( 25.75000000000000000, 501.0000000000000000, 15.50000000000000000 ) ) ;
#5919 = EDGE_CURVE ( 'NONE', #662, #3250, #6928, .T. ) ;
#5920 = ORIENTED_EDGE ( 'NONE', *, *, #1425, .T. ) ;
#5921 = VERTEX_POINT ( 'NONE', #4309 ) ;
#5922 = ORIENTED_EDGE ( 'NONE', *, *, #5187, .F. ) ;
#5923 = DIRECTION ( 'NONE',  ( 0.7071067811865475727, 0.000000000000000000, -0.7071067811865475727 ) ) ;
#5924 = VERTEX_POINT ( 'NONE', #4958 ) ;
#5925 = DIRECTION ( 'NONE',  ( -1.999928000984143172E-10, 0.000000000000000000, 1.000000000000000000 ) ) ;
#5926 = PLANE ( 'NONE',  #6413 ) ;
#5927 = ORIENTED_EDGE ( 'NONE', *, *, #2056, .F. ) ;
#5928 = ORIENTED_EDGE ( 'NONE', *, *, #2410, .F. ) ;
#5929 = ORIENTED_EDGE ( 'NONE', *, *, #6598, .T. ) ;
#5930 = DIRECTION ( 'NONE',  ( -1.000000000000000000, 0.000000000000000000, 0.000000000000000000 ) ) ;
#5931 = AXIS2_PLACEMENT_3D ( 'NONE', #3105, #7609, #65 ) ;
#5932 = CARTESIAN_POINT ( 'NONE',  ( 40.00000000000000000, 500.0000000000000000, 5.500000000000000000 ) ) ;
#5933 = ADVANCED_FACE ( 'NONE', ( #1147 ), #6811, .F. ) ;
#5934 = DIRECTION ( 'NONE',  ( 0.000000000000000000, -1.000000000000000000, 0.000000000000000000 ) ) ;
#5935 = DIRECTION ( 'NONE',  ( 0.000000000000000000, 1.000000000000000000, 0.000000000000000000 ) ) ;
#5936 = CARTESIAN_POINT ( 'NONE',  ( -25.00000003720549913, 501.0000000000000000, -14.19238814645449942 ) ) ;
#5937 = AXIS2_PLACEMENT_3D ( 'NONE', #6596, #3595, #6102 ) ;
#5938 = CARTESIAN_POINT ( 'NONE',  ( 37.99999999989999822, -500.0000000000000000, -7.500000000000000000 ) ) ;
#5939 = ORIENTED_EDGE ( 'NONE', *, *, #4048, .F. ) ;
#5940 = ORIENTED_EDGE ( 'NONE', *, *, #484, .T. ) ;
#5941 = CARTESIAN_POINT ( 'NONE',  ( 26.50000000000000000, 501.0000000000000000, 15.50000000010000001 ) ) ;
#5942 = EDGE_CURVE ( 'NONE', #5754, #432, #4080, .T. ) ;
#5943 = DIRECTION ( 'NONE',  ( 1.000000000000000000, 0.000000000000000000, 3.469446951953611033E-15 ) ) ;
#5944 = EDGE_CURVE ( 'NONE', #111, #7507, #7353, .T. ) ;
#5945 = DIRECTION ( 'NONE',  ( 0.000000000000000000, 1.000000000000000000, 0.000000000000000000 ) ) ;
#5946 = DIRECTION ( 'NONE',  ( 0.000000000000000000, -1.000000000000000000, 0.000000000000000000 ) ) ;
#5947 = ORIENTED_EDGE ( 'NONE', *, *, #2024, .T. ) ;
#5948 = AXIS2_PLACEMENT_3D ( 'NONE', #4298, #4946, #6875 ) ;
#5949 = DIRECTION ( 'NONE',  ( -1.000000000000000000, 0.000000000000000000, 0.000000000000000000 ) ) ;
#5950 = VERTEX_POINT ( 'NONE', #3042 ) ;
#5951 = ORIENTED_EDGE ( 'NONE', *, *, #1132, .T. ) ;
#5952 = CARTESIAN_POINT ( 'NONE',  ( -13.00000000000000000, 500.0000000000000000, 16.00000000000000000 ) ) ;
#5953 = EDGE_CURVE ( 'NONE', #2140, #3708, #6852, .T. ) ;
#5954 = DIRECTION ( 'NONE',  ( 0.000000000000000000, -1.000000000000000000, 0.000000000000000000 ) ) ;
#5955 = VERTEX_POINT ( 'NONE', #2415 ) ;
#5956 = FACE_OUTER_BOUND ( 'NONE', #5978, .T. ) ;
#5957 = CARTESIAN_POINT ( 'NONE',  ( 17.07499999999999929, 500.0000000000000000, -18.19999999999999929 ) ) ;
#5958 = LINE ( 'NONE', #1578, #2468 ) ;
#5959 = ORIENTED_EDGE ( 'NONE', *, *, #6547, .T. ) ;
#5960 = CIRCLE ( 'NONE', #7163, 4.999999962794540842 ) ;
#5961 = ORIENTED_EDGE ( 'NONE', *, *, #3260, .T. ) ;
#5962 = EDGE_LOOP ( 'NONE', ( #7464, #5998, #692, #7691 ) ) ;
#5963 = LINE ( 'NONE', #2268, #1545 ) ;
#5964 = VERTEX_POINT ( 'NONE', #1261 ) ;
#5965 = CARTESIAN_POINT ( 'NONE',  ( -37.69999999999999574, 500.0000000000000000, 11.79999999999999893 ) ) ;
#5966 = EDGE_CURVE ( 'NONE', #6403, #60, #5493, .T. ) ;
#5967 = DIRECTION ( 'NONE',  ( 0.000000000000000000, -1.000000000000000000, 0.000000000000000000 ) ) ;
#5968 = CIRCLE ( 'NONE', #2679, 1.500000000000001332 ) ;
#5969 = EDGE_LOOP ( 'NONE', ( #7906, #4824, #6321, #4650, #7817, #5425, #296, #1485 ) ) ;
#5970 = DIRECTION ( 'NONE',  ( 0.000000000000000000, 1.000000000000000000, 0.000000000000000000 ) ) ;
#5971 = LINE ( 'NONE', #2857, #5317 ) ;
#5972 = PLANE ( 'NONE',  #482 ) ;
#5973 = CYLINDRICAL_SURFACE ( 'NONE', #7374, 1.500000000000001332 ) ;
#5974 = CARTESIAN_POINT ( 'NONE',  ( -27.45000000009999752, -500.0000000000000000, -17.54999999989999893 ) ) ;
#5975 = AXIS2_PLACEMENT_3D ( 'NONE', #3826, #4477, #3124 ) ;
#5976 = PLANE ( 'NONE',  #7702 ) ;
#5977 = EDGE_CURVE ( 'NONE', #3411, #4573, #4982, .T. ) ;
#5978 = EDGE_LOOP ( 'NONE', ( #3167, #175, #5690, #7031 ) ) ;
#5979 = DIRECTION ( 'NONE',  ( 0.000000000000000000, -1.000000000000000000, 0.000000000000000000 ) ) ;
#5980 = DIRECTION ( 'NONE',  ( 0.7071067811865475727, 0.000000000000000000, 0.7071067811865475727 ) ) ;
#5981 = VECTOR ( 'NONE', #2561, 1000.000000000000000 ) ;
#5982 = CARTESIAN_POINT ( 'NONE',  ( 27.50000000000000000, -500.0000000000000000, -18.00000000000000000 ) ) ;
#5983 = FACE_OUTER_BOUND ( 'NONE', #703, .T. ) ;
#5984 = AXIS2_PLACEMENT_3D ( 'NONE', #6081, #7998, #2926 ) ;
#5985 = DIRECTION ( 'NONE',  ( -1.999962695453659090E-10, 0.000000000000000000, 1.000000000000000000 ) ) ;
#5986 = EDGE_CURVE ( 'NONE', #432, #742, #6233, .T. ) ;
#5987 = ADVANCED_FACE ( 'NONE', ( #4917 ), #4999, .T. ) ;
#5988 = ORIENTED_EDGE ( 'NONE', *, *, #7904, .F. ) ;
#5989 = ORIENTED_EDGE ( 'NONE', *, *, #4898, .F. ) ;
#5990 = CARTESIAN_POINT ( 'NONE',  ( -27.45000000009999752, -500.0000000000000000, 17.54999999989999893 ) ) ;
#5991 = APPLICATION_CONTEXT ( 'automotive_design' ) ;
#5992 = DIRECTION ( 'NONE',  ( 0.000000000000000000, 0.000000000000000000, 1.000000000000000000 ) ) ;
#5993 = AXIS2_PLACEMENT_3D ( 'NONE', #2695, #4543, #5726 ) ;
#5994 = ORIENTED_EDGE ( 'NONE', *, *, #1875, .F. ) ;
#5995 = CARTESIAN_POINT ( 'NONE',  ( -40.00000000000000000, -500.0000000000000000, 16.00000000000000000 ) ) ;
#5996 = DIRECTION ( 'NONE',  ( 1.000000000000000000, 0.000000000000000000, 0.000000000000000000 ) ) ;
#5997 = FACE_OUTER_BOUND ( 'NONE', #1060, .T. ) ;
#5998 = ORIENTED_EDGE ( 'NONE', *, *, #8044, .F. ) ;
#5999 = ADVANCED_FACE ( 'NONE', ( #7502 ), #4385, .F. ) ;
#6000 = EDGE_CURVE ( 'NONE', #4979, #7630, #3654, .T. ) ;
#6001 = EDGE_LOOP ( 'NONE', ( #2609, #3299, #5238, #6120 ) ) ;
#6002 = ORIENTED_EDGE ( 'NONE', *, *, #3446, .F. ) ;
#6003 = VECTOR ( 'NONE', #1533, 1000.000000000000000 ) ;
#6004 = LINE ( 'NONE', #2184, #7190 ) ;
#6005 = ORIENTED_EDGE ( 'NONE', *, *, #3858, .F. ) ;
#6006 = DIRECTION ( 'NONE',  ( 0.000000000000000000, 1.000000000000000000, 0.000000000000000000 ) ) ;
#6007 = DIRECTION ( 'NONE',  ( -2.222142223315713114E-10, 0.000000000000000000, 1.000000000000000000 ) ) ;
#6008 = VECTOR ( 'NONE', #7243, 1000.000000000000114 ) ;
#6009 = ORIENTED_EDGE ( 'NONE', *, *, #3179, .F. ) ;
#6010 = EDGE_CURVE ( 'NONE', #6432, #6394, #932, .T. ) ;
#6011 = ORIENTED_EDGE ( 'NONE', *, *, #4430, .T. ) ;
#6012 = AXIS2_PLACEMENT_3D ( 'NONE', #1402, #5211, #5341 ) ;
#6013 = CARTESIAN_POINT ( 'NONE',  ( 20.49816017750000086, -500.0000000000000000, -1.623160172499999998 ) ) ;
#6014 = DIRECTION ( 'NONE',  ( 0.000000000000000000, 1.000000000000000000, 0.000000000000000000 ) ) ;
#6015 = DIRECTION ( 'NONE',  ( 1.000000000000000000, 0.000000000000000000, 0.000000000000000000 ) ) ;
#6016 = CARTESIAN_POINT ( 'NONE',  ( -13.00000000000000000, 501.0000000000000000, 16.00000000000000000 ) ) ;
#6017 = DIRECTION ( 'NONE',  ( 0.000000000000000000, 1.000000000000000000, 0.000000000000000000 ) ) ;
#6018 = VECTOR ( 'NONE', #2202, 1000.000000000000000 ) ;
#6019 = AXIS2_PLACEMENT_3D ( 'NONE', #3172, #1362, #3870 ) ;
#6020 = ORIENTED_EDGE ( 'NONE', *, *, #1560, .F. ) ;
#6021 = LINE ( 'NONE', #7973, #6540 ) ;
#6022 = ORIENTED_EDGE ( 'NONE', *, *, #5340, .F. ) ;
#6023 = LINE ( 'NONE', #2912, #7326 ) ;
#6024 = CARTESIAN_POINT ( 'NONE',  ( 25.00000000010000178, -500.0000000000000000, 16.50000000010000178 ) ) ;
#6025 = VECTOR ( 'NONE', #2653, 1000.000000000000000 ) ;
#6026 = CIRCLE ( 'NONE', #7461, 1.000000000000000888 ) ;
#6027 = ORIENTED_EDGE ( 'NONE', *, *, #7650, .T. ) ;
#6028 = DIRECTION ( 'NONE',  ( 0.000000000000000000, 1.000000000000000000, 0.000000000000000000 ) ) ;
#6029 = DIRECTION ( 'NONE',  ( 0.000000000000000000, 1.000000000000000000, 0.000000000000000000 ) ) ;
#6030 = CARTESIAN_POINT ( 'NONE',  ( -23.55761183999999986, -500.0000000000000000, 7.750000000000000000 ) ) ;
#6031 = EDGE_CURVE ( 'NONE', #264, #4345, #5108, .T. ) ;
#6032 = VECTOR ( 'NONE', #2188, 1000.000000000000114 ) ;
#6033 = AXIS2_PLACEMENT_3D ( 'NONE', #5447, #6692, #4265 ) ;
#6034 = ORIENTED_EDGE ( 'NONE', *, *, #3592, .T. ) ;
#6035 = DIRECTION ( 'NONE',  ( 0.000000000000000000, -1.000000000000000000, 0.000000000000000000 ) ) ;
#6036 = ORIENTED_EDGE ( 'NONE', *, *, #4304, .T. ) ;
#6037 = ORIENTED_EDGE ( 'NONE', *, *, #2151, .T. ) ;
#6038 = DIRECTION ( 'NONE',  ( 0.000000000000000000, 1.000000000000000000, 0.000000000000000000 ) ) ;
#6039 = VECTOR ( 'NONE', #2120, 1000.000000000000000 ) ;
#6040 = LINE ( 'NONE', #1031, #936 ) ;
#6041 = CARTESIAN_POINT ( 'NONE',  ( 18.37683982750000311, 500.0000000000000000, 0.4981601775000000232 ) ) ;
#6042 = EDGE_CURVE ( 'NONE', #994, #5846, #3150, .T. ) ;
#6043 = LINE ( 'NONE', #4920, #3191 ) ;
#6044 = CARTESIAN_POINT ( 'NONE',  ( -27.00000000000000000, 500.0000000000000000, 17.55000000000000071 ) ) ;
#6045 = EDGE_LOOP ( 'NONE', ( #788, #1374, #7080, #1301 ) ) ;
#6046 = DIRECTION ( 'NONE',  ( 0.000000000000000000, -1.000000000000000000, 0.000000000000000000 ) ) ;
#6047 = ORIENTED_EDGE ( 'NONE', *, *, #5303, .F. ) ;
#6048 = ORIENTED_EDGE ( 'NONE', *, *, #6185, .F. ) ;
#6049 = CARTESIAN_POINT ( 'NONE',  ( -38.19999999999999574, 501.0000000000000000, -16.00000000000000000 ) ) ;
#6050 = VERTEX_POINT ( 'NONE', #5682 ) ;
#6051 = DIRECTION ( 'NONE',  ( 0.000000000000000000, -1.000000000000000000, 0.000000000000000000 ) ) ;
#6052 = DIRECTION ( 'NONE',  ( -1.000000000000000000, 0.000000000000000000, 0.000000000000000000 ) ) ;
#6053 = EDGE_CURVE ( 'NONE', #942, #6562, #2028, .T. ) ;
#6054 = ADVANCED_FACE ( 'NONE', ( #2693 ), #3814, .F. ) ;
#6055 = ORIENTED_EDGE ( 'NONE', *, *, #4344, .T. ) ;
#6056 = EDGE_LOOP ( 'NONE', ( #2006, #909, #1452, #1000 ) ) ;
#6057 = CARTESIAN_POINT ( 'NONE',  ( 31.80000000000000071, -500.0000000000000000, 12.30000000000000071 ) ) ;
#6058 = CYLINDRICAL_SURFACE ( 'NONE', #7805, 0.5000000000000004441 ) ;
#6059 = DIRECTION ( 'NONE',  ( 0.000000000000000000, -1.000000000000000000, 0.000000000000000000 ) ) ;
#6060 = ORIENTED_EDGE ( 'NONE', *, *, #7786, .T. ) ;
#6061 = EDGE_CURVE ( 'NONE', #736, #5826, #7694, .T. ) ;
#6062 = DIRECTION ( 'NONE',  ( 1.000000000000000000, 0.000000000000000000, 0.000000000000000000 ) ) ;
#6063 = CIRCLE ( 'NONE', #5402, 1.000000000000000888 ) ;
#6064 = FACE_OUTER_BOUND ( 'NONE', #1567, .T. ) ;
#6065 = ORIENTED_EDGE ( 'NONE', *, *, #8106, .T. ) ;
#6066 = DIRECTION ( 'NONE',  ( 0.7071067811865475727, 0.000000000000000000, -0.7071067811865475727 ) ) ;
#6067 = CARTESIAN_POINT ( 'NONE',  ( 38.00000000000000000, 500.0000000000000000, -7.450000000000000178 ) ) ;
#6068 = CARTESIAN_POINT ( 'NONE',  ( 31.80000000000000071, 500.0000000000000000, -7.500000000000000000 ) ) ;
#6069 = ADVANCED_FACE ( 'NONE', ( #7576 ), #1953, .F. ) ;
#6070 = DIRECTION ( 'NONE',  ( 6.666426669947139600E-11, 0.000000000000000000, -1.000000000000000000 ) ) ;
#6071 = VECTOR ( 'NONE', #5550, 1000.000000000000000 ) ;
#6072 = CARTESIAN_POINT ( 'NONE',  ( -24.00000000000000000, 501.0000000000000000, 16.50000000000000000 ) ) ;
#6073 = CARTESIAN_POINT ( 'NONE',  ( -17.50000000000000000, -500.0000000000000000, -11.79999999999999893 ) ) ;
#6074 = ORIENTED_EDGE ( 'NONE', *, *, #3125, .F. ) ;
#6075 = ORIENTED_EDGE ( 'NONE', *, *, #6098, .F. ) ;
#6076 = EDGE_CURVE ( 'NONE', #2835, #7744, #1310, .T. ) ;
#6077 = ORIENTED_EDGE ( 'NONE', *, *, #3947, .F. ) ;
#6078 = LINE ( 'NONE', #7907, #3258 ) ;
#6079 = CARTESIAN_POINT ( 'NONE',  ( 30.65685426000000291, -500.0000000000000000, -8.535533909999999835 ) ) ;
#6080 = ORIENTED_EDGE ( 'NONE', *, *, #866, .F. ) ;
#6081 = CARTESIAN_POINT ( 'NONE',  ( -27.45000000009999752, 501.0000000000000000, 17.54999999989999893 ) ) ;
#6082 = LINE ( 'NONE', #6775, #4249 ) ;
#6083 = CARTESIAN_POINT ( 'NONE',  ( -16.00000000000000000, 500.0000000000000000, -16.50000000000000000 ) ) ;
#6084 = ORIENTED_EDGE ( 'NONE', *, *, #6338, .F. ) ;
#6085 = LINE ( 'NONE', #5459, #7072 ) ;
#6086 = ORIENTED_EDGE ( 'NONE', *, *, #6295, .F. ) ;
#6087 = EDGE_LOOP ( 'NONE', ( #1672, #3010, #895, #5858 ) ) ;
#6088 = EDGE_CURVE ( 'NONE', #7429, #5261, #7095, .T. ) ;
#6089 = DIRECTION ( 'NONE',  ( 0.000000000000000000, -1.000000000000000000, 0.000000000000000000 ) ) ;
#6090 = AXIS2_PLACEMENT_3D ( 'NONE', #2602, #6340, #6375 ) ;
#6091 = ORIENTED_EDGE ( 'NONE', *, *, #683, .T. ) ;
#6092 = CARTESIAN_POINT ( 'NONE',  ( -25.00000000000000000, 500.0000000000000000, -15.50000000000000000 ) ) ;
#6093 = CYLINDRICAL_SURFACE ( 'NONE', #7219, 4.999999982033290991 ) ;
#6094 = CIRCLE ( 'NONE', #7524, 0.4499999999999990119 ) ;
#6095 = VECTOR ( 'NONE', #5838, 1000.000000000000000 ) ;
#6096 = EDGE_LOOP ( 'NONE', ( #7185, #7836, #3651, #4682 ) ) ;
#6097 = ADVANCED_FACE ( 'NONE', ( #731 ), #3233, .T. ) ;
#6098 = EDGE_CURVE ( 'NONE', #738, #284, #5807, .T. ) ;
#6099 = DIRECTION ( 'NONE',  ( 0.000000000000000000, 1.000000000000000000, 0.000000000000000000 ) ) ;
#6100 = CARTESIAN_POINT ( 'NONE',  ( 32.30000000000000426, 500.0000000000000000, -18.19999999999999929 ) ) ;
#6101 = CARTESIAN_POINT ( 'NONE',  ( -36.00000000000000000, -500.0000000000000000, -16.00000000000000000 ) ) ;
#6102 = DIRECTION ( 'NONE',  ( 0.000000000000000000, 1.000000000000000000, 0.000000000000000000 ) ) ;
#6103 = CARTESIAN_POINT ( 'NONE',  ( -30.00000000000000000, 501.0000000000000000, -14.84619406500000061 ) ) ;
#6104 = EDGE_CURVE ( 'NONE', #3431, #4755, #3892, .T. ) ;
#6105 = VERTEX_POINT ( 'NONE', #1385 ) ;
#6106 = DIRECTION ( 'NONE',  ( 0.000000000000000000, 0.000000000000000000, 1.000000000000000000 ) ) ;
#6107 = DIRECTION ( 'NONE',  ( 0.000000000000000000, 1.000000000000000000, 0.000000000000000000 ) ) ;
#6108 = CYLINDRICAL_SURFACE ( 'NONE', #7544, 5.000000028479869130 ) ;
#6109 = CARTESIAN_POINT ( 'NONE',  ( 1.424999995000000075, -500.0000000000000000, 18.00000000000000000 ) ) ;
#6110 = VECTOR ( 'NONE', #6177, 1000.000000000000000 ) ;
#6111 = DIRECTION ( 'NONE',  ( 0.000000000000000000, 1.000000000000000000, 0.000000000000000000 ) ) ;
#6112 = DIRECTION ( 'NONE',  ( 1.000000000000000000, 0.000000000000000000, 0.000000000000000000 ) ) ;
#6113 = EDGE_CURVE ( 'NONE', #5383, #1366, #7086, .T. ) ;
#6114 = ORIENTED_EDGE ( 'NONE', *, *, #7360, .T. ) ;
#6115 = ORIENTED_EDGE ( 'NONE', *, *, #3349, .F. ) ;
#6116 = AXIS2_PLACEMENT_3D ( 'NONE', #7491, #5594, #3686 ) ;
#6117 = DIRECTION ( 'NONE',  ( 0.000000000000000000, 0.000000000000000000, 1.000000000000000000 ) ) ;
#6118 = DIRECTION ( 'NONE',  ( 0.000000000000000000, 1.000000000000000000, 0.000000000000000000 ) ) ;
#6119 = FACE_OUTER_BOUND ( 'NONE', #7474, .T. ) ;
#6120 = ORIENTED_EDGE ( 'NONE', *, *, #8004, .T. ) ;
#6121 = FACE_OUTER_BOUND ( 'NONE', #7788, .T. ) ;
#6122 = CARTESIAN_POINT ( 'NONE',  ( -27.00000000000000000, -500.0000000000000000, 8.387500000000001066 ) ) ;
#6123 = AXIS2_PLACEMENT_3D ( 'NONE', #6329, #710, #3207 ) ;
#6124 = DIRECTION ( 'NONE',  ( 0.000000000000000000, 0.000000000000000000, -1.000000000000000000 ) ) ;
#6125 = ORIENTED_EDGE ( 'NONE', *, *, #5792, .T. ) ;
#6126 = EDGE_CURVE ( 'NONE', #7665, #994, #3276, .T. ) ;
#6127 = ORIENTED_EDGE ( 'NONE', *, *, #7537, .F. ) ;
#6128 = VERTEX_POINT ( 'NONE', #5152 ) ;
#6129 = DIRECTION ( 'NONE',  ( 0.000000000000000000, -1.000000000000000000, 0.000000000000000000 ) ) ;
#6130 = PRODUCT_DEFINITION_CONTEXT ( 'detailed design', #5991, 'design' ) ;
#6131 = AXIS2_PLACEMENT_3D ( 'NONE', #6930, #4352, #1227 ) ;
#6132 = ORIENTED_EDGE ( 'NONE', *, *, #4404, .F. ) ;
#6133 = CYLINDRICAL_SURFACE ( 'NONE', #4911, 5.000000000000000888 ) ;
#6134 = FACE_OUTER_BOUND ( 'NONE', #6880, .T. ) ;
#6135 = EDGE_CURVE ( 'NONE', #3285, #942, #854, .T. ) ;
#6136 = CIRCLE ( 'NONE', #4945, 0.4499999999999990119 ) ;
#6137 = LINE ( 'NONE', #439, #2541 ) ;
#6138 = AXIS2_PLACEMENT_3D ( 'NONE', #5478, #4869, #1173 ) ;
#6139 = DIRECTION ( 'NONE',  ( 0.000000000000000000, -1.000000000000000000, 0.000000000000000000 ) ) ;
#6140 = DIRECTION ( 'NONE',  ( 0.000000000000000000, 0.000000000000000000, 1.000000000000000000 ) ) ;
#6141 = ORIENTED_EDGE ( 'NONE', *, *, #1278, .T. ) ;
#6142 = EDGE_CURVE ( 'NONE', #2888, #4810, #1426, .T. ) ;
#6143 = AXIS2_PLACEMENT_3D ( 'NONE', #7965, #2354, #6672 ) ;
#6144 = DIRECTION ( 'NONE',  ( 0.000000000000000000, -1.000000000000000000, 0.000000000000000000 ) ) ;
#6145 = DIRECTION ( 'NONE',  ( 0.000000000000000000, -1.000000000000000000, 0.000000000000000000 ) ) ;
#6146 = DIRECTION ( 'NONE',  ( 0.000000000000000000, -1.000000000000000000, 0.000000000000000000 ) ) ;
#6147 = CIRCLE ( 'NONE', #112, 5.000000028479869130 ) ;
#6148 = DIRECTION ( 'NONE',  ( -3.999856001968282080E-11, 0.000000000000000000, 1.000000000000000000 ) ) ;
#6149 = AXIS2_PLACEMENT_3D ( 'NONE', #7067, #4612, #6485 ) ;
#6150 = CARTESIAN_POINT ( 'NONE',  ( 17.42309703250000297, -500.0000000000000000, 10.00000000000000000 ) ) ;
#6151 = EDGE_CURVE ( 'NONE', #32, #184, #1468, .T. ) ;
#6152 = EDGE_CURVE ( 'NONE', #5046, #7988, #3977, .T. ) ;
#6153 = CARTESIAN_POINT ( 'NONE',  ( 12.90685425000000031, 500.0000000000000000, -9.214466100000000992 ) ) ;
#6154 = VECTOR ( 'NONE', #7186, 1000.000000000000000 ) ;
#6155 = ORIENTED_EDGE ( 'NONE', *, *, #7495, .F. ) ;
#6156 = ORIENTED_EDGE ( 'NONE', *, *, #1547, .F. ) ;
#6157 = CARTESIAN_POINT ( 'NONE',  ( -11.46446609000000016, 501.0000000000000000, -10.65685425999999936 ) ) ;
#6158 = CARTESIAN_POINT ( 'NONE',  ( 29.21446609999999922, 501.0000000000000000, -7.093145749999999694 ) ) ;
#6159 = LINE ( 'NONE', #7423, #2905 ) ;
#6160 = FACE_OUTER_BOUND ( 'NONE', #7699, .T. ) ;
#6161 = CARTESIAN_POINT ( 'NONE',  ( -12.54999999989999893, -500.0000000000000000, 17.54999999989999893 ) ) ;
#6162 = AXIS2_PLACEMENT_3D ( 'NONE', #6309, #5561, #4346 ) ;
#6163 = EDGE_CURVE ( 'NONE', #5305, #4648, #5241, .T. ) ;
#6164 = CARTESIAN_POINT ( 'NONE',  ( -27.50000000000000000, 500.0000000000000000, 18.00000000000000000 ) ) ;
#6165 = VERTEX_POINT ( 'NONE', #2285 ) ;
#6166 = CARTESIAN_POINT ( 'NONE',  ( -36.50000000010000178, -500.0000000000000000, -5.000000000100000008 ) ) ;
#6167 = ORIENTED_EDGE ( 'NONE', *, *, #5874, .T. ) ;
#6168 = CIRCLE ( 'NONE', #3803, 0.4999999999999995559 ) ;
#6169 = VECTOR ( 'NONE', #5034, 1000.000000000000000 ) ;
#6170 = CARTESIAN_POINT ( 'NONE',  ( 38.00000000000000000, 500.0000000000000000, 3.737499999999999822 ) ) ;
#6171 = ORIENTED_EDGE ( 'NONE', *, *, #3234, .F. ) ;
#6172 = PLANE ( 'NONE',  #7280 ) ;
#6173 = CARTESIAN_POINT ( 'NONE',  ( 36.00000000010000178, -500.0000000000000000, -6.499999999899999992 ) ) ;
#6174 = FACE_OUTER_BOUND ( 'NONE', #3377, .T. ) ;
#6175 = EDGE_CURVE ( 'NONE', #2722, #1922, #2206, .T. ) ;
#6176 = VECTOR ( 'NONE', #3114, 1000.000000000000000 ) ;
#6177 = DIRECTION ( 'NONE',  ( 0.000000000000000000, -1.000000000000000000, 0.000000000000000000 ) ) ;
#6178 = ADVANCED_FACE ( 'NONE', ( #1643 ), #944, .F. ) ;
#6179 = CARTESIAN_POINT ( 'NONE',  ( -36.50000000010000178, 501.0000000000000000, -5.000000000100000008 ) ) ;
#6180 = CARTESIAN_POINT ( 'NONE',  ( 14.50000000000000000, 500.4999999999999432, -19.99999999990000177 ) ) ;
#6181 = ORIENTED_EDGE ( 'NONE', *, *, #5883, .F. ) ;
#6182 = CYLINDRICAL_SURFACE ( 'NONE', #5218, 1.000000000000000888 ) ;
#6183 = LINE ( 'NONE', #7451, #4052 ) ;
#6184 = CARTESIAN_POINT ( 'NONE',  ( -32.30000000000000426, -500.0000000000000000, 17.69999999999999929 ) ) ;
#6185 = EDGE_CURVE ( 'NONE', #5855, #306, #668, .T. ) ;
#6186 = DIRECTION ( 'NONE',  ( -1.000000000000000000, 0.000000000000000000, -2.222200047431583316E-10 ) ) ;
#6187 = LINE ( 'NONE', #3147, #5785 ) ;
#6188 = DIRECTION ( 'NONE',  ( 0.000000000000000000, 0.000000000000000000, -1.000000000000000000 ) ) ;
#6189 = AXIS2_PLACEMENT_3D ( 'NONE', #4759, #985, #1792 ) ;
#6190 = DIRECTION ( 'NONE',  ( -1.000000000000000000, 0.000000000000000000, 0.000000000000000000 ) ) ;
#6191 = ORIENTED_EDGE ( 'NONE', *, *, #4418, .T. ) ;
#6192 = ORIENTED_EDGE ( 'NONE', *, *, #1005, .F. ) ;
#6193 = ADVANCED_FACE ( 'NONE', ( #7133 ), #1558, .F. ) ;
#6194 = EDGE_CURVE ( 'NONE', #6427, #6659, #1965, .T. ) ;
#6195 = AXIS2_PLACEMENT_3D ( 'NONE', #4157, #2840, #7711 ) ;
#6196 = LINE ( 'NONE', #2531, #1575 ) ;
#6197 = DIRECTION ( 'NONE',  ( -2.222219322136872090E-10, 0.000000000000000000, 1.000000000000000000 ) ) ;
#6198 = CARTESIAN_POINT ( 'NONE',  ( 27.45000000009999752, -500.0000000000000000, 17.54999999989999893 ) ) ;
#6199 = DIRECTION ( 'NONE',  ( 0.000000000000000000, -1.000000000000000000, 0.000000000000000000 ) ) ;
#6200 = CARTESIAN_POINT ( 'NONE',  ( -27.44999999999999929, -500.0000000000000000, -18.00000000000000000 ) ) ;
#6201 = LINE ( 'NONE', #2458, #8100 ) ;
#6202 = ORIENTED_EDGE ( 'NONE', *, *, #2551, .F. ) ;
#6203 = DIRECTION ( 'NONE',  ( 0.7071067811865450192, 0.000000000000000000, -0.7071067811865500152 ) ) ;
#6204 = EDGE_LOOP ( 'NONE', ( #1858, #3720, #3536, #362, #3450, #3583, #4732, #2203 ) ) ;
#6205 = ORIENTED_EDGE ( 'NONE', *, *, #5953, .T. ) ;
#6206 = EDGE_CURVE ( 'NONE', #1241, #3740, #5408, .T. ) ;
#6207 = DIRECTION ( 'NONE',  ( 0.000000000000000000, -1.000000000000000000, 0.000000000000000000 ) ) ;
#6208 = VERTEX_POINT ( 'NONE', #899 ) ;
#6209 = LINE ( 'NONE', #8007, #3868 ) ;
#6210 = DIRECTION ( 'NONE',  ( 0.000000000000000000, 0.000000000000000000, 1.000000000000000000 ) ) ;
#6211 = CARTESIAN_POINT ( 'NONE',  ( 12.24999998000000012, 500.0000000000000000, 3.557611840000000303 ) ) ;
#6212 = ORIENTED_EDGE ( 'NONE', *, *, #3831, .T. ) ;
#6213 = VECTOR ( 'NONE', #4340, 1000.000000000000000 ) ;
#6214 = EDGE_CURVE ( 'NONE', #3335, #7081, #5906, .T. ) ;
#6215 = ORIENTED_EDGE ( 'NONE', *, *, #318, .T. ) ;
#6216 = FACE_OUTER_BOUND ( 'NONE', #6825, .T. ) ;
#6217 = CARTESIAN_POINT ( 'NONE',  ( -38.50000000000000000, -500.0000000000000000, 4.000000000000000000 ) ) ;
#6218 = LINE ( 'NONE', #599, #2519 ) ;
#6219 = ORIENTED_EDGE ( 'NONE', *, *, #601, .F. ) ;
#6220 = ORIENTED_EDGE ( 'NONE', *, *, #1222, .F. ) ;
#6221 = CARTESIAN_POINT ( 'NONE',  ( 13.50000000000000000, -500.0000000000000000, -15.50000000010000001 ) ) ;
#6222 = AXIS2_PLACEMENT_3D ( 'NONE', #3709, #1123, #2391 ) ;
#6223 = CARTESIAN_POINT ( 'NONE',  ( 38.49999999989999822, -500.0000000000000000, 5.500000000099999120 ) ) ;
#6224 = LINE ( 'NONE', #2320, #6213 ) ;
#6225 = CARTESIAN_POINT ( 'NONE',  ( 17.07499999999999929, 500.0000000000000000, 18.19999999999999929 ) ) ;
#6226 = PLANE ( 'NONE',  #5528 ) ;
#6227 = CARTESIAN_POINT ( 'NONE',  ( -38.19999999999999574, -500.0000000000000000, 12.30000000000000071 ) ) ;
#6228 = EDGE_CURVE ( 'NONE', #5816, #7665, #6956, .T. ) ;
#6229 = CARTESIAN_POINT ( 'NONE',  ( -23.55761183999999986, 500.0000000000000000, -7.750000000000000000 ) ) ;
#6230 = ORIENTED_EDGE ( 'NONE', *, *, #4204, .F. ) ;
#6231 = ORIENTED_EDGE ( 'NONE', *, *, #6320, .F. ) ;
#6232 = LINE ( 'NONE', #613, #3014 ) ;
#6233 = LINE ( 'NONE', #8065, #6823 ) ;
#6234 = CARTESIAN_POINT ( 'NONE',  ( 27.75000000000000000, -500.0000000000000000, 3.557611840000000303 ) ) ;
#6235 = PLANE ( 'NONE',  #6131 ) ;
#6236 = ADVANCED_FACE ( 'NONE', ( #7861 ), #6642, .T. ) ;
#6237 = DIRECTION ( 'NONE',  ( 0.000000000000000000, 0.000000000000000000, -1.000000000000000000 ) ) ;
#6238 = VERTEX_POINT ( 'NONE', #5902 ) ;
#6239 = PLANE ( 'NONE',  #3926 ) ;
#6240 = ORIENTED_EDGE ( 'NONE', *, *, #6619, .T. ) ;
#6241 = DIRECTION ( 'NONE',  ( 0.000000000000000000, 1.000000000000000000, 0.000000000000000000 ) ) ;
#6242 = VERTEX_POINT ( 'NONE', #2163 ) ;
#6243 = LINE ( 'NONE', #4361, #7916 ) ;
#6244 = DIRECTION ( 'NONE',  ( 0.000000000000000000, -1.000000000000000000, 0.000000000000000000 ) ) ;
#6245 = AXIS2_PLACEMENT_3D ( 'NONE', #5366, #1177, #1791 ) ;
#6246 = ORIENTED_EDGE ( 'NONE', *, *, #5539, .F. ) ;
#6247 = ADVANCED_FACE ( 'NONE', ( #3481 ), #7779, .F. ) ;
#6248 = ADVANCED_FACE ( 'NONE', ( #7821 ), #3442, .F. ) ;
#6249 = ORIENTED_EDGE ( 'NONE', *, *, #1877, .T. ) ;
#6250 = AXIS2_PLACEMENT_3D ( 'NONE', #3127, #14, #673 ) ;
#6251 = ORIENTED_EDGE ( 'NONE', *, *, #3839, .F. ) ;
#6252 = CARTESIAN_POINT ( 'NONE',  ( 27.44999999999999929, 500.0000000000000000, -17.99999999990000177 ) ) ;
#6253 = CARTESIAN_POINT ( 'NONE',  ( -38.00000000000000000, 501.0000000000000000, 7.450000000000000178 ) ) ;
#6254 = DIRECTION ( 'NONE',  ( 0.000000000000000000, -1.000000000000000000, 0.000000000000000000 ) ) ;
#6255 = AXIS2_PLACEMENT_3D ( 'NONE', #7183, #5283, #454 ) ;
#6256 = ADVANCED_FACE ( 'NONE', ( #7181 ), #4068, .F. ) ;
#6257 = ORIENTED_EDGE ( 'NONE', *, *, #5686, .F. ) ;
#6258 = DIRECTION ( 'NONE',  ( 0.000000000000000000, -1.000000000000000000, 0.000000000000000000 ) ) ;
#6259 = CARTESIAN_POINT ( 'NONE',  ( -14.50000000000000000, 500.0000000000000000, -20.00000000000000000 ) ) ;
#6260 = VECTOR ( 'NONE', #5787, 1000.000000000000000 ) ;
#6261 = CARTESIAN_POINT ( 'NONE',  ( -12.52500000000000036, 501.0000000000000000, 18.00000000000000000 ) ) ;
#6262 = CYLINDRICAL_SURFACE ( 'NONE', #6116, 2.500000000000002220 ) ;
#6263 = DIRECTION ( 'NONE',  ( 0.000000000000000000, -1.000000000000000000, 0.000000000000000000 ) ) ;
#6264 = VECTOR ( 'NONE', #1085, 1000.000000000000000 ) ;
#6265 = DIRECTION ( 'NONE',  ( 0.000000000000000000, 0.000000000000000000, -1.000000000000000000 ) ) ;
#6266 = VERTEX_POINT ( 'NONE', #328 ) ;
#6267 = ORIENTED_EDGE ( 'NONE', *, *, #6425, .T. ) ;
#6268 = CIRCLE ( 'NONE', #3530, 5.000000005751919829 ) ;
#6269 = AXIS2_PLACEMENT_3D ( 'NONE', #6915, #7489, #4989 ) ;
#6270 = DIRECTION ( 'NONE',  ( 0.7071067811865462405, 0.000000000000000000, -0.7071067811865490160 ) ) ;
#6271 = EDGE_CURVE ( 'NONE', #125, #5477, #1528, .T. ) ;
#6272 = DIRECTION ( 'NONE',  ( 0.000000000000000000, -1.000000000000000000, 0.000000000000000000 ) ) ;
#6273 = PLANE ( 'NONE',  #3558 ) ;
#6274 = LINE ( 'NONE', #1915, #2715 ) ;
#6275 = AXIS2_PLACEMENT_3D ( 'NONE', #4589, #289, #3935 ) ;
#6276 = CARTESIAN_POINT ( 'NONE',  ( -26.50000000000000000, 500.0000000000000000, -15.50000000010000001 ) ) ;
#6277 = VECTOR ( 'NONE', #1917, 1000.000000000000000 ) ;
#6278 = ORIENTED_EDGE ( 'NONE', *, *, #3232, .T. ) ;
#6279 = DIRECTION ( 'NONE',  ( 1.000000000000000000, 0.000000000000000000, 0.000000000000000000 ) ) ;
#6280 = VERTEX_POINT ( 'NONE', #6604 ) ;
#6281 = ORIENTED_EDGE ( 'NONE', *, *, #5942, .T. ) ;
#6282 = DIRECTION ( 'NONE',  ( 0.000000000000000000, -1.000000000000000000, 0.000000000000000000 ) ) ;
#6283 = ORIENTED_EDGE ( 'NONE', *, *, #7154, .T. ) ;
#6284 = CARTESIAN_POINT ( 'NONE',  ( -37.69999999999999574, 501.0000000000000000, 12.30000000000000071 ) ) ;
#6285 = VECTOR ( 'NONE', #7370, 1000.000000000000114 ) ;
#6286 = EDGE_CURVE ( 'NONE', #1611, #6242, #2249, .T. ) ;
#6287 = AXIS2_PLACEMENT_3D ( 'NONE', #6974, #621, #5612 ) ;
#6288 = CARTESIAN_POINT ( 'NONE',  ( 27.09314575000000147, 500.0000000000000000, -9.214466100000000992 ) ) ;
#6289 = DIRECTION ( 'NONE',  ( 0.000000000000000000, 0.000000000000000000, 1.000000000000000000 ) ) ;
#6290 = ORIENTED_EDGE ( 'NONE', *, *, #4720, .T. ) ;
#6291 = VECTOR ( 'NONE', #2937, 1000.000000000000000 ) ;
#6292 = AXIS2_PLACEMENT_3D ( 'NONE', #3691, #571, #1795 ) ;
#6293 = VERTEX_POINT ( 'NONE', #2868 ) ;
#6294 = DIRECTION ( 'NONE',  ( 1.000000000000000000, 0.000000000000000000, 0.000000000000000000 ) ) ;
#6295 = EDGE_CURVE ( 'NONE', #5379, #60, #1785, .T. ) ;
#6296 = EDGE_CURVE ( 'NONE', #5835, #2305, #7342, .T. ) ;
#6297 = DIRECTION ( 'NONE',  ( 1.000000000000000000, 0.000000000000000000, 0.000000000000000000 ) ) ;
#6298 = VECTOR ( 'NONE', #6514, 1000.000000000000000 ) ;
#6299 = VECTOR ( 'NONE', #5817, 1000.000000000000000 ) ;
#6300 = CARTESIAN_POINT ( 'NONE',  ( 30.00000000000000000, -500.0000000000000000, -14.19238813000000121 ) ) ;
#6301 = CARTESIAN_POINT ( 'NONE',  ( -37.99999999989999822, 501.0000000000000000, 7.500000000000000000 ) ) ;
#6302 = VERTEX_POINT ( 'NONE', #2487 ) ;
#6303 = CARTESIAN_POINT ( 'NONE',  ( 36.00000000010000178, 500.0000000000000000, -6.499999999899999992 ) ) ;
#6304 = DIRECTION ( 'NONE',  ( 0.000000000000000000, -1.000000000000000000, 0.000000000000000000 ) ) ;
#6305 = ADVANCED_FACE ( 'NONE', ( #4991 ), #6262, .F. ) ;
#6306 = CARTESIAN_POINT ( 'NONE',  ( 32.30000000000000426, 500.0000000000000000, -11.79999999999999893 ) ) ;
#6307 = CYLINDRICAL_SURFACE ( 'NONE', #1337, 2.499999999999998668 ) ;
#6308 = LINE ( 'NONE', #190, #3902 ) ;
#6309 = CARTESIAN_POINT ( 'NONE',  ( 37.69999999999999574, 500.0000000000000000, -12.30000000000000071 ) ) ;
#6310 = ORIENTED_EDGE ( 'NONE', *, *, #483, .F. ) ;
#6311 = ORIENTED_EDGE ( 'NONE', *, *, #1328, .T. ) ;
#6312 = EDGE_CURVE ( 'NONE', #801, #4810, #4299, .T. ) ;
#6313 = CARTESIAN_POINT ( 'NONE',  ( -5.700000010000000117, -500.0000000000000000, -15.50000000000000000 ) ) ;
#6314 = DIRECTION ( 'NONE',  ( 0.000000000000000000, 1.000000000000000000, 0.000000000000000000 ) ) ;
#6315 = DIRECTION ( 'NONE',  ( 1.000000000000000000, 0.000000000000000000, 0.000000000000000000 ) ) ;
#6316 = LINE ( 'NONE', #7504, #5711 ) ;
#6317 = CARTESIAN_POINT ( 'NONE',  ( -27.49999999990000177, 500.0000000000000000, 15.49999999989999999 ) ) ;
#6318 = ORIENTED_EDGE ( 'NONE', *, *, #441, .F. ) ;
#6319 = DIRECTION ( 'NONE',  ( 0.000000000000000000, -1.000000000000000000, 0.000000000000000000 ) ) ;
#6320 = EDGE_CURVE ( 'NONE', #5086, #5352, #1389, .T. ) ;
#6321 = ORIENTED_EDGE ( 'NONE', *, *, #1627, .T. ) ;
#6322 = ORIENTED_EDGE ( 'NONE', *, *, #601, .T. ) ;
#6323 = VECTOR ( 'NONE', #7938, 1000.000000000000000 ) ;
#6324 = DIRECTION ( 'NONE',  ( 0.000000000000000000, -1.000000000000000000, 0.000000000000000000 ) ) ;
#6325 = ORIENTED_EDGE ( 'NONE', *, *, #2782, .T. ) ;
#6326 = CARTESIAN_POINT ( 'NONE',  ( 13.00000000000000000, 500.0000000000000000, -8.387500000000001066 ) ) ;
#6327 = CARTESIAN_POINT ( 'NONE',  ( 12.54999999989999893, 500.0000000000000000, -17.54999999989999893 ) ) ;
#6328 = EDGE_LOOP ( 'NONE', ( #4604, #6669, #4187, #2713 ) ) ;
#6329 = CARTESIAN_POINT ( 'NONE',  ( -36.00000000000000000, 500.0000000000000000, -16.00000000000000000 ) ) ;
#6330 = EDGE_LOOP ( 'NONE', ( #7545, #4563, #2780, #6167 ) ) ;
#6331 = CARTESIAN_POINT ( 'NONE',  ( -12.50000000000000000, 500.0000000000000000, -18.00000000000000000 ) ) ;
#6332 = EDGE_CURVE ( 'NONE', #674, #3521, #2032, .T. ) ;
#6333 = ORIENTED_EDGE ( 'NONE', *, *, #4418, .F. ) ;
#6334 = CARTESIAN_POINT ( 'NONE',  ( 10.22499998500000018, 501.0000000000000000, 7.653679655000000359 ) ) ;
#6335 = DIRECTION ( 'NONE',  ( 0.000000000000000000, 0.000000000000000000, 1.000000000000000000 ) ) ;
#6336 = CIRCLE ( 'NONE', #3721, 4.999999869901410321 ) ;
#6337 = EDGE_CURVE ( 'NONE', #1195, #4891, #3224, .T. ) ;
#6338 = EDGE_CURVE ( 'NONE', #4928, #5884, #6497, .T. ) ;
#6339 = LINE ( 'NONE', #3683, #383 ) ;
#6340 = DIRECTION ( 'NONE',  ( 0.7071067811865475727, 0.000000000000000000, -0.7071067811865475727 ) ) ;
#6341 = CARTESIAN_POINT ( 'NONE',  ( -28.53553391000000161, 501.0000000000000000, -10.65685425999999936 ) ) ;
#6342 = CARTESIAN_POINT ( 'NONE',  ( 38.19999999999999574, 501.0000000000000000, 12.30000000000000071 ) ) ;
#6343 = EDGE_CURVE ( 'NONE', #7242, #5043, #4376, .T. ) ;
#6344 = EDGE_CURVE ( 'NONE', #3162, #5662, #529, .T. ) ;
#6345 = VECTOR ( 'NONE', #7075, 1000.000000000000000 ) ;
#6346 = DIRECTION ( 'NONE',  ( 0.7071067798205549204, 0.000000000000000000, -0.7071067825525400030 ) ) ;
#6347 = EDGE_LOOP ( 'NONE', ( #5363, #5055, #6132, #6905 ) ) ;
#6348 = VERTEX_POINT ( 'NONE', #5482 ) ;
#6349 = CARTESIAN_POINT ( 'NONE',  ( 27.45000000009999752, 500.0000000000000000, -17.54999999989999893 ) ) ;
#6350 = DIRECTION ( 'NONE',  ( 0.000000000000000000, 0.000000000000000000, -1.000000000000000000 ) ) ;
#6351 = CARTESIAN_POINT ( 'NONE',  ( 15.00000000000000000, 500.0000000000000000, 15.50000000010000001 ) ) ;
#6352 = CARTESIAN_POINT ( 'NONE',  ( 38.00000000000000000, 501.0000000000000000, -7.450000000000000178 ) ) ;
#6353 = DIRECTION ( 'NONE',  ( 0.000000000000000000, 0.000000000000000000, -1.000000000000000000 ) ) ;
#6354 = EDGE_CURVE ( 'NONE', #7130, #5401, #215, .T. ) ;
#6355 = ORIENTED_EDGE ( 'NONE', *, *, #6113, .T. ) ;
#6356 = PLANE ( 'NONE',  #775 ) ;
#6357 = VERTEX_POINT ( 'NONE', #3033 ) ;
#6358 = ORIENTED_EDGE ( 'NONE', *, *, #6502, .T. ) ;
#6359 = SHAPE_DEFINITION_REPRESENTATION ( #7774, #5869 ) ;
#6360 = EDGE_LOOP ( 'NONE', ( #3600, #519, #3564, #7419 ) ) ;
#6361 = FACE_OUTER_BOUND ( 'NONE', #2537, .T. ) ;
#6362 = CYLINDRICAL_SURFACE ( 'NONE', #1836, 1.500000000000001332 ) ;
#6363 = CARTESIAN_POINT ( 'NONE',  ( 7.249999980000049860, -500.0000000000000000, -3.557611840000020287 ) ) ;
#6364 = AXIS2_PLACEMENT_3D ( 'NONE', #5576, #626, #83 ) ;
#6365 = ORIENTED_EDGE ( 'NONE', *, *, #7495, .T. ) ;
#6366 = ORIENTED_EDGE ( 'NONE', *, *, #3908, .T. ) ;
#6367 = PLANE ( 'NONE',  #6516 ) ;
#6368 = VECTOR ( 'NONE', #3473, 1000.000000000000000 ) ;
#6369 = EDGE_LOOP ( 'NONE', ( #1032, #2113, #5845, #5939 ) ) ;
#6370 = CARTESIAN_POINT ( 'NONE',  ( 10.78553388999999996, 500.0000000000000000, -7.093145749999999694 ) ) ;
#6371 = DIRECTION ( 'NONE',  ( 0.000000000000000000, -1.000000000000000000, 0.000000000000000000 ) ) ;
#6372 = ADVANCED_FACE ( 'NONE', ( #7454 ), #6108, .F. ) ;
#6373 = AXIS2_PLACEMENT_3D ( 'NONE', #6617, #6700, #3578 ) ;
#6374 = CARTESIAN_POINT ( 'NONE',  ( -30.00000000000000000, -500.0000000000000000, -7.423097032500000303 ) ) ;
#6375 = DIRECTION ( 'NONE',  ( 0.000000000000000000, -1.000000000000000000, 0.000000000000000000 ) ) ;
#6376 = CIRCLE ( 'NONE', #3896, 2.499999999999998668 ) ;
#6377 = EDGE_CURVE ( 'NONE', #2012, #7685, #2177, .T. ) ;
#6378 = DIRECTION ( 'NONE',  ( 0.000000000000000000, -1.000000000000000000, 0.000000000000000000 ) ) ;
#6379 = CARTESIAN_POINT ( 'NONE',  ( 20.00000000000000000, 0.000000000000000000, 0.000000000000000000 ) ) ;
#6380 = ORIENTED_EDGE ( 'NONE', *, *, #3246, .F. ) ;
#6381 = EDGE_LOOP ( 'NONE', ( #6590, #1413, #7954, #5165 ) ) ;
#6382 = ORIENTED_EDGE ( 'NONE', *, *, #6271, .T. ) ;
#6383 = LINE ( 'NONE', #1467, #6806 ) ;
#6384 = ADVANCED_FACE ( 'NONE', ( #1215 ), #1102, .T. ) ;
#6385 = DIRECTION ( 'NONE',  ( 0.000000000000000000, 1.000000000000000000, 0.000000000000000000 ) ) ;
#6386 = ADVANCED_FACE ( 'NONE', ( #3146 ), #8018, .F. ) ;
#6387 = CARTESIAN_POINT ( 'NONE',  ( 9.664466080000000403, 501.0000000000000000, -8.214213559999999248 ) ) ;
#6388 = AXIS2_PLACEMENT_3D ( 'NONE', #1317, #3287, #3986 ) ;
#6389 = DIRECTION ( 'NONE',  ( 0.000000000000000000, 0.000000000000000000, -1.000000000000000000 ) ) ;
#6390 = ORIENTED_EDGE ( 'NONE', *, *, #8085, .T. ) ;
#6391 = DIRECTION ( 'NONE',  ( 0.000000000000000000, -1.000000000000000000, 0.000000000000000000 ) ) ;
#6392 = AXIS2_PLACEMENT_3D ( 'NONE', #1707, #4039, #791 ) ;
#6393 = VERTEX_POINT ( 'NONE', #2989 ) ;
#6394 = VERTEX_POINT ( 'NONE', #7980 ) ;
#6395 = ORIENTED_EDGE ( 'NONE', *, *, #1109, .T. ) ;
#6396 = DIRECTION ( 'NONE',  ( 0.000000000000000000, -1.000000000000000000, 0.000000000000000000 ) ) ;
#6397 = EDGE_CURVE ( 'NONE', #1553, #5575, #3099, .T. ) ;
#6398 = DIRECTION ( 'NONE',  ( -4.000064168785401882E-11, 0.000000000000000000, 1.000000000000000000 ) ) ;
#6399 = VERTEX_POINT ( 'NONE', #2407 ) ;
#6400 = FACE_OUTER_BOUND ( 'NONE', #6757, .T. ) ;
#6401 = VECTOR ( 'NONE', #1748, 1000.000000000000000 ) ;
#6402 = VECTOR ( 'NONE', #546, 1000.000000000000000 ) ;
#6403 = VERTEX_POINT ( 'NONE', #6306 ) ;
#6404 = DIRECTION ( 'NONE',  ( 0.000000000000000000, -1.000000000000000000, 0.000000000000000000 ) ) ;
#6405 = ORIENTED_EDGE ( 'NONE', *, *, #6142, .F. ) ;
#6406 = VECTOR ( 'NONE', #8063, 1000.000000000000000 ) ;
#6407 = AXIS2_PLACEMENT_3D ( 'NONE', #2423, #4924, #3703 ) ;
#6408 = CARTESIAN_POINT ( 'NONE',  ( 16.00000000000000000, 501.0000000000000000, -18.50000000000000000 ) ) ;
#6409 = ORIENTED_EDGE ( 'NONE', *, *, #1828, .F. ) ;
#6410 = DIRECTION ( 'NONE',  ( 0.000000000000000000, 0.000000000000000000, -1.000000000000000000 ) ) ;
#6411 = EDGE_CURVE ( 'NONE', #7043, #3344, #146, .T. ) ;
#6412 = LINE ( 'NONE', #7603, #7469 ) ;
#6413 = AXIS2_PLACEMENT_3D ( 'NONE', #7765, #4658, #7162 ) ;
#6414 = CIRCLE ( 'NONE', #1309, 4.000000000000000000 ) ;
#6415 = EDGE_CURVE ( 'NONE', #1168, #2254, #7682, .T. ) ;
#6416 = ORIENTED_EDGE ( 'NONE', *, *, #2471, .T. ) ;
#6417 = DIRECTION ( 'NONE',  ( 0.000000000000000000, -1.000000000000000000, 0.000000000000000000 ) ) ;
#6418 = CARTESIAN_POINT ( 'NONE',  ( -9.664466100000009163, -500.0000000000000000, 8.214213559999990366 ) ) ;
#6419 = VECTOR ( 'NONE', #130, 1000.000000000000000 ) ;
#6420 = AXIS2_PLACEMENT_3D ( 'NONE', #1305, #696, #7006 ) ;
#6421 = DIRECTION ( 'NONE',  ( 0.000000000000000000, -1.000000000000000000, 0.000000000000000000 ) ) ;
#6422 = LINE ( 'NONE', #5841, #1740 ) ;
#6423 = AXIS2_PLACEMENT_3D ( 'NONE', #5523, #531, #1104 ) ;
#6424 = DIRECTION ( 'NONE',  ( 0.000000000000000000, -1.000000000000000000, 0.000000000000000000 ) ) ;
#6425 = EDGE_CURVE ( 'NONE', #2674, #2812, #4581, .T. ) ;
#6426 = VERTEX_POINT ( 'NONE', #187 ) ;
#6427 = VERTEX_POINT ( 'NONE', #3925 ) ;
#6428 = LINE ( 'NONE', #814, #774 ) ;
#6429 = DIRECTION ( 'NONE',  ( 0.7071067811865474617, 0.000000000000000000, -0.7071067811865474617 ) ) ;
#6430 = CARTESIAN_POINT ( 'NONE',  ( 10.00000000000000000, 500.0000000000000000, -15.50000000000000000 ) ) ;
#6431 = CYLINDRICAL_SURFACE ( 'NONE', #3107, 4.999999962794540842 ) ;
#6432 = VERTEX_POINT ( 'NONE', #3969 ) ;
#6433 = LINE ( 'NONE', #821, #6154 ) ;
#6434 = EDGE_CURVE ( 'NONE', #6403, #1241, #3754, .T. ) ;
#6435 = EDGE_CURVE ( 'NONE', #1553, #5924, #5712, .T. ) ;
#6436 = VERTEX_POINT ( 'NONE', #3348 ) ;
#6437 = EDGE_LOOP ( 'NONE', ( #1395, #752, #581, #3200 ) ) ;
#6438 = CARTESIAN_POINT ( 'NONE',  ( 26.49999999990000177, 500.0000000000000000, 16.00000000010000178 ) ) ;
#6439 = VERTEX_POINT ( 'NONE', #805 ) ;
#6440 = LINE ( 'NONE', #2133, #3881 ) ;
#6441 = DIRECTION ( 'NONE',  ( 0.000000000000000000, -1.000000000000000000, 0.000000000000000000 ) ) ;
#6442 = ORIENTED_EDGE ( 'NONE', *, *, #3436, .T. ) ;
#6443 = FACE_OUTER_BOUND ( 'NONE', #2925, .T. ) ;
#6444 = CARTESIAN_POINT ( 'NONE',  ( 37.50000000000000000, 501.0000000000000000, -4.000000000000000000 ) ) ;
#6445 = ORIENTED_EDGE ( 'NONE', *, *, #6435, .T. ) ;
#6446 = LINE ( 'NONE', #2047, #1566 ) ;
#6447 = VECTOR ( 'NONE', #6263, 1000.000000000000000 ) ;
#6448 = VERTEX_POINT ( 'NONE', #2645 ) ;
#6449 = EDGE_CURVE ( 'NONE', #1302, #5379, #5143, .T. ) ;
#6450 = ORIENTED_EDGE ( 'NONE', *, *, #1686, .T. ) ;
#6451 = CARTESIAN_POINT ( 'NONE',  ( -35.50000000000000000, 501.0000000000000000, 5.000000000000000000 ) ) ;
#6452 = DIRECTION ( 'NONE',  ( 0.000000000000000000, -1.000000000000000000, 0.000000000000000000 ) ) ;
#6453 = VERTEX_POINT ( 'NONE', #1335 ) ;
#6454 = CARTESIAN_POINT ( 'NONE',  ( -14.99999998203329987, 500.0000000000000000, -14.19238815442339963 ) ) ;
#6455 = DIRECTION ( 'NONE',  ( 0.000000000000000000, 1.000000000000000000, 0.000000000000000000 ) ) ;
#6456 = CIRCLE ( 'NONE', #4760, 0.5000000000000004441 ) ;
#6457 = VERTEX_POINT ( 'NONE', #4458 ) ;
#6458 = EDGE_CURVE ( 'NONE', #3562, #7164, #6998, .T. ) ;
#6459 = CARTESIAN_POINT ( 'NONE',  ( 8.199999990000000238, 501.0000000000000000, 15.50000000000000000 ) ) ;
#6460 = DIRECTION ( 'NONE',  ( 9.999813477268295448E-11, 0.000000000000000000, -1.000000000000000000 ) ) ;
#6461 = DIRECTION ( 'NONE',  ( 1.000000000000000000, 0.000000000000000000, 0.000000000000000000 ) ) ;
#6462 = DIRECTION ( 'NONE',  ( 0.000000000000000000, -1.000000000000000000, 0.000000000000000000 ) ) ;
#6463 = DIRECTION ( 'NONE',  ( 0.000000000000000000, 0.000000000000000000, 1.000000000000000000 ) ) ;
#6464 = FACE_OUTER_BOUND ( 'NONE', #5811, .T. ) ;
#6465 = VERTEX_POINT ( 'NONE', #2523 ) ;
#6466 = ORIENTED_EDGE ( 'NONE', *, *, #6377, .F. ) ;
#6467 = DIRECTION ( 'NONE',  ( 0.7071067798205549204, 0.000000000000000000, -0.7071067825525400030 ) ) ;
#6468 = DIRECTION ( 'NONE',  ( 0.000000000000000000, 0.000000000000000000, 1.000000000000000000 ) ) ;
#6469 = CARTESIAN_POINT ( 'NONE',  ( 13.50000000000000000, 501.0000000000000000, -15.50000000010000001 ) ) ;
#6470 = ADVANCED_FACE ( 'NONE', ( #5840 ), #7643, .F. ) ;
#6471 = AXIS2_PLACEMENT_3D ( 'NONE', #3756, #95, #7484 ) ;
#6472 = VERTEX_POINT ( 'NONE', #686 ) ;
#6473 = ORIENTED_EDGE ( 'NONE', *, *, #7878, .T. ) ;
#6474 = DIRECTION ( 'NONE',  ( -1.000000000000000000, 0.000000000000000000, -9.999640004920697768E-11 ) ) ;
#6475 = ORIENTED_EDGE ( 'NONE', *, *, #1547, .T. ) ;
#6476 = ORIENTED_EDGE ( 'NONE', *, *, #1089, .T. ) ;
#6477 = CARTESIAN_POINT ( 'NONE',  ( -27.00000000009999823, 501.0000000000000000, -17.55000000000000071 ) ) ;
#6478 = EDGE_LOOP ( 'NONE', ( #1322, #4292, #3828, #589 ) ) ;
#6479 = CARTESIAN_POINT ( 'NONE',  ( -35.50000000010000178, 501.0000000000000000, -5.000000000000000000 ) ) ;
#6480 = CARTESIAN_POINT ( 'NONE',  ( -7.125000000000000000, -500.0000000000000000, 15.50000000000000000 ) ) ;
#6481 = VERTEX_POINT ( 'NONE', #4531 ) ;
#6482 = DIRECTION ( 'NONE',  ( -1.000000000000000000, 0.000000000000000000, -9.999813477268295448E-11 ) ) ;
#6483 = DIRECTION ( 'NONE',  ( 4.884684341243943186E-09, 0.000000000000000000, -1.000000000000000000 ) ) ;
#6484 = ORIENTED_EDGE ( 'NONE', *, *, #723, .F. ) ;
#6485 = DIRECTION ( 'NONE',  ( 1.000000000000000000, 0.000000000000000000, 1.999928000984139554E-10 ) ) ;
#6486 = VECTOR ( 'NONE', #4622, 1000.000000000000000 ) ;
#6487 = ORIENTED_EDGE ( 'NONE', *, *, #4453, .F. ) ;
#6488 = EDGE_LOOP ( 'NONE', ( #7789, #4600, #6231, #2566 ) ) ;
#6489 = ORIENTED_EDGE ( 'NONE', *, *, #2385, .T. ) ;
#6490 = FACE_OUTER_BOUND ( 'NONE', #2714, .T. ) ;
#6491 = ORIENTED_EDGE ( 'NONE', *, *, #73, .F. ) ;
#6492 = LINE ( 'NONE', #7160, #5028 ) ;
#6493 = CARTESIAN_POINT ( 'NONE',  ( 26.50000000000000000, 500.0000000000000000, 15.50000000010000001 ) ) ;
#6494 = AXIS2_PLACEMENT_3D ( 'NONE', #2475, #2435, #4936 ) ;
#6495 = ADVANCED_FACE ( 'NONE', ( #3265 ), #5758, .F. ) ;
#6496 = ADVANCED_FACE ( 'NONE', ( #2687 ), #7530, .F. ) ;
#6497 = CIRCLE ( 'NONE', #8062, 2.500000000000000444 ) ;
#6498 = ORIENTED_EDGE ( 'NONE', *, *, #3311, .T. ) ;
#6499 = CARTESIAN_POINT ( 'NONE',  ( -13.73749999999999893, -500.0000000000000000, -18.00000000000000000 ) ) ;
#6500 = CARTESIAN_POINT ( 'NONE',  ( 16.00000000000000000, -500.0000000000000000, -8.750000000000000000 ) ) ;
#6501 = FACE_OUTER_BOUND ( 'NONE', #7735, .T. ) ;
#6502 = EDGE_CURVE ( 'NONE', #6432, #45, #1417, .T. ) ;
#6503 = DIRECTION ( 'NONE',  ( 1.000000000000000000, 0.000000000000000000, -1.040462578258159895E-08 ) ) ;
#6504 = CIRCLE ( 'NONE', #1790, 4.999999869901410321 ) ;
#6505 = DIRECTION ( 'NONE',  ( 2.222219322136872090E-10, 0.000000000000000000, -1.000000000000000000 ) ) ;
#6506 = ORIENTED_EDGE ( 'NONE', *, *, #8085, .F. ) ;
#6507 = DIRECTION ( 'NONE',  ( 0.000000000000000000, -1.000000000000000000, 0.000000000000000000 ) ) ;
#6508 = ORIENTED_EDGE ( 'NONE', *, *, #3933, .T. ) ;
#6509 = ORIENTED_EDGE ( 'NONE', *, *, #1656, .T. ) ;
#6510 = CIRCLE ( 'NONE', #4941, 0.5000000000000004441 ) ;
#6511 = CARTESIAN_POINT ( 'NONE',  ( 38.49999999989999822, -500.0000000000000000, -5.500000000099999120 ) ) ;
#6512 = DIRECTION ( 'NONE',  ( 0.000000000000000000, -1.000000000000000000, 0.000000000000000000 ) ) ;
#6513 = DIRECTION ( 'NONE',  ( 1.000000000000000000, 0.000000000000000000, 1.040834085586084059E-15 ) ) ;
#6514 = DIRECTION ( 'NONE',  ( 0.000000000000000000, -1.000000000000000000, 0.000000000000000000 ) ) ;
#6515 = LINE ( 'NONE', #117, #4291 ) ;
#6516 = AXIS2_PLACEMENT_3D ( 'NONE', #2098, #6537, #837 ) ;
#6517 = ORIENTED_EDGE ( 'NONE', *, *, #6415, .T. ) ;
#6518 = ORIENTED_EDGE ( 'NONE', *, *, #8043, .T. ) ;
#6519 = DIRECTION ( 'NONE',  ( 0.000000000000000000, -1.000000000000000000, 0.000000000000000000 ) ) ;
#6520 = EDGE_LOOP ( 'NONE', ( #6952, #727, #3627, #3228 ) ) ;
#6521 = ORIENTED_EDGE ( 'NONE', *, *, #887, .F. ) ;
#6522 = ADVANCED_FACE ( 'NONE', ( #6918 ), #5672, .F. ) ;
#6523 = VECTOR ( 'NONE', #1065, 1000.000000000000000 ) ;
#6524 = ORIENTED_EDGE ( 'NONE', *, *, #747, .T. ) ;
#6525 = DIRECTION ( 'NONE',  ( 0.000000000000000000, 0.000000000000000000, -1.000000000000000000 ) ) ;
#6526 = FACE_BOUND ( 'NONE', #6204, .T. ) ;
#6527 = EDGE_LOOP ( 'NONE', ( #1995, #2427, #2036, #6055 ) ) ;
#6528 = DIRECTION ( 'NONE',  ( 1.000000000000000000, 0.000000000000000000, 3.469446951953611033E-15 ) ) ;
#6529 = LINE ( 'NONE', #4734, #1210 ) ;
#6530 = ORIENTED_EDGE ( 'NONE', *, *, #1908, .T. ) ;
#6531 = FACE_OUTER_BOUND ( 'NONE', #3397, .T. ) ;
#6532 = AXIS2_PLACEMENT_3D ( 'NONE', #3556, #3469, #5431 ) ;
#6533 = ORIENTED_EDGE ( 'NONE', *, *, #6650, .F. ) ;
#6534 = VERTEX_POINT ( 'NONE', #7566 ) ;
#6535 = EDGE_LOOP ( 'NONE', ( #839, #5126, #6084, #5707 ) ) ;
#6536 = ADVANCED_FACE ( 'NONE', ( #1944 ), #3842, .F. ) ;
#6537 = DIRECTION ( 'NONE',  ( 0.000000000000000000, 0.000000000000000000, -1.000000000000000000 ) ) ;
#6538 = ORIENTED_EDGE ( 'NONE', *, *, #6629, .T. ) ;
#6539 = DIRECTION ( 'NONE',  ( -0.7071067798205549204, 0.000000000000000000, 0.7071067825525400030 ) ) ;
#6540 = VECTOR ( 'NONE', #4105, 1000.000000000000000 ) ;
#6541 = AXIS2_PLACEMENT_3D ( 'NONE', #4921, #2536, #619 ) ;
#6542 = CARTESIAN_POINT ( 'NONE',  ( -36.00000000000000000, -500.0000000000000000, -18.19999999999999929 ) ) ;
#6543 = ORIENTED_EDGE ( 'NONE', *, *, #449, .F. ) ;
#6544 = VECTOR ( 'NONE', #4818, 1000.000000000000000 ) ;
#6545 = CIRCLE ( 'NONE', #7582, 4.999999982033290102 ) ;
#6546 = ORIENTED_EDGE ( 'NONE', *, *, #2280, .T. ) ;
#6547 = EDGE_CURVE ( 'NONE', #2669, #4038, #5109, .T. ) ;
#6548 = ORIENTED_EDGE ( 'NONE', *, *, #3895, .F. ) ;
#6549 = ADVANCED_FACE ( 'NONE', ( #7126 ), #7730, .F. ) ;
#6550 = CARTESIAN_POINT ( 'NONE',  ( 36.50000000010000178, 501.0000000000000000, -5.000000000100000008 ) ) ;
#6551 = LINE ( 'NONE', #3470, #6095 ) ;
#6552 = CIRCLE ( 'NONE', #5751, 0.4499999999999999001 ) ;
#6553 = DIRECTION ( 'NONE',  ( 0.000000000000000000, -1.000000000000000000, 0.000000000000000000 ) ) ;
#6554 = AXIS2_PLACEMENT_3D ( 'NONE', #3484, #6731, #5985 ) ;
#6555 = CARTESIAN_POINT ( 'NONE',  ( 36.00000000000000000, -500.0000000000000000, 6.999999999899999992 ) ) ;
#6556 = CYLINDRICAL_SURFACE ( 'NONE', #1410, 4.999999962794540842 ) ;
#6557 = SURFACE_SIDE_STYLE ('',( #811 ) ) ;
#6558 = AXIS2_PLACEMENT_3D ( 'NONE', #4555, #6441, #4607 ) ;
#6559 = AXIS2_PLACEMENT_3D ( 'NONE', #5075, #6314, #2741 ) ;
#6560 = EDGE_CURVE ( 'NONE', #1684, #4150, #5229, .T. ) ;
#6561 = ORIENTED_EDGE ( 'NONE', *, *, #5720, .T. ) ;
#6562 = VERTEX_POINT ( 'NONE', #3434 ) ;
#6563 = LINE ( 'NONE', #5900, #7392 ) ;
#6564 = FACE_OUTER_BOUND ( 'NONE', #3848, .T. ) ;
#6565 = CARTESIAN_POINT ( 'NONE',  ( -32.30000000000000426, 501.0000000000000000, -12.30000000000000071 ) ) ;
#6566 = FACE_OUTER_BOUND ( 'NONE', #665, .T. ) ;
#6567 = DIRECTION ( 'NONE',  ( -1.000000000000000000, 0.000000000000000000, 0.000000000000000000 ) ) ;
#6568 = VECTOR ( 'NONE', #2208, 1000.000000000000000 ) ;
#6569 = AXIS2_PLACEMENT_3D ( 'NONE', #4109, #5281, #6513 ) ;
#6570 = EDGE_LOOP ( 'NONE', ( #3544, #4669, #6080, #4628 ) ) ;
#6571 = CARTESIAN_POINT ( 'NONE',  ( -29.21446609999999922, -500.0000000000000000, -7.093145749999999694 ) ) ;
#6572 = ADVANCED_FACE ( 'NONE', ( #319 ), #7214, .F. ) ;
#6573 = ORIENTED_EDGE ( 'NONE', *, *, #4938, .T. ) ;
#6574 = ORIENTED_EDGE ( 'NONE', *, *, #39, .F. ) ;
#6575 = CARTESIAN_POINT ( 'NONE',  ( 12.54999999989999893, 500.0000000000000000, 17.54999999989999893 ) ) ;
#6576 = DIRECTION ( 'NONE',  ( 0.000000000000000000, -1.000000000000000000, 0.000000000000000000 ) ) ;
#6577 = ORIENTED_EDGE ( 'NONE', *, *, #4947, .F. ) ;
#6578 = DIRECTION ( 'NONE',  ( 0.000000000000000000, 1.000000000000000000, 0.000000000000000000 ) ) ;
#6579 = CYLINDRICAL_SURFACE ( 'NONE', #163, 0.4999999999999995559 ) ;
#6580 = CARTESIAN_POINT ( 'NONE',  ( 20.00000000000000000, -500.0000000000000000, 0.000000000000000000 ) ) ;
#6581 = EDGE_LOOP ( 'NONE', ( #3213, #1980, #7715, #2148 ) ) ;
#6582 = VERTEX_POINT ( 'NONE', #2110 ) ;
#6583 = VERTEX_POINT ( 'NONE', #4623 ) ;
#6584 = DIRECTION ( 'NONE',  ( 0.000000000000000000, -1.000000000000000000, 0.000000000000000000 ) ) ;
#6585 = EDGE_LOOP ( 'NONE', ( #810, #4360, #4913, #451 ) ) ;
#6586 = CARTESIAN_POINT ( 'NONE',  ( -38.19999999999999574, -500.0000000000000000, 7.074999999999999289 ) ) ;
#6587 = DIRECTION ( 'NONE',  ( -1.000000000000000000, 0.000000000000000000, -2.222219322136863560E-10 ) ) ;
#6588 = VECTOR ( 'NONE', #5067, 1000.000000000000000 ) ;
#6589 = ADVANCED_FACE ( 'NONE', ( #6501 ), #5972, .F. ) ;
#6590 = ORIENTED_EDGE ( 'NONE', *, *, #4430, .F. ) ;
#6591 = ORIENTED_EDGE ( 'NONE', *, *, #7549, .F. ) ;
#6592 = CARTESIAN_POINT ( 'NONE',  ( -32.30000000000000426, -500.0000000000000000, -18.19999999999999929 ) ) ;
#6593 = AXIS2_PLACEMENT_3D ( 'NONE', #1869, #5027, #2524 ) ;
#6594 = CARTESIAN_POINT ( 'NONE',  ( 14.99999999989999999, 500.0000000000000000, 16.50000000010000178 ) ) ;
#6595 = DIRECTION ( 'NONE',  ( 0.000000000000000000, 0.000000000000000000, 1.000000000000000000 ) ) ;
#6596 = CARTESIAN_POINT ( 'NONE',  ( -31.80000000000000071, 501.0000000000000000, 15.00000000000000000 ) ) ;
#6597 = EDGE_CURVE ( 'NONE', #5149, #427, #7770, .T. ) ;
#6598 = EDGE_CURVE ( 'NONE', #3288, #132, #2277, .T. ) ;
#6599 = VECTOR ( 'NONE', #6835, 1000.000000000000000 ) ;
#6600 = CARTESIAN_POINT ( 'NONE',  ( -29.21446609999999922, 500.0000000000000000, 7.093145749999999694 ) ) ;
#6601 = ORIENTED_EDGE ( 'NONE', *, *, #7368, .T. ) ;
#6602 = ORIENTED_EDGE ( 'NONE', *, *, #5966, .F. ) ;
#6603 = DIRECTION ( 'NONE',  ( 0.000000000000000000, -1.000000000000000000, 0.000000000000000000 ) ) ;
#6604 = CARTESIAN_POINT ( 'NONE',  ( 35.50000000000000000, -500.0000000000000000, 9.999999999899998215 ) ) ;
#6605 = DIRECTION ( 'NONE',  ( 0.000000000000000000, -1.000000000000000000, 0.000000000000000000 ) ) ;
#6606 = CARTESIAN_POINT ( 'NONE',  ( 32.30000000000000426, 501.0000000000000000, 12.30000000000000071 ) ) ;
#6607 = EDGE_CURVE ( 'NONE', #3171, #7478, #872, .T. ) ;
#6608 = EDGE_CURVE ( 'NONE', #6668, #4964, #7254, .T. ) ;
#6609 = VECTOR ( 'NONE', #6146, 1000.000000000000000 ) ;
#6610 = DIRECTION ( 'NONE',  ( 1.000000000000000000, 0.000000000000000000, 0.000000000000000000 ) ) ;
#6611 = EDGE_LOOP ( 'NONE', ( #1999, #4423, #204, #1624 ) ) ;
#6612 = ORIENTED_EDGE ( 'NONE', *, *, #5734, .T. ) ;
#6613 = DIRECTION ( 'NONE',  ( 1.000000000000000000, 0.000000000000000000, 3.469446951953611033E-15 ) ) ;
#6614 = DIRECTION ( 'NONE',  ( 4.884684341243943186E-09, 0.000000000000000000, -1.000000000000000000 ) ) ;
#6615 = VECTOR ( 'NONE', #5106, 1000.000000000000000 ) ;
#6616 = EDGE_LOOP ( 'NONE', ( #7655, #7551, #842, #6311 ) ) ;
#6617 = CARTESIAN_POINT ( 'NONE',  ( -35.49999999989999822, 501.0000000000000000, 7.499999999899999992 ) ) ;
#6618 = DIRECTION ( 'NONE',  ( -6.666657966410595850E-11, 0.000000000000000000, 1.000000000000000000 ) ) ;
#6619 = EDGE_CURVE ( 'NONE', #2767, #1487, #5054, .T. ) ;
#6620 = DIRECTION ( 'NONE',  ( 0.000000000000000000, -1.000000000000000000, 0.000000000000000000 ) ) ;
#6621 = ORIENTED_EDGE ( 'NONE', *, *, #1647, .F. ) ;
#6622 = VECTOR ( 'NONE', #4245, 1000.000000000000000 ) ;
#6623 = ORIENTED_EDGE ( 'NONE', *, *, #7291, .F. ) ;
#6624 = ORIENTED_EDGE ( 'NONE', *, *, #6640, .T. ) ;
#6625 = LINE ( 'NONE', #1043, #1149 ) ;
#6626 = EDGE_LOOP ( 'NONE', ( #161, #3412, #308, #2145 ) ) ;
#6627 = DIRECTION ( 'NONE',  ( 1.000000000000000000, 0.000000000000000000, 4.884684341243942359E-09 ) ) ;
#6628 = CARTESIAN_POINT ( 'NONE',  ( -30.00000000000000000, -500.0000000000000000, 7.423097032500000303 ) ) ;
#6629 = EDGE_CURVE ( 'NONE', #3918, #968, #4750, .T. ) ;
#6630 = ORIENTED_EDGE ( 'NONE', *, *, #3437, .T. ) ;
#6631 = CARTESIAN_POINT ( 'NONE',  ( -12.25000000000000000, 501.0000000000000000, 3.557611840000000303 ) ) ;
#6632 = DIRECTION ( 'NONE',  ( 1.000000000000000000, 0.000000000000000000, 0.000000000000000000 ) ) ;
#6633 = EDGE_CURVE ( 'NONE', #4035, #7818, #2775, .T. ) ;
#6634 = LINE ( 'NONE', #1668, #1398 ) ;
#6635 = CARTESIAN_POINT ( 'NONE',  ( -36.50000000010000178, 500.0000000000000000, 5.000000000100000008 ) ) ;
#6636 = CARTESIAN_POINT ( 'NONE',  ( 26.50000000000000000, -500.0000000000000000, 15.50000000010000001 ) ) ;
#6637 = LINE ( 'NONE', #2362, #6018 ) ;
#6638 = VERTEX_POINT ( 'NONE', #5357 ) ;
#6639 = DIRECTION ( 'NONE',  ( 0.000000000000000000, -1.000000000000000000, 0.000000000000000000 ) ) ;
#6640 = EDGE_CURVE ( 'NONE', #4636, #1988, #6634, .T. ) ;
#6641 = ORIENTED_EDGE ( 'NONE', *, *, #8009, .T. ) ;
#6642 = CYLINDRICAL_SURFACE ( 'NONE', #6569, 5.000000000000000888 ) ;
#6643 = LINE ( 'NONE', #4300, #3573 ) ;
#6644 = DIRECTION ( 'NONE',  ( 0.000000000000000000, -1.000000000000000000, 0.000000000000000000 ) ) ;
#6645 = EDGE_LOOP ( 'NONE', ( #497, #273, #5680, #4491, #1909, #6965, #7201, #5657 ) ) ;
#6646 = AXIS2_PLACEMENT_3D ( 'NONE', #5821, #2136, #5866 ) ;
#6647 = CARTESIAN_POINT ( 'NONE',  ( 13.00000000000000000, 501.0000000000000000, 16.77500000000000213 ) ) ;
#6648 = VERTEX_POINT ( 'NONE', #1160 ) ;
#6649 = ORIENTED_EDGE ( 'NONE', *, *, #866, .T. ) ;
#6650 = EDGE_CURVE ( 'NONE', #132, #4336, #7675, .T. ) ;
#6651 = EDGE_CURVE ( 'NONE', #4964, #3315, #5272, .T. ) ;
#6652 = DIRECTION ( 'NONE',  ( 1.000000000000000000, 0.000000000000000000, 0.000000000000000000 ) ) ;
#6653 = DIRECTION ( 'NONE',  ( 0.000000000000000000, 0.000000000000000000, 1.000000000000000000 ) ) ;
#6654 = AXIS2_PLACEMENT_3D ( 'NONE', #6971, #4634, #902 ) ;
#6655 = CARTESIAN_POINT ( 'NONE',  ( 12.55000000000000071, 500.0000000000000000, -18.00000000000000000 ) ) ;
#6656 = DIRECTION ( 'NONE',  ( 0.000000000000000000, 1.000000000000000000, 0.000000000000000000 ) ) ;
#6657 = CYLINDRICAL_SURFACE ( 'NONE', #4835, 1.500000000000001332 ) ;
#6658 = ORIENTED_EDGE ( 'NONE', *, *, #5675, .T. ) ;
#6659 = VERTEX_POINT ( 'NONE', #2155 ) ;
#6660 = ORIENTED_EDGE ( 'NONE', *, *, #2240, .T. ) ;
#6661 = CIRCLE ( 'NONE', #7438, 0.4999999999999995559 ) ;
#6662 = EDGE_CURVE ( 'NONE', #3780, #6165, #5313, .T. ) ;
#6663 = LINE ( 'NONE', #6049, #7327 ) ;
#6664 = ORIENTED_EDGE ( 'NONE', *, *, #2473, .T. ) ;
#6665 = LINE ( 'NONE', #1045, #6622 ) ;
#6666 = PLANE ( 'NONE',  #4326 ) ;
#6667 = AXIS2_PLACEMENT_3D ( 'NONE', #1018, #6066, #4825 ) ;
#6668 = VERTEX_POINT ( 'NONE', #4663 ) ;
#6669 = ORIENTED_EDGE ( 'NONE', *, *, #3480, .T. ) ;
#6670 = VECTOR ( 'NONE', #7289, 1000.000000000000000 ) ;
#6671 = EDGE_CURVE ( 'NONE', #5735, #432, #7292, .T. ) ;
#6672 = DIRECTION ( 'NONE',  ( -6.666657966410595850E-11, 0.000000000000000000, 1.000000000000000000 ) ) ;
#6673 = DIRECTION ( 'NONE',  ( 0.000000000000000000, -1.000000000000000000, 0.000000000000000000 ) ) ;
#6674 = ORIENTED_EDGE ( 'NONE', *, *, #2076, .T. ) ;
#6675 = CARTESIAN_POINT ( 'NONE',  ( -32.30000000000000426, 501.0000000000000000, -18.19999999999999929 ) ) ;
#6676 = CARTESIAN_POINT ( 'NONE',  ( -30.65685426000000291, -500.0000000000000000, -8.535533909999999835 ) ) ;
#6677 = CIRCLE ( 'NONE', #1943, 2.499999999999999556 ) ;
#6678 = ADVANCED_FACE ( 'NONE', ( #592 ), #2588, .F. ) ;
#6679 = ORIENTED_EDGE ( 'NONE', *, *, #7641, .F. ) ;
#6680 = LINE ( 'NONE', #1131, #6401 ) ;
#6681 = VERTEX_POINT ( 'NONE', #5545 ) ;
#6682 = CARTESIAN_POINT ( 'NONE',  ( -12.25000000000000000, -500.0000000000000000, 0.8894029600000000757 ) ) ;
#6683 = DIRECTION ( 'NONE',  ( 0.000000000000000000, 1.000000000000000000, 0.000000000000000000 ) ) ;
#6684 = AXIS2_PLACEMENT_3D ( 'NONE', #4251, #516, #3022 ) ;
#6685 = CARTESIAN_POINT ( 'NONE',  ( 36.00000000000000000, 501.0000000000000000, -16.00000000000000000 ) ) ;
#6686 = DIRECTION ( 'NONE',  ( 0.7071067825525398920, 0.000000000000000000, 0.7071067798205551425 ) ) ;
#6687 = LINE ( 'NONE', #3606, #755 ) ;
#6688 = AXIS2_PLACEMENT_3D ( 'NONE', #7206, #7246, #4618 ) ;
#6689 = EDGE_CURVE ( 'NONE', #7619, #2721, #7593, .T. ) ;
#6690 = PRESENTATION_LAYER_ASSIGNMENT (  '', '', ( #5752 ) ) ;
#6691 = EDGE_LOOP ( 'NONE', ( #4367, #6409, #4970, #4175 ) ) ;
#6692 = DIRECTION ( 'NONE',  ( 0.000000000000000000, -1.000000000000000000, 0.000000000000000000 ) ) ;
#6693 = ORIENTED_EDGE ( 'NONE', *, *, #394, .F. ) ;
#6694 = EDGE_LOOP ( 'NONE', ( #6333, #6745, #7428, #2911 ) ) ;
#6695 = CARTESIAN_POINT ( 'NONE',  ( -8.200000010000000117, -500.0000000000000000, 15.50000000000000000 ) ) ;
#6696 = AXIS2_PLACEMENT_3D ( 'NONE', #2086, #5819, #5992 ) ;
#6697 = CIRCLE ( 'NONE', #1714, 0.4500000000000007327 ) ;
#6698 = CARTESIAN_POINT ( 'NONE',  ( -15.99999999989999999, 501.0000000000000000, 16.50000000000000000 ) ) ;
#6699 = VERTEX_POINT ( 'NONE', #3713 ) ;
#6700 = DIRECTION ( 'NONE',  ( 0.000000000000000000, -1.000000000000000000, 0.000000000000000000 ) ) ;
#6701 = LINE ( 'NONE', #1079, #4501 ) ;
#6702 = ADVANCED_FACE ( 'NONE', ( #5660 ), #49, .T. ) ;
#6703 = CARTESIAN_POINT ( 'NONE',  ( -34.84619406499999883, 501.0000000000000000, 10.00000000000000000 ) ) ;
#6704 = ADVANCED_FACE ( 'NONE', ( #629 ), #6865, .F. ) ;
#6705 = ORIENTED_EDGE ( 'NONE', *, *, #1646, .F. ) ;
#6706 = DIRECTION ( 'NONE',  ( -2.222142223315713114E-10, 0.000000000000000000, 1.000000000000000000 ) ) ;
#6707 = CIRCLE ( 'NONE', #1188, 3.400000000000000355 ) ;
#6708 = VERTEX_POINT ( 'NONE', #6211 ) ;
#6709 = ORIENTED_EDGE ( 'NONE', *, *, #4535, .F. ) ;
#6710 = CARTESIAN_POINT ( 'NONE',  ( -32.30000000000000426, 501.0000000000000000, 11.79999999999999893 ) ) ;
#6711 = ORIENTED_EDGE ( 'NONE', *, *, #5342, .F. ) ;
#6712 = CARTESIAN_POINT ( 'NONE',  ( 12.52500000000000036, 501.0000000000000000, 18.00000000000000000 ) ) ;
#6713 = CARTESIAN_POINT ( 'NONE',  ( -36.50000000000000000, -500.0000000000000000, 4.000000000100000008 ) ) ;
#6714 = EDGE_CURVE ( 'NONE', #395, #229, #1259, .T. ) ;
#6715 = ORIENTED_EDGE ( 'NONE', *, *, #349, .T. ) ;
#6716 = DIRECTION ( 'NONE',  ( 0.000000000000000000, -1.000000000000000000, 0.000000000000000000 ) ) ;
#6717 = CARTESIAN_POINT ( 'NONE',  ( 12.52500000000000036, 501.0000000000000000, -18.00000000000000000 ) ) ;
#6718 = CARTESIAN_POINT ( 'NONE',  ( 12.50000000000000000, -500.0000000000000000, 18.00000000000000000 ) ) ;
#6719 = CYLINDRICAL_SURFACE ( 'NONE', #436, 4.999999869901410321 ) ;
#6720 = ADVANCED_FACE ( 'NONE', ( #5623 ), #5090, .F. ) ;
#6721 = AXIS2_PLACEMENT_3D ( 'NONE', #5231, #2688, #1462 ) ;
#6722 = PLANE ( 'NONE',  #7203 ) ;
#6723 = ORIENTED_EDGE ( 'NONE', *, *, #3429, .T. ) ;
#6724 = CYLINDRICAL_SURFACE ( 'NONE', #6138, 1.000000000000000888 ) ;
#6725 = LINE ( 'NONE', #5441, #8030 ) ;
#6726 = DIRECTION ( 'NONE',  ( 0.000000000000000000, -1.000000000000000000, 0.000000000000000000 ) ) ;
#6727 = LINE ( 'NONE', #4146, #559 ) ;
#6728 = VECTOR ( 'NONE', #4333, 1000.000000000000000 ) ;
#6729 = CARTESIAN_POINT ( 'NONE',  ( 38.19999999999999574, -500.0000000000000000, 7.074999999999999289 ) ) ;
#6730 = ORIENTED_EDGE ( 'NONE', *, *, #2253, .T. ) ;
#6731 = DIRECTION ( 'NONE',  ( 0.000000000000000000, -1.000000000000000000, 0.000000000000000000 ) ) ;
#6732 = ORIENTED_EDGE ( 'NONE', *, *, #6671, .F. ) ;
#6733 = EDGE_LOOP ( 'NONE', ( #4435, #5570, #1096, #6758 ) ) ;
#6734 = ORIENTED_EDGE ( 'NONE', *, *, #6344, .F. ) ;
#6735 = DIRECTION ( 'NONE',  ( 0.000000000000000000, -1.000000000000000000, 0.000000000000000000 ) ) ;
#6736 = ADVANCED_FACE ( 'NONE', ( #5013 ), #3829, .F. ) ;
#6737 = FACE_BOUND ( 'NONE', #2031, .T. ) ;
#6738 = CARTESIAN_POINT ( 'NONE',  ( 37.69999999999999574, 500.0000000000000000, 11.79999999999999893 ) ) ;
#6739 = DIRECTION ( 'NONE',  ( -2.222219322136872090E-10, 0.000000000000000000, 1.000000000000000000 ) ) ;
#6740 = PLANE ( 'NONE',  #261 ) ;
#6741 = ORIENTED_EDGE ( 'NONE', *, *, #2109, .F. ) ;
#6742 = LINE ( 'NONE', #548, #4582 ) ;
#6743 = VERTEX_POINT ( 'NONE', #4400 ) ;
#6744 = ORIENTED_EDGE ( 'NONE', *, *, #4294, .F. ) ;
#6745 = ORIENTED_EDGE ( 'NONE', *, *, #1016, .F. ) ;
#6746 = DIRECTION ( 'NONE',  ( 0.000000000000000000, 0.000000000000000000, 1.000000000000000000 ) ) ;
#6747 = EDGE_CURVE ( 'NONE', #7472, #757, #6900, .T. ) ;
#6748 = CYLINDRICAL_SURFACE ( 'NONE', #7598, 3.400000000000000355 ) ;
#6749 = VECTOR ( 'NONE', #2514, 1000.000000000000114 ) ;
#6750 = AXIS2_PLACEMENT_3D ( 'NONE', #6594, #7290, #6460 ) ;
#6751 = LINE ( 'NONE', #3633, #5300 ) ;
#6752 = ADVANCED_FACE ( 'NONE', ( #6174 ), #2430, .T. ) ;
#6753 = EDGE_CURVE ( 'NONE', #2794, #7706, #4324, .T. ) ;
#6754 = VECTOR ( 'NONE', #7921, 1000.000000000000000 ) ;
#6755 = DIRECTION ( 'NONE',  ( 0.000000000000000000, -1.000000000000000000, 0.000000000000000000 ) ) ;
#6756 = FACE_OUTER_BOUND ( 'NONE', #852, .T. ) ;
#6757 = EDGE_LOOP ( 'NONE', ( #4538, #5617, #1269, #2998 ) ) ;
#6758 = ORIENTED_EDGE ( 'NONE', *, *, #1016, .T. ) ;
#6759 = DIRECTION ( 'NONE',  ( 0.000000000000000000, 1.000000000000000000, 0.000000000000000000 ) ) ;
#6760 = CARTESIAN_POINT ( 'NONE',  ( -12.54999999989999893, -500.0000000000000000, -17.54999999989999893 ) ) ;
#6761 = DIRECTION ( 'NONE',  ( 0.000000000000000000, 1.000000000000000000, 0.000000000000000000 ) ) ;
#6762 = EDGE_CURVE ( 'NONE', #5698, #7619, #2185, .T. ) ;
#6763 = DIRECTION ( 'NONE',  ( 0.000000000000000000, 0.000000000000000000, 1.000000000000000000 ) ) ;
#6764 = AXIS2_PLACEMENT_3D ( 'NONE', #6454, #4568, #6627 ) ;
#6765 = CARTESIAN_POINT ( 'NONE',  ( -39.99999999989999822, 500.4999999999999432, 5.500000000000000000 ) ) ;
#6766 = CARTESIAN_POINT ( 'NONE',  ( -16.00000000000000000, 500.0000000000000000, 18.50000000000000000 ) ) ;
#6767 = ORIENTED_EDGE ( 'NONE', *, *, #337, .T. ) ;
#6768 = ORIENTED_EDGE ( 'NONE', *, *, #5407, .F. ) ;
#6769 = AXIS2_PLACEMENT_3D ( 'NONE', #5639, #6726, #3604 ) ;
#6770 = EDGE_CURVE ( 'NONE', #4419, #6426, #1816, .T. ) ;
#6771 = DIRECTION ( 'NONE',  ( -3.999856001968282080E-11, 0.000000000000000000, 1.000000000000000000 ) ) ;
#6772 = DIRECTION ( 'NONE',  ( 0.000000000000000000, -1.000000000000000000, 0.000000000000000000 ) ) ;
#6773 = DIRECTION ( 'NONE',  ( 0.000000000000000000, -1.000000000000000000, 0.000000000000000000 ) ) ;
#6774 = DIRECTION ( 'NONE',  ( 0.000000000000000000, -1.000000000000000000, 0.000000000000000000 ) ) ;
#6775 = CARTESIAN_POINT ( 'NONE',  ( -16.00000000000000000, 500.0000000000000000, -8.750000000000000000 ) ) ;
#6776 = CIRCLE ( 'NONE', #6646, 2.200000000000000622 ) ;
#6777 = DIRECTION ( 'NONE',  ( 0.000000000000000000, 0.000000000000000000, 1.000000000000000000 ) ) ;
#6778 = ORIENTED_EDGE ( 'NONE', *, *, #1798, .F. ) ;
#6779 = DIRECTION ( 'NONE',  ( 0.000000000000000000, -1.000000000000000000, 0.000000000000000000 ) ) ;
#6780 = EDGE_CURVE ( 'NONE', #5517, #3229, #88, .T. ) ;
#6781 = VERTEX_POINT ( 'NONE', #1969 ) ;
#6782 = DIRECTION ( 'NONE',  ( 0.000000000000000000, -1.000000000000000000, 0.000000000000000000 ) ) ;
#6783 = ORIENTED_EDGE ( 'NONE', *, *, #6152, .F. ) ;
#6784 = CARTESIAN_POINT ( 'NONE',  ( 38.49999999989999822, 500.0000000000000000, -5.500000000099999120 ) ) ;
#6785 = CARTESIAN_POINT ( 'NONE',  ( 27.50000000000000000, -500.0000000000000000, 17.99999999990000177 ) ) ;
#6786 = AXIS2_PLACEMENT_3D ( 'NONE', #2564, #6963, #3225 ) ;
#6787 = EDGE_CURVE ( 'NONE', #1568, #1274, #4480, .T. ) ;
#6788 = CARTESIAN_POINT ( 'NONE',  ( 28.53553391000000161, 501.0000000000000000, -10.65685425999999936 ) ) ;
#6789 = LINE ( 'NONE', #8048, #924 ) ;
#6790 = CARTESIAN_POINT ( 'NONE',  ( 12.50000000000000000, 500.0000000000000000, -17.99999999990000177 ) ) ;
#6791 = ORIENTED_EDGE ( 'NONE', *, *, #5806, .F. ) ;
#6792 = ADVANCED_FACE ( 'NONE', ( #2467 ), #1855, .F. ) ;
#6793 = CIRCLE ( 'NONE', #250, 4.000000000000000000 ) ;
#6794 = EDGE_CURVE ( 'NONE', #6781, #7242, #6776, .T. ) ;
#6795 = CARTESIAN_POINT ( 'NONE',  ( 15.00000000000000000, 501.0000000000000000, 15.50000000010000001 ) ) ;
#6796 = CARTESIAN_POINT ( 'NONE',  ( 11.46446609000000016, 500.0000000000000000, 10.65685425999999936 ) ) ;
#6797 = DIRECTION ( 'NONE',  ( 0.000000000000000000, 1.000000000000000000, 0.000000000000000000 ) ) ;
#6798 = AXIS2_PLACEMENT_3D ( 'NONE', #3534, #6038, #6771 ) ;
#6799 = DIRECTION ( 'NONE',  ( 0.000000000000000000, 0.000000000000000000, -1.000000000000000000 ) ) ;
#6800 = AXIS2_PLACEMENT_3D ( 'NONE', #6949, #7520, #3752 ) ;
#6801 = CARTESIAN_POINT ( 'NONE',  ( 14.99999996279450087, 501.0000000000000000, -14.19238814645449942 ) ) ;
#6802 = LINE ( 'NONE', #2448, #4420 ) ;
#6803 = EDGE_CURVE ( 'NONE', #1683, #6980, #6899, .T. ) ;
#6804 = EDGE_LOOP ( 'NONE', ( #4206, #2150 ) ) ;
#6805 = LINE ( 'NONE', #3108, #7215 ) ;
#6806 = VECTOR ( 'NONE', #4673, 1000.000000000000000 ) ;
#6807 = VECTOR ( 'NONE', #7395, 1000.000000000000000 ) ;
#6808 = ORIENTED_EDGE ( 'NONE', *, *, #7634, .T. ) ;
#6809 = ORIENTED_EDGE ( 'NONE', *, *, #2796, .F. ) ;
#6810 = DIRECTION ( 'NONE',  ( 0.000000000000000000, 0.000000000000000000, 1.000000000000000000 ) ) ;
#6811 = PLANE ( 'NONE',  #4457 ) ;
#6812 = DIRECTION ( 'NONE',  ( 0.000000000000000000, 1.000000000000000000, 0.000000000000000000 ) ) ;
#6813 = CARTESIAN_POINT ( 'NONE',  ( -37.54999999999999716, 501.0000000000000000, 7.000000000100000008 ) ) ;
#6814 = AXIS2_PLACEMENT_3D ( 'NONE', #6179, #3634, #2397 ) ;
#6815 = DIRECTION ( 'NONE',  ( 1.000000000000000000, 0.000000000000000000, 9.999640004920697768E-11 ) ) ;
#6816 = CARTESIAN_POINT ( 'NONE',  ( -37.99999999989999822, -500.0000000000000000, 7.500000000000000000 ) ) ;
#6817 = ADVANCED_FACE ( 'NONE', ( #6400 ), #7149, .F. ) ;
#6818 = ORIENTED_EDGE ( 'NONE', *, *, #4708, .F. ) ;
#6819 = DIRECTION ( 'NONE',  ( 0.000000000000000000, -1.000000000000000000, 0.000000000000000000 ) ) ;
#6820 = ORIENTED_EDGE ( 'NONE', *, *, #1180, .T. ) ;
#6821 = ORIENTED_EDGE ( 'NONE', *, *, #4204, .T. ) ;
#6822 = AXIS2_PLACEMENT_3D ( 'NONE', #512, #3089, #3016 ) ;
#6823 = VECTOR ( 'NONE', #3736, 1000.000000000000000 ) ;
#6824 = FACE_OUTER_BOUND ( 'NONE', #6437, .T. ) ;
#6825 = EDGE_LOOP ( 'NONE', ( #3211, #3110, #5195, #3093 ) ) ;
#6826 = LINE ( 'NONE', #1199, #8047 ) ;
#6827 = DIRECTION ( 'NONE',  ( 0.000000000000000000, -1.000000000000000000, 0.000000000000000000 ) ) ;
#6828 = ORIENTED_EDGE ( 'NONE', *, *, #5986, .T. ) ;
#6829 = DIRECTION ( 'NONE',  ( 0.7071067811865474617, 0.000000000000000000, 0.7071067811865474617 ) ) ;
#6830 = CIRCLE ( 'NONE', #800, 5.000000005751958909 ) ;
#6831 = EDGE_LOOP ( 'NONE', ( #2760, #3074, #2528, #121 ) ) ;
#6832 = FACE_OUTER_BOUND ( 'NONE', #927, .T. ) ;
#6833 = CARTESIAN_POINT ( 'NONE',  ( -9.582169917499991030, 500.0000000000000000, -8.296509742499999618 ) ) ;
#6834 = ADVANCED_FACE ( 'NONE', ( #7195 ), #746, .F. ) ;
#6835 = DIRECTION ( 'NONE',  ( 0.000000000000000000, 0.000000000000000000, -1.000000000000000000 ) ) ;
#6836 = EDGE_LOOP ( 'NONE', ( #4465, #6212, #5820, #4516 ) ) ;
#6837 = DIRECTION ( 'NONE',  ( 0.000000000000000000, -1.000000000000000000, 0.000000000000000000 ) ) ;
#6838 = CARTESIAN_POINT ( 'NONE',  ( 11.62316017250000044, 500.0000000000000000, 10.49816017750000086 ) ) ;
#6839 = DIRECTION ( 'NONE',  ( 0.000000000000000000, 0.000000000000000000, -1.000000000000000000 ) ) ;
#6840 = EDGE_CURVE ( 'NONE', #6393, #4030, #1400, .T. ) ;
#6841 = CARTESIAN_POINT ( 'NONE',  ( -35.49999999989999822, 500.0000000000000000, 7.499999999899999992 ) ) ;
#6842 = EDGE_CURVE ( 'NONE', #3420, #2127, #8068, .T. ) ;
#6843 = CARTESIAN_POINT ( 'NONE',  ( -24.00000000000000000, 500.0000000000000000, -18.50000000000000000 ) ) ;
#6844 = CARTESIAN_POINT ( 'NONE',  ( 13.00000000000000000, 501.0000000000000000, -16.77500000000000213 ) ) ;
#6845 = VECTOR ( 'NONE', #848, 1000.000000000000000 ) ;
#6846 = CARTESIAN_POINT ( 'NONE',  ( -18.38750000000000284, -500.0000000000000000, -7.000000000000000000 ) ) ;
#6847 = ORIENTED_EDGE ( 'NONE', *, *, #3946, .F. ) ;
#6848 = EDGE_LOOP ( 'NONE', ( #1231, #7140, #240, #7700, #3253, #3027, #4696, #5222 ) ) ;
#6849 = AXIS2_PLACEMENT_3D ( 'NONE', #6635, #7929, #5400 ) ;
#6850 = DIRECTION ( 'NONE',  ( 0.000000000000000000, -1.000000000000000000, 0.000000000000000000 ) ) ;
#6851 = EDGE_CURVE ( 'NONE', #2920, #5718, #3230, .T. ) ;
#6852 = LINE ( 'NONE', #1225, #6169 ) ;
#6853 = EDGE_CURVE ( 'NONE', #6472, #6681, #4687, .T. ) ;
#6854 = DIRECTION ( 'NONE',  ( 0.000000000000000000, 0.000000000000000000, 1.000000000000000000 ) ) ;
#6855 = DIRECTION ( 'NONE',  ( 0.000000000000000000, -1.000000000000000000, 0.000000000000000000 ) ) ;
#6856 = DIRECTION ( 'NONE',  ( -2.222219322136872090E-10, 0.000000000000000000, 1.000000000000000000 ) ) ;
#6857 = ORIENTED_EDGE ( 'NONE', *, *, #238, .T. ) ;
#6858 = CARTESIAN_POINT ( 'NONE',  ( -32.30000000000000426, 500.0000000000000000, -17.69999999999999929 ) ) ;
#6859 = VERTEX_POINT ( 'NONE', #4609 ) ;
#6860 = ORIENTED_EDGE ( 'NONE', *, *, #123, .F. ) ;
#6861 = VERTEX_POINT ( 'NONE', #131 ) ;
#6862 = DIRECTION ( 'NONE',  ( 1.000000000000000000, 0.000000000000000000, 0.000000000000000000 ) ) ;
#6863 = ADVANCED_FACE ( 'NONE', ( #7754 ), #3329, .T. ) ;
#6864 = LINE ( 'NONE', #6944, #271 ) ;
#6865 = PLANE ( 'NONE',  #1136 ) ;
#6866 = VERTEX_POINT ( 'NONE', #169 ) ;
#6867 = ORIENTED_EDGE ( 'NONE', *, *, #880, .T. ) ;
#6868 = LINE ( 'NONE', #6906, #1764 ) ;
#6869 = ADVANCED_FACE ( 'NONE', ( #3368 ), #5166, .T. ) ;
#6870 = DIRECTION ( 'NONE',  ( 0.000000000000000000, -1.000000000000000000, 0.000000000000000000 ) ) ;
#6871 = DIRECTION ( 'NONE',  ( 0.000000000000000000, -1.000000000000000000, 0.000000000000000000 ) ) ;
#6872 = CYLINDRICAL_SURFACE ( 'NONE', #2730, 4.999999982033290102 ) ;
#6873 = EDGE_CURVE ( 'NONE', #1435, #7472, #3991, .T. ) ;
#6874 = CARTESIAN_POINT ( 'NONE',  ( -15.00000000000000000, -500.0000000000000000, -15.50000000010000001 ) ) ;
#6875 = DIRECTION ( 'NONE',  ( -0.7071067811865475727, 0.000000000000000000, 0.7071067811865475727 ) ) ;
#6876 = CARTESIAN_POINT ( 'NONE',  ( -35.50000000000000000, 500.0000000000000000, 2.875000000000000000 ) ) ;
#6877 = DIRECTION ( 'NONE',  ( 0.000000000000000000, -1.000000000000000000, 0.000000000000000000 ) ) ;
#6878 = DIRECTION ( 'NONE',  ( 0.000000000000000000, 0.000000000000000000, 1.000000000000000000 ) ) ;
#6879 = EDGE_CURVE ( 'NONE', #1198, #3411, #2043, .T. ) ;
#6880 = EDGE_LOOP ( 'NONE', ( #2877, #5247, #254, #999 ) ) ;
#6881 = ORIENTED_EDGE ( 'NONE', *, *, #1304, .F. ) ;
#6882 = VECTOR ( 'NONE', #2628, 1000.000000000000000 ) ;
#6883 = LINE ( 'NONE', #4424, #4579 ) ;
#6884 = CARTESIAN_POINT ( 'NONE',  ( -12.54999999989999893, 501.0000000000000000, 17.54999999989999893 ) ) ;
#6885 = LINE ( 'NONE', #3772, #4461 ) ;
#6886 = CARTESIAN_POINT ( 'NONE',  ( -12.25000000575199977, 501.0000000000000000, -3.557611840000000303 ) ) ;
#6887 = CARTESIAN_POINT ( 'NONE',  ( 17.50000000000000000, 500.0000000000000000, 11.79999999999999893 ) ) ;
#6888 = AXIS2_PLACEMENT_3D ( 'NONE', #7812, #3511, #4707 ) ;
#6889 = ORIENTED_EDGE ( 'NONE', *, *, #1741, .T. ) ;
#6890 = CARTESIAN_POINT ( 'NONE',  ( -35.50000000000000000, -500.0000000000000000, 5.000000000000000000 ) ) ;
#6891 = ADVANCED_FACE ( 'NONE', ( #5207 ), #301, .T. ) ;
#6892 = ADVANCED_FACE ( 'NONE', ( #6443 ), #829, .F. ) ;
#6893 = ORIENTED_EDGE ( 'NONE', *, *, #7686, .F. ) ;
#6894 = ORIENTED_EDGE ( 'NONE', *, *, #2131, .T. ) ;
#6895 = CARTESIAN_POINT ( 'NONE',  ( 13.00000000000000000, -500.0000000000000000, -16.00000000000000000 ) ) ;
#6896 = ORIENTED_EDGE ( 'NONE', *, *, #973, .F. ) ;
#6897 = LINE ( 'NONE', #3904, #203 ) ;
#6898 = CARTESIAN_POINT ( 'NONE',  ( 10.00000000000000000, 500.0000000000000000, -7.423097032500000303 ) ) ;
#6899 = CIRCLE ( 'NONE', #3359, 5.000000000000000888 ) ;
#6900 = LINE ( 'NONE', #2546, #2041 ) ;
#6901 = ORIENTED_EDGE ( 'NONE', *, *, #7635, .F. ) ;
#6902 = DIRECTION ( 'NONE',  ( -1.000000000000000000, 0.000000000000000000, 0.000000000000000000 ) ) ;
#6903 = ADVANCED_FACE ( 'NONE', ( #2088 ), #5296, .F. ) ;
#6904 = CIRCLE ( 'NONE', #364, 4.999999982033290991 ) ;
#6905 = ORIENTED_EDGE ( 'NONE', *, *, #1723, .F. ) ;
#6906 = CARTESIAN_POINT ( 'NONE',  ( -27.75000000000000000, 501.0000000000000000, -3.557611840000000303 ) ) ;
#6907 = DIRECTION ( 'NONE',  ( 0.000000000000000000, -1.000000000000000000, 0.000000000000000000 ) ) ;
#6908 = DIRECTION ( 'NONE',  ( 0.000000000000000000, -1.000000000000000000, 0.000000000000000000 ) ) ;
#6909 = VECTOR ( 'NONE', #7879, 1000.000000000000000 ) ;
#6910 = ADVANCED_FACE ( 'NONE', ( #6121 ), #4083, .T. ) ;
#6911 = VERTEX_POINT ( 'NONE', #7274 ) ;
#6912 = DIRECTION ( 'NONE',  ( 0.000000000000000000, -1.000000000000000000, 0.000000000000000000 ) ) ;
#6913 = VERTEX_POINT ( 'NONE', #379 ) ;
#6914 = VECTOR ( 'NONE', #1641, 1000.000000000000000 ) ;
#6915 = CARTESIAN_POINT ( 'NONE',  ( -27.47499999999999787, 501.0000000000000000, -18.00000000000000000 ) ) ;
#6916 = AXIS2_PLACEMENT_3D ( 'NONE', #7116, #751, #5133 ) ;
#6917 = CARTESIAN_POINT ( 'NONE',  ( -36.00000000000000000, -500.0000000000000000, 18.19999999999999929 ) ) ;
#6918 = FACE_OUTER_BOUND ( 'NONE', #4693, .T. ) ;
#6919 = DIRECTION ( 'NONE',  ( 0.000000000000000000, -1.000000000000000000, 0.000000000000000000 ) ) ;
#6920 = ADVANCED_FACE ( 'NONE', ( #4121 ), #7236, .T. ) ;
#6921 = CIRCLE ( 'NONE', #2331, 1.500000000000001332 ) ;
#6922 = VECTOR ( 'NONE', #4318, 1000.000000000000000 ) ;
#6923 = LINE ( 'NONE', #2450, #5499 ) ;
#6924 = ORIENTED_EDGE ( 'NONE', *, *, #2299, .F. ) ;
#6925 = ORIENTED_EDGE ( 'NONE', *, *, #4236, .T. ) ;
#6926 = AXIS2_PLACEMENT_3D ( 'NONE', #7526, #641, #3100 ) ;
#6927 = DIRECTION ( 'NONE',  ( -1.000000000000000000, 0.000000000000000000, 0.000000000000000000 ) ) ;
#6928 = LINE ( 'NONE', #499, #2764 ) ;
#6929 = CARTESIAN_POINT ( 'NONE',  ( -30.00000000000000000, -500.0000000000000000, -15.50000000000000000 ) ) ;
#6930 = CARTESIAN_POINT ( 'NONE',  ( -14.25000000000000000, 501.0000000000000000, -15.50000000000000000 ) ) ;
#6931 = ADVANCED_FACE ( 'NONE', ( #4883 ), #7313, .F. ) ;
#6932 = CIRCLE ( 'NONE', #5488, 3.999999999999996447 ) ;
#6933 = DIRECTION ( 'NONE',  ( 1.000000000000000000, 0.000000000000000000, 0.000000000000000000 ) ) ;
#6934 = VECTOR ( 'NONE', #4806, 1000.000000000000000 ) ;
#6935 = EDGE_LOOP ( 'NONE', ( #4641, #5527, #5704, #2424 ) ) ;
#6936 = CARTESIAN_POINT ( 'NONE',  ( 8.199999990000000238, 501.0000000000000000, -13.62487373500000132 ) ) ;
#6937 = ORIENTED_EDGE ( 'NONE', *, *, #2560, .F. ) ;
#6938 = VERTEX_POINT ( 'NONE', #1033 ) ;
#6939 = DIRECTION ( 'NONE',  ( -0.7071067811865461294, 0.000000000000000000, 0.7071067811865489050 ) ) ;
#6940 = ORIENTED_EDGE ( 'NONE', *, *, #4478, .F. ) ;
#6941 = CARTESIAN_POINT ( 'NONE',  ( -38.19999999999999574, 500.0000000000000000, -16.00000000000000000 ) ) ;
#6942 = VECTOR ( 'NONE', #3466, 1000.000000000000000 ) ;
#6943 = VECTOR ( 'NONE', #6779, 1000.000000000000000 ) ;
#6944 = CARTESIAN_POINT ( 'NONE',  ( 30.00000000000000000, -500.0000000000000000, -7.423097032500000303 ) ) ;
#6945 = DIRECTION ( 'NONE',  ( 0.000000000000000000, -1.000000000000000000, 0.000000000000000000 ) ) ;
#6946 = EDGE_CURVE ( 'NONE', #1257, #1314, #5059, .T. ) ;
#6947 = EDGE_CURVE ( 'NONE', #332, #3867, #6504, .T. ) ;
#6948 = ORIENTED_EDGE ( 'NONE', *, *, #5792, .F. ) ;
#6949 = CARTESIAN_POINT ( 'NONE',  ( -10.22500000500000006, 501.0000000000000000, -7.653679655000000359 ) ) ;
#6950 = VECTOR ( 'NONE', #5049, 1000.000000000000114 ) ;
#6951 = AXIS2_PLACEMENT_3D ( 'NONE', #826, #4078, #3326 ) ;
#6952 = ORIENTED_EDGE ( 'NONE', *, *, #4203, .F. ) ;
#6953 = DIRECTION ( 'NONE',  ( 0.000000000000000000, -1.000000000000000000, 0.000000000000000000 ) ) ;
#6954 = DIRECTION ( 'NONE',  ( -0.7071067811865474617, 0.000000000000000000, -0.7071067811865474617 ) ) ;
#6955 = AXIS2_PLACEMENT_3D ( 'NONE', #3893, #1226, #2617 ) ;
#6956 = CIRCLE ( 'NONE', #7995, 0.5000000000000004441 ) ;
#6957 = ADVANCED_FACE ( 'NONE', ( #1115 ), #2261, .F. ) ;
#6958 = CARTESIAN_POINT ( 'NONE',  ( 28.53553391000000161, -500.0000000000000000, -10.65685425999999936 ) ) ;
#6959 = DIRECTION ( 'NONE',  ( 1.000000000000000000, 0.000000000000000000, 0.000000000000000000 ) ) ;
#6960 = CARTESIAN_POINT ( 'NONE',  ( -16.44238817366219862, 501.0000000000000000, -12.75000002847990110 ) ) ;
#6961 = EDGE_CURVE ( 'NONE', #6348, #4162, #995, .T. ) ;
#6962 = FACE_OUTER_BOUND ( 'NONE', #5770, .T. ) ;
#6963 = DIRECTION ( 'NONE',  ( 0.000000000000000000, -1.000000000000000000, 0.000000000000000000 ) ) ;
#6964 = DIRECTION ( 'NONE',  ( 0.000000000000000000, -1.000000000000000000, 0.000000000000000000 ) ) ;
#6965 = ORIENTED_EDGE ( 'NONE', *, *, #5397, .T. ) ;
#6966 = ORIENTED_EDGE ( 'NONE', *, *, #7887, .T. ) ;
#6967 = CARTESIAN_POINT ( 'NONE',  ( 34.19238812999999766, 501.0000000000000000, 10.00000000000000000 ) ) ;
#6968 = DIRECTION ( 'NONE',  ( 0.000000000000000000, 0.000000000000000000, 1.000000000000000000 ) ) ;
#6969 = ADVANCED_FACE ( 'NONE', ( #5956 ), #5417, .F. ) ;
#6970 = CARTESIAN_POINT ( 'NONE',  ( -13.00000000000000000, 500.0000000000000000, -8.387500000000001066 ) ) ;
#6971 = CARTESIAN_POINT ( 'NONE',  ( -27.47499999999999787, 501.0000000000000000, 18.00000000000000000 ) ) ;
#6972 = CARTESIAN_POINT ( 'NONE',  ( -31.80000000000000071, -500.0000000000000000, 7.500000000000000000 ) ) ;
#6973 = ORIENTED_EDGE ( 'NONE', *, *, #7300, .F. ) ;
#6974 = CARTESIAN_POINT ( 'NONE',  ( 27.47499999999999787, 501.0000000000000000, -18.00000000000000000 ) ) ;
#6975 = ORIENTED_EDGE ( 'NONE', *, *, #3081, .T. ) ;
#6976 = ORIENTED_EDGE ( 'NONE', *, *, #2385, .F. ) ;
#6977 = AXIS2_PLACEMENT_3D ( 'NONE', #7644, #5935, #6503 ) ;
#6978 = EDGE_CURVE ( 'NONE', #6743, #5823, #462, .T. ) ;
#6979 =( NAMED_UNIT ( * ) PLANE_ANGLE_UNIT ( ) SI_UNIT ( $, .RADIAN. ) );
#6980 = VERTEX_POINT ( 'NONE', #3493 ) ;
#6981 = CYLINDRICAL_SURFACE ( 'NONE', #7020, 3.400000000000000355 ) ;
#6982 = FACE_OUTER_BOUND ( 'NONE', #151, .T. ) ;
#6983 = DIRECTION ( 'NONE',  ( 0.000000000000000000, -1.000000000000000000, 0.000000000000000000 ) ) ;
#6984 = ORIENTED_EDGE ( 'NONE', *, *, #1847, .T. ) ;
#6985 = VECTOR ( 'NONE', #1692, 1000.000000000000000 ) ;
#6986 = ORIENTED_EDGE ( 'NONE', *, *, #5342, .T. ) ;
#6987 = EDGE_CURVE ( 'NONE', #2789, #7349, #6376, .T. ) ;
#6988 = DIRECTION ( 'NONE',  ( 0.000000000000000000, -1.000000000000000000, 0.000000000000000000 ) ) ;
#6989 = VERTEX_POINT ( 'NONE', #2217 ) ;
#6990 = DIRECTION ( 'NONE',  ( 0.7071067811865450192, 0.000000000000000000, 0.7071067811865500152 ) ) ;
#6991 = DIRECTION ( 'NONE',  ( -1.000000000000000000, 0.000000000000000000, 0.000000000000000000 ) ) ;
#6992 = CIRCLE ( 'NONE', #2005, 3.400000000000000355 ) ;
#6993 = EDGE_CURVE ( 'NONE', #2540, #2862, #5453, .T. ) ;
#6994 = ORIENTED_EDGE ( 'NONE', *, *, #7885, .F. ) ;
#6995 = EDGE_CURVE ( 'NONE', #1649, #742, #7911, .T. ) ;
#6996 = CARTESIAN_POINT ( 'NONE',  ( 36.00000000000000000, -500.0000000000000000, 18.19999999999999929 ) ) ;
#6997 = DIRECTION ( 'NONE',  ( 0.000000000000000000, 1.000000000000000000, 0.000000000000000000 ) ) ;
#6998 = LINE ( 'NONE', #3308, #5981 ) ;
#6999 = DIRECTION ( 'NONE',  ( -0.7071067811865475727, 0.000000000000000000, -0.7071067811865475727 ) ) ;
#7000 = VECTOR ( 'NONE', #2100, 1000.000000000000000 ) ;
#7001 = CIRCLE ( 'NONE', #7137, 0.5000000000000004441 ) ;
#7002 = ADVANCED_FACE ( 'NONE', ( #7355 ), #2296, .F. ) ;
#7003 = EDGE_LOOP ( 'NONE', ( #456, #3123, #3363, #1697 ) ) ;
#7004 = VERTEX_POINT ( 'NONE', #6655 ) ;
#7005 = CARTESIAN_POINT ( 'NONE',  ( -13.00000000000000000, -500.0000000000000000, -8.387500000000001066 ) ) ;
#7006 = DIRECTION ( 'NONE',  ( -1.000000000000000000, 0.000000000000000000, -9.999640004920697768E-11 ) ) ;
#7007 = DIRECTION ( 'NONE',  ( 0.000000000000000000, 1.000000000000000000, 0.000000000000000000 ) ) ;
#7008 = DIRECTION ( 'NONE',  ( 0.000000000000000000, -1.000000000000000000, 0.000000000000000000 ) ) ;
#7009 = VERTEX_POINT ( 'NONE', #1729 ) ;
#7010 = LINE ( 'NONE', #5005, #3400 ) ;
#7011 = EDGE_CURVE ( 'NONE', #5016, #3705, #4235, .T. ) ;
#7012 = ORIENTED_EDGE ( 'NONE', *, *, #7605, .T. ) ;
#7013 = VERTEX_POINT ( 'NONE', #6738 ) ;
#7014 = LINE ( 'NONE', #81, #245 ) ;
#7015 = ORIENTED_EDGE ( 'NONE', *, *, #1861, .F. ) ;
#7016 = DIRECTION ( 'NONE',  ( 0.000000000000000000, -1.000000000000000000, 0.000000000000000000 ) ) ;
#7017 = FACE_OUTER_BOUND ( 'NONE', #1734, .T. ) ;
#7018 = ORIENTED_EDGE ( 'NONE', *, *, #3155, .F. ) ;
#7019 = DIRECTION ( 'NONE',  ( 0.000000000000000000, -1.000000000000000000, 0.000000000000000000 ) ) ;
#7020 = AXIS2_PLACEMENT_3D ( 'NONE', #5694, #8077, #2465 ) ;
#7021 = ORIENTED_EDGE ( 'NONE', *, *, #5279, .T. ) ;
#7022 = ORIENTED_EDGE ( 'NONE', *, *, #3081, .F. ) ;
#7023 = CARTESIAN_POINT ( 'NONE',  ( 32.30000000000000426, 500.0000000000000000, -17.69999999999999929 ) ) ;
#7024 = AXIS2_PLACEMENT_3D ( 'NONE', #4948, #4829, #5522 ) ;
#7025 = ORIENTED_EDGE ( 'NONE', *, *, #5139, .F. ) ;
#7026 = DIRECTION ( 'NONE',  ( 1.000000000000000000, 0.000000000000000000, 2.222219322136872090E-10 ) ) ;
#7027 = LINE ( 'NONE', #4571, #1438 ) ;
#7028 = EDGE_CURVE ( 'NONE', #5031, #689, #1674, .T. ) ;
#7029 = AXIS2_PLACEMENT_3D ( 'NONE', #1359, #1930, #1238 ) ;
#7030 = VERTEX_POINT ( 'NONE', #2534 ) ;
#7031 = ORIENTED_EDGE ( 'NONE', *, *, #6098, .T. ) ;
#7032 = CARTESIAN_POINT ( 'NONE',  ( -38.19999999999999574, -500.0000000000000000, -16.00000000000000000 ) ) ;
#7033 = DIRECTION ( 'NONE',  ( 0.000000000000000000, -1.000000000000000000, 0.000000000000000000 ) ) ;
#7034 = AXIS2_PLACEMENT_3D ( 'NONE', #7617, #1429, #5154 ) ;
#7035 = DIRECTION ( 'NONE',  ( 1.000000000000000000, 0.000000000000000000, 0.000000000000000000 ) ) ;
#7036 = DIRECTION ( 'NONE',  ( 1.000000000000000000, 0.000000000000000000, -1.040462578258159895E-08 ) ) ;
#7037 = EDGE_CURVE ( 'NONE', #6448, #6866, #6316, .T. ) ;
#7038 = ORIENTED_EDGE ( 'NONE', *, *, #1560, .T. ) ;
#7039 = EDGE_CURVE ( 'NONE', #5214, #674, #4960, .T. ) ;
#7040 = ORIENTED_EDGE ( 'NONE', *, *, #584, .T. ) ;
#7041 = VECTOR ( 'NONE', #8058, 1000.000000000000000 ) ;
#7042 = DIRECTION ( 'NONE',  ( 0.000000000000000000, -1.000000000000000000, 0.000000000000000000 ) ) ;
#7043 = VERTEX_POINT ( 'NONE', #1845 ) ;
#7044 = VERTEX_POINT ( 'NONE', #3078 ) ;
#7045 = DIRECTION ( 'NONE',  ( 1.000000000000000000, 0.000000000000000000, 1.734723475976808672E-15 ) ) ;
#7046 = DIRECTION ( 'NONE',  ( 0.000000000000000000, 0.000000000000000000, -1.000000000000000000 ) ) ;
#7047 = DIRECTION ( 'NONE',  ( -1.000000000000000000, 0.000000000000000000, 0.000000000000000000 ) ) ;
#7048 = PRODUCT_DEFINITION_FORMATION_WITH_SPECIFIED_SOURCE ( 'ANY', '', #911, .NOT_KNOWN. ) ;
#7049 = PLANE ( 'NONE',  #3766 ) ;
#7050 = EDGE_CURVE ( 'NONE', #2682, #2878, #5462, .T. ) ;
#7051 = VERTEX_POINT ( 'NONE', #5038 ) ;
#7052 = DIRECTION ( 'NONE',  ( 0.000000000000000000, -1.000000000000000000, 0.000000000000000000 ) ) ;
#7053 = CIRCLE ( 'NONE', #7852, 0.4999999999999995559 ) ;
#7054 = AXIS2_PLACEMENT_3D ( 'NONE', #3724, #2601, #7606 ) ;
#7055 = ORIENTED_EDGE ( 'NONE', *, *, #2884, .F. ) ;
#7056 = ORIENTED_EDGE ( 'NONE', *, *, #3396, .F. ) ;
#7057 = VERTEX_POINT ( 'NONE', #2574 ) ;
#7058 = CYLINDRICAL_SURFACE ( 'NONE', #1271, 5.000000005751919829 ) ;
#7059 = PLANE ( 'NONE',  #2899 ) ;
#7060 = ORIENTED_EDGE ( 'NONE', *, *, #5221, .F. ) ;
#7061 = DIRECTION ( 'NONE',  ( -1.000000000000000000, 0.000000000000000000, 0.000000000000000000 ) ) ;
#7062 = AXIS2_PLACEMENT_3D ( 'NONE', #1061, #1671, #2282 ) ;
#7063 = CARTESIAN_POINT ( 'NONE',  ( -30.65685426000000291, 500.0000000000000000, 8.535533909999999835 ) ) ;
#7064 = CIRCLE ( 'NONE', #3793, 0.5000000000000004441 ) ;
#7065 = EDGE_CURVE ( 'NONE', #967, #4926, #2499, .T. ) ;
#7066 = ORIENTED_EDGE ( 'NONE', *, *, #4012, .T. ) ;
#7067 = CARTESIAN_POINT ( 'NONE',  ( 26.49999999990000177, 500.0000000000000000, -16.00000000010000178 ) ) ;
#7068 = EDGE_LOOP ( 'NONE', ( #3944, #342, #4550, #5573 ) ) ;
#7069 = ORIENTED_EDGE ( 'NONE', *, *, #5721, .T. ) ;
#7070 = CARTESIAN_POINT ( 'NONE',  ( 15.99999999989999999, 500.0000000000000000, -16.50000000000000000 ) ) ;
#7071 = AXIS2_PLACEMENT_3D ( 'NONE', #5604, #5722, #1303 ) ;
#7072 = VECTOR ( 'NONE', #5041, 1000.000000000000000 ) ;
#7073 = CARTESIAN_POINT ( 'NONE',  ( -35.50000000000000000, 501.0000000000000000, 10.00000000000000000 ) ) ;
#7074 = ORIENTED_EDGE ( 'NONE', *, *, #6560, .F. ) ;
#7075 = DIRECTION ( 'NONE',  ( 0.000000000000000000, -1.000000000000000000, 0.000000000000000000 ) ) ;
#7076 = FACE_OUTER_BOUND ( 'NONE', #2995, .T. ) ;
#7077 = CIRCLE ( 'NONE', #7850, 2.200000000000000622 ) ;
#7078 = ORIENTED_EDGE ( 'NONE', *, *, #2796, .T. ) ;
#7079 = CIRCLE ( 'NONE', #3272, 2.499999999999999556 ) ;
#7080 = ORIENTED_EDGE ( 'NONE', *, *, #6163, .F. ) ;
#7081 = VERTEX_POINT ( 'NONE', #75 ) ;
#7082 = CARTESIAN_POINT ( 'NONE',  ( -38.50000000000000000, 501.0000000000000000, 4.000000000000000000 ) ) ;
#7083 = DIRECTION ( 'NONE',  ( 0.000000000000000000, -1.000000000000000000, 0.000000000000000000 ) ) ;
#7084 = AXIS2_PLACEMENT_3D ( 'NONE', #6173, #6827, #7367 ) ;
#7085 = ADVANCED_FACE ( 'NONE', ( #616 ), #6235, .F. ) ;
#7086 = CIRCLE ( 'NONE', #3279, 5.000000028479870906 ) ;
#7087 = DIRECTION ( 'NONE',  ( 0.000000000000000000, 0.000000000000000000, 1.000000000000000000 ) ) ;
#7088 = CARTESIAN_POINT ( 'NONE',  ( 12.18566017000000024, 501.0000000000000000, 9.935660179999999286 ) ) ;
#7089 = VECTOR ( 'NONE', #7871, 1000.000000000000000 ) ;
#7090 = LINE ( 'NONE', #2114, #7979 ) ;
#7091 = VERTEX_POINT ( 'NONE', #5648 ) ;
#7092 = ORIENTED_EDGE ( 'NONE', *, *, #4143, .F. ) ;
#7093 = ADVANCED_FACE ( 'NONE', ( #6160 ), #1150, .T. ) ;
#7094 = DIRECTION ( 'NONE',  ( 1.000000000000000000, 0.000000000000000000, 0.000000000000000000 ) ) ;
#7095 = LINE ( 'NONE', #5850, #1183 ) ;
#7096 = CARTESIAN_POINT ( 'NONE',  ( -10.00000000010000001, 501.0000000000000000, -15.50000000000000000 ) ) ;
#7097 = CARTESIAN_POINT ( 'NONE',  ( 13.50000000000000000, -500.0000000000000000, 15.50000000000000000 ) ) ;
#7098 = ORIENTED_EDGE ( 'NONE', *, *, #1780, .T. ) ;
#7099 = DIRECTION ( 'NONE',  ( 0.000000000000000000, 0.000000000000000000, 1.000000000000000000 ) ) ;
#7100 = ORIENTED_EDGE ( 'NONE', *, *, #3271, .T. ) ;
#7101 = VERTEX_POINT ( 'NONE', #5607 ) ;
#7102 = EDGE_CURVE ( 'NONE', #5352, #5955, #544, .T. ) ;
#7103 = EDGE_CURVE ( 'NONE', #1988, #7319, #4387, .T. ) ;
#7104 = VERTEX_POINT ( 'NONE', #7389 ) ;
#7105 = DIRECTION ( 'NONE',  ( 0.000000000000000000, 0.000000000000000000, -1.000000000000000000 ) ) ;
#7106 = ORIENTED_EDGE ( 'NONE', *, *, #283, .F. ) ;
#7107 = CARTESIAN_POINT ( 'NONE',  ( -34.19238815442340496, 501.0000000000000000, -5.000000017966709898 ) ) ;
#7108 = DIRECTION ( 'NONE',  ( -1.999928000984143172E-10, 0.000000000000000000, 1.000000000000000000 ) ) ;
#7109 = VERTEX_POINT ( 'NONE', #1767 ) ;
#7110 = DIRECTION ( 'NONE',  ( 0.000000000000000000, 0.000000000000000000, 1.000000000000000000 ) ) ;
#7111 = AXIS2_PLACEMENT_3D ( 'NONE', #3525, #4262, #6686 ) ;
#7112 = ORIENTED_EDGE ( 'NONE', *, *, #1005, .T. ) ;
#7113 = ORIENTED_EDGE ( 'NONE', *, *, #4180, .F. ) ;
#7114 = ORIENTED_EDGE ( 'NONE', *, *, #5661, .T. ) ;
#7115 = ADVANCED_FACE ( 'NONE', ( #657 ), #3774, .T. ) ;
#7116 = CARTESIAN_POINT ( 'NONE',  ( 40.00000000000000000, 500.0000000000000000, 0.000000000000000000 ) ) ;
#7117 = ORIENTED_EDGE ( 'NONE', *, *, #3079, .F. ) ;
#7118 = LINE ( 'NONE', #4046, #4652 ) ;
#7119 = CYLINDRICAL_SURFACE ( 'NONE', #5100, 0.5000000000000004441 ) ;
#7120 = AXIS2_PLACEMENT_3D ( 'NONE', #1013, #7371, #4865 ) ;
#7121 = ORIENTED_EDGE ( 'NONE', *, *, #6031, .T. ) ;
#7122 = AXIS2_PLACEMENT_3D ( 'NONE', #6161, #5455, #6739 ) ;
#7123 = ORIENTED_EDGE ( 'NONE', *, *, #16, .T. ) ;
#7124 = CARTESIAN_POINT ( 'NONE',  ( -37.50000000000000000, 501.0000000000000000, -4.000000000000000000 ) ) ;
#7125 = LINE ( 'NONE', #6500, #5825 ) ;
#7126 = FACE_OUTER_BOUND ( 'NONE', #3809, .T. ) ;
#7127 = DIRECTION ( 'NONE',  ( 1.000000000000000000, 0.000000000000000000, 0.000000000000000000 ) ) ;
#7128 = VECTOR ( 'NONE', #326, 1000.000000000000000 ) ;
#7129 = CARTESIAN_POINT ( 'NONE',  ( 35.50000000000000000, 500.0000000000000000, 2.875000000000000000 ) ) ;
#7130 = VERTEX_POINT ( 'NONE', #5532 ) ;
#7131 = ORIENTED_EDGE ( 'NONE', *, *, #1594, .F. ) ;
#7132 = DIRECTION ( 'NONE',  ( -1.000000000000000000, 0.000000000000000000, -4.884684341243944013E-09 ) ) ;
#7133 = FACE_OUTER_BOUND ( 'NONE', #5449, .T. ) ;
#7134 = PLANE ( 'NONE',  #415 ) ;
#7135 = FACE_OUTER_BOUND ( 'NONE', #4681, .T. ) ;
#7136 = CIRCLE ( 'NONE', #3202, 4.999999962794540842 ) ;
#7137 = AXIS2_PLACEMENT_3D ( 'NONE', #5312, #7769, #7170 ) ;
#7138 = EDGE_CURVE ( 'NONE', #1025, #4645, #6274, .T. ) ;
#7139 = ORIENTED_EDGE ( 'NONE', *, *, #3232, .F. ) ;
#7140 = ORIENTED_EDGE ( 'NONE', *, *, #1379, .T. ) ;
#7141 = DIRECTION ( 'NONE',  ( 0.000000000000000000, -1.000000000000000000, 0.000000000000000000 ) ) ;
#7142 = ORIENTED_EDGE ( 'NONE', *, *, #6295, .T. ) ;
#7143 = ORIENTED_EDGE ( 'NONE', *, *, #7887, .F. ) ;
#7144 = VECTOR ( 'NONE', #3628, 1000.000000000000000 ) ;
#7145 = ORIENTED_EDGE ( 'NONE', *, *, #1609, .T. ) ;
#7146 = CARTESIAN_POINT ( 'NONE',  ( -37.54999999999999716, -500.0000000000000000, -7.000000000000000000 ) ) ;
#7147 = DIRECTION ( 'NONE',  ( 2.222142223315713114E-10, 0.000000000000000000, -1.000000000000000000 ) ) ;
#7148 = ORIENTED_EDGE ( 'NONE', *, *, #3527, .T. ) ;
#7149 = PLANE ( 'NONE',  #745 ) ;
#7150 = CARTESIAN_POINT ( 'NONE',  ( 10.00000000010000001, 501.0000000000000000, 15.50000000000000000 ) ) ;
#7151 = ORIENTED_EDGE ( 'NONE', *, *, #3846, .T. ) ;
#7152 = EDGE_CURVE ( 'NONE', #628, #5827, #6904, .T. ) ;
#7153 = DIRECTION ( 'NONE',  ( 0.7071067825525398920, 0.000000000000000000, 0.7071067798205551425 ) ) ;
#7154 = EDGE_CURVE ( 'NONE', #1735, #5964, #5336, .T. ) ;
#7155 = ORIENTED_EDGE ( 'NONE', *, *, #6671, .T. ) ;
#7156 = ORIENTED_EDGE ( 'NONE', *, *, #4802, .T. ) ;
#7157 = ORIENTED_EDGE ( 'NONE', *, *, #4364, .F. ) ;
#7158 = FACE_OUTER_BOUND ( 'NONE', #5080, .T. ) ;
#7159 = VERTEX_POINT ( 'NONE', #3817 ) ;
#7160 = CARTESIAN_POINT ( 'NONE',  ( -36.00000000000000000, 501.0000000000000000, 7.000000000000000000 ) ) ;
#7161 = CIRCLE ( 'NONE', #4527, 2.499999999999998668 ) ;
#7162 = DIRECTION ( 'NONE',  ( 0.000000000000000000, 1.000000000000000000, 0.000000000000000000 ) ) ;
#7163 = AXIS2_PLACEMENT_3D ( 'NONE', #840, #6006, #6539 ) ;
#7164 = VERTEX_POINT ( 'NONE', #2418 ) ;
#7165 = EDGE_CURVE ( 'NONE', #6989, #7081, #578, .T. ) ;
#7166 = ORIENTED_EDGE ( 'NONE', *, *, #7549, .T. ) ;
#7167 = AXIS2_PLACEMENT_3D ( 'NONE', #1903, #4495, #5797 ) ;
#7168 = VERTEX_POINT ( 'NONE', #1803 ) ;
#7169 = DIRECTION ( 'NONE',  ( 0.000000000000000000, -1.000000000000000000, 0.000000000000000000 ) ) ;
#7170 = DIRECTION ( 'NONE',  ( 0.000000000000000000, 0.000000000000000000, -1.000000000000000000 ) ) ;
#7171 = CARTESIAN_POINT ( 'NONE',  ( 31.80000000000000071, 501.0000000000000000, 12.30000000000000071 ) ) ;
#7172 = CYLINDRICAL_SURFACE ( 'NONE', #1207, 4.999999869901409433 ) ;
#7173 = FACE_OUTER_BOUND ( 'NONE', #6616, .T. ) ;
#7174 = EDGE_CURVE ( 'NONE', #4030, #4857, #4311, .T. ) ;
#7175 = CARTESIAN_POINT ( 'NONE',  ( -12.87500000000000000, -500.0000000000000000, 15.50000000000000000 ) ) ;
#7176 = ORIENTED_EDGE ( 'NONE', *, *, #4325, .T. ) ;
#7177 = ORIENTED_EDGE ( 'NONE', *, *, #1254, .T. ) ;
#7178 = VECTOR ( 'NONE', #6199, 1000.000000000000000 ) ;
#7179 = CARTESIAN_POINT ( 'NONE',  ( 37.99999999989999822, 500.0000000000000000, 7.450000000000000178 ) ) ;
#7180 = CARTESIAN_POINT ( 'NONE',  ( 23.55761182633779782, 500.0000000000000000, -12.75000002847990110 ) ) ;
#7181 = FACE_OUTER_BOUND ( 'NONE', #2149, .T. ) ;
#7182 = CARTESIAN_POINT ( 'NONE',  ( -36.00000000000000000, 500.0000000000000000, 16.00000000000000000 ) ) ;
#7183 = CARTESIAN_POINT ( 'NONE',  ( 10.00000000000000000, 501.0000000000000000, 14.84619406500000061 ) ) ;
#7184 = VECTOR ( 'NONE', #2805, 1000.000000000000000 ) ;
#7185 = ORIENTED_EDGE ( 'NONE', *, *, #1685, .F. ) ;
#7186 = DIRECTION ( 'NONE',  ( 0.000000000000000000, 0.000000000000000000, -1.000000000000000000 ) ) ;
#7187 = ORIENTED_EDGE ( 'NONE', *, *, #1667, .T. ) ;
#7188 = ORIENTED_EDGE ( 'NONE', *, *, #3221, .T. ) ;
#7189 = CIRCLE ( 'NONE', #107, 3.999999999999996447 ) ;
#7190 = VECTOR ( 'NONE', #7283, 1000.000000000000000 ) ;
#7191 = DIRECTION ( 'NONE',  ( 1.000000000000000000, 0.000000000000000000, 2.222219322136863560E-10 ) ) ;
#7192 = EDGE_CURVE ( 'NONE', #7013, #7720, #6510, .T. ) ;
#7193 = FACE_OUTER_BOUND ( 'NONE', #2814, .T. ) ;
#7194 = EDGE_LOOP ( 'NONE', ( #5200, #4513, #7233, #5458 ) ) ;
#7195 = FACE_OUTER_BOUND ( 'NONE', #1881, .T. ) ;
#7196 = CARTESIAN_POINT ( 'NONE',  ( 37.54999999999999716, 501.0000000000000000, -7.000000000100000008 ) ) ;
#7197 = CARTESIAN_POINT ( 'NONE',  ( -36.00000000000000000, -500.0000000000000000, -6.999999999899999992 ) ) ;
#7198 = ORIENTED_EDGE ( 'NONE', *, *, #2248, .F. ) ;
#7199 = VERTEX_POINT ( 'NONE', #156 ) ;
#7200 = CARTESIAN_POINT ( 'NONE',  ( 38.00000000000000000, -500.0000000000000000, -7.450000000000000178 ) ) ;
#7201 = ORIENTED_EDGE ( 'NONE', *, *, #2634, .T. ) ;
#7202 = CARTESIAN_POINT ( 'NONE',  ( 34.19238814645449764, 500.0000000000000000, -5.000000037205460046 ) ) ;
#7203 = AXIS2_PLACEMENT_3D ( 'NONE', #4785, #7894, #5476 ) ;
#7204 = VECTOR ( 'NONE', #4274, 1000.000000000000000 ) ;
#7205 = ADVANCED_FACE ( 'NONE', ( #2030 ), #7049, .F. ) ;
#7206 = CARTESIAN_POINT ( 'NONE',  ( -27.49999999990000177, -500.0000000000000000, 15.49999999989999999 ) ) ;
#7207 = AXIS2_PLACEMENT_3D ( 'NONE', #2740, #5765, #7045 ) ;
#7208 = VECTOR ( 'NONE', #5812, 1000.000000000000000 ) ;
#7209 = EDGE_LOOP ( 'NONE', ( #1759, #913, #875, #3338 ) ) ;
#7210 = DIRECTION ( 'NONE',  ( -1.734723475976807094E-15, 0.000000000000000000, 1.000000000000000000 ) ) ;
#7211 = DIRECTION ( 'NONE',  ( 0.000000000000000000, 0.000000000000000000, 1.000000000000000000 ) ) ;
#7212 = ADVANCED_FACE ( 'NONE', ( #5243 ), #3894, .F. ) ;
#7213 = EDGE_CURVE ( 'NONE', #2711, #419, #92, .T. ) ;
#7214 = PLANE ( 'NONE',  #4405 ) ;
#7215 = VECTOR ( 'NONE', #3072, 1000.000000000000000 ) ;
#7216 = PLANE ( 'NONE',  #5410 ) ;
#7217 = ORIENTED_EDGE ( 'NONE', *, *, #5328, .F. ) ;
#7218 = CARTESIAN_POINT ( 'NONE',  ( 7.249999980000059630, -500.0000000000000000, 3.557611840000020287 ) ) ;
#7219 = AXIS2_PLACEMENT_3D ( 'NONE', #4322, #5429, #7960 ) ;
#7220 = CIRCLE ( 'NONE', #4854, 3.400000000000000355 ) ;
#7221 = ORIENTED_EDGE ( 'NONE', *, *, #2633, .F. ) ;
#7222 = VERTEX_POINT ( 'NONE', #1348 ) ;
#7223 = DIRECTION ( 'NONE',  ( -1.000000000000000000, 0.000000000000000000, 0.000000000000000000 ) ) ;
#7224 = EDGE_CURVE ( 'NONE', #4567, #7884, #7654, .T. ) ;
#7225 = DIRECTION ( 'NONE',  ( -1.000000000000000000, 0.000000000000000000, -6.666657966410595850E-11 ) ) ;
#7226 = DIRECTION ( 'NONE',  ( 0.000000000000000000, -1.000000000000000000, 0.000000000000000000 ) ) ;
#7227 = DIRECTION ( 'NONE',  ( 0.000000000000000000, 0.000000000000000000, -1.000000000000000000 ) ) ;
#7228 = VECTOR ( 'NONE', #3937, 1000.000000000000000 ) ;
#7229 = ORIENTED_EDGE ( 'NONE', *, *, #6547, .F. ) ;
#7230 = CARTESIAN_POINT ( 'NONE',  ( 38.00000000000000000, 500.0000000000000000, -3.737499999999999822 ) ) ;
#7231 = ORIENTED_EDGE ( 'NONE', *, *, #4720, .F. ) ;
#7232 = EDGE_LOOP ( 'NONE', ( #6624, #2846, #1580, #7875, #7316, #5601, #2128, #6889, #1002, #1434, #5961, #2274, #15, #4779, #3506, #2798, #1281, #6730, #1872, #6561, #2329, #3931, #6966, #6498 ) ) ;
#7233 = ORIENTED_EDGE ( 'NONE', *, *, #5048, .F. ) ;
#7234 = DIRECTION ( 'NONE',  ( 0.000000000000000000, 0.000000000000000000, -1.000000000000000000 ) ) ;
#7235 = ORIENTED_EDGE ( 'NONE', *, *, #7224, .F. ) ;
#7236 = CYLINDRICAL_SURFACE ( 'NONE', #5456, 1.499999999999999556 ) ;
#7237 = DIRECTION ( 'NONE',  ( 0.000000000000000000, 1.000000000000000000, 0.000000000000000000 ) ) ;
#7238 = DIRECTION ( 'NONE',  ( 0.000000000000000000, 0.000000000000000000, -1.000000000000000000 ) ) ;
#7239 = ORIENTED_EDGE ( 'NONE', *, *, #1380, .F. ) ;
#7240 = EDGE_CURVE ( 'NONE', #1998, #1274, #4814, .T. ) ;
#7241 = VERTEX_POINT ( 'NONE', #4506 ) ;
#7242 = VERTEX_POINT ( 'NONE', #7697 ) ;
#7243 = DIRECTION ( 'NONE',  ( -0.7071067811865489050, 0.000000000000000000, -0.7071067811865460184 ) ) ;
#7244 = VERTEX_POINT ( 'NONE', #5809 ) ;
#7245 = DIRECTION ( 'NONE',  ( 1.000000000000000000, 0.000000000000000000, 0.000000000000000000 ) ) ;
#7246 = DIRECTION ( 'NONE',  ( 0.000000000000000000, 1.000000000000000000, 0.000000000000000000 ) ) ;
#7247 = CIRCLE ( 'NONE', #28, 2.499999999999998668 ) ;
#7248 = EDGE_CURVE ( 'NONE', #5650, #5214, #4414, .T. ) ;
#7249 = VERTEX_POINT ( 'NONE', #7743 ) ;
#7250 = EDGE_LOOP ( 'NONE', ( #908, #1108, #2931, #6445 ) ) ;
#7251 = CARTESIAN_POINT ( 'NONE',  ( 25.50000000009999823, -500.0000000000000000, 18.49999999990000177 ) ) ;
#7252 = CIRCLE ( 'NONE', #5791, 4.999999869901409433 ) ;
#7253 = DIRECTION ( 'NONE',  ( 0.000000000000000000, 1.000000000000000000, 0.000000000000000000 ) ) ;
#7254 = LINE ( 'NONE', #1504, #6368 ) ;
#7255 = DIRECTION ( 'NONE',  ( 0.000000000000000000, -1.000000000000000000, 0.000000000000000000 ) ) ;
#7256 = AXIS2_PLACEMENT_3D ( 'NONE', #504, #7356, #1192 ) ;
#7257 = ADVANCED_FACE ( 'NONE', ( #1471 ), #2123, .F. ) ;
#7258 = ADVANCED_FACE ( 'NONE', ( #7135 ), #6431, .F. ) ;
#7259 = DIRECTION ( 'NONE',  ( 0.000000000000000000, 0.000000000000000000, -1.000000000000000000 ) ) ;
#7260 = ORIENTED_EDGE ( 'NONE', *, *, #6787, .T. ) ;
#7261 = LINE ( 'NONE', #1716, #4426 ) ;
#7262 = CYLINDRICAL_SURFACE ( 'NONE', #709, 4.999999869901410321 ) ;
#7263 = CARTESIAN_POINT ( 'NONE',  ( -14.49999999989999999, -500.0000000000000000, -18.49999999990000177 ) ) ;
#7264 = CARTESIAN_POINT ( 'NONE',  ( 8.199999990000000238, 500.0000000000000000, 11.74974747000000086 ) ) ;
#7265 = LINE ( 'NONE', #6072, #4034 ) ;
#7266 = ADVANCED_FACE ( 'NONE', ( #3319 ), #2743, .F. ) ;
#7267 = ORIENTED_EDGE ( 'NONE', *, *, #7430, .T. ) ;
#7268 = LINE ( 'NONE', #2411, #2886 ) ;
#7269 = ORIENTED_EDGE ( 'NONE', *, *, #2872, .T. ) ;
#7270 = ORIENTED_EDGE ( 'NONE', *, *, #5634, .F. ) ;
#7271 = CARTESIAN_POINT ( 'NONE',  ( -13.50000000000000000, -500.0000000000000000, 15.50000000010000001 ) ) ;
#7272 = CARTESIAN_POINT ( 'NONE',  ( -29.21446609999999922, 500.0000000000000000, -7.093145749999999694 ) ) ;
#7273 = ORIENTED_EDGE ( 'NONE', *, *, #4444, .F. ) ;
#7274 = CARTESIAN_POINT ( 'NONE',  ( -12.99999999989999999, 500.0000000000000000, 17.55000000000000071 ) ) ;
#7275 = DIRECTION ( 'NONE',  ( -1.000000000000000000, 0.000000000000000000, 0.000000000000000000 ) ) ;
#7276 = CYLINDRICAL_SURFACE ( 'NONE', #1938, 0.5000000000000004441 ) ;
#7277 = EDGE_CURVE ( 'NONE', #1297, #5731, #3236, .T. ) ;
#7278 = VERTEX_POINT ( 'NONE', #7097 ) ;
#7279 = LINE ( 'NONE', #2301, #6934 ) ;
#7280 = AXIS2_PLACEMENT_3D ( 'NONE', #6712, #1087, #3586 ) ;
#7281 = ORIENTED_EDGE ( 'NONE', *, *, #4167, .F. ) ;
#7282 = EDGE_LOOP ( 'NONE', ( #3204, #3975, #7868, #5920 ) ) ;
#7283 = DIRECTION ( 'NONE',  ( 0.000000000000000000, -1.000000000000000000, 0.000000000000000000 ) ) ;
#7284 = VERTEX_POINT ( 'NONE', #4024 ) ;
#7285 = DIRECTION ( 'NONE',  ( 1.000000000000000000, 0.000000000000000000, 6.666657966410595850E-11 ) ) ;
#7286 = DIRECTION ( 'NONE',  ( 0.000000000000000000, -1.000000000000000000, 0.000000000000000000 ) ) ;
#7287 = EDGE_CURVE ( 'NONE', #1381, #5120, #6515, .T. ) ;
#7288 = ORIENTED_EDGE ( 'NONE', *, *, #881, .T. ) ;
#7289 = DIRECTION ( 'NONE',  ( 0.000000000000000000, -1.000000000000000000, 0.000000000000000000 ) ) ;
#7290 = DIRECTION ( 'NONE',  ( 0.000000000000000000, 1.000000000000000000, 0.000000000000000000 ) ) ;
#7291 = EDGE_CURVE ( 'NONE', #82, #4141, #1994, .T. ) ;
#7292 = LINE ( 'NONE', #7171, #226 ) ;
#7293 = CARTESIAN_POINT ( 'NONE',  ( 6.262500000000000178, -500.0000000000000000, 18.00000000000000000 ) ) ;
#7294 = ORIENTED_EDGE ( 'NONE', *, *, #1497, .F. ) ;
#7295 = DIRECTION ( 'NONE',  ( 0.000000000000000000, 1.000000000000000000, 0.000000000000000000 ) ) ;
#7296 = VERTEX_POINT ( 'NONE', #3358 ) ;
#7297 = DIRECTION ( 'NONE',  ( 0.000000000000000000, 1.000000000000000000, 0.000000000000000000 ) ) ;
#7298 = CARTESIAN_POINT ( 'NONE',  ( -29.93566017999999929, 501.0000000000000000, 7.814339829999998877 ) ) ;
#7299 = AXIS2_PLACEMENT_3D ( 'NONE', #1868, #1720, #6186 ) ;
#7300 = EDGE_CURVE ( 'NONE', #6242, #7884, #1273, .T. ) ;
#7301 = ADVANCED_FACE ( 'NONE', ( #4832 ), #2787, .T. ) ;
#7302 = DIRECTION ( 'NONE',  ( 1.000000000000000000, 0.000000000000000000, 0.000000000000000000 ) ) ;
#7303 = CARTESIAN_POINT ( 'NONE',  ( 24.00000000000000000, -500.0000000000000000, -8.750000000000000000 ) ) ;
#7304 = ORIENTED_EDGE ( 'NONE', *, *, #1288, .F. ) ;
#7305 = VECTOR ( 'NONE', #3952, 1000.000000000000000 ) ;
#7306 = DIRECTION ( 'NONE',  ( -1.000000000000000000, 0.000000000000000000, -9.999640004920697768E-11 ) ) ;
#7307 = EDGE_LOOP ( 'NONE', ( #195, #2689, #3461, #884 ) ) ;
#7308 = ORIENTED_EDGE ( 'NONE', *, *, #1685, .T. ) ;
#7309 = CYLINDRICAL_SURFACE ( 'NONE', #1169, 4.999999999999999112 ) ;
#7310 = ADVANCED_FACE ( 'NONE', ( #5983 ), #3483, .F. ) ;
#7311 = DIRECTION ( 'NONE',  ( 0.000000000000000000, 0.000000000000000000, -1.000000000000000000 ) ) ;
#7312 = AXIS2_PLACEMENT_3D ( 'NONE', #3738, #3116, #3657 ) ;
#7313 = PLANE ( 'NONE',  #877 ) ;
#7314 = CARTESIAN_POINT ( 'NONE',  ( 25.00000000000000000, 500.0000000000000000, -15.50000000010000001 ) ) ;
#7315 = CARTESIAN_POINT ( 'NONE',  ( 23.55761189202310035, 501.0000000000000000, 12.74999986990139966 ) ) ;
#7316 = ORIENTED_EDGE ( 'NONE', *, *, #2526, .T. ) ;
#7317 = CARTESIAN_POINT ( 'NONE',  ( 25.00000001796670190, -500.0000000000000000, -14.19238815442339963 ) ) ;
#7318 = VERTEX_POINT ( 'NONE', #1722 ) ;
#7319 = VERTEX_POINT ( 'NONE', #2325 ) ;
#7320 = CIRCLE ( 'NONE', #4819, 1.500000000000001332 ) ;
#7321 = CARTESIAN_POINT ( 'NONE',  ( 32.30000000000000426, 500.0000000000000000, 11.79999999999999893 ) ) ;
#7322 = ORIENTED_EDGE ( 'NONE', *, *, #921, .T. ) ;
#7323 = DIRECTION ( 'NONE',  ( 0.000000000000000000, 1.000000000000000000, 0.000000000000000000 ) ) ;
#7324 = EDGE_CURVE ( 'NONE', #1118, #2167, #7265, .T. ) ;
#7325 = FACE_OUTER_BOUND ( 'NONE', #2855, .T. ) ;
#7326 = VECTOR ( 'NONE', #4222, 1000.000000000000114 ) ;
#7327 = VECTOR ( 'NONE', #431, 1000.000000000000000 ) ;
#7328 = AXIS2_PLACEMENT_3D ( 'NONE', #6103, #5362, #7855 ) ;
#7329 = CYLINDRICAL_SURFACE ( 'NONE', #6392, 2.500000000000002220 ) ;
#7330 = LINE ( 'NONE', #5432, #6110 ) ;
#7331 = DIRECTION ( 'NONE',  ( 0.000000000000000000, 0.000000000000000000, -1.000000000000000000 ) ) ;
#7332 = CARTESIAN_POINT ( 'NONE',  ( -27.75000000000000000, 500.0000000000000000, 3.557611840000000303 ) ) ;
#7333 = CIRCLE ( 'NONE', #5882, 3.400000000000000355 ) ;
#7334 = VECTOR ( 'NONE', #119, 1000.000000000000000 ) ;
#7335 = DIRECTION ( 'NONE',  ( 0.000000000000000000, 1.000000000000000000, 0.000000000000000000 ) ) ;
#7336 = ADVANCED_FACE ( 'NONE', ( #986 ), #946, .F. ) ;
#7337 = ORIENTED_EDGE ( 'NONE', *, *, #7676, .F. ) ;
#7338 = PLANE ( 'NONE',  #5598 ) ;
#7339 = CARTESIAN_POINT ( 'NONE',  ( 24.00000000000000000, -500.0000000000000000, 8.750000000000000000 ) ) ;
#7340 = AXIS2_PLACEMENT_3D ( 'NONE', #4488, #2014, #5706 ) ;
#7341 = VECTOR ( 'NONE', #4161, 1000.000000000000000 ) ;
#7342 = LINE ( 'NONE', #6876, #4284 ) ;
#7343 = CARTESIAN_POINT ( 'NONE',  ( -13.50000000000000000, 501.0000000000000000, -15.50000000000000000 ) ) ;
#7344 = DIRECTION ( 'NONE',  ( 0.000000000000000000, -1.000000000000000000, 0.000000000000000000 ) ) ;
#7345 = AXIS2_PLACEMENT_3D ( 'NONE', #1758, #417, #2918 ) ;
#7346 = ORIENTED_EDGE ( 'NONE', *, *, #2401, .F. ) ;
#7347 = CYLINDRICAL_SURFACE ( 'NONE', #7345, 0.4999999999999995559 ) ;
#7348 = ADVANCED_FACE ( 'NONE', ( #2954 ), #330, .F. ) ;
#7349 = VERTEX_POINT ( 'NONE', #2917 ) ;
#7350 = VERTEX_POINT ( 'NONE', #4147 ) ;
#7351 = PLANE ( 'NONE',  #4320 ) ;
#7352 = CIRCLE ( 'NONE', #3808, 5.000000000000000888 ) ;
#7353 = CIRCLE ( 'NONE', #534, 0.5000000000000004441 ) ;
#7354 = CARTESIAN_POINT ( 'NONE',  ( -8.881784197001250351E-16, -500.0000000000000000, -2.440173551238919877E-16 ) ) ;
#7355 = FACE_OUTER_BOUND ( 'NONE', #7396, .T. ) ;
#7356 = DIRECTION ( 'NONE',  ( 0.000000000000000000, 1.000000000000000000, 0.000000000000000000 ) ) ;
#7357 = PLANE ( 'NONE',  #4963 ) ;
#7358 = ORIENTED_EDGE ( 'NONE', *, *, #5546, .T. ) ;
#7359 = CARTESIAN_POINT ( 'NONE',  ( 35.50000000000000000, 500.0000000000000000, 9.999999999899998215 ) ) ;
#7360 = EDGE_CURVE ( 'NONE', #3572, #3420, #5368, .T. ) ;
#7361 = ADVANCED_FACE ( 'NONE', ( #2209 ), #4722, .F. ) ;
#7362 = ORIENTED_EDGE ( 'NONE', *, *, #1637, .F. ) ;
#7363 = LINE ( 'NONE', #309, #5861 ) ;
#7364 = UNCERTAINTY_MEASURE_WITH_UNIT (LENGTH_MEASURE( 1.000000000000000082E-05 ), #1394, 'distance_accuracy_value', 'NONE');
#7365 = ORIENTED_EDGE ( 'NONE', *, *, #6978, .T. ) ;
#7366 = DIRECTION ( 'NONE',  ( 1.000000000000000000, 0.000000000000000000, 0.000000000000000000 ) ) ;
#7367 = DIRECTION ( 'NONE',  ( -1.000000000000000000, 0.000000000000000000, -1.999945348218899322E-10 ) ) ;
#7368 = EDGE_CURVE ( 'NONE', #573, #7746, #2828, .T. ) ;
#7369 = DIRECTION ( 'NONE',  ( 0.000000000000000000, 0.000000000000000000, 1.000000000000000000 ) ) ;
#7370 = DIRECTION ( 'NONE',  ( 0.7071067811865489050, 0.000000000000000000, -0.7071067811865460184 ) ) ;
#7371 = DIRECTION ( 'NONE',  ( 0.000000000000000000, 1.000000000000000000, 0.000000000000000000 ) ) ;
#7372 = ORIENTED_EDGE ( 'NONE', *, *, #29, .F. ) ;
#7373 = EDGE_CURVE ( 'NONE', #4345, #7130, #7823, .T. ) ;
#7374 = AXIS2_PLACEMENT_3D ( 'NONE', #4751, #5473, #7892 ) ;
#7375 = DIRECTION ( 'NONE',  ( 0.000000000000000000, -1.000000000000000000, 0.000000000000000000 ) ) ;
#7376 = CARTESIAN_POINT ( 'NONE',  ( -13.00000000010000001, 500.0000000000000000, -16.00000000000000000 ) ) ;
#7377 = DIRECTION ( 'NONE',  ( 0.000000000000000000, 0.000000000000000000, -1.000000000000000000 ) ) ;
#7378 = DIRECTION ( 'NONE',  ( 0.000000000000000000, -1.000000000000000000, 0.000000000000000000 ) ) ;
#7379 = LINE ( 'NONE', #6150, #1986 ) ;
#7380 = VECTOR ( 'NONE', #6908, 1000.000000000000000 ) ;
#7381 = LINE ( 'NONE', #3035, #2987 ) ;
#7382 = DIRECTION ( 'NONE',  ( -1.000000000000000000, 0.000000000000000000, -3.469446951953614978E-15 ) ) ;
#7383 = VERTEX_POINT ( 'NONE', #6030 ) ;
#7384 = ORIENTED_EDGE ( 'NONE', *, *, #73, .T. ) ;
#7385 = DIRECTION ( 'NONE',  ( 1.000000000000000000, 0.000000000000000000, 2.222219322136872090E-10 ) ) ;
#7386 = CARTESIAN_POINT ( 'NONE',  ( -37.69999999999999574, -500.0000000000000000, 12.30000000000000071 ) ) ;
#7387 = LINE ( 'NONE', #4270, #5385 ) ;
#7388 = ORIENTED_EDGE ( 'NONE', *, *, #3695, .F. ) ;
#7389 = CARTESIAN_POINT ( 'NONE',  ( -31.80000000000000071, -500.0000000000000000, -17.69999999999999929 ) ) ;
#7390 = ADVANCED_FACE ( 'NONE', ( #1607 ), #4112, .F. ) ;
#7391 = CARTESIAN_POINT ( 'NONE',  ( -36.00000000000000000, -500.0000000000000000, -16.00000000000000000 ) ) ;
#7392 = VECTOR ( 'NONE', #3479, 1000.000000000000000 ) ;
#7393 = DIRECTION ( 'NONE',  ( 0.000000000000000000, -1.000000000000000000, 0.000000000000000000 ) ) ;
#7394 = EDGE_LOOP ( 'NONE', ( #5663, #162, #2105, #4996 ) ) ;
#7395 = DIRECTION ( 'NONE',  ( 0.000000000000000000, -1.000000000000000000, 0.000000000000000000 ) ) ;
#7396 = EDGE_LOOP ( 'NONE', ( #6156, #173, #4278, #3408 ) ) ;
#7397 = ORIENTED_EDGE ( 'NONE', *, *, #3687, .T. ) ;
#7398 = LINE ( 'NONE', #7431, #2725 ) ;
#7399 = ORIENTED_EDGE ( 'NONE', *, *, #6411, .T. ) ;
#7400 = CARTESIAN_POINT ( 'NONE',  ( -15.99999999989999999, 500.0000000000000000, -18.50000000000000000 ) ) ;
#7401 = CARTESIAN_POINT ( 'NONE',  ( 27.49999999990000177, 500.0000000000000000, -15.49999999989999999 ) ) ;
#7402 = EDGE_CURVE ( 'NONE', #387, #4976, #5589, .T. ) ;
#7403 = ADVANCED_FACE ( 'NONE', ( #7902 ), #1105, .F. ) ;
#7404 = CIRCLE ( 'NONE', #5444, 2.200000000000000622 ) ;
#7405 = FACE_OUTER_BOUND ( 'NONE', #2779, .T. ) ;
#7406 = AXIS2_PLACEMENT_3D ( 'NONE', #3053, #5543, #7285 ) ;
#7407 = CARTESIAN_POINT ( 'NONE',  ( 12.55000000000000071, 501.0000000000000000, -18.00000000000000000 ) ) ;
#7408 = EDGE_CURVE ( 'NONE', #1638, #7199, #2050, .T. ) ;
#7409 = CARTESIAN_POINT ( 'NONE',  ( 10.00000000000000000, 501.0000000000000000, 14.19238813000000121 ) ) ;
#7410 = EDGE_LOOP ( 'NONE', ( #4619, #2749, #7015, #1756 ) ) ;
#7411 = FACE_OUTER_BOUND ( 'NONE', #4537, .T. ) ;
#7412 = CARTESIAN_POINT ( 'NONE',  ( -38.00000000000000000, 501.0000000000000000, 7.474999999999999645 ) ) ;
#7413 = DIRECTION ( 'NONE',  ( 1.000000000000000000, 0.000000000000000000, 0.000000000000000000 ) ) ;
#7414 = CARTESIAN_POINT ( 'NONE',  ( -9.664466100000009163, 501.0000000000000000, 8.214213559999990366 ) ) ;
#7415 = EDGE_CURVE ( 'NONE', #550, #736, #6687, .T. ) ;
#7416 = CARTESIAN_POINT ( 'NONE',  ( 27.49999999990000177, -500.0000000000000000, -15.49999999989999999 ) ) ;
#7417 = DIRECTION ( 'NONE',  ( -0.7071067807047830556, 0.000000000000000000, -0.7071067816683118679 ) ) ;
#7418 = EDGE_LOOP ( 'NONE', ( #1477, #5171, #3268, #3693 ) ) ;
#7419 = ORIENTED_EDGE ( 'NONE', *, *, #2248, .T. ) ;
#7420 = AXIS2_PLACEMENT_3D ( 'NONE', #4260, #1137, #3762 ) ;
#7421 = CARTESIAN_POINT ( 'NONE',  ( 14.49999999989999999, -500.0000000000000000, -18.49999999990000177 ) ) ;
#7422 = CARTESIAN_POINT ( 'NONE',  ( -14.49999999989999999, 501.0000000000000000, -18.49999999990000177 ) ) ;
#7423 = CARTESIAN_POINT ( 'NONE',  ( -24.00000000000000000, 500.0000000000000000, 8.750000000000000000 ) ) ;
#7424 = DIRECTION ( 'NONE',  ( 3.999856001968282080E-11, 0.000000000000000000, -1.000000000000000000 ) ) ;
#7425 = DIRECTION ( 'NONE',  ( 0.000000000000000000, -1.000000000000000000, 0.000000000000000000 ) ) ;
#7426 = CARTESIAN_POINT ( 'NONE',  ( 25.00000000010000178, 500.0000000000000000, 16.50000000010000178 ) ) ;
#7427 = EDGE_LOOP ( 'NONE', ( #3165, #777, #4613, #7678 ) ) ;
#7428 = ORIENTED_EDGE ( 'NONE', *, *, #5848, .F. ) ;
#7429 = VERTEX_POINT ( 'NONE', #1069 ) ;
#7430 = EDGE_CURVE ( 'NONE', #7241, #7051, #5202, .T. ) ;
#7431 = CARTESIAN_POINT ( 'NONE',  ( -30.65685426000000291, 501.0000000000000000, -8.535533909999999835 ) ) ;
#7432 = VECTOR ( 'NONE', #1021, 1000.000000000000000 ) ;
#7433 = ORIENTED_EDGE ( 'NONE', *, *, #4885, .F. ) ;
#7434 = DIRECTION ( 'NONE',  ( 0.000000000000000000, -1.000000000000000000, 0.000000000000000000 ) ) ;
#7435 = DIRECTION ( 'NONE',  ( 0.000000000000000000, 1.000000000000000000, 0.000000000000000000 ) ) ;
#7436 = ORIENTED_EDGE ( 'NONE', *, *, #5391, .F. ) ;
#7437 = CARTESIAN_POINT ( 'NONE',  ( 27.00000000000000000, 501.0000000000000000, 16.00000000000000000 ) ) ;
#7438 = AXIS2_PLACEMENT_3D ( 'NONE', #5597, #649, #3148 ) ;
#7439 = EDGE_CURVE ( 'NONE', #3663, #5865, #4873, .T. ) ;
#7440 = EDGE_CURVE ( 'NONE', #3189, #2125, #4552, .T. ) ;
#7441 = ORIENTED_EDGE ( 'NONE', *, *, #3677, .T. ) ;
#7442 = CYLINDRICAL_SURFACE ( 'NONE', #331, 1.500000000000001332 ) ;
#7443 = CARTESIAN_POINT ( 'NONE',  ( -13.00000000000000000, -500.0000000000000000, -17.55000000000000071 ) ) ;
#7444 = CIRCLE ( 'NONE', #2332, 4.999999869901409433 ) ;
#7445 = LINE ( 'NONE', #3953, #33 ) ;
#7446 = EDGE_LOOP ( 'NONE', ( #1324, #2302, #2850, #6548 ) ) ;
#7447 = AXIS2_PLACEMENT_3D ( 'NONE', #4748, #2976, #4098 ) ;
#7448 = DIRECTION ( 'NONE',  ( -4.884684341243943186E-09, 0.000000000000000000, 1.000000000000000000 ) ) ;
#7449 = EDGE_CURVE ( 'NONE', #3940, #1701, #7381, .T. ) ;
#7450 = EDGE_CURVE ( 'NONE', #1390, #3499, #4263, .T. ) ;
#7451 = CARTESIAN_POINT ( 'NONE',  ( -13.00000000010000001, 501.0000000000000000, -16.00000000000000000 ) ) ;
#7452 = LINE ( 'NONE', #7339, #1491 ) ;
#7453 = AXIS2_PLACEMENT_3D ( 'NONE', #4987, #3141, #5632 ) ;
#7454 = FACE_OUTER_BOUND ( 'NONE', #3903, .T. ) ;
#7455 = CIRCLE ( 'NONE', #6019, 2.500000000000000444 ) ;
#7456 = VERTEX_POINT ( 'NONE', #3728 ) ;
#7457 = CARTESIAN_POINT ( 'NONE',  ( 14.99999999989999999, 500.0000000000000000, -16.50000000010000178 ) ) ;
#7458 = DIRECTION ( 'NONE',  ( 1.000000000000000000, 0.000000000000000000, 0.000000000000000000 ) ) ;
#7459 = LINE ( 'NONE', #108, #3930 ) ;
#7460 = VECTOR ( 'NONE', #2414, 1000.000000000000114 ) ;
#7461 = AXIS2_PLACEMENT_3D ( 'NONE', #6166, #6819, #2966 ) ;
#7462 = EDGE_CURVE ( 'NONE', #5474, #7091, #5716, .T. ) ;
#7463 = ORIENTED_EDGE ( 'NONE', *, *, #1525, .F. ) ;
#7464 = ORIENTED_EDGE ( 'NONE', *, *, #7580, .F. ) ;
#7465 = CARTESIAN_POINT ( 'NONE',  ( -29.99999999990000177, -500.0000000000000000, 15.50000000000000000 ) ) ;
#7466 = DIRECTION ( 'NONE',  ( 0.000000000000000000, -1.000000000000000000, 0.000000000000000000 ) ) ;
#7467 = CARTESIAN_POINT ( 'NONE',  ( -35.50000000010000178, -500.0000000000000000, 6.500000000000000000 ) ) ;
#7468 = DIRECTION ( 'NONE',  ( -1.000000000000000000, 0.000000000000000000, -3.999856001968284665E-11 ) ) ;
#7469 = VECTOR ( 'NONE', #2515, 1000.000000000000000 ) ;
#7470 = VECTOR ( 'NONE', #4584, 1000.000000000000000 ) ;
#7471 = LINE ( 'NONE', #4314, #392 ) ;
#7472 = VERTEX_POINT ( 'NONE', #3646 ) ;
#7473 = LINE ( 'NONE', #7585, #2349 ) ;
#7474 = EDGE_LOOP ( 'NONE', ( #6466, #5068, #3652, #4229 ) ) ;
#7475 = VERTEX_POINT ( 'NONE', #532 ) ;
#7476 = VECTOR ( 'NONE', #242, 1000.000000000000114 ) ;
#7477 = LINE ( 'NONE', #6170, #4822 ) ;
#7478 = VERTEX_POINT ( 'NONE', #4950 ) ;
#7479 = CARTESIAN_POINT ( 'NONE',  ( -16.00000000000000000, 501.0000000000000000, 17.50000000000000000 ) ) ;
#7480 = CARTESIAN_POINT ( 'NONE',  ( 16.44238810797689965, 501.0000000000000000, -12.74999986990139966 ) ) ;
#7481 = EDGE_CURVE ( 'NONE', #7249, #8006, #2409, .T. ) ;
#7482 = ORIENTED_EDGE ( 'NONE', *, *, #5472, .F. ) ;
#7483 = ORIENTED_EDGE ( 'NONE', *, *, #795, .T. ) ;
#7484 = DIRECTION ( 'NONE',  ( -9.999986949615893129E-11, 0.000000000000000000, 1.000000000000000000 ) ) ;
#7485 = LINE ( 'NONE', #636, #2348 ) ;
#7486 = CARTESIAN_POINT ( 'NONE',  ( 12.90685425000000031, 501.0000000000000000, 9.214466100000000992 ) ) ;
#7487 = EDGE_CURVE ( 'NONE', #6913, #5031, #6802, .T. ) ;
#7488 = DIRECTION ( 'NONE',  ( -0.7071067807047830556, 0.000000000000000000, -0.7071067816683118679 ) ) ;
#7489 = DIRECTION ( 'NONE',  ( 0.000000000000000000, 0.000000000000000000, -1.000000000000000000 ) ) ;
#7490 = DIRECTION ( 'NONE',  ( 0.000000000000000000, -1.000000000000000000, 0.000000000000000000 ) ) ;
#7491 = CARTESIAN_POINT ( 'NONE',  ( -35.49999999989999822, 501.0000000000000000, -7.499999999899999992 ) ) ;
#7492 = DIRECTION ( 'NONE',  ( 1.000000000000000000, 0.000000000000000000, 0.000000000000000000 ) ) ;
#7493 = PLANE ( 'NONE',  #1925 ) ;
#7494 = EDGE_CURVE ( 'NONE', #2958, #111, #570, .T. ) ;
#7495 = EDGE_CURVE ( 'NONE', #2469, #5299, #1253, .T. ) ;
#7496 = ORIENTED_EDGE ( 'NONE', *, *, #2526, .F. ) ;
#7497 = DIRECTION ( 'NONE',  ( 0.000000000000000000, -1.000000000000000000, 0.000000000000000000 ) ) ;
#7498 = ORIENTED_EDGE ( 'NONE', *, *, #3447, .T. ) ;
#7499 = ORIENTED_EDGE ( 'NONE', *, *, #5398, .F. ) ;
#7500 = VECTOR ( 'NONE', #5435, 1000.000000000000000 ) ;
#7501 = CARTESIAN_POINT ( 'NONE',  ( -12.55000000000000071, -500.0000000000000000, -17.99999999990000177 ) ) ;
#7502 = FACE_OUTER_BOUND ( 'NONE', #6694, .T. ) ;
#7503 = DIRECTION ( 'NONE',  ( -1.000000000000000000, 0.000000000000000000, -3.469446951953614978E-15 ) ) ;
#7504 = CARTESIAN_POINT ( 'NONE',  ( -10.00000000000000000, 501.0000000000000000, 15.50000000000000000 ) ) ;
#7505 = ADVANCED_FACE ( 'NONE', ( #4342 ), #7493, .F. ) ;
#7506 = DIRECTION ( 'NONE',  ( -1.000000000000000000, 0.000000000000000000, -9.999640004920697768E-11 ) ) ;
#7507 = VERTEX_POINT ( 'NONE', #6227 ) ;
#7508 = DIRECTION ( 'NONE',  ( 0.000000000000000000, -1.000000000000000000, 0.000000000000000000 ) ) ;
#7509 = ORIENTED_EDGE ( 'NONE', *, *, #2239, .T. ) ;
#7510 = ORIENTED_EDGE ( 'NONE', *, *, #1457, .T. ) ;
#7511 = CARTESIAN_POINT ( 'NONE',  ( -27.75000000000000000, 501.0000000000000000, 3.557611840000000303 ) ) ;
#7512 = ORIENTED_EDGE ( 'NONE', *, *, #5782, .T. ) ;
#7513 = CARTESIAN_POINT ( 'NONE',  ( -7.125000000000000000, 500.0000000000000000, -15.50000000000000000 ) ) ;
#7514 = FACE_OUTER_BOUND ( 'NONE', #4738, .T. ) ;
#7515 = AXIS2_PLACEMENT_3D ( 'NONE', #7298, #5980, #3566 ) ;
#7516 = VERTEX_POINT ( 'NONE', #3106 ) ;
#7517 = DIRECTION ( 'NONE',  ( 1.040462604279012531E-08, 0.000000000000000000, 1.000000000000000000 ) ) ;
#7518 = EDGE_CURVE ( 'NONE', #5955, #7796, #6661, .T. ) ;
#7519 = ORIENTED_EDGE ( 'NONE', *, *, #6338, .T. ) ;
#7520 = DIRECTION ( 'NONE',  ( -0.7071067811865461294, 0.000000000000000000, -0.7071067811865490160 ) ) ;
#7521 = ORIENTED_EDGE ( 'NONE', *, *, #6228, .T. ) ;
#7522 = DIRECTION ( 'NONE',  ( 1.000000000000000000, 0.000000000000000000, 0.000000000000000000 ) ) ;
#7523 = FACE_OUTER_BOUND ( 'NONE', #6691, .T. ) ;
#7524 = AXIS2_PLACEMENT_3D ( 'NONE', #1283, #5749, #7026 ) ;
#7525 = DIRECTION ( 'NONE',  ( 0.000000000000000000, -1.000000000000000000, 0.000000000000000000 ) ) ;
#7526 = CARTESIAN_POINT ( 'NONE',  ( 27.45000000009999752, 501.0000000000000000, -17.54999999989999893 ) ) ;
#7527 = CARTESIAN_POINT ( 'NONE',  ( 18.38750000000000284, -500.0000000000000000, 7.000000000000000000 ) ) ;
#7528 = DIRECTION ( 'NONE',  ( -0.7071067798205549204, 0.000000000000000000, 0.7071067825525400030 ) ) ;
#7529 = EDGE_CURVE ( 'NONE', #7555, #264, #6308, .T. ) ;
#7530 = PLANE ( 'NONE',  #3630 ) ;
#7531 = LINE ( 'NONE', #4992, #2122 ) ;
#7532 = ORIENTED_EDGE ( 'NONE', *, *, #947, .T. ) ;
#7533 = CARTESIAN_POINT ( 'NONE',  ( -14.99999996279450087, -500.0000000000000000, 14.19238814645449942 ) ) ;
#7534 = ORIENTED_EDGE ( 'NONE', *, *, #7277, .T. ) ;
#7535 = VERTEX_POINT ( 'NONE', #7684 ) ;
#7536 = EDGE_CURVE ( 'NONE', #3241, #7571, #5346, .T. ) ;
#7537 = EDGE_CURVE ( 'NONE', #6681, #2474, #5843, .T. ) ;
#7538 = VECTOR ( 'NONE', #4329, 1000.000000000000000 ) ;
#7539 = CARTESIAN_POINT ( 'NONE',  ( -27.00000000009999823, -500.0000000000000000, -17.55000000000000071 ) ) ;
#7540 = DIRECTION ( 'NONE',  ( 0.000000000000000000, 1.000000000000000000, 0.000000000000000000 ) ) ;
#7541 = DIRECTION ( 'NONE',  ( 0.000000000000000000, -1.000000000000000000, 0.000000000000000000 ) ) ;
#7542 = DIRECTION ( 'NONE',  ( 0.000000000000000000, 0.000000000000000000, -1.000000000000000000 ) ) ;
#7543 = CARTESIAN_POINT ( 'NONE',  ( -29.21446609999999922, 501.0000000000000000, 7.093145749999999694 ) ) ;
#7544 = AXIS2_PLACEMENT_3D ( 'NONE', #4224, #645, #491 ) ;
#7545 = ORIENTED_EDGE ( 'NONE', *, *, #2463, .F. ) ;
#7546 = CARTESIAN_POINT ( 'NONE',  ( -13.50000000000000000, -500.0000000000000000, -15.50000000000000000 ) ) ;
#7547 = EDGE_LOOP ( 'NONE', ( #4807, #4328, #6202, #1509 ) ) ;
#7548 = ORIENTED_EDGE ( 'NONE', *, *, #5761, .T. ) ;
#7549 = EDGE_CURVE ( 'NONE', #689, #6399, #5111, .T. ) ;
#7550 = CARTESIAN_POINT ( 'NONE',  ( 14.50000000000000000, -500.0000000000000000, -20.00000000000000000 ) ) ;
#7551 = ORIENTED_EDGE ( 'NONE', *, *, #681, .F. ) ;
#7552 = LINE ( 'NONE', #3245, #5170 ) ;
#7553 = LINE ( 'NONE', #627, #6950 ) ;
#7554 = AXIS2_PLACEMENT_3D ( 'NONE', #2007, #3292, #6528 ) ;
#7555 = VERTEX_POINT ( 'NONE', #7732 ) ;
#7556 = DIRECTION ( 'NONE',  ( -1.000000000000000000, 0.000000000000000000, 0.000000000000000000 ) ) ;
#7557 = ORIENTED_EDGE ( 'NONE', *, *, #1627, .F. ) ;
#7558 = EDGE_CURVE ( 'NONE', #6165, #67, #3310, .T. ) ;
#7559 = ORIENTED_EDGE ( 'NONE', *, *, #5769, .F. ) ;
#7560 = DIRECTION ( 'NONE',  ( -1.000000000000000000, 0.000000000000000000, 0.000000000000000000 ) ) ;
#7561 = CYLINDRICAL_SURFACE ( 'NONE', #2352, 0.5000000000000004441 ) ;
#7562 = VECTOR ( 'NONE', #4483, 1000.000000000000000 ) ;
#7563 = DIRECTION ( 'NONE',  ( 0.000000000000000000, -1.000000000000000000, 0.000000000000000000 ) ) ;
#7564 = DIRECTION ( 'NONE',  ( -1.000000000000000000, 0.000000000000000000, -1.999945348218899322E-10 ) ) ;
#7565 = DIRECTION ( 'NONE',  ( 0.000000000000000000, 1.000000000000000000, 0.000000000000000000 ) ) ;
#7566 = CARTESIAN_POINT ( 'NONE',  ( 30.00000000000000000, 500.0000000000000000, 14.19238813000000121 ) ) ;
#7567 = CARTESIAN_POINT ( 'NONE',  ( -38.19999999999999574, 500.0000000000000000, 16.00000000000000000 ) ) ;
#7568 = VECTOR ( 'NONE', #5637, 1000.000000000000000 ) ;
#7569 = EDGE_CURVE ( 'NONE', #2127, #1923, #2112, .T. ) ;
#7570 = CARTESIAN_POINT ( 'NONE',  ( 36.00000000000000000, -500.0000000000000000, -7.000000000000000000 ) ) ;
#7571 = VERTEX_POINT ( 'NONE', #360 ) ;
#7572 = ORIENTED_EDGE ( 'NONE', *, *, #220, .T. ) ;
#7573 = CIRCLE ( 'NONE', #1163, 4.999999962794540842 ) ;
#7574 = VECTOR ( 'NONE', #1228, 1000.000000000000000 ) ;
#7575 = DIRECTION ( 'NONE',  ( 0.000000000000000000, -1.000000000000000000, 0.000000000000000000 ) ) ;
#7576 = FACE_OUTER_BOUND ( 'NONE', #5344, .T. ) ;
#7577 = FACE_OUTER_BOUND ( 'NONE', #6527, .T. ) ;
#7578 = DIRECTION ( 'NONE',  ( 0.000000000000000000, -1.000000000000000000, 0.000000000000000000 ) ) ;
#7579 = VECTOR ( 'NONE', #654, 1000.000000000000000 ) ;
#7580 = EDGE_CURVE ( 'NONE', #2159, #4436, #6136, .T. ) ;
#7581 = DIRECTION ( 'NONE',  ( 0.000000000000000000, 1.000000000000000000, 0.000000000000000000 ) ) ;
#7582 = AXIS2_PLACEMENT_3D ( 'NONE', #4508, #1391, #3898 ) ;
#7583 = ORIENTED_EDGE ( 'NONE', *, *, #7885, .T. ) ;
#7584 = ORIENTED_EDGE ( 'NONE', *, *, #251, .F. ) ;
#7585 = CARTESIAN_POINT ( 'NONE',  ( 32.30000000000000426, 501.0000000000000000, 11.79999999999999893 ) ) ;
#7586 = EDGE_LOOP ( 'NONE', ( #3336, #2265, #5875, #3582 ) ) ;
#7587 = ORIENTED_EDGE ( 'NONE', *, *, #7039, .F. ) ;
#7588 = DIRECTION ( 'NONE',  ( 0.000000000000000000, 0.000000000000000000, 1.000000000000000000 ) ) ;
#7589 = ORIENTED_EDGE ( 'NONE', *, *, #5003, .T. ) ;
#7590 = CYLINDRICAL_SURFACE ( 'NONE', #1004, 2.499999999999998668 ) ;
#7591 = VECTOR ( 'NONE', #3152, 1000.000000000000000 ) ;
#7592 = DIRECTION ( 'NONE',  ( 1.000000000000000000, 0.000000000000000000, 0.000000000000000000 ) ) ;
#7593 = LINE ( 'NONE', #2510, #2444 ) ;
#7594 = VERTEX_POINT ( 'NONE', #3392 ) ;
#7595 = EDGE_CURVE ( 'NONE', #6866, #7535, #977, .T. ) ;
#7596 = ADVANCED_FACE ( 'NONE', ( #7173 ), #891, .F. ) ;
#7597 = EDGE_LOOP ( 'NONE', ( #6577, #1996, #4547, #4422 ) ) ;
#7598 = AXIS2_PLACEMENT_3D ( 'NONE', #1124, #3629, #8008 ) ;
#7599 = AXIS2_PLACEMENT_3D ( 'NONE', #2795, #865, #4729 ) ;
#7600 = CARTESIAN_POINT ( 'NONE',  ( 6.262500000000000178, 500.0000000000000000, -18.00000000000000000 ) ) ;
#7601 = VERTEX_POINT ( 'NONE', #6636 ) ;
#7602 = CARTESIAN_POINT ( 'NONE',  ( -20.00000000000000000, 500.0000000000000000, 0.000000000000000000 ) ) ;
#7603 = CARTESIAN_POINT ( 'NONE',  ( -38.00000000000000000, 500.0000000000000000, -3.737499999999999822 ) ) ;
#7604 = AXIS2_PLACEMENT_3D ( 'NONE', #5606, #7616, #7007 ) ;
#7605 = EDGE_CURVE ( 'NONE', #4645, #6866, #3243, .T. ) ;
#7606 = DIRECTION ( 'NONE',  ( 1.000000000000000000, 0.000000000000000000, 2.222219322136863560E-10 ) ) ;
#7607 = PLANE ( 'NONE',  #7642 ) ;
#7608 = CARTESIAN_POINT ( 'NONE',  ( 25.50000000000000000, 500.4999999999999432, 19.99999999990000177 ) ) ;
#7609 = DIRECTION ( 'NONE',  ( 0.000000000000000000, -1.000000000000000000, 0.000000000000000000 ) ) ;
#7610 = LINE ( 'NONE', #4668, #3522 ) ;
#7611 = ORIENTED_EDGE ( 'NONE', *, *, #6794, .F. ) ;
#7612 = EDGE_LOOP ( 'NONE', ( #586, #3518, #4518, #1445 ) ) ;
#7613 = CARTESIAN_POINT ( 'NONE',  ( 12.24999998000000012, -500.0000000000000000, 3.557611840000000303 ) ) ;
#7614 = ADVANCED_FACE ( 'NONE', ( #1549 ), #6556, .F. ) ;
#7615 = DIRECTION ( 'NONE',  ( 0.000000000000000000, -1.000000000000000000, 0.000000000000000000 ) ) ;
#7616 = DIRECTION ( 'NONE',  ( 1.000000000000000000, 0.000000000000000000, 0.000000000000000000 ) ) ;
#7617 = CARTESIAN_POINT ( 'NONE',  ( 31.80000000000000071, 501.0000000000000000, -15.00000000000000000 ) ) ;
#7618 = ORIENTED_EDGE ( 'NONE', *, *, #1089, .F. ) ;
#7619 = VERTEX_POINT ( 'NONE', #5316 ) ;
#7620 = ORIENTED_EDGE ( 'NONE', *, *, #4124, .F. ) ;
#7621 = VECTOR ( 'NONE', #4610, 1000.000000000000000 ) ;
#7622 = ORIENTED_EDGE ( 'NONE', *, *, #4353, .F. ) ;
#7623 = CARTESIAN_POINT ( 'NONE',  ( 13.00000000010000001, 500.0000000000000000, 16.00000000000000000 ) ) ;
#7624 = EDGE_CURVE ( 'NONE', #5813, #2580, #7815, .T. ) ;
#7625 = CYLINDRICAL_SURFACE ( 'NONE', #5236, 0.5000000000000004441 ) ;
#7626 = ORIENTED_EDGE ( 'NONE', *, *, #7373, .T. ) ;
#7627 = CARTESIAN_POINT ( 'NONE',  ( -17.07499999999999929, 500.0000000000000000, 18.19999999999999929 ) ) ;
#7628 = EDGE_LOOP ( 'NONE', ( #4614, #4522, #922, #2529 ) ) ;
#7629 = AXIS2_PLACEMENT_3D ( 'NONE', #2708, #7275, #996 ) ;
#7630 = VERTEX_POINT ( 'NONE', #2673 ) ;
#7631 = DIRECTION ( 'NONE',  ( 0.000000000000000000, -1.000000000000000000, 0.000000000000000000 ) ) ;
#7632 = ORIENTED_EDGE ( 'NONE', *, *, #3179, .T. ) ;
#7633 = DIRECTION ( 'NONE',  ( 0.000000000000000000, -1.000000000000000000, 0.000000000000000000 ) ) ;
#7634 = EDGE_CURVE ( 'NONE', #1973, #332, #1490, .T. ) ;
#7635 = EDGE_CURVE ( 'NONE', #5718, #4914, #3337, .T. ) ;
#7636 = CARTESIAN_POINT ( 'NONE',  ( -27.49999999990000177, 501.0000000000000000, -15.49999999989999999 ) ) ;
#7637 = AXIS2_PLACEMENT_3D ( 'NONE', #2825, #6603, #4630 ) ;
#7638 = ORIENTED_EDGE ( 'NONE', *, *, #7723, .T. ) ;
#7639 = FACE_OUTER_BOUND ( 'NONE', #3906, .T. ) ;
#7640 = CARTESIAN_POINT ( 'NONE',  ( -12.50000000000000000, -500.0000000000000000, -18.00000000000000000 ) ) ;
#7641 = EDGE_CURVE ( 'NONE', #3189, #2295, #93, .T. ) ;
#7642 = AXIS2_PLACEMENT_3D ( 'NONE', #1942, #3841, #1902 ) ;
#7643 = PLANE ( 'NONE',  #7808 ) ;
#7644 = CARTESIAN_POINT ( 'NONE',  ( -32.74999986990139433, -500.0000000000000000, 3.557611892023129663 ) ) ;
#7645 = DIRECTION ( 'NONE',  ( 0.000000000000000000, -1.000000000000000000, 0.000000000000000000 ) ) ;
#7646 = ORIENTED_EDGE ( 'NONE', *, *, #1979, .T. ) ;
#7647 = DIRECTION ( 'NONE',  ( 0.000000000000000000, -1.000000000000000000, 0.000000000000000000 ) ) ;
#7648 = ORIENTED_EDGE ( 'NONE', *, *, #3996, .T. ) ;
#7649 = ORIENTED_EDGE ( 'NONE', *, *, #1078, .T. ) ;
#7650 = EDGE_CURVE ( 'NONE', #6439, #2058, #1365, .T. ) ;
#7651 = CARTESIAN_POINT ( 'NONE',  ( -37.69999999999999574, 501.0000000000000000, 11.79999999999999893 ) ) ;
#7652 = CARTESIAN_POINT ( 'NONE',  ( 27.00000000000000000, 500.0000000000000000, -8.387500000000001066 ) ) ;
#7653 = DIRECTION ( 'NONE',  ( 1.000000000000000000, 0.000000000000000000, 0.000000000000000000 ) ) ;
#7654 = LINE ( 'NONE', #6352, #5194 ) ;
#7655 = ORIENTED_EDGE ( 'NONE', *, *, #528, .F. ) ;
#7656 = CYLINDRICAL_SURFACE ( 'NONE', #1577, 1.000000000000000888 ) ;
#7657 = ORIENTED_EDGE ( 'NONE', *, *, #1957, .F. ) ;
#7658 = ORIENTED_EDGE ( 'NONE', *, *, #2492, .F. ) ;
#7659 = ORIENTED_EDGE ( 'NONE', *, *, #1569, .T. ) ;
#7660 = CARTESIAN_POINT ( 'NONE',  ( -35.50000000010000178, 500.0000000000000000, 6.500000000000000000 ) ) ;
#7661 = CARTESIAN_POINT ( 'NONE',  ( 35.50000000000000000, 501.0000000000000000, 6.500000000000000000 ) ) ;
#7662 = ORIENTED_EDGE ( 'NONE', *, *, #4606, .T. ) ;
#7663 = DIRECTION ( 'NONE',  ( 0.000000000000000000, -1.000000000000000000, 0.000000000000000000 ) ) ;
#7664 = LINE ( 'NONE', #7486, #7380 ) ;
#7665 = VERTEX_POINT ( 'NONE', #2716 ) ;
#7666 = DIRECTION ( 'NONE',  ( 1.000000000000000000, 0.000000000000000000, 0.000000000000000000 ) ) ;
#7667 = ORIENTED_EDGE ( 'NONE', *, *, #7102, .T. ) ;
#7668 = ADVANCED_FACE ( 'NONE', ( #6490 ), #6367, .F. ) ;
#7669 = ORIENTED_EDGE ( 'NONE', *, *, #4047, .T. ) ;
#7670 = CARTESIAN_POINT ( 'NONE',  ( 10.00000000000000000, 500.0000000000000000, 7.423097032500000303 ) ) ;
#7671 = AXIS2_PLACEMENT_3D ( 'NONE', #5325, #4719, #7225 ) ;
#7672 = VERTEX_POINT ( 'NONE', #3298 ) ;
#7673 = CARTESIAN_POINT ( 'NONE',  ( -27.75000000000000000, -500.0000000000000000, -3.557611840000000303 ) ) ;
#7674 = CARTESIAN_POINT ( 'NONE',  ( -16.00000000000000000, 501.0000000000000000, -17.50000000000000000 ) ) ;
#7675 = CIRCLE ( 'NONE', #5583, 1.000000000000000888 ) ;
#7676 = EDGE_CURVE ( 'NONE', #2283, #6448, #5828, .T. ) ;
#7677 = ORIENTED_EDGE ( 'NONE', *, *, #2933, .F. ) ;
#7678 = ORIENTED_EDGE ( 'NONE', *, *, #5351, .T. ) ;
#7679 = LINE ( 'NONE', #6459, #4830 ) ;
#7680 = CARTESIAN_POINT ( 'NONE',  ( -35.00000000000000000, 501.0000000000000000, 11.79999999999999893 ) ) ;
#7681 = VECTOR ( 'NONE', #6774, 1000.000000000000000 ) ;
#7682 = LINE ( 'NONE', #64, #4797 ) ;
#7683 = CARTESIAN_POINT ( 'NONE',  ( 8.199999990000000238, 501.0000000000000000, -11.74974747000000086 ) ) ;
#7684 = CARTESIAN_POINT ( 'NONE',  ( -10.00000000000000000, -500.0000000000000000, 14.19238813000000121 ) ) ;
#7685 = VERTEX_POINT ( 'NONE', #5096 ) ;
#7686 = EDGE_CURVE ( 'NONE', #4115, #7004, #4001, .T. ) ;
#7687 = ADVANCED_FACE ( 'NONE', ( #4655 ), #3960, .T. ) ;
#7688 = VERTEX_POINT ( 'NONE', #3252 ) ;
#7689 = VECTOR ( 'NONE', #3212, 1000.000000000000000 ) ;
#7690 = CARTESIAN_POINT ( 'NONE',  ( -12.55000000000000071, 500.0000000000000000, 18.00000000000000000 ) ) ;
#7691 = ORIENTED_EDGE ( 'NONE', *, *, #1475, .T. ) ;
#7692 = ORIENTED_EDGE ( 'NONE', *, *, #3815, .F. ) ;
#7693 = CYLINDRICAL_SURFACE ( 'NONE', #4447, 2.500000000000000444 ) ;
#7694 = LINE ( 'NONE', #4632, #1590 ) ;
#7695 = CARTESIAN_POINT ( 'NONE',  ( -25.00000000000000000, -500.0000000000000000, -15.50000000000000000 ) ) ;
#7696 = AXIS2_PLACEMENT_3D ( 'NONE', #6438, #2661, #5815 ) ;
#7697 = CARTESIAN_POINT ( 'NONE',  ( 36.00000000000000000, 500.0000000000000000, 18.19999999999999929 ) ) ;
#7698 = EDGE_CURVE ( 'NONE', #7242, #264, #5215, .T. ) ;
#7699 = EDGE_LOOP ( 'NONE', ( #3621, #1579, #5308, #3062 ) ) ;
#7700 = ORIENTED_EDGE ( 'NONE', *, *, #4180, .T. ) ;
#7701 = DIRECTION ( 'NONE',  ( -1.000000000000000000, 0.000000000000000000, 0.000000000000000000 ) ) ;
#7702 = AXIS2_PLACEMENT_3D ( 'NONE', #4220, #523, #2946 ) ;
#7703 = VECTOR ( 'NONE', #1486, 1000.000000000000000 ) ;
#7704 = ORIENTED_EDGE ( 'NONE', *, *, #157, .T. ) ;
#7705 = ORIENTED_EDGE ( 'NONE', *, *, #6151, .T. ) ;
#7706 = VERTEX_POINT ( 'NONE', #7761 ) ;
#7707 = CARTESIAN_POINT ( 'NONE',  ( -31.80000000000000071, 501.0000000000000000, -17.69999999999999929 ) ) ;
#7708 = FACE_BOUND ( 'NONE', #5969, .T. ) ;
#7709 = DIRECTION ( 'NONE',  ( 0.000000000000000000, 0.000000000000000000, 1.000000000000000000 ) ) ;
#7710 = VECTOR ( 'NONE', #2944, 1000.000000000000000 ) ;
#7711 = DIRECTION ( 'NONE',  ( -0.7071067811865450192, 0.000000000000000000, 0.7071067811865501263 ) ) ;
#7712 = AXIS2_PLACEMENT_3D ( 'NONE', #7315, #3007, #8000 ) ;
#7713 = ORIENTED_EDGE ( 'NONE', *, *, #3386, .F. ) ;
#7714 = LINE ( 'NONE', #2092, #2739 ) ;
#7715 = ORIENTED_EDGE ( 'NONE', *, *, #832, .F. ) ;
#7716 = ORIENTED_EDGE ( 'NONE', *, *, #683, .F. ) ;
#7717 = AXIS2_PLACEMENT_3D ( 'NONE', #2271, #2852, #4744 ) ;
#7718 = VECTOR ( 'NONE', #7099, 1000.000000000000000 ) ;
#7719 = CARTESIAN_POINT ( 'NONE',  ( -32.75000002847990288, 501.0000000000000000, -3.557611826337780503 ) ) ;
#7720 = VERTEX_POINT ( 'NONE', #221 ) ;
#7721 = CARTESIAN_POINT ( 'NONE',  ( -13.00000000000000000, 500.0000000000000000, 8.387500000000001066 ) ) ;
#7722 = FACE_OUTER_BOUND ( 'NONE', #183, .T. ) ;
#7723 = EDGE_CURVE ( 'NONE', #6534, #2789, #2051, .T. ) ;
#7724 = ORIENTED_EDGE ( 'NONE', *, *, #6377, .T. ) ;
#7725 = ORIENTED_EDGE ( 'NONE', *, *, #3342, .F. ) ;
#7726 = DIRECTION ( 'NONE',  ( 1.000000000000000000, 0.000000000000000000, 1.999928000984139554E-10 ) ) ;
#7727 = DIRECTION ( 'NONE',  ( 0.000000000000000000, -1.000000000000000000, 0.000000000000000000 ) ) ;
#7728 = VECTOR ( 'NONE', #2880, 1000.000000000000000 ) ;
#7729 = EDGE_CURVE ( 'NONE', #3990, #5773, #2143, .T. ) ;
#7730 = PLANE ( 'NONE',  #6888 ) ;
#7731 = FACE_OUTER_BOUND ( 'NONE', #2223, .T. ) ;
#7732 = CARTESIAN_POINT ( 'NONE',  ( 32.30000000000000426, -500.0000000000000000, 18.19999999999999929 ) ) ;
#7733 = AXIS2_PLACEMENT_3D ( 'NONE', #3318, #2074, #4110 ) ;
#7734 = CARTESIAN_POINT ( 'NONE',  ( -38.49999999989999822, 501.0000000000000000, 5.500000000099999120 ) ) ;
#7735 = EDGE_LOOP ( 'NONE', ( #481, #2750, #4909, #1894 ) ) ;
#7736 = ORIENTED_EDGE ( 'NONE', *, *, #4248, .F. ) ;
#7737 = DIRECTION ( 'NONE',  ( 0.000000000000000000, 1.000000000000000000, 0.000000000000000000 ) ) ;
#7738 = LINE ( 'NONE', #5240, #118 ) ;
#7739 = EDGE_CURVE ( 'NONE', #6648, #6938, #267, .T. ) ;
#7740 = CARTESIAN_POINT ( 'NONE',  ( 13.73749999999999893, 500.0000000000000000, -18.00000000000000000 ) ) ;
#7741 = ADVANCED_FACE ( 'NONE', ( #7158 ), #1974, .F. ) ;
#7742 = CARTESIAN_POINT ( 'NONE',  ( 25.50000000009999823, 0.000000000000000000, -20.00000000000000000 ) ) ;
#7743 = CARTESIAN_POINT ( 'NONE',  ( 11.46446609000000016, 500.0000000000000000, -10.65685425999999936 ) ) ;
#7744 = VERTEX_POINT ( 'NONE', #4521 ) ;
#7745 = DIRECTION ( 'NONE',  ( 0.000000000000000000, -1.000000000000000000, 0.000000000000000000 ) ) ;
#7746 = VERTEX_POINT ( 'NONE', #4566 ) ;
#7747 = EDGE_LOOP ( 'NONE', ( #4254, #7806, #4267, #961 ) ) ;
#7748 = DIRECTION ( 'NONE',  ( 1.000000000000000000, 0.000000000000000000, 0.000000000000000000 ) ) ;
#7749 = ORIENTED_EDGE ( 'NONE', *, *, #1877, .F. ) ;
#7750 = FACE_OUTER_BOUND ( 'NONE', #7410, .T. ) ;
#7751 = EDGE_CURVE ( 'NONE', #3740, #5123, #5592, .T. ) ;
#7752 = CARTESIAN_POINT ( 'NONE',  ( -34.19238815442340496, 500.0000000000000000, -5.000000017966709898 ) ) ;
#7753 = ORIENTED_EDGE ( 'NONE', *, *, #4460, .F. ) ;
#7754 = FACE_OUTER_BOUND ( 'NONE', #2116, .T. ) ;
#7755 = CARTESIAN_POINT ( 'NONE',  ( 38.19999999999999574, -500.0000000000000000, 16.00000000000000000 ) ) ;
#7756 = ORIENTED_EDGE ( 'NONE', *, *, #2941, .T. ) ;
#7757 = DIRECTION ( 'NONE',  ( 0.000000000000000000, 0.000000000000000000, 1.000000000000000000 ) ) ;
#7758 = AXIS2_PLACEMENT_3D ( 'NONE', #3605, #6763, #2916 ) ;
#7759 = ORIENTED_EDGE ( 'NONE', *, *, #1921, .F. ) ;
#7760 = ORIENTED_EDGE ( 'NONE', *, *, #6993, .F. ) ;
#7761 = CARTESIAN_POINT ( 'NONE',  ( 27.00000000000000000, -500.0000000000000000, 16.00000000000000000 ) ) ;
#7762 = VERTEX_POINT ( 'NONE', #796 ) ;
#7763 = CARTESIAN_POINT ( 'NONE',  ( -24.00000000010000178, 501.0000000000000000, -16.50000000000000000 ) ) ;
#7764 = EDGE_CURVE ( 'NONE', #4928, #1360, #177, .T. ) ;
#7765 = CARTESIAN_POINT ( 'NONE',  ( 29.93566017999999929, 501.0000000000000000, 7.814339829999998877 ) ) ;
#7766 = AXIS2_PLACEMENT_3D ( 'NONE', #3456, #5297, #6483 ) ;
#7767 = ORIENTED_EDGE ( 'NONE', *, *, #63, .F. ) ;
#7768 = LINE ( 'NONE', #758, #2207 ) ;
#7769 = DIRECTION ( 'NONE',  ( 0.000000000000000000, 1.000000000000000000, 0.000000000000000000 ) ) ;
#7770 = LINE ( 'NONE', #6675, #737 ) ;
#7771 = FACE_OUTER_BOUND ( 'NONE', #1593, .T. ) ;
#7772 = VECTOR ( 'NONE', #2297, 1000.000000000000000 ) ;
#7773 = EDGE_CURVE ( 'NONE', #306, #125, #5387, .T. ) ;
#7774 = PRODUCT_DEFINITION_SHAPE ( 'NONE', 'NONE',  #5454 ) ;
#7775 = EDGE_LOOP ( 'NONE', ( #5, #7235, #5898, #1403 ) ) ;
#7776 = ORIENTED_EDGE ( 'NONE', *, *, #6354, .F. ) ;
#7777 = LINE ( 'NONE', #4757, #7128 ) ;
#7778 = DIRECTION ( 'NONE',  ( 1.000000000000000000, 0.000000000000000000, 0.000000000000000000 ) ) ;
#7779 = CYLINDRICAL_SURFACE ( 'NONE', #612, 4.999999962794540842 ) ;
#7780 = CARTESIAN_POINT ( 'NONE',  ( -25.00000000010000178, -500.0000000000000000, -16.50000000010000178 ) ) ;
#7781 = DIRECTION ( 'NONE',  ( 0.000000000000000000, -1.000000000000000000, 0.000000000000000000 ) ) ;
#7782 = VECTOR ( 'NONE', #3427, 1000.000000000000000 ) ;
#7783 = ORIENTED_EDGE ( 'NONE', *, *, #5340, .T. ) ;
#7784 = CARTESIAN_POINT ( 'NONE',  ( 10.00000000000000000, -500.0000000000000000, 7.750000000000000000 ) ) ;
#7785 = EDGE_CURVE ( 'NONE', #7516, #3273, #388, .T. ) ;
#7786 = EDGE_CURVE ( 'NONE', #1204, #573, #350, .T. ) ;
#7787 = ORIENTED_EDGE ( 'NONE', *, *, #406, .F. ) ;
#7788 = EDGE_LOOP ( 'NONE', ( #133, #7883, #6881, #168 ) ) ;
#7789 = ORIENTED_EDGE ( 'NONE', *, *, #1078, .F. ) ;
#7790 = DIRECTION ( 'NONE',  ( 0.000000000000000000, -1.000000000000000000, 0.000000000000000000 ) ) ;
#7791 = DIRECTION ( 'NONE',  ( 0.000000000000000000, 1.000000000000000000, 0.000000000000000000 ) ) ;
#7792 = EDGE_LOOP ( 'NONE', ( #1399, #5234, #3961, #6125 ) ) ;
#7793 = DIRECTION ( 'NONE',  ( 0.000000000000000000, -1.000000000000000000, 0.000000000000000000 ) ) ;
#7794 = CARTESIAN_POINT ( 'NONE',  ( 13.50000000010000001, 501.0000000000000000, -16.00000000010000178 ) ) ;
#7795 = CARTESIAN_POINT ( 'NONE',  ( -10.00000000000000000, 500.0000000000000000, 7.750000000000000000 ) ) ;
#7796 = VERTEX_POINT ( 'NONE', #2893 ) ;
#7797 = ADVANCED_FACE ( 'NONE', ( #1585 ), #470, .F. ) ;
#7798 = EDGE_CURVE ( 'NONE', #7746, #1746, #7320, .T. ) ;
#7799 = ORIENTED_EDGE ( 'NONE', *, *, #4754, .F. ) ;
#7800 = EDGE_LOOP ( 'NONE', ( #8024, #378, #6484, #7483 ) ) ;
#7801 = LINE ( 'NONE', #5426, #7184 ) ;
#7802 = ORIENTED_EDGE ( 'NONE', *, *, #6747, .T. ) ;
#7803 = CARTESIAN_POINT ( 'NONE',  ( 37.99999999989999822, -500.0000000000000000, 7.450000000000000178 ) ) ;
#7804 = CARTESIAN_POINT ( 'NONE',  ( -12.54999999989999893, 501.0000000000000000, -17.54999999989999893 ) ) ;
#7805 = AXIS2_PLACEMENT_3D ( 'NONE', #4288, #2977, #4816 ) ;
#7806 = ORIENTED_EDGE ( 'NONE', *, *, #7786, .F. ) ;
#7807 = ADVANCED_FACE ( 'NONE', ( #4163 ), #962, .F. ) ;
#7808 = AXIS2_PLACEMENT_3D ( 'NONE', #5026, #2021, #6461 ) ;
#7809 = ORIENTED_EDGE ( 'NONE', *, *, #7028, .T. ) ;
#7810 = DIRECTION ( 'NONE',  ( 0.000000000000000000, 0.000000000000000000, -1.000000000000000000 ) ) ;
#7811 = CARTESIAN_POINT ( 'NONE',  ( -8.200000010000000117, -500.0000000000000000, -15.50000000000000000 ) ) ;
#7812 = CARTESIAN_POINT ( 'NONE',  ( -12.18566017000000024, 501.0000000000000000, -9.935660179999999286 ) ) ;
#7813 = LINE ( 'NONE', #5144, #6845 ) ;
#7814 = AXIS2_PLACEMENT_3D ( 'NONE', #914, #3417, #2758 ) ;
#7815 = LINE ( 'NONE', #4044, #7562 ) ;
#7816 = DIRECTION ( 'NONE',  ( -9.999986949615893129E-11, 0.000000000000000000, 1.000000000000000000 ) ) ;
#7817 = ORIENTED_EDGE ( 'NONE', *, *, #5769, .T. ) ;
#7818 = VERTEX_POINT ( 'NONE', #2344 ) ;
#7819 = AXIS2_PLACEMENT_3D ( 'NONE', #5852, #200, #4470 ) ;
#7820 = FACE_OUTER_BOUND ( 'NONE', #828, .T. ) ;
#7821 = FACE_OUTER_BOUND ( 'NONE', #2539, .T. ) ;
#7822 = PLANE ( 'NONE',  #3945 ) ;
#7823 = LINE ( 'NONE', #6729, #3505 ) ;
#7824 = EDGE_CURVE ( 'NONE', #689, #7762, #7363, .T. ) ;
#7825 = VECTOR ( 'NONE', #2636, 1000.000000000000000 ) ;
#7826 = CARTESIAN_POINT ( 'NONE',  ( 31.80000000000000071, -500.0000000000000000, -17.69999999999999929 ) ) ;
#7827 = VERTEX_POINT ( 'NONE', #2304 ) ;
#7828 = ORIENTED_EDGE ( 'NONE', *, *, #6343, .F. ) ;
#7829 = DIRECTION ( 'NONE',  ( 0.000000000000000000, 0.000000000000000000, 1.000000000000000000 ) ) ;
#7830 = DIRECTION ( 'NONE',  ( 1.000000000000000000, 0.000000000000000000, 3.999856001968284665E-11 ) ) ;
#7831 = EDGE_CURVE ( 'NONE', #1258, #6708, #6625, .T. ) ;
#7832 = CARTESIAN_POINT ( 'NONE',  ( -10.78553390999999984, -500.0000000000000000, -7.093145749999990812 ) ) ;
#7833 = DIRECTION ( 'NONE',  ( 0.000000000000000000, -1.000000000000000000, 0.000000000000000000 ) ) ;
#7834 = VECTOR ( 'NONE', #1054, 1000.000000000000000 ) ;
#7835 = ORIENTED_EDGE ( 'NONE', *, *, #6010, .T. ) ;
#7836 = ORIENTED_EDGE ( 'NONE', *, *, #1667, .F. ) ;
#7837 = ORIENTED_EDGE ( 'NONE', *, *, #1024, .T. ) ;
#7838 = DIRECTION ( 'NONE',  ( 1.000000000000000000, 0.000000000000000000, 0.000000000000000000 ) ) ;
#7839 = ORIENTED_EDGE ( 'NONE', *, *, #142, .F. ) ;
#7840 = DIRECTION ( 'NONE',  ( 0.000000000000000000, -1.000000000000000000, 0.000000000000000000 ) ) ;
#7841 = AXIS2_PLACEMENT_3D ( 'NONE', #5990, #459, #7385 ) ;
#7842 = VECTOR ( 'NONE', #1117, 1000.000000000000000 ) ;
#7843 = CARTESIAN_POINT ( 'NONE',  ( -37.54999999989999537, -500.0000000000000000, -7.450000000100000186 ) ) ;
#7844 = EDGE_CURVE ( 'NONE', #4336, #5855, #7801, .T. ) ;
#7845 = EDGE_CURVE ( 'NONE', #3708, #2124, #5963, .T. ) ;
#7846 = CIRCLE ( 'NONE', #2883, 4.999999962794540842 ) ;
#7847 = ORIENTED_EDGE ( 'NONE', *, *, #5977, .F. ) ;
#7848 = DIRECTION ( 'NONE',  ( 0.000000000000000000, 0.000000000000000000, -1.000000000000000000 ) ) ;
#7849 = CARTESIAN_POINT ( 'NONE',  ( -40.00000000000000000, -500.0000000000000000, -16.00000000000000000 ) ) ;
#7850 = AXIS2_PLACEMENT_3D ( 'NONE', #2639, #799, #2054 ) ;
#7851 = DIRECTION ( 'NONE',  ( 0.000000000000000000, 1.000000000000000000, 0.000000000000000000 ) ) ;
#7852 = AXIS2_PLACEMENT_3D ( 'NONE', #650, #3227, #4421 ) ;
#7853 = EDGE_CURVE ( 'NONE', #3229, #1420, #2583, .T. ) ;
#7854 = FACE_OUTER_BOUND ( 'NONE', #2009, .T. ) ;
#7855 = DIRECTION ( 'NONE',  ( 0.000000000000000000, 0.000000000000000000, 1.000000000000000000 ) ) ;
#7856 = VECTOR ( 'NONE', #1237, 1000.000000000000000 ) ;
#7857 = VECTOR ( 'NONE', #4591, 1000.000000000000114 ) ;
#7858 = ORIENTED_EDGE ( 'NONE', *, *, #3135, .T. ) ;
#7859 = LINE ( 'NONE', #5440, #2199 ) ;
#7860 = CARTESIAN_POINT ( 'NONE',  ( -25.00000000000000000, -500.0000000000000000, 15.50000000010000001 ) ) ;
#7861 = FACE_OUTER_BOUND ( 'NONE', #2402, .T. ) ;
#7862 = EDGE_CURVE ( 'NONE', #728, #3914, #3501, .T. ) ;
#7863 = FACE_OUTER_BOUND ( 'NONE', #3860, .T. ) ;
#7864 = DIRECTION ( 'NONE',  ( 0.000000000000000000, -1.000000000000000000, 0.000000000000000000 ) ) ;
#7865 = AXIS2_PLACEMENT_3D ( 'NONE', #7780, #6605, #816 ) ;
#7866 = CARTESIAN_POINT ( 'NONE',  ( -14.50000000000000000, 500.0000000000000000, 19.99999999990000177 ) ) ;
#7867 = ORIENTED_EDGE ( 'NONE', *, *, #4916, .T. ) ;
#7868 = ORIENTED_EDGE ( 'NONE', *, *, #7773, .T. ) ;
#7869 = ORIENTED_EDGE ( 'NONE', *, *, #1808, .F. ) ;
#7870 = DIRECTION ( 'NONE',  ( 0.000000000000000000, 1.000000000000000000, 0.000000000000000000 ) ) ;
#7871 = DIRECTION ( 'NONE',  ( 0.000000000000000000, -1.000000000000000000, 0.000000000000000000 ) ) ;
#7872 = DIRECTION ( 'NONE',  ( 1.000000000000000000, 0.000000000000000000, 0.000000000000000000 ) ) ;
#7873 = LINE ( 'NONE', #1617, #7889 ) ;
#7874 = DIRECTION ( 'NONE',  ( 0.000000000000000000, -1.000000000000000000, 0.000000000000000000 ) ) ;
#7875 = ORIENTED_EDGE ( 'NONE', *, *, #3079, .T. ) ;
#7876 = FACE_OUTER_BOUND ( 'NONE', #8105, .T. ) ;
#7877 = EDGE_LOOP ( 'NONE', ( #496, #6450 ) ) ;
#7878 = EDGE_CURVE ( 'NONE', #6357, #6457, #6004, .T. ) ;
#7879 = DIRECTION ( 'NONE',  ( 0.000000000000000000, -1.000000000000000000, 0.000000000000000000 ) ) ;
#7880 = EDGE_LOOP ( 'NONE', ( #6230, #7270, #6937, #5260 ) ) ;
#7881 = DIRECTION ( 'NONE',  ( 4.000064168785401882E-11, 0.000000000000000000, -1.000000000000000000 ) ) ;
#7882 = DIRECTION ( 'NONE',  ( 0.000000000000000000, -1.000000000000000000, 0.000000000000000000 ) ) ;
#7883 = ORIENTED_EDGE ( 'NONE', *, *, #5361, .F. ) ;
#7884 = VERTEX_POINT ( 'NONE', #7200 ) ;
#7885 = EDGE_CURVE ( 'NONE', #4742, #3918, #1660, .T. ) ;
#7886 = VERTEX_POINT ( 'NONE', #2227 ) ;
#7887 = EDGE_CURVE ( 'NONE', #801, #3872, #4809, .T. ) ;
#7888 = CARTESIAN_POINT ( 'NONE',  ( 8.199999990000000238, -500.0000000000000000, -15.50000000000000000 ) ) ;
#7889 = VECTOR ( 'NONE', #2219, 1000.000000000000000 ) ;
#7890 = DIRECTION ( 'NONE',  ( 0.000000000000000000, -1.000000000000000000, 0.000000000000000000 ) ) ;
#7891 = CARTESIAN_POINT ( 'NONE',  ( -24.00000000000000000, 501.0000000000000000, -18.50000000000000000 ) ) ;
#7892 = DIRECTION ( 'NONE',  ( 6.666657966410595850E-11, 0.000000000000000000, -1.000000000000000000 ) ) ;
#7893 = DIRECTION ( 'NONE',  ( 0.000000000000000000, 0.000000000000000000, -1.000000000000000000 ) ) ;
#7894 = DIRECTION ( 'NONE',  ( 0.000000000000000000, 0.000000000000000000, -1.000000000000000000 ) ) ;
#7895 = EDGE_CURVE ( 'NONE', #5698, #253, #6663, .T. ) ;
#7896 = VERTEX_POINT ( 'NONE', #7321 ) ;
#7897 = DIRECTION ( 'NONE',  ( -1.000000000000000000, 0.000000000000000000, 0.000000000000000000 ) ) ;
#7898 = DIRECTION ( 'NONE',  ( -1.000000000000000000, 0.000000000000000000, -9.999640004920697768E-11 ) ) ;
#7899 = AXIS2_PLACEMENT_3D ( 'NONE', #3700, #5498, #6815 ) ;
#7900 = CARTESIAN_POINT ( 'NONE',  ( -10.00000000000000000, 501.0000000000000000, 14.84619406500000061 ) ) ;
#7901 = CARTESIAN_POINT ( 'NONE',  ( 37.69999999999999574, 500.0000000000000000, -11.79999999999999893 ) ) ;
#7902 = FACE_OUTER_BOUND ( 'NONE', #1009, .T. ) ;
#7903 = CARTESIAN_POINT ( 'NONE',  ( 36.00000000000000000, 500.0000000000000000, 16.00000000000000000 ) ) ;
#7904 = EDGE_CURVE ( 'NONE', #2641, #2958, #1700, .T. ) ;
#7905 = ORIENTED_EDGE ( 'NONE', *, *, #4897, .T. ) ;
#7906 = ORIENTED_EDGE ( 'NONE', *, *, #4903, .T. ) ;
#7907 = CARTESIAN_POINT ( 'NONE',  ( 13.00000000000000000, 500.0000000000000000, 8.387500000000001066 ) ) ;
#7908 = LINE ( 'NONE', #3614, #5905 ) ;
#7909 = VECTOR ( 'NONE', #7083, 1000.000000000000000 ) ;
#7910 = ORIENTED_EDGE ( 'NONE', *, *, #5019, .F. ) ;
#7911 = LINE ( 'NONE', #4844, #5847 ) ;
#7912 = CARTESIAN_POINT ( 'NONE',  ( -10.78553390999999984, 501.0000000000000000, 7.093145749999999694 ) ) ;
#7913 = FACE_OUTER_BOUND ( 'NONE', #6520, .T. ) ;
#7914 = VERTEX_POINT ( 'NONE', #6895 ) ;
#7915 = CARTESIAN_POINT ( 'NONE',  ( 10.22499998500000018, 501.0000000000000000, -7.653679655000000359 ) ) ;
#7916 = VECTOR ( 'NONE', #2585, 1000.000000000000000 ) ;
#7917 = ORIENTED_EDGE ( 'NONE', *, *, #4502, .T. ) ;
#7918 = ORIENTED_EDGE ( 'NONE', *, *, #5084, .T. ) ;
#7919 = DIRECTION ( 'NONE',  ( 0.000000000000000000, 0.000000000000000000, 1.000000000000000000 ) ) ;
#7920 = ORIENTED_EDGE ( 'NONE', *, *, #6780, .T. ) ;
#7921 = DIRECTION ( 'NONE',  ( 0.000000000000000000, -1.000000000000000000, 0.000000000000000000 ) ) ;
#7922 = FACE_OUTER_BOUND ( 'NONE', #1315, .T. ) ;
#7923 = EDGE_CURVE ( 'NONE', #3241, #7091, #3626, .T. ) ;
#7924 = VECTOR ( 'NONE', #6525, 1000.000000000000000 ) ;
#7925 = LINE ( 'NONE', #357, #1559 ) ;
#7926 = VECTOR ( 'NONE', #7369, 1000.000000000000000 ) ;
#7927 = LINE ( 'NONE', #2943, #3620 ) ;
#7928 = DIRECTION ( 'NONE',  ( 1.000000000000000000, 0.000000000000000000, 0.000000000000000000 ) ) ;
#7929 = DIRECTION ( 'NONE',  ( 0.000000000000000000, 1.000000000000000000, 0.000000000000000000 ) ) ;
#7930 = EDGE_CURVE ( 'NONE', #4549, #3584, #7477, .T. ) ;
#7931 = AXIS2_PLACEMENT_3D ( 'NONE', #1295, #3805, #5066 ) ;
#7932 = DIRECTION ( 'NONE',  ( -1.999928000984139554E-10, 0.000000000000000000, 1.000000000000000000 ) ) ;
#7933 = VERTEX_POINT ( 'NONE', #1234 ) ;
#7934 = CARTESIAN_POINT ( 'NONE',  ( -24.00000000010000178, -500.0000000000000000, -16.50000000000000000 ) ) ;
#7935 = CARTESIAN_POINT ( 'NONE',  ( -36.50000000000000000, -500.0000000000000000, -4.000000000000000000 ) ) ;
#7936 = AXIS2_PLACEMENT_3D ( 'NONE', #212, #869, #7709 ) ;
#7937 = DIRECTION ( 'NONE',  ( 0.7071067798205549204, 0.000000000000000000, -0.7071067825525400030 ) ) ;
#7938 = DIRECTION ( 'NONE',  ( 0.000000000000000000, -1.000000000000000000, 0.000000000000000000 ) ) ;
#7939 = CARTESIAN_POINT ( 'NONE',  ( -23.55761189202310035, 500.0000000000000000, -12.74999986990139966 ) ) ;
#7940 = EDGE_CURVE ( 'NONE', #7057, #7296, #3745, .T. ) ;
#7941 = ADVANCED_FACE ( 'NONE', ( #6824 ), #669, .F. ) ;
#7942 = ORIENTED_EDGE ( 'NONE', *, *, #2266, .F. ) ;
#7943 = VECTOR ( 'NONE', #4800, 1000.000000000000000 ) ;
#7944 = DIRECTION ( 'NONE',  ( 0.000000000000000000, -1.000000000000000000, 0.000000000000000000 ) ) ;
#7945 = VERTEX_POINT ( 'NONE', #1812 ) ;
#7946 = ORIENTED_EDGE ( 'NONE', *, *, #1409, .F. ) ;
#7947 = LINE ( 'NONE', #8025, #7460 ) ;
#7948 = CARTESIAN_POINT ( 'NONE',  ( 16.00000000000000000, 500.0000000000000000, -18.50000000000000000 ) ) ;
#7949 = VECTOR ( 'NONE', #807, 1000.000000000000000 ) ;
#7950 = ORIENTED_EDGE ( 'NONE', *, *, #7904, .T. ) ;
#7951 = CARTESIAN_POINT ( 'NONE',  ( -18.75000000000000000, -500.0000000000000000, 4.000000000000000000 ) ) ;
#7952 = EDGE_CURVE ( 'NONE', #3584, #1074, #1687, .T. ) ;
#7953 = LINE ( 'NONE', #3580, #7842 ) ;
#7954 = ORIENTED_EDGE ( 'NONE', *, *, #3743, .F. ) ;
#7955 = ORIENTED_EDGE ( 'NONE', *, *, #5138, .T. ) ;
#7956 =( GEOMETRIC_REPRESENTATION_CONTEXT ( 3 ) GLOBAL_UNCERTAINTY_ASSIGNED_CONTEXT ( ( #7364 ) ) GLOBAL_UNIT_ASSIGNED_CONTEXT ( ( #1394, #6979, #2082 ) ) REPRESENTATION_CONTEXT ( 'NONE', 'WORKASPACE' ) );
#7957 = DIRECTION ( 'NONE',  ( -1.000000000000000000, 0.000000000000000000, -6.666657966410595850E-11 ) ) ;
#7958 = ORIENTED_EDGE ( 'NONE', *, *, #5246, .T. ) ;
#7959 = DIRECTION ( 'NONE',  ( 0.000000000000000000, -1.000000000000000000, 0.000000000000000000 ) ) ;
#7960 = DIRECTION ( 'NONE',  ( -1.000000000000000000, 0.000000000000000000, -4.884684341243942359E-09 ) ) ;
#7961 = CIRCLE ( 'NONE', #4434, 4.999999962794540842 ) ;
#7962 = VECTOR ( 'NONE', #7838, 1000.000000000000000 ) ;
#7963 = CIRCLE ( 'NONE', #4442, 5.000000000000000888 ) ;
#7964 = VECTOR ( 'NONE', #3776, 1000.000000000000000 ) ;
#7965 = CARTESIAN_POINT ( 'NONE',  ( -14.49999999989999999, 500.0000000000000000, 18.49999999990000177 ) ) ;
#7966 = CARTESIAN_POINT ( 'NONE',  ( 23.55761189202310035, -500.0000000000000000, 12.74999986990139966 ) ) ;
#7967 = CARTESIAN_POINT ( 'NONE',  ( -20.00000000000000000, -500.0000000000000000, 0.000000000000000000 ) ) ;
#7968 = CARTESIAN_POINT ( 'NONE',  ( -38.19999999999999574, 500.0000000000000000, -12.30000000000000071 ) ) ;
#7969 = EDGE_LOOP ( 'NONE', ( #6077, #4266, #389, #5988 ) ) ;
#7970 = AXIS2_PLACEMENT_3D ( 'NONE', #6349, #2453, #695 ) ;
#7971 = AXIS2_PLACEMENT_3D ( 'NONE', #7317, #1696, #4202 ) ;
#7972 = VERTEX_POINT ( 'NONE', #2542 ) ;
#7973 = CARTESIAN_POINT ( 'NONE',  ( 36.00000000000000000, 501.0000000000000000, -7.000000000000000000 ) ) ;
#7974 = EDGE_LOOP ( 'NONE', ( #6976, #2183, #286, #1355 ) ) ;
#7975 = DIRECTION ( 'NONE',  ( -1.000000000000000000, 0.000000000000000000, -2.222219322136863560E-10 ) ) ;
#7976 = LINE ( 'NONE', #4373, #976 ) ;
#7977 = CIRCLE ( 'NONE', #1948, 1.500000000000001332 ) ;
#7978 = ADVANCED_FACE ( 'NONE', ( #3122 ), #551, .F. ) ;
#7979 = VECTOR ( 'NONE', #3973, 1000.000000000000000 ) ;
#7980 = CARTESIAN_POINT ( 'NONE',  ( 23.40000000000000213, -500.0000000000000000, -4.163799117100999573E-16 ) ) ;
#7981 = DIRECTION ( 'NONE',  ( 3.999994779846362809E-11, 0.000000000000000000, -1.000000000000000000 ) ) ;
#7982 = DIRECTION ( 'NONE',  ( 0.000000000000000000, 0.000000000000000000, 1.000000000000000000 ) ) ;
#7983 = AXIS2_PLACEMENT_3D ( 'NONE', #4211, #4859, #1854 ) ;
#7984 = VECTOR ( 'NONE', #3613, 1000.000000000000114 ) ;
#7985 = ORIENTED_EDGE ( 'NONE', *, *, #2130, .T. ) ;
#7986 = LINE ( 'NONE', #2373, #1439 ) ;
#7987 = EDGE_LOOP ( 'NONE', ( #3943, #5225, #3424, #7669 ) ) ;
#7988 = VERTEX_POINT ( 'NONE', #509 ) ;
#7989 = ADVANCED_FACE ( 'NONE', ( #3782 ), #3011, .F. ) ;
#7990 = ADVANCED_FACE ( 'NONE', ( #8074 ), #5616, .F. ) ;
#7991 = ORIENTED_EDGE ( 'NONE', *, *, #7037, .F. ) ;
#7992 = DIRECTION ( 'NONE',  ( 0.000000000000000000, -1.000000000000000000, 0.000000000000000000 ) ) ;
#7993 = AXIS2_PLACEMENT_3D ( 'NONE', #5495, #7996, #4881 ) ;
#7994 = CARTESIAN_POINT ( 'NONE',  ( -36.00000000010000178, -500.0000000000000000, 6.499999999899999992 ) ) ;
#7995 = AXIS2_PLACEMENT_3D ( 'NONE', #452, #6028, #2783 ) ;
#7996 = DIRECTION ( 'NONE',  ( 0.000000000000000000, -1.000000000000000000, 0.000000000000000000 ) ) ;
#7997 = ORIENTED_EDGE ( 'NONE', *, *, #4261, .F. ) ;
#7998 = DIRECTION ( 'NONE',  ( 0.000000000000000000, -1.000000000000000000, 0.000000000000000000 ) ) ;
#7999 = LINE ( 'NONE', #2927, #6985 ) ;
#8000 = DIRECTION ( 'NONE',  ( -1.040462604279012531E-08, 0.000000000000000000, -1.000000000000000000 ) ) ;
#8001 = ORIENTED_EDGE ( 'NONE', *, *, #6993, .T. ) ;
#8002 = LINE ( 'NONE', #4850, #7341 ) ;
#8003 = ORIENTED_EDGE ( 'NONE', *, *, #3823, .T. ) ;
#8004 = EDGE_CURVE ( 'NONE', #1487, #4598, #9, .T. ) ;
#8005 = CARTESIAN_POINT ( 'NONE',  ( 20.00000000000000000, 501.0000000000000000, 7.750000000000000000 ) ) ;
#8006 = VERTEX_POINT ( 'NONE', #2389 ) ;
#8007 = CARTESIAN_POINT ( 'NONE',  ( -11.46446609000000016, 501.0000000000000000, 10.65685425999999936 ) ) ;
#8008 = DIRECTION ( 'NONE',  ( 1.000000000000000000, 0.000000000000000000, 0.000000000000000000 ) ) ;
#8009 = EDGE_CURVE ( 'NONE', #6980, #5742, #4927, .T. ) ;
#8010 = CARTESIAN_POINT ( 'NONE',  ( -11.62316017250000044, 500.0000000000000000, 10.49816017750000086 ) ) ;
#8011 = CARTESIAN_POINT ( 'NONE',  ( 29.99999999990000177, 500.0000000000000000, -15.50000000000000000 ) ) ;
#8012 = CARTESIAN_POINT ( 'NONE',  ( 14.50000000000000000, -500.0000000000000000, 20.00000000000000000 ) ) ;
#8013 = VERTEX_POINT ( 'NONE', #7550 ) ;
#8014 = CIRCLE ( 'NONE', #6721, 0.5000000000000004441 ) ;
#8015 = DIRECTION ( 'NONE',  ( 0.000000000000000000, -1.000000000000000000, 0.000000000000000000 ) ) ;
#8016 = ORIENTED_EDGE ( 'NONE', *, *, #8051, .F. ) ;
#8017 = DIRECTION ( 'NONE',  ( 0.000000000000000000, 0.000000000000000000, -1.000000000000000000 ) ) ;
#8018 = CYLINDRICAL_SURFACE ( 'NONE', #6769, 2.499999999999998668 ) ;
#8019 = LINE ( 'NONE', #1138, #4988 ) ;
#8020 = CIRCLE ( 'NONE', #7256, 0.5000000000000004441 ) ;
#8021 = EDGE_CURVE ( 'NONE', #5517, #4026, #7398, .T. ) ;
#8022 = FACE_OUTER_BOUND ( 'NONE', #7792, .T. ) ;
#8023 = VERTEX_POINT ( 'NONE', #5008 ) ;
#8024 = ORIENTED_EDGE ( 'NONE', *, *, #5138, .F. ) ;
#8025 = CARTESIAN_POINT ( 'NONE',  ( 20.49816017750000086, -500.0000000000000000, 1.623160172499999998 ) ) ;
#8026 = CARTESIAN_POINT ( 'NONE',  ( 10.78553388999999996, -500.0000000000000000, 7.093145749999990812 ) ) ;
#8027 = CARTESIAN_POINT ( 'NONE',  ( -34.19238812999999766, 500.0000000000000000, 10.00000000000000000 ) ) ;
#8028 = DIRECTION ( 'NONE',  ( -1.000000000000000000, 0.000000000000000000, -4.884684341243942359E-09 ) ) ;
#8029 = DIRECTION ( 'NONE',  ( -1.000000000000000000, 0.000000000000000000, 0.000000000000000000 ) ) ;
#8030 = VECTOR ( 'NONE', #3761, 1000.000000000000000 ) ;
#8031 = EDGE_CURVE ( 'NONE', #4076, #3957, #588, .T. ) ;
#8032 = CARTESIAN_POINT ( 'NONE',  ( 27.75000000000000000, -500.0000000000000000, 1.000359273630850061E-16 ) ) ;
#8033 = EDGE_CURVE ( 'NONE', #4076, #1813, #7444, .T. ) ;
#8034 = ORIENTED_EDGE ( 'NONE', *, *, #4113, .F. ) ;
#8035 = DIRECTION ( 'NONE',  ( 0.000000000000000000, 0.000000000000000000, -1.000000000000000000 ) ) ;
#8036 = ORIENTED_EDGE ( 'NONE', *, *, #6650, .T. ) ;
#8037 = ORIENTED_EDGE ( 'NONE', *, *, #5666, .F. ) ;
#8038 = DIRECTION ( 'NONE',  ( 0.000000000000000000, 0.000000000000000000, 1.000000000000000000 ) ) ;
#8039 = ORIENTED_EDGE ( 'NONE', *, *, #50, .F. ) ;
#8040 = CYLINDRICAL_SURFACE ( 'NONE', #3343, 5.000000028479869130 ) ;
#8041 = DIRECTION ( 'NONE',  ( 1.000000000000000000, 0.000000000000000000, 0.000000000000000000 ) ) ;
#8042 = DIRECTION ( 'NONE',  ( 0.000000000000000000, 0.000000000000000000, -1.000000000000000000 ) ) ;
#8043 = EDGE_CURVE ( 'NONE', #5742, #4771, #759, .T. ) ;
#8044 = EDGE_CURVE ( 'NONE', #1381, #2159, #1354, .T. ) ;
#8045 = VECTOR ( 'NONE', #4099, 1000.000000000000000 ) ;
#8046 = CARTESIAN_POINT ( 'NONE',  ( 34.19238812999999766, -500.0000000000000000, 10.00000000000000000 ) ) ;
#8047 = VECTOR ( 'NONE', #2895, 1000.000000000000000 ) ;
#8048 = CARTESIAN_POINT ( 'NONE',  ( -8.200000010000000117, 500.0000000000000000, -6.812436867499999771 ) ) ;
#8049 = FACE_OUTER_BOUND ( 'NONE', #3151, .T. ) ;
#8050 = VERTEX_POINT ( 'NONE', #2702 ) ;
#8051 = EDGE_CURVE ( 'NONE', #4397, #1568, #4551, .T. ) ;
#8052 = CARTESIAN_POINT ( 'NONE',  ( 16.44238817366219862, -500.0000000000000000, 12.75000002847990110 ) ) ;
#8053 = DIRECTION ( 'NONE',  ( 0.000000000000000000, 1.000000000000000000, 0.000000000000000000 ) ) ;
#8054 = CARTESIAN_POINT ( 'NONE',  ( -13.50000000010000001, 500.0000000000000000, -16.00000000010000178 ) ) ;
#8055 = CARTESIAN_POINT ( 'NONE',  ( 37.69999999999999574, -500.0000000000000000, 12.30000000000000071 ) ) ;
#8056 = VECTOR ( 'NONE', #6396, 1000.000000000000000 ) ;
#8057 = LINE ( 'NONE', #3727, #2256 ) ;
#8058 = DIRECTION ( 'NONE',  ( 0.000000000000000000, -1.000000000000000000, 0.000000000000000000 ) ) ;
#8059 = CARTESIAN_POINT ( 'NONE',  ( -38.00000000000000000, 500.0000000000000000, -7.500000000000000000 ) ) ;
#8060 = ORIENTED_EDGE ( 'NONE', *, *, #7595, .T. ) ;
#8061 = ORIENTED_EDGE ( 'NONE', *, *, #881, .F. ) ;
#8062 = AXIS2_PLACEMENT_3D ( 'NONE', #6841, #605, #6148 ) ;
#8063 = DIRECTION ( 'NONE',  ( 0.000000000000000000, -1.000000000000000000, 0.000000000000000000 ) ) ;
#8064 = EDGE_CURVE ( 'NONE', #2289, #2140, #4437, .T. ) ;
#8065 = CARTESIAN_POINT ( 'NONE',  ( 31.80000000000000071, -500.0000000000000000, 7.500000000000000000 ) ) ;
#8066 = DIRECTION ( 'NONE',  ( 0.000000000000000000, -1.000000000000000000, 0.000000000000000000 ) ) ;
#8067 = CARTESIAN_POINT ( 'NONE',  ( 37.69999999999999574, 500.0000000000000000, 12.30000000000000071 ) ) ;
#8068 = CIRCLE ( 'NONE', #7554, 0.5000000000000004441 ) ;
#8069 = DIRECTION ( 'NONE',  ( 0.000000000000000000, -1.000000000000000000, 0.000000000000000000 ) ) ;
#8070 = ORIENTED_EDGE ( 'NONE', *, *, #6640, .F. ) ;
#8071 = DIRECTION ( 'NONE',  ( -1.999928000984139554E-10, 0.000000000000000000, 1.000000000000000000 ) ) ;
#8072 = ORIENTED_EDGE ( 'NONE', *, *, #182, .T. ) ;
#8073 = ORIENTED_EDGE ( 'NONE', *, *, #3611, .F. ) ;
#8074 = FACE_OUTER_BOUND ( 'NONE', #2343, .T. ) ;
#8075 = AXIS2_PLACEMENT_3D ( 'NONE', #4070, #414, #5411 ) ;
#8076 = ORIENTED_EDGE ( 'NONE', *, *, #4812, .F. ) ;
#8077 = DIRECTION ( 'NONE',  ( 0.000000000000000000, -1.000000000000000000, 0.000000000000000000 ) ) ;
#8078 = EDGE_CURVE ( 'NONE', #2794, #2771, #3781, .T. ) ;
#8079 = FACE_OUTER_BOUND ( 'NONE', #4178, .T. ) ;
#8080 = CARTESIAN_POINT ( 'NONE',  ( -20.49816017750000086, 500.0000000000000000, 1.623160172499999998 ) ) ;
#8081 = CIRCLE ( 'NONE', #4860, 0.4499999999999990119 ) ;
#8082 = ORIENTED_EDGE ( 'NONE', *, *, #3446, .T. ) ;
#8083 = ORIENTED_EDGE ( 'NONE', *, *, #5674, .T. ) ;
#8084 = CARTESIAN_POINT ( 'NONE',  ( 30.00000000000000000, 500.0000000000000000, -7.423097032500000303 ) ) ;
#8085 = EDGE_CURVE ( 'NONE', #5813, #4876, #4512, .T. ) ;
#8086 = VECTOR ( 'NONE', #5979, 1000.000000000000000 ) ;
#8087 = ADVANCED_FACE ( 'NONE', ( #5860 ), #4603, .F. ) ;
#8088 = CARTESIAN_POINT ( 'NONE',  ( 27.00000000000000000, 501.0000000000000000, 16.77500000000000213 ) ) ;
#8089 = AXIS2_PLACEMENT_3D ( 'NONE', #4280, #6324, #6939 ) ;
#8090 = CARTESIAN_POINT ( 'NONE',  ( 36.50000000010000178, -500.0000000000000000, -5.000000000100000008 ) ) ;
#8091 = VECTOR ( 'NONE', #3650, 1000.000000000000000 ) ;
#8092 = AXIS2_PLACEMENT_3D ( 'NONE', #5141, #3921, #7726 ) ;
#8093 = ORIENTED_EDGE ( 'NONE', *, *, #3753, .T. ) ;
#8094 = CARTESIAN_POINT ( 'NONE',  ( 38.19999999999999574, -500.0000000000000000, -16.00000000000000000 ) ) ;
#8095 = DIRECTION ( 'NONE',  ( 0.000000000000000000, -1.000000000000000000, 0.000000000000000000 ) ) ;
#8096 = DIRECTION ( 'NONE',  ( -1.000000000000000000, 0.000000000000000000, 0.000000000000000000 ) ) ;
#8097 = EDGE_CURVE ( 'NONE', #1168, #1099, #207, .T. ) ;
#8098 = CIRCLE ( 'NONE', #905, 0.5000000000000004441 ) ;
#8099 = CARTESIAN_POINT ( 'NONE',  ( -36.50000000010000178, 500.0000000000000000, -5.000000000100000008 ) ) ;
#8100 = VECTOR ( 'NONE', #6353, 1000.000000000000000 ) ;
#8101 = CARTESIAN_POINT ( 'NONE',  ( -40.00000000000000000, 500.0000000000000000, -16.00000000000000000 ) ) ;
#8102 = CARTESIAN_POINT ( 'NONE',  ( -14.49999999989999999, -500.0000000000000000, 18.49999999990000177 ) ) ;
#8103 = CIRCLE ( 'NONE', #4064, 0.5000000000000004441 ) ;
#8104 = ORIENTED_EDGE ( 'NONE', *, *, #2374, .F. ) ;
#8105 = EDGE_LOOP ( 'NONE', ( #5691, #3855, #682, #6867 ) ) ;
#8106 = EDGE_CURVE ( 'NONE', #4771, #395, #7014, .T. ) ;
#8107 = FACE_OUTER_BOUND ( 'NONE', #2224, .T. ) ;
#8108 = DIRECTION ( 'NONE',  ( 0.000000000000000000, 1.000000000000000000, 0.000000000000000000 ) ) ;
#8109 = CARTESIAN_POINT ( 'NONE',  ( -5.700000010000000117, 500.0000000000000000, -18.00000000000000000 ) ) ;
#8110 = DIRECTION ( 'NONE',  ( 0.000000000000000000, 1.000000000000000000, 0.000000000000000000 ) ) ;
#8111 = AXIS2_PLACEMENT_3D ( 'NONE', #8088, #2476, #4981 ) ;
ENDSEC;
END-ISO-10303-21;
