ISO-10303-21;
HEADER;
FILE_DESCRIPTION (( 'STEP AP214' ),
    '1' );
FILE_NAME ('1108038_profil_a8_40x40_leicht.step',
    '2026-02-03T12:43:50',
    ( '' ),
    ( '' ),
    'SwSTEP 2.0',
    'SolidWorks 2026',
    '' );
FILE_SCHEMA (( 'AUTOMOTIVE_DESIGN' ));
ENDSEC;

DATA;
#1 = DIRECTION ( 'NONE',  ( 0.000000000000000000, -1.000000000000000000, 0.000000000000000000 ) ) ;
#2 = DIRECTION ( 'NONE',  ( 0.000000000000000000, 1.000000000000000000, 0.000000000000000000 ) ) ;
#3 = VERTEX_POINT ( 'NONE', #3600 ) ;
#4 = EDGE_CURVE ( 'NONE', #1408, #1458, #352, .T. ) ;
#5 = LINE ( 'NONE', #2800, #3127 ) ;
#6 = DIRECTION ( 'NONE',  ( 0.000000000000000000, -1.000000000000000000, 0.000000000000000000 ) ) ;
#7 = FACE_OUTER_BOUND ( 'NONE', #2055, .T. ) ;
#8 = ORIENTED_EDGE ( 'NONE', *, *, #2565, .F. ) ;
#9 = EDGE_CURVE ( 'NONE', #5267, #4974, #3271, .T. ) ;
#10 = ORIENTED_EDGE ( 'NONE', *, *, #2655, .T. ) ;
#11 = EDGE_CURVE ( 'NONE', #3450, #4077, #2266, .T. ) ;
#12 = DIRECTION ( 'NONE',  ( -1.000000000000000000, 0.000000000000000000, -3.469446951953611033E-15 ) ) ;
#13 = EDGE_LOOP ( 'NONE', ( #2372, #2794, #983, #3091 ) ) ;
#14 = ORIENTED_EDGE ( 'NONE', *, *, #1961, .F. ) ;
#15 = DIRECTION ( 'NONE',  ( 0.000000000000000000, 0.000000000000000000, -1.000000000000000000 ) ) ;
#16 = CARTESIAN_POINT ( 'NONE',  ( -20.00000000000000000, -500.0000000000000000, 16.00000000000000000 ) ) ;
#17 = CARTESIAN_POINT ( 'NONE',  ( -6.499999999899999992, 502.0000000000000000, 16.00000000010000178 ) ) ;
#18 = DIRECTION ( 'NONE',  ( -0.7071067811865474617, 0.000000000000000000, 0.7071067811865474617 ) ) ;
#19 = CARTESIAN_POINT ( 'NONE',  ( 7.423097032500000303, 500.0000000000000000, -10.00000000000000000 ) ) ;
#20 = EDGE_CURVE ( 'NONE', #4750, #3304, #45, .T. ) ;
#21 = VERTEX_POINT ( 'NONE', #5256 ) ;
#22 = CARTESIAN_POINT ( 'NONE',  ( 5.500000000000000000, -500.0000000000000000, -20.00000000000000000 ) ) ;
#23 = DIRECTION ( 'NONE',  ( 0.000000000000000000, -1.000000000000000000, 0.000000000000000000 ) ) ;
#24 = DIRECTION ( 'NONE',  ( -6.666657966410603605E-11, 0.000000000000000000, 1.000000000000000000 ) ) ;
#25 = EDGE_LOOP ( 'NONE', ( #3268, #4815, #8, #150 ) ) ;
#26 = EDGE_CURVE ( 'NONE', #2430, #3635, #4832, .T. ) ;
#27 = DIRECTION ( 'NONE',  ( 0.000000000000000000, 0.000000000000000000, 1.000000000000000000 ) ) ;
#28 = EDGE_CURVE ( 'NONE', #375, #5240, #2442, .T. ) ;
#29 = FACE_OUTER_BOUND ( 'NONE', #1491, .T. ) ;
#30 = ORIENTED_EDGE ( 'NONE', *, *, #5003, .T. ) ;
#31 = DIRECTION ( 'NONE',  ( -1.000000000000000000, 0.000000000000000000, 0.000000000000000000 ) ) ;
#32 = ADVANCED_FACE ( 'NONE', ( #1153 ), #803, .F. ) ;
#33 = DIRECTION ( 'NONE',  ( 0.000000000000000000, -1.000000000000000000, 0.000000000000000000 ) ) ;
#34 = EDGE_CURVE ( 'NONE', #1511, #250, #4076, .T. ) ;
#35 = ORIENTED_EDGE ( 'NONE', *, *, #5017, .T. ) ;
#36 = ORIENTED_EDGE ( 'NONE', *, *, #5085, .T. ) ;
#37 = DIRECTION ( 'NONE',  ( -0.7071067811865474617, 0.000000000000000000, 0.7071067811865474617 ) ) ;
#38 = CARTESIAN_POINT ( 'NONE',  ( -16.00000000000000000, 502.0000000000000000, 7.000000000000000000 ) ) ;
#39 = AXIS2_PLACEMENT_3D ( 'NONE', #3753, #449, #1356 ) ;
#40 = CARTESIAN_POINT ( 'NONE',  ( 7.750000000000000000, 500.0000000000000000, 3.557611840000000303 ) ) ;
#41 = CARTESIAN_POINT ( 'NONE',  ( 15.50000000000000000, 500.0000000000000000, 9.999999999899998215 ) ) ;
#42 = CARTESIAN_POINT ( 'NONE',  ( -16.00000000000000000, -500.0000000000000000, -18.19999999999999929 ) ) ;
#43 = PLANE ( 'NONE',  #1419 ) ;
#44 = VECTOR ( 'NONE', #4449, 1000.000000000000000 ) ;
#45 = CIRCLE ( 'NONE', #4851, 3.399999999999999911 ) ;
#46 = DIRECTION ( 'NONE',  ( 0.000000000000000000, -1.000000000000000000, 0.000000000000000000 ) ) ;
#47 = EDGE_CURVE ( 'NONE', #4305, #3948, #291, .T. ) ;
#48 = VECTOR ( 'NONE', #4186, 1000.000000000000000 ) ;
#49 = CARTESIAN_POINT ( 'NONE',  ( -17.69999999999999929, -500.0000000000000000, 12.30000000000000071 ) ) ;
#50 = CYLINDRICAL_SURFACE ( 'NONE', #3559, 4.999999869901410321 ) ;
#51 = ORIENTED_EDGE ( 'NONE', *, *, #3343, .T. ) ;
#52 = ADVANCED_FACE ( 'NONE', ( #407 ), #3250, .F. ) ;
#53 = AXIS2_PLACEMENT_3D ( 'NONE', #2063, #3215, #4861 ) ;
#54 = VECTOR ( 'NONE', #4884, 1000.000000000000000 ) ;
#55 = AXIS2_PLACEMENT_3D ( 'NONE', #1879, #1446, #3462 ) ;
#56 = LINE ( 'NONE', #2068, #3219 ) ;
#57 = EDGE_LOOP ( 'NONE', ( #840, #288, #59, #1982 ) ) ;
#58 = VECTOR ( 'NONE', #3958, 1000.000000000000000 ) ;
#59 = ORIENTED_EDGE ( 'NONE', *, *, #4086, .F. ) ;
#60 = DIRECTION ( 'NONE',  ( 3.469446951953611033E-15, 0.000000000000000000, -1.000000000000000000 ) ) ;
#61 = VECTOR ( 'NONE', #5294, 1000.000000000000000 ) ;
#62 = VECTOR ( 'NONE', #2153, 1000.000000000000000 ) ;
#63 = DIRECTION ( 'NONE',  ( -1.000000000000000000, 0.000000000000000000, 0.000000000000000000 ) ) ;
#64 = AXIS2_PLACEMENT_3D ( 'NONE', #4707, #2737, #2240 ) ;
#65 = EDGE_LOOP ( 'NONE', ( #4548, #1011, #4663, #1006 ) ) ;
#66 = ORIENTED_EDGE ( 'NONE', *, *, #201, .T. ) ;
#67 = DIRECTION ( 'NONE',  ( 0.000000000000000000, 1.000000000000000000, 0.000000000000000000 ) ) ;
#68 = LINE ( 'NONE', #1709, #2819 ) ;
#69 = ORIENTED_EDGE ( 'NONE', *, *, #1931, .T. ) ;
#70 = EDGE_CURVE ( 'NONE', #2863, #776, #3900, .T. ) ;
#71 = CIRCLE ( 'NONE', #3752, 0.4499999999999990119 ) ;
#72 = FACE_OUTER_BOUND ( 'NONE', #5302, .T. ) ;
#73 = DIRECTION ( 'NONE',  ( -1.000000000000000000, 0.000000000000000000, -4.884684341243943186E-09 ) ) ;
#74 = CARTESIAN_POINT ( 'NONE',  ( 17.99999999990000177, 500.0000000000000000, -7.500000000000000000 ) ) ;
#75 = FACE_OUTER_BOUND ( 'NONE', #4624, .T. ) ;
#76 = VERTEX_POINT ( 'NONE', #1531 ) ;
#77 = DIRECTION ( 'NONE',  ( -1.000000000000000000, 0.000000000000000000, -2.222219322136867696E-10 ) ) ;
#78 = DIRECTION ( 'NONE',  ( 0.000000000000000000, -1.000000000000000000, 0.000000000000000000 ) ) ;
#79 = CARTESIAN_POINT ( 'NONE',  ( 3.557611840000000303, 500.0000000000000000, -7.750000000000000000 ) ) ;
#80 = DIRECTION ( 'NONE',  ( 0.000000000000000000, -1.000000000000000000, 0.000000000000000000 ) ) ;
#81 = ORIENTED_EDGE ( 'NONE', *, *, #4690, .T. ) ;
#82 = CARTESIAN_POINT ( 'NONE',  ( 7.000000000100000008, -500.0000000000000000, 17.55000000000000071 ) ) ;
#83 = DIRECTION ( 'NONE',  ( 0.000000000000000000, -1.000000000000000000, 0.000000000000000000 ) ) ;
#84 = VERTEX_POINT ( 'NONE', #2773 ) ;
#85 = CARTESIAN_POINT ( 'NONE',  ( -17.55000000000000071, -500.0000000000000000, -7.000000000000000000 ) ) ;
#86 = EDGE_CURVE ( 'NONE', #4213, #3115, #2454, .T. ) ;
#87 = CARTESIAN_POINT ( 'NONE',  ( 16.00000000000000000, 500.0000000000000000, 20.00000000000000000 ) ) ;
#88 = VERTEX_POINT ( 'NONE', #1280 ) ;
#89 = ORIENTED_EDGE ( 'NONE', *, *, #4753, .T. ) ;
#90 = CARTESIAN_POINT ( 'NONE',  ( -12.30000000000000071, 502.0000000000000000, 11.79999999999999893 ) ) ;
#91 = CARTESIAN_POINT ( 'NONE',  ( -16.00000000000000000, 500.0000000000000000, -16.00000000000000000 ) ) ;
#92 = ORIENTED_EDGE ( 'NONE', *, *, #1737, .T. ) ;
#93 = LINE ( 'NONE', #3694, #4407 ) ;
#94 = CARTESIAN_POINT ( 'NONE',  ( 6.999999999899999992, 500.0000000000000000, -16.00000000000000000 ) ) ;
#95 = DIRECTION ( 'NONE',  ( 0.000000000000000000, -1.000000000000000000, 0.000000000000000000 ) ) ;
#96 = ORIENTED_EDGE ( 'NONE', *, *, #5201, .T. ) ;
#97 = CARTESIAN_POINT ( 'NONE',  ( -2.875000000000000000, -500.0000000000000000, -15.50000000000000000 ) ) ;
#98 = ADVANCED_FACE ( 'NONE', ( #3292 ), #2553, .F. ) ;
#99 = EDGE_CURVE ( 'NONE', #5265, #3911, #2064, .T. ) ;
#100 = EDGE_CURVE ( 'NONE', #5233, #4609, #2946, .T. ) ;
#101 = DIRECTION ( 'NONE',  ( 0.000000000000000000, -1.000000000000000000, 0.000000000000000000 ) ) ;
#102 = FACE_OUTER_BOUND ( 'NONE', #1021, .T. ) ;
#103 = DIRECTION ( 'NONE',  ( 0.000000000000000000, 1.000000000000000000, 0.000000000000000000 ) ) ;
#104 = VERTEX_POINT ( 'NONE', #3701 ) ;
#105 = ORIENTED_EDGE ( 'NONE', *, *, #70, .T. ) ;
#106 = DIRECTION ( 'NONE',  ( 1.000000000000000000, 0.000000000000000000, 3.469446951953611033E-15 ) ) ;
#107 = EDGE_LOOP ( 'NONE', ( #1589, #3926, #3580, #2177 ) ) ;
#108 = ORIENTED_EDGE ( 'NONE', *, *, #2474, .F. ) ;
#109 = CARTESIAN_POINT ( 'NONE',  ( -6.500000000000000000, 500.0000000000000000, 15.50000000000000000 ) ) ;
#110 = LINE ( 'NONE', #3379, #3353 ) ;
#111 = VERTEX_POINT ( 'NONE', #3755 ) ;
#112 = EDGE_LOOP ( 'NONE', ( #2344, #5284, #4429, #3867 ) ) ;
#113 = EDGE_CURVE ( 'NONE', #4071, #2273, #1498, .T. ) ;
#114 = DIRECTION ( 'NONE',  ( 0.000000000000000000, 1.000000000000000000, 0.000000000000000000 ) ) ;
#115 = DIRECTION ( 'NONE',  ( 0.000000000000000000, -1.000000000000000000, 0.000000000000000000 ) ) ;
#116 = ORIENTED_EDGE ( 'NONE', *, *, #1738, .F. ) ;
#117 = ORIENTED_EDGE ( 'NONE', *, *, #5269, .T. ) ;
#118 = DIRECTION ( 'NONE',  ( 0.000000000000000000, 1.000000000000000000, 0.000000000000000000 ) ) ;
#119 = PLANE ( 'NONE',  #2184 ) ;
#120 = EDGE_LOOP ( 'NONE', ( #638, #1421, #4586, #2127 ) ) ;
#121 = CYLINDRICAL_SURFACE ( 'NONE', #2727, 0.5000000000000004441 ) ;
#122 = EDGE_CURVE ( 'NONE', #2015, #1566, #831, .T. ) ;
#123 = CIRCLE ( 'NONE', #4412, 4.999999962794540842 ) ;
#124 = CARTESIAN_POINT ( 'NONE',  ( -8.750000000000000000, -500.0000000000000000, -4.000000000000000000 ) ) ;
#125 = CARTESIAN_POINT ( 'NONE',  ( 16.00000000000000000, 500.0000000000000000, -16.00000000000000000 ) ) ;
#126 = DIRECTION ( 'NONE',  ( 0.000000000000000000, 1.000000000000000000, 0.000000000000000000 ) ) ;
#127 = VERTEX_POINT ( 'NONE', #4180 ) ;
#128 = AXIS2_PLACEMENT_3D ( 'NONE', #1639, #3620, #2473 ) ;
#129 = EDGE_CURVE ( 'NONE', #3035, #1135, #988, .T. ) ;
#130 = VERTEX_POINT ( 'NONE', #1256 ) ;
#131 = AXIS2_PLACEMENT_3D ( 'NONE', #4798, #426, #773 ) ;
#132 = CARTESIAN_POINT ( 'NONE',  ( -12.30000000000000071, 502.0000000000000000, -18.19999999999999929 ) ) ;
#133 = ORIENTED_EDGE ( 'NONE', *, *, #1044, .F. ) ;
#134 = VECTOR ( 'NONE', #657, 1000.000000000000000 ) ;
#135 = VECTOR ( 'NONE', #2522, 1000.000000000000000 ) ;
#136 = DIRECTION ( 'NONE',  ( 0.000000000000000000, -1.000000000000000000, 0.000000000000000000 ) ) ;
#137 = AXIS2_PLACEMENT_3D ( 'NONE', #2772, #2747, #5178 ) ;
#138 = LINE ( 'NONE', #614, #2030 ) ;
#139 = VECTOR ( 'NONE', #2409, 1000.000000000000000 ) ;
#140 = VECTOR ( 'NONE', #802, 1000.000000000000000 ) ;
#141 = ORIENTED_EDGE ( 'NONE', *, *, #532, .F. ) ;
#142 = ORIENTED_EDGE ( 'NONE', *, *, #1436, .F. ) ;
#143 = CARTESIAN_POINT ( 'NONE',  ( 10.00000000000000000, 502.0000000000000000, 14.19238813000000121 ) ) ;
#144 = DIRECTION ( 'NONE',  ( 0.000000000000000000, -1.000000000000000000, 0.000000000000000000 ) ) ;
#145 = ORIENTED_EDGE ( 'NONE', *, *, #1528, .F. ) ;
#146 = VECTOR ( 'NONE', #4106, 1000.000000000000000 ) ;
#147 = VECTOR ( 'NONE', #3987, 1000.000000000000000 ) ;
#148 = CARTESIAN_POINT ( 'NONE',  ( 15.50000000010000001, -500.0000000000000000, -6.500000000000000000 ) ) ;
#149 = CARTESIAN_POINT ( 'NONE',  ( -15.50000000010000001, 502.0000000000000000, -5.000000000000000000 ) ) ;
#150 = ORIENTED_EDGE ( 'NONE', *, *, #4916, .T. ) ;
#151 = VECTOR ( 'NONE', #3927, 1000.000000000000000 ) ;
#152 = DIRECTION ( 'NONE',  ( 0.000000000000000000, -1.000000000000000000, 0.000000000000000000 ) ) ;
#153 = CIRCLE ( 'NONE', #419, 4.999999962794540842 ) ;
#154 = CARTESIAN_POINT ( 'NONE',  ( 18.50000000000000000, 500.0000000000000000, -4.000000000000000000 ) ) ;
#155 = DIRECTION ( 'NONE',  ( 0.000000000000000000, 1.000000000000000000, 0.000000000000000000 ) ) ;
#156 = ORIENTED_EDGE ( 'NONE', *, *, #4121, .T. ) ;
#157 = ADVANCED_FACE ( 'NONE', ( #1721 ), #50, .F. ) ;
#158 = ADVANCED_FACE ( 'NONE', ( #2905 ), #3322, .F. ) ;
#159 = EDGE_LOOP ( 'NONE', ( #935, #356, #4520, #4701 ) ) ;
#160 = EDGE_CURVE ( 'NONE', #2100, #4212, #1252, .T. ) ;
#161 = DIRECTION ( 'NONE',  ( 0.000000000000000000, 1.000000000000000000, 0.000000000000000000 ) ) ;
#162 = ORIENTED_EDGE ( 'NONE', *, *, #3866, .F. ) ;
#163 = CARTESIAN_POINT ( 'NONE',  ( -12.30000000000000071, 500.0000000000000000, -18.19999999999999929 ) ) ;
#164 = CARTESIAN_POINT ( 'NONE',  ( 16.00000000010000178, 502.0000000000000000, 6.499999999899999992 ) ) ;
#165 = EDGE_CURVE ( 'NONE', #1284, #1511, #1688, .T. ) ;
#166 = VERTEX_POINT ( 'NONE', #3347 ) ;
#167 = VERTEX_POINT ( 'NONE', #4990 ) ;
#168 = EDGE_CURVE ( 'NONE', #2256, #2745, #4103, .T. ) ;
#169 = CARTESIAN_POINT ( 'NONE',  ( -17.54999999989999893, -500.0000000000000000, 7.450000000100000186 ) ) ;
#170 = DIRECTION ( 'NONE',  ( 0.000000000000000000, -1.000000000000000000, 0.000000000000000000 ) ) ;
#171 = VERTEX_POINT ( 'NONE', #857 ) ;
#172 = CARTESIAN_POINT ( 'NONE',  ( -6.500000000000000000, 502.0000000000000000, -15.50000000010000001 ) ) ;
#173 = CARTESIAN_POINT ( 'NONE',  ( -12.30000000000000071, 500.0000000000000000, -11.79999999999999893 ) ) ;
#174 = DIRECTION ( 'NONE',  ( 0.000000000000000000, 0.000000000000000000, -1.000000000000000000 ) ) ;
#175 = FACE_BOUND ( 'NONE', #4192, .T. ) ;
#176 = DIRECTION ( 'NONE',  ( -9.999813477268295448E-11, 0.000000000000000000, 1.000000000000000000 ) ) ;
#177 = EDGE_LOOP ( 'NONE', ( #4716, #2395, #156, #2414, #3166, #3017, #4886, #1445 ) ) ;
#178 = EDGE_CURVE ( 'NONE', #3496, #948, #900, .T. ) ;
#179 = CARTESIAN_POINT ( 'NONE',  ( 16.00000000000000000, 500.0000000000000000, 20.00000000000000000 ) ) ;
#180 = ORIENTED_EDGE ( 'NONE', *, *, #4762, .T. ) ;
#181 = AXIS2_PLACEMENT_3D ( 'NONE', #3689, #3732, #912 ) ;
#182 = DIRECTION ( 'NONE',  ( -9.999640004920706815E-11, 0.000000000000000000, 1.000000000000000000 ) ) ;
#183 = EDGE_CURVE ( 'NONE', #2398, #323, #2146, .T. ) ;
#184 = CARTESIAN_POINT ( 'NONE',  ( -7.000000000000000000, 500.0000000000000000, 8.387500000000001066 ) ) ;
#185 = ORIENTED_EDGE ( 'NONE', *, *, #4550, .F. ) ;
#186 = CARTESIAN_POINT ( 'NONE',  ( 10.00000000000000000, 500.0000000000000000, -14.19238813000000121 ) ) ;
#187 = EDGE_CURVE ( 'NONE', #2407, #4855, #2375, .T. ) ;
#188 = DIRECTION ( 'NONE',  ( 0.000000000000000000, 0.000000000000000000, 1.000000000000000000 ) ) ;
#189 = VERTEX_POINT ( 'NONE', #4908 ) ;
#190 = DIRECTION ( 'NONE',  ( 2.222219322136867696E-10, 0.000000000000000000, -1.000000000000000000 ) ) ;
#191 = FACE_OUTER_BOUND ( 'NONE', #4948, .T. ) ;
#192 = ORIENTED_EDGE ( 'NONE', *, *, #3430, .F. ) ;
#193 = CARTESIAN_POINT ( 'NONE',  ( 8.750000000000000000, -500.0000000000000000, -4.000000000000000000 ) ) ;
#194 = EDGE_CURVE ( 'NONE', #4048, #3437, #1742, .T. ) ;
#195 = ORIENTED_EDGE ( 'NONE', *, *, #3784, .T. ) ;
#196 = LINE ( 'NONE', #5112, #5204 ) ;
#197 = CARTESIAN_POINT ( 'NONE',  ( -11.79999999999999893, 500.0000000000000000, -12.30000000000000071 ) ) ;
#198 = CARTESIAN_POINT ( 'NONE',  ( 12.74999986990139966, -500.0000000000000000, -3.557611892023129663 ) ) ;
#199 = DIRECTION ( 'NONE',  ( 0.000000000000000000, -1.000000000000000000, 0.000000000000000000 ) ) ;
#200 = ORIENTED_EDGE ( 'NONE', *, *, #2154, .T. ) ;
#201 = EDGE_CURVE ( 'NONE', #2277, #2026, #431, .T. ) ;
#202 = CARTESIAN_POINT ( 'NONE',  ( 4.000000000000000000, 502.0000000000000000, -16.50000000000000000 ) ) ;
#203 = ORIENTED_EDGE ( 'NONE', *, *, #129, .T. ) ;
#204 = CARTESIAN_POINT ( 'NONE',  ( 12.30000000000000071, 502.0000000000000000, 17.69999999999999929 ) ) ;
#205 = VECTOR ( 'NONE', #2190, 1000.000000000000000 ) ;
#206 = CARTESIAN_POINT ( 'NONE',  ( 5.500000000099999120, 502.0000000000000000, -18.49999999990000177 ) ) ;
#207 = ORIENTED_EDGE ( 'NONE', *, *, #5155, .T. ) ;
#208 = EDGE_CURVE ( 'NONE', #4334, #3372, #4359, .T. ) ;
#209 = CARTESIAN_POINT ( 'NONE',  ( 12.30000000000000071, 502.0000000000000000, -12.30000000000000071 ) ) ;
#210 = AXIS2_PLACEMENT_3D ( 'NONE', #1656, #1681, #947 ) ;
#211 = DIRECTION ( 'NONE',  ( -1.999928000984143172E-10, 0.000000000000000000, 1.000000000000000000 ) ) ;
#212 = AXIS2_PLACEMENT_3D ( 'NONE', #1546, #3183, #4823 ) ;
#213 = ORIENTED_EDGE ( 'NONE', *, *, #602, .F. ) ;
#214 = ORIENTED_EDGE ( 'NONE', *, *, #2633, .T. ) ;
#215 = DIRECTION ( 'NONE',  ( -6.666657966410603605E-11, 0.000000000000000000, 1.000000000000000000 ) ) ;
#217 = CIRCLE ( 'NONE', #3816, 0.5000000000000004441 ) ;
#216 = LINE ( 'NONE', #3815, #3585 ) ;
#218 = ORIENTED_EDGE ( 'NONE', *, *, #4915, .T. ) ;
#219 = CIRCLE ( 'NONE', #2367, 4.000000000000000000 ) ;
#220 = AXIS2_PLACEMENT_3D ( 'NONE', #929, #4537, #2578 ) ;
#221 = EDGE_CURVE ( 'NONE', #687, #4241, #2635, .T. ) ;
#222 = AXIS2_PLACEMENT_3D ( 'NONE', #1530, #1411, #1016 ) ;
#223 = ADVANCED_FACE ( 'NONE', ( #5028 ), #1806, .F. ) ;
#224 = ORIENTED_EDGE ( 'NONE', *, *, #4993, .F. ) ;
#225 = ADVANCED_FACE ( 'NONE', ( #941 ), #1290, .F. ) ;
#226 = VECTOR ( 'NONE', #443, 1000.000000000000000 ) ;
#227 = CIRCLE ( 'NONE', #1601, 2.499999999999998668 ) ;
#228 = PLANE ( 'NONE',  #4519 ) ;
#229 = VECTOR ( 'NONE', #1175, 1000.000000000000000 ) ;
#230 = AXIS2_PLACEMENT_3D ( 'NONE', #1041, #1492, #243 ) ;
#231 = CIRCLE ( 'NONE', #1237, 2.200000000000000622 ) ;
#232 = DIRECTION ( 'NONE',  ( 0.000000000000000000, -1.000000000000000000, 0.000000000000000000 ) ) ;
#233 = CYLINDRICAL_SURFACE ( 'NONE', #2616, 3.399999999999999911 ) ;
#234 = DIRECTION ( 'NONE',  ( 1.000000000000000000, 0.000000000000000000, 0.000000000000000000 ) ) ;
#235 = ORIENTED_EDGE ( 'NONE', *, *, #775, .F. ) ;
#236 = EDGE_CURVE ( 'NONE', #5265, #2237, #536, .T. ) ;
#237 = AXIS2_PLACEMENT_3D ( 'NONE', #3499, #1880, #1394 ) ;
#238 = DIRECTION ( 'NONE',  ( 0.000000000000000000, -1.000000000000000000, 0.000000000000000000 ) ) ;
#239 = ORIENTED_EDGE ( 'NONE', *, *, #1540, .T. ) ;
#240 = CARTESIAN_POINT ( 'NONE',  ( -17.69999999999999929, 500.0000000000000000, 11.79999999999999893 ) ) ;
#241 = CARTESIAN_POINT ( 'NONE',  ( -7.423097032500000303, -500.0000000000000000, 10.00000000000000000 ) ) ;
#242 = ORIENTED_EDGE ( 'NONE', *, *, #4526, .F. ) ;
#243 = DIRECTION ( 'NONE',  ( -3.469446951953611033E-15, 0.000000000000000000, 1.000000000000000000 ) ) ;
#244 = CARTESIAN_POINT ( 'NONE',  ( 12.74999986990139966, 500.0000000000000000, -3.557611892023129663 ) ) ;
#245 = ORIENTED_EDGE ( 'NONE', *, *, #3581, .T. ) ;
#246 = DIRECTION ( 'NONE',  ( 0.000000000000000000, 0.000000000000000000, -1.000000000000000000 ) ) ;
#247 = DIRECTION ( 'NONE',  ( 0.000000000000000000, -1.000000000000000000, 0.000000000000000000 ) ) ;
#248 = EDGE_LOOP ( 'NONE', ( #666, #4323, #4480, #1376 ) ) ;
#249 = ADVANCED_FACE ( 'NONE', ( #4193 ), #1731, .F. ) ;
#250 = VERTEX_POINT ( 'NONE', #2990 ) ;
#251 = ORIENTED_EDGE ( 'NONE', *, *, #2499, .T. ) ;
#252 = DIRECTION ( 'NONE',  ( 0.000000000000000000, -1.000000000000000000, 0.000000000000000000 ) ) ;
#253 = DIRECTION ( 'NONE',  ( 0.000000000000000000, -1.000000000000000000, 0.000000000000000000 ) ) ;
#254 = CARTESIAN_POINT ( 'NONE',  ( -17.69999999999999929, 502.0000000000000000, -12.30000000000000071 ) ) ;
#255 = LINE ( 'NONE', #1887, #3669 ) ;
#256 = LINE ( 'NONE', #3021, #2954 ) ;
#257 = CARTESIAN_POINT ( 'NONE',  ( -16.00000000000000000, -500.0000000000000000, 20.00000000000000000 ) ) ;
#258 = ORIENTED_EDGE ( 'NONE', *, *, #4381, .F. ) ;
#259 = EDGE_CURVE ( 'NONE', #2415, #3178, #491, .T. ) ;
#260 = EDGE_CURVE ( 'NONE', #4950, #3201, #227, .T. ) ;
#261 = DIRECTION ( 'NONE',  ( 4.884684341243943186E-09, 0.000000000000000000, -1.000000000000000000 ) ) ;
#262 = ORIENTED_EDGE ( 'NONE', *, *, #1922, .T. ) ;
#263 = FACE_OUTER_BOUND ( 'NONE', #1304, .T. ) ;
#264 = DIRECTION ( 'NONE',  ( 0.000000000000000000, -1.000000000000000000, 0.000000000000000000 ) ) ;
#265 = ORIENTED_EDGE ( 'NONE', *, *, #3950, .F. ) ;
#266 = LINE ( 'NONE', #1899, #1324 ) ;
#267 = DIRECTION ( 'NONE',  ( 0.7071067811865475727, 0.000000000000000000, -0.7071067811865475727 ) ) ;
#268 = EDGE_LOOP ( 'NONE', ( #2429, #4503, #224, #964 ) ) ;
#269 = DIRECTION ( 'NONE',  ( 0.000000000000000000, -1.000000000000000000, 0.000000000000000000 ) ) ;
#270 = ORIENTED_EDGE ( 'NONE', *, *, #4100, .F. ) ;
#271 = DIRECTION ( 'NONE',  ( -0.7071067807047832776, 0.000000000000000000, -0.7071067816683118679 ) ) ;
#272 = DIRECTION ( 'NONE',  ( -1.000000000000000000, 0.000000000000000000, 0.000000000000000000 ) ) ;
#273 = ORIENTED_EDGE ( 'NONE', *, *, #1900, .F. ) ;
#274 = EDGE_LOOP ( 'NONE', ( #3065, #4629, #5283, #4571 ) ) ;
#275 = ORIENTED_EDGE ( 'NONE', *, *, #4633, .T. ) ;
#276 = EDGE_CURVE ( 'NONE', #1212, #3035, #2589, .T. ) ;
#277 = EDGE_LOOP ( 'NONE', ( #3998, #714, #2662, #973 ) ) ;
#278 = ORIENTED_EDGE ( 'NONE', *, *, #4654, .F. ) ;
#279 = CARTESIAN_POINT ( 'NONE',  ( 17.99999999990000177, 502.0000000000000000, -7.500000000000000000 ) ) ;
#280 = PLANE ( 'NONE',  #1695 ) ;
#281 = EDGE_CURVE ( 'NONE', #3174, #813, #917, .T. ) ;
#282 = CARTESIAN_POINT ( 'NONE',  ( 7.423097032500000303, 500.0000000000000000, 10.00000000000000000 ) ) ;
#283 = CARTESIAN_POINT ( 'NONE',  ( -17.99999999990000177, -500.0000000000000000, 7.500000000000000000 ) ) ;
#284 = CARTESIAN_POINT ( 'NONE',  ( 3.557611892023129663, 500.0000000000000000, 12.74999986990139966 ) ) ;
#285 = EDGE_LOOP ( 'NONE', ( #5100, #2157, #3850, #1942 ) ) ;
#286 = ORIENTED_EDGE ( 'NONE', *, *, #1961, .T. ) ;
#287 = CARTESIAN_POINT ( 'NONE',  ( -12.30000000000000071, 502.0000000000000000, 12.30000000000000071 ) ) ;
#288 = ORIENTED_EDGE ( 'NONE', *, *, #1646, .F. ) ;
#289 = PLANE ( 'NONE',  #1250 ) ;
#290 = DIRECTION ( 'NONE',  ( 0.000000000000000000, -1.000000000000000000, 0.000000000000000000 ) ) ;
#291 = LINE ( 'NONE', #1616, #2112 ) ;
#292 = EDGE_CURVE ( 'NONE', #5233, #5150, #3814, .T. ) ;
#293 = CARTESIAN_POINT ( 'NONE',  ( 17.69999999999999929, 500.0000000000000000, 12.30000000000000071 ) ) ;
#294 = DIRECTION ( 'NONE',  ( 1.000000000000000000, 0.000000000000000000, 0.000000000000000000 ) ) ;
#295 = VECTOR ( 'NONE', #4363, 1000.000000000000000 ) ;
#296 = DIRECTION ( 'NONE',  ( 0.000000000000000000, -1.000000000000000000, 0.000000000000000000 ) ) ;
#297 = ORIENTED_EDGE ( 'NONE', *, *, #844, .F. ) ;
#298 = CARTESIAN_POINT ( 'NONE',  ( 16.00000000000000000, 500.0000000000000000, -18.19999999999999929 ) ) ;
#299 = LINE ( 'NONE', #2002, #3407 ) ;
#300 = VERTEX_POINT ( 'NONE', #4572 ) ;
#301 = AXIS2_PLACEMENT_3D ( 'NONE', #4656, #4734, #658 ) ;
#302 = ORIENTED_EDGE ( 'NONE', *, *, #811, .F. ) ;
#303 = AXIS2_PLACEMENT_3D ( 'NONE', #1623, #2447, #161 ) ;
#304 = ORIENTED_EDGE ( 'NONE', *, *, #2951, .T. ) ;
#305 = DIRECTION ( 'NONE',  ( 0.000000000000000000, -1.000000000000000000, 0.000000000000000000 ) ) ;
#306 = DIRECTION ( 'NONE',  ( 0.000000000000000000, 0.000000000000000000, 1.000000000000000000 ) ) ;
#307 = CIRCLE ( 'NONE', #3471, 0.4499999999999990119 ) ;
#308 = DIRECTION ( 'NONE',  ( 0.000000000000000000, 0.000000000000000000, -1.000000000000000000 ) ) ;
#309 = AXIS2_PLACEMENT_3D ( 'NONE', #2360, #2120, #3800 ) ;
#310 = AXIS2_PLACEMENT_3D ( 'NONE', #3754, #899, #979 ) ;
#311 = AXIS2_PLACEMENT_3D ( 'NONE', #2347, #3980, #4017 ) ;
#312 = CIRCLE ( 'NONE', #2031, 0.4499999999999990119 ) ;
#313 = DIRECTION ( 'NONE',  ( 0.000000000000000000, 0.000000000000000000, -1.000000000000000000 ) ) ;
#314 = FACE_OUTER_BOUND ( 'NONE', #2781, .T. ) ;
#315 = DIRECTION ( 'NONE',  ( 1.000000000000000000, 0.000000000000000000, 0.000000000000000000 ) ) ;
#316 = ORIENTED_EDGE ( 'NONE', *, *, #505, .T. ) ;
#317 = EDGE_CURVE ( 'NONE', #2133, #3945, #513, .T. ) ;
#318 = CIRCLE ( 'NONE', #3313, 5.000000028479869130 ) ;
#319 = VECTOR ( 'NONE', #2704, 1000.000000000000000 ) ;
#320 = AXIS2_PLACEMENT_3D ( 'NONE', #3670, #2817, #1951 ) ;
#321 = ORIENTED_EDGE ( 'NONE', *, *, #3406, .F. ) ;
#322 = CARTESIAN_POINT ( 'NONE',  ( -6.500000000000000000, 500.0000000000000000, -15.50000000010000001 ) ) ;
#323 = VERTEX_POINT ( 'NONE', #1787 ) ;
#324 = DIRECTION ( 'NONE',  ( 0.000000000000000000, -1.000000000000000000, 0.000000000000000000 ) ) ;
#325 = DIRECTION ( 'NONE',  ( 0.000000000000000000, -1.000000000000000000, 0.000000000000000000 ) ) ;
#326 = ORIENTED_EDGE ( 'NONE', *, *, #5280, .F. ) ;
#327 = VERTEX_POINT ( 'NONE', #3417 ) ;
#328 = VECTOR ( 'NONE', #2371, 1000.000000000000000 ) ;
#329 = DIRECTION ( 'NONE',  ( 9.999813477268295448E-11, 0.000000000000000000, -1.000000000000000000 ) ) ;
#330 = CARTESIAN_POINT ( 'NONE',  ( -15.50000000010000001, -500.0000000000000000, 6.500000000000000000 ) ) ;
#331 = ORIENTED_EDGE ( 'NONE', *, *, #3638, .T. ) ;
#332 = CARTESIAN_POINT ( 'NONE',  ( 18.49999999990000177, -500.0000000000000000, 5.500000000099999120 ) ) ;
#333 = DIRECTION ( 'NONE',  ( 6.666657966410595850E-11, 0.000000000000000000, -1.000000000000000000 ) ) ;
#334 = CYLINDRICAL_SURFACE ( 'NONE', #2212, 0.4499999999999999001 ) ;
#335 = EDGE_LOOP ( 'NONE', ( #3071, #4727, #4889, #1500, #749, #608, #764, #4040, #1960, #2815, #2043, #1108, #117, #4811, #2206, #5297, #1552, #4736, #5131, #2285, #5312, #2774, #2156, #2677, #1034, #4444, #563, #1651, #731, #4560, #3134, #2913, #1292, #2988, #4863, #955, #4344, #4483, #3531, #4227, #504, #3691, #245, #3949, #4293, #1824, #2696, #4085, #3246, #2252, #5066, #3341, #1626, #2005, #4878, #591, #4792, #463, #4383, #3560, #1905, #3143, #5176, #1672, #4544, #3936, #1733, #2699, #1193, #5016, #5222, #3257, #1207, #4104, #4967, #847, #3501, #5205, #4628, #3495, #2147, #925, #2587, #2743, #3536, #677, #275, #1235, #1550, #814, #4538, #3369, #2770, #483, #3765, #3562, #5190, #4380, #3652, #200, #5289, #4816, #105, #4092, #508, #348, #3712, #5262, #1943, #4475, #4947, #2201, #5200, #339, #2584, #1549, #675, #3782, #5146, #2455 ) ) ;
#336 = DIRECTION ( 'NONE',  ( 1.000000000000000000, 0.000000000000000000, 0.000000000000000000 ) ) ;
#337 = EDGE_CURVE ( 'NONE', #930, #5236, #3382, .T. ) ;
#338 = VERTEX_POINT ( 'NONE', #3009 ) ;
#339 = ORIENTED_EDGE ( 'NONE', *, *, #3443, .T. ) ;
#340 = DIRECTION ( 'NONE',  ( 0.000000000000000000, 0.000000000000000000, 1.000000000000000000 ) ) ;
#341 = DIRECTION ( 'NONE',  ( 0.000000000000000000, -1.000000000000000000, 0.000000000000000000 ) ) ;
#342 = DIRECTION ( 'NONE',  ( 0.000000000000000000, 1.000000000000000000, 0.000000000000000000 ) ) ;
#343 = CARTESIAN_POINT ( 'NONE',  ( -3.376839827500000446, -500.0000000000000000, 5.498160177499999968 ) ) ;
#344 = CARTESIAN_POINT ( 'NONE',  ( -16.50000000000000000, 500.0000000000000000, 4.000000000100000008 ) ) ;
#345 = CARTESIAN_POINT ( 'NONE',  ( -11.79999999999999893, 502.0000000000000000, 17.69999999999999929 ) ) ;
#346 = ORIENTED_EDGE ( 'NONE', *, *, #3041, .T. ) ;
#347 = DIRECTION ( 'NONE',  ( 0.000000000000000000, 1.000000000000000000, 0.000000000000000000 ) ) ;
#348 = ORIENTED_EDGE ( 'NONE', *, *, #5067, .T. ) ;
#349 = CARTESIAN_POINT ( 'NONE',  ( -10.65685425999999936, 502.0000000000000000, -8.535533909999999835 ) ) ;
#350 = EDGE_CURVE ( 'NONE', #4275, #5069, #1850, .T. ) ;
#351 = CYLINDRICAL_SURFACE ( 'NONE', #53, 1.500000000000001332 ) ;
#352 = LINE ( 'NONE', #2337, #4498 ) ;
#353 = ORIENTED_EDGE ( 'NONE', *, *, #3668, .T. ) ;
#354 = DIRECTION ( 'NONE',  ( 0.000000000000000000, 1.000000000000000000, 0.000000000000000000 ) ) ;
#355 = CARTESIAN_POINT ( 'NONE',  ( 0.000000000000000000, 500.0000000000000000, 20.00000000000000000 ) ) ;
#356 = ORIENTED_EDGE ( 'NONE', *, *, #1289, .F. ) ;
#357 = PLANE ( 'NONE',  #4853 ) ;
#358 = DIRECTION ( 'NONE',  ( -0.7071067811865475727, 0.000000000000000000, -0.7071067811865475727 ) ) ;
#359 = EDGE_LOOP ( 'NONE', ( #3171, #5049, #2121, #4163 ) ) ;
#360 = EDGE_CURVE ( 'NONE', #4651, #4959, #887, .T. ) ;
#361 = ORIENTED_EDGE ( 'NONE', *, *, #3509, .T. ) ;
#362 = EDGE_LOOP ( 'NONE', ( #2318, #4877, #4566, #4060 ) ) ;
#363 = VECTOR ( 'NONE', #2884, 1000.000000000000000 ) ;
#364 = LINE ( 'NONE', #769, #1611 ) ;
#365 = EDGE_CURVE ( 'NONE', #1470, #327, #3054, .T. ) ;
#366 = DIRECTION ( 'NONE',  ( 4.000029474315882345E-11, 0.000000000000000000, -1.000000000000000000 ) ) ;
#367 = DIRECTION ( 'NONE',  ( 0.000000000000000000, 1.000000000000000000, 0.000000000000000000 ) ) ;
#368 = LINE ( 'NONE', #4019, #1683 ) ;
#369 = DIRECTION ( 'NONE',  ( 1.000000000000000000, 0.000000000000000000, 0.000000000000000000 ) ) ;
#370 = FACE_OUTER_BOUND ( 'NONE', #2334, .T. ) ;
#371 = ORIENTED_EDGE ( 'NONE', *, *, #3743, .T. ) ;
#372 = LINE ( 'NONE', #1966, #2705 ) ;
#373 = DIRECTION ( 'NONE',  ( 6.666657966410603605E-11, 0.000000000000000000, -1.000000000000000000 ) ) ;
#374 = CARTESIAN_POINT ( 'NONE',  ( 0.000000000000000000, -500.0000000000000000, 0.000000000000000000 ) ) ;
#375 = VERTEX_POINT ( 'NONE', #2611 ) ;
#376 = ADVANCED_BREP_SHAPE_REPRESENTATION ( '1108038_profil_a8_40x40_leicht', ( #3862, #4182 ), #3154 ) ;
#377 = CARTESIAN_POINT ( 'NONE',  ( 14.19238813000000121, 500.0000000000000000, -10.00000000000000000 ) ) ;
#378 = EDGE_CURVE ( 'NONE', #1240, #689, #4238, .T. ) ;
#379 = FACE_OUTER_BOUND ( 'NONE', #5026, .T. ) ;
#380 = CARTESIAN_POINT ( 'NONE',  ( 6.500000000000000000, 502.0000000000000000, 15.50000000010000001 ) ) ;
#381 = ORIENTED_EDGE ( 'NONE', *, *, #2292, .T. ) ;
#382 = ORIENTED_EDGE ( 'NONE', *, *, #3639, .F. ) ;
#383 = EDGE_LOOP ( 'NONE', ( #1924, #980, #5164, #2054 ) ) ;
#384 = ORIENTED_EDGE ( 'NONE', *, *, #1388, .F. ) ;
#386 = CIRCLE ( 'NONE', #4321, 5.000000028479869130 ) ;
#385 = CARTESIAN_POINT ( 'NONE',  ( 17.50000000000000000, 502.0000000000000000, 4.000000000000000000 ) ) ;
#387 = EDGE_CURVE ( 'NONE', #3130, #3162, #312, .T. ) ;
#388 = ADVANCED_FACE ( 'NONE', ( #3033 ), #4670, .F. ) ;
#389 = AXIS2_PLACEMENT_3D ( 'NONE', #1957, #4883, #1200 ) ;
#390 = EDGE_CURVE ( 'NONE', #3779, #1381, #2286, .T. ) ;
#391 = LINE ( 'NONE', #4492, #2084 ) ;
#392 = DIRECTION ( 'NONE',  ( -1.000000000000000000, 0.000000000000000000, -3.469446951953611033E-15 ) ) ;
#393 = LINE ( 'NONE', #2468, #2103 ) ;
#394 = CIRCLE ( 'NONE', #2289, 1.000000000000000888 ) ;
#395 = CARTESIAN_POINT ( 'NONE',  ( -16.50000000010000178, 502.0000000000000000, -5.000000000100000008 ) ) ;
#396 = EDGE_LOOP ( 'NONE', ( #3660, #331, #258, #1060 ) ) ;
#397 = AXIS2_PLACEMENT_3D ( 'NONE', #2506, #455, #4511 ) ;
#398 = AXIS2_PLACEMENT_3D ( 'NONE', #3284, #1246, #392 ) ;
#399 = CIRCLE ( 'NONE', #3310, 0.4499999999999999001 ) ;
#400 = EDGE_CURVE ( 'NONE', #1135, #534, #3068, .T. ) ;
#401 = ORIENTED_EDGE ( 'NONE', *, *, #5280, .T. ) ;
#402 = ADVANCED_FACE ( 'NONE', ( #4318 ), #1471, .F. ) ;
#403 = VERTEX_POINT ( 'NONE', #1501 ) ;
#404 = AXIS2_PLACEMENT_3D ( 'NONE', #1660, #1228, #3680 ) ;
#405 = CARTESIAN_POINT ( 'NONE',  ( 7.000000000000000000, 500.0000000000000000, -8.387500000000001066 ) ) ;
#406 = FACE_OUTER_BOUND ( 'NONE', #2748, .T. ) ;
#407 = FACE_OUTER_BOUND ( 'NONE', #2268, .T. ) ;
#408 = ORIENTED_EDGE ( 'NONE', *, *, #4364, .T. ) ;
#409 = CIRCLE ( 'NONE', #5290, 0.5000000000000004441 ) ;
#410 = CIRCLE ( 'NONE', #4336, 0.5000000000000004441 ) ;
#411 = DIRECTION ( 'NONE',  ( 0.000000000000000000, 0.000000000000000000, 1.000000000000000000 ) ) ;
#412 = VECTOR ( 'NONE', #599, 1000.000000000000114 ) ;
#413 = CARTESIAN_POINT ( 'NONE',  ( 20.00000000000000000, 0.000000000000000000, 5.500000000099999120 ) ) ;
#414 = VECTOR ( 'NONE', #1097, 1000.000000000000000 ) ;
#415 = AXIS2_PLACEMENT_3D ( 'NONE', #2888, #3789, #462 ) ;
#416 = CARTESIAN_POINT ( 'NONE',  ( -20.00000000000000000, -500.0000000000000000, 16.00000000000000000 ) ) ;
#417 = EDGE_LOOP ( 'NONE', ( #885, #3544, #791, #2099 ) ) ;
#418 = EDGE_LOOP ( 'NONE', ( #2672, #1347, #2829, #1225 ) ) ;
#419 = AXIS2_PLACEMENT_3D ( 'NONE', #2258, #1047, #3463 ) ;
#420 = ORIENTED_EDGE ( 'NONE', *, *, #2607, .F. ) ;
#421 = ORIENTED_EDGE ( 'NONE', *, *, #3457, .T. ) ;
#422 = EDGE_CURVE ( 'NONE', #3682, #5091, #399, .T. ) ;
#423 = FACE_OUTER_BOUND ( 'NONE', #1017, .T. ) ;
#424 = ADVANCED_FACE ( 'NONE', ( #3518 ), #3921, .F. ) ;
#425 = CARTESIAN_POINT ( 'NONE',  ( -17.69999999999999929, 502.0000000000000000, 12.30000000000000071 ) ) ;
#426 = DIRECTION ( 'NONE',  ( 0.000000000000000000, -1.000000000000000000, 0.000000000000000000 ) ) ;
#427 = DIRECTION ( 'NONE',  ( 0.000000000000000000, -1.000000000000000000, 0.000000000000000000 ) ) ;
#428 = LINE ( 'NONE', #3647, #1317 ) ;
#429 = APPLICATION_CONTEXT ( 'automotive_design' ) ;
#430 = LINE ( 'NONE', #3192, #3661 ) ;
#431 = LINE ( 'NONE', #703, #3222 ) ;
#432 = EDGE_LOOP ( 'NONE', ( #321, #530, #3511, #1636 ) ) ;
#433 = EDGE_CURVE ( 'NONE', #4325, #3052, #4865, .T. ) ;
#434 = CARTESIAN_POINT ( 'NONE',  ( 16.50000000010000178, 502.0000000000000000, -5.000000000100000008 ) ) ;
#435 = LINE ( 'NONE', #2837, #2963 ) ;
#436 = ORIENTED_EDGE ( 'NONE', *, *, #4868, .T. ) ;
#437 = LINE ( 'NONE', #1728, #2768 ) ;
#438 = VERTEX_POINT ( 'NONE', #5159 ) ;
#439 = CARTESIAN_POINT ( 'NONE',  ( -6.999999999899999992, -500.0000000000000000, 16.00000000000000000 ) ) ;
#440 = EDGE_CURVE ( 'NONE', #2493, #1638, #4681, .T. ) ;
#441 = AXIS2_PLACEMENT_3D ( 'NONE', #863, #2072, #3300 ) ;
#442 = CARTESIAN_POINT ( 'NONE',  ( 7.000000000000000000, 502.0000000000000000, 16.00000000000000000 ) ) ;
#443 = DIRECTION ( 'NONE',  ( 0.000000000000000000, -1.000000000000000000, 0.000000000000000000 ) ) ;
#444 = DIRECTION ( 'NONE',  ( -1.000000000000000000, 0.000000000000000000, -1.999928000984143172E-10 ) ) ;
#445 = DIRECTION ( 'NONE',  ( 1.000000000000000000, 0.000000000000000000, 6.666657966410595850E-11 ) ) ;
#446 = LINE ( 'NONE', #498, #1608 ) ;
#447 = EDGE_CURVE ( 'NONE', #1781, #5095, #5217, .T. ) ;
#448 = LINE ( 'NONE', #2082, #4088 ) ;
#449 = DIRECTION ( 'NONE',  ( 1.000000000000000000, 0.000000000000000000, 0.000000000000000000 ) ) ;
#450 =( NAMED_UNIT ( * ) SI_UNIT ( $, .STERADIAN. ) SOLID_ANGLE_UNIT ( ) );
#451 = CARTESIAN_POINT ( 'NONE',  ( -11.79999999999999893, 502.0000000000000000, -17.69999999999999929 ) ) ;
#452 = VERTEX_POINT ( 'NONE', #593 ) ;
#453 = DIRECTION ( 'NONE',  ( 0.000000000000000000, -1.000000000000000000, 0.000000000000000000 ) ) ;
#454 = EDGE_CURVE ( 'NONE', #2232, #841, #2729, .T. ) ;
#455 = DIRECTION ( 'NONE',  ( 0.000000000000000000, 1.000000000000000000, 0.000000000000000000 ) ) ;
#456 = VERTEX_POINT ( 'NONE', #1906 ) ;
#457 = CARTESIAN_POINT ( 'NONE',  ( -7.000000000000000000, 502.0000000000000000, -16.77500000000000213 ) ) ;
#458 = CARTESIAN_POINT ( 'NONE',  ( 15.00000000000000000, 502.0000000000000000, 11.79999999999999893 ) ) ;
#459 = ORIENTED_EDGE ( 'NONE', *, *, #378, .T. ) ;
#460 = ORIENTED_EDGE ( 'NONE', *, *, #1510, .F. ) ;
#461 = CARTESIAN_POINT ( 'NONE',  ( -7.450000000100000186, 502.0000000000000000, -17.54999999989999893 ) ) ;
#462 = DIRECTION ( 'NONE',  ( 0.000000000000000000, 0.000000000000000000, 1.000000000000000000 ) ) ;
#463 = ORIENTED_EDGE ( 'NONE', *, *, #3406, .T. ) ;
#464 = DIRECTION ( 'NONE',  ( 1.000000000000000000, 0.000000000000000000, 0.000000000000000000 ) ) ;
#465 = AXIS2_PLACEMENT_3D ( 'NONE', #4775, #2746, #2335 ) ;
#466 = DIRECTION ( 'NONE',  ( 0.7071067811865474617, 0.000000000000000000, -0.7071067811865474617 ) ) ;
#467 = CARTESIAN_POINT ( 'NONE',  ( -4.000000000000000000, 500.0000000000000000, 8.750000000000000000 ) ) ;
#468 = DIRECTION ( 'NONE',  ( 0.000000000000000000, 0.000000000000000000, -1.000000000000000000 ) ) ;
#469 = CYLINDRICAL_SURFACE ( 'NONE', #3830, 4.000000000000000000 ) ;
#470 = CARTESIAN_POINT ( 'NONE',  ( -5.500000000000000000, -500.0000000000000000, 20.00000000000000000 ) ) ;
#471 = DIRECTION ( 'NONE',  ( 0.000000000000000000, -1.000000000000000000, 0.000000000000000000 ) ) ;
#472 = AXIS2_PLACEMENT_3D ( 'NONE', #4777, #691, #4803 ) ;
#473 = LINE ( 'NONE', #2552, #3734 ) ;
#474 = DIRECTION ( 'NONE',  ( 0.000000000000000000, -1.000000000000000000, 0.000000000000000000 ) ) ;
#475 = VERTEX_POINT ( 'NONE', #3972 ) ;
#476 = CIRCLE ( 'NONE', #902, 4.999999962794540842 ) ;
#477 = VECTOR ( 'NONE', #3723, 1000.000000000000000 ) ;
#478 = CIRCLE ( 'NONE', #4858, 2.499999999999998668 ) ;
#479 = DIRECTION ( 'NONE',  ( 0.000000000000000000, 1.000000000000000000, 0.000000000000000000 ) ) ;
#480 = VECTOR ( 'NONE', #1916, 1000.000000000000000 ) ;
#481 = AXIS2_PLACEMENT_3D ( 'NONE', #4724, #4812, #2316 ) ;
#482 = CARTESIAN_POINT ( 'NONE',  ( -18.00000000000000000, 502.0000000000000000, -7.500000000000000000 ) ) ;
#483 = ORIENTED_EDGE ( 'NONE', *, *, #3810, .F. ) ;
#484 = VECTOR ( 'NONE', #3209, 1000.000000000000000 ) ;
#485 = CARTESIAN_POINT ( 'NONE',  ( 7.499999999899999992, 500.0000000000000000, 15.49999999989999999 ) ) ;
#486 = AXIS2_PLACEMENT_3D ( 'NONE', #2585, #4209, #3433 ) ;
#487 = CARTESIAN_POINT ( 'NONE',  ( -7.074999999999999289, 500.0000000000000000, 18.19999999999999929 ) ) ;
#488 = VECTOR ( 'NONE', #1008, 1000.000000000000000 ) ;
#489 = ORIENTED_EDGE ( 'NONE', *, *, #3999, .T. ) ;
#490 = EDGE_LOOP ( 'NONE', ( #2668, #3114, #3011, #1081, #4012, #548, #1045, #2992 ) ) ;
#491 = LINE ( 'NONE', #3766, #5282 ) ;
#492 = CARTESIAN_POINT ( 'NONE',  ( 16.00000000000000000, 502.0000000000000000, -16.00000000000000000 ) ) ;
#493 = ORIENTED_EDGE ( 'NONE', *, *, #2331, .F. ) ;
#494 = CIRCLE ( 'NONE', #1529, 5.000000028479869130 ) ;
#495 = ADVANCED_FACE ( 'NONE', ( #672 ), #1825, .T. ) ;
#496 = CIRCLE ( 'NONE', #2299, 2.499999999999998668 ) ;
#497 = LINE ( 'NONE', #5005, #3551 ) ;
#498 = CARTESIAN_POINT ( 'NONE',  ( -3.376839827500000446, 500.0000000000000000, 5.498160177499999968 ) ) ;
#499 = EDGE_CURVE ( 'NONE', #534, #1212, #1506, .T. ) ;
#500 = ORIENTED_EDGE ( 'NONE', *, *, #3705, .F. ) ;
#501 = DIRECTION ( 'NONE',  ( 1.000000000000000000, 0.000000000000000000, 1.734723475976807094E-15 ) ) ;
#502 = CARTESIAN_POINT ( 'NONE',  ( -5.000000000100000008, 500.0000000000000000, -16.50000000010000178 ) ) ;
#503 = CARTESIAN_POINT ( 'NONE',  ( 16.50000000000000000, 502.0000000000000000, 4.000000000000000000 ) ) ;
#504 = ORIENTED_EDGE ( 'NONE', *, *, #5116, .T. ) ;
#505 = EDGE_CURVE ( 'NONE', #3579, #915, #4786, .T. ) ;
#506 = ORIENTED_EDGE ( 'NONE', *, *, #3177, .T. ) ;
#507 = DIRECTION ( 'NONE',  ( 0.000000000000000000, -1.000000000000000000, 0.000000000000000000 ) ) ;
#508 = ORIENTED_EDGE ( 'NONE', *, *, #3019, .T. ) ;
#509 = CARTESIAN_POINT ( 'NONE',  ( 14.19238813000000121, 502.0000000000000000, -10.00000000000000000 ) ) ;
#510 = LINE ( 'NONE', #87, #699 ) ;
#511 = ORIENTED_EDGE ( 'NONE', *, *, #544, .T. ) ;
#512 = VERTEX_POINT ( 'NONE', #298 ) ;
#513 = LINE ( 'NONE', #2158, #3568 ) ;
#514 = DIRECTION ( 'NONE',  ( 0.000000000000000000, -1.000000000000000000, 0.000000000000000000 ) ) ;
#515 = ORIENTED_EDGE ( 'NONE', *, *, #3185, .F. ) ;
#516 = EDGE_CURVE ( 'NONE', #3630, #1808, #2968, .T. ) ;
#517 = APPLICATION_PROTOCOL_DEFINITION ( 'draft international standard', 'automotive_design', 1998, #429 ) ;
#518 = VERTEX_POINT ( 'NONE', #1023 ) ;
#519 = DIRECTION ( 'NONE',  ( 0.7071067811865475727, 0.000000000000000000, -0.7071067811865475727 ) ) ;
#520 = DIRECTION ( 'NONE',  ( 0.000000000000000000, -1.000000000000000000, 0.000000000000000000 ) ) ;
#521 = EDGE_CURVE ( 'NONE', #5088, #3756, #4764, .T. ) ;
#522 = DIRECTION ( 'NONE',  ( 0.000000000000000000, 1.000000000000000000, 0.000000000000000000 ) ) ;
#523 = LINE ( 'NONE', #898, #5093 ) ;
#524 = DIRECTION ( 'NONE',  ( 0.000000000000000000, -1.000000000000000000, 0.000000000000000000 ) ) ;
#525 = DIRECTION ( 'NONE',  ( -1.000000000000000000, 0.000000000000000000, 0.000000000000000000 ) ) ;
#526 = ORIENTED_EDGE ( 'NONE', *, *, #3330, .F. ) ;
#527 = CIRCLE ( 'NONE', #1894, 0.5000000000000004441 ) ;
#528 = ORIENTED_EDGE ( 'NONE', *, *, #3361, .F. ) ;
#529 = CARTESIAN_POINT ( 'NONE',  ( -20.00000000000000000, -500.0000000000000000, 5.500000000000000000 ) ) ;
#530 = ORIENTED_EDGE ( 'NONE', *, *, #720, .F. ) ;
#531 = DIRECTION ( 'NONE',  ( 0.000000000000000000, -1.000000000000000000, 0.000000000000000000 ) ) ;
#532 = EDGE_CURVE ( 'NONE', #4258, #4127, #5024, .T. ) ;
#533 = DIRECTION ( 'NONE',  ( 0.000000000000000000, 0.000000000000000000, -1.000000000000000000 ) ) ;
#534 = VERTEX_POINT ( 'NONE', #4295 ) ;
#535 = ORIENTED_EDGE ( 'NONE', *, *, #950, .F. ) ;
#536 = LINE ( 'NONE', #1753, #4000 ) ;
#537 = DIRECTION ( 'NONE',  ( 0.000000000000000000, -1.000000000000000000, 0.000000000000000000 ) ) ;
#538 = VERTEX_POINT ( 'NONE', #2257 ) ;
#539 = EDGE_CURVE ( 'NONE', #878, #2983, #3889, .T. ) ;
#540 = PLANE ( 'NONE',  #1687 ) ;
#541 = DIRECTION ( 'NONE',  ( 6.666657966410603605E-11, 0.000000000000000000, -1.000000000000000000 ) ) ;
#542 = FACE_OUTER_BOUND ( 'NONE', #1441, .T. ) ;
#543 = CARTESIAN_POINT ( 'NONE',  ( 3.557611826337780503, -500.0000000000000000, -12.75000002847990110 ) ) ;
#544 = EDGE_CURVE ( 'NONE', #2341, #1240, #4608, .T. ) ;
#545 = EDGE_CURVE ( 'NONE', #2238, #5268, #4940, .T. ) ;
#546 = CARTESIAN_POINT ( 'NONE',  ( -20.00000000000000000, -500.0000000000000000, -16.00000000000000000 ) ) ;
#547 = DIRECTION ( 'NONE',  ( -1.000000000000000000, 0.000000000000000000, 0.000000000000000000 ) ) ;
#548 = ORIENTED_EDGE ( 'NONE', *, *, #4409, .T. ) ;
#549 = VECTOR ( 'NONE', #4009, 1000.000000000000000 ) ;
#550 = ADVANCED_FACE ( 'NONE', ( #2401 ), #3687, .F. ) ;
#551 = EDGE_CURVE ( 'NONE', #1926, #1408, #1977, .T. ) ;
#552 = ORIENTED_EDGE ( 'NONE', *, *, #281, .F. ) ;
#553 = VECTOR ( 'NONE', #1775, 1000.000000000000000 ) ;
#554 = LINE ( 'NONE', #2559, #3655 ) ;
#555 = ORIENTED_EDGE ( 'NONE', *, *, #221, .F. ) ;
#556 = VECTOR ( 'NONE', #3683, 1000.000000000000000 ) ;
#557 = AXIS2_PLACEMENT_3D ( 'NONE', #4559, #4963, #126 ) ;
#558 = CARTESIAN_POINT ( 'NONE',  ( 19.99999999990000177, 500.0000000000000000, -5.500000000000000000 ) ) ;
#559 = CARTESIAN_POINT ( 'NONE',  ( 15.50000000000000000, 502.0000000000000000, -5.750000000000000000 ) ) ;
#560 = VECTOR ( 'NONE', #590, 1000.000000000000114 ) ;
#561 = VECTOR ( 'NONE', #565, 1000.000000000000000 ) ;
#562 = AXIS2_PLACEMENT_3D ( 'NONE', #4175, #853, #4614 ) ;
#563 = ORIENTED_EDGE ( 'NONE', *, *, #1227, .T. ) ;
#564 = ORIENTED_EDGE ( 'NONE', *, *, #3898, .F. ) ;
#565 = DIRECTION ( 'NONE',  ( 0.000000000000000000, -1.000000000000000000, 0.000000000000000000 ) ) ;
#566 = CARTESIAN_POINT ( 'NONE',  ( -16.00000000000000000, 500.0000000000000000, -16.00000000000000000 ) ) ;
#567 = ORIENTED_EDGE ( 'NONE', *, *, #4143, .F. ) ;
#568 = VECTOR ( 'NONE', #4149, 1000.000000000000000 ) ;
#569 = VECTOR ( 'NONE', #4367, 1000.000000000000000 ) ;
#570 = AXIS2_PLACEMENT_3D ( 'NONE', #4729, #2658, #2216 ) ;
#571 = EDGE_CURVE ( 'NONE', #104, #4632, #2484, .T. ) ;
#572 = FACE_OUTER_BOUND ( 'NONE', #418, .T. ) ;
#573 = CARTESIAN_POINT ( 'NONE',  ( 16.00000000000000000, -500.0000000000000000, -7.000000000000000000 ) ) ;
#574 = ORIENTED_EDGE ( 'NONE', *, *, #4714, .T. ) ;
#575 = VECTOR ( 'NONE', #1598, 1000.000000000000000 ) ;
#576 = FACE_OUTER_BOUND ( 'NONE', #4817, .T. ) ;
#577 = ADVANCED_FACE ( 'NONE', ( #2330 ), #4615, .F. ) ;
#578 = AXIS2_PLACEMENT_3D ( 'NONE', #763, #3198, #4874 ) ;
#579 = DIRECTION ( 'NONE',  ( 0.000000000000000000, -1.000000000000000000, 0.000000000000000000 ) ) ;
#580 = CARTESIAN_POINT ( 'NONE',  ( -16.00000000000000000, -500.0000000000000000, -20.00000000000000000 ) ) ;
#581 = ORIENTED_EDGE ( 'NONE', *, *, #2820, .T. ) ;
#582 = EDGE_CURVE ( 'NONE', #1196, #940, #854, .T. ) ;
#583 = DIRECTION ( 'NONE',  ( 0.000000000000000000, 0.000000000000000000, 1.000000000000000000 ) ) ;
#584 = ORIENTED_EDGE ( 'NONE', *, *, #4746, .F. ) ;
#585 = LINE ( 'NONE', #1463, #2531 ) ;
#586 = CARTESIAN_POINT ( 'NONE',  ( -4.000000000100000008, 500.0000000000000000, 18.50000000000000000 ) ) ;
#587 = ORIENTED_EDGE ( 'NONE', *, *, #129, .F. ) ;
#588 = EDGE_CURVE ( 'NONE', #2273, #3610, #448, .T. ) ;
#589 = LINE ( 'NONE', #936, #62 ) ;
#590 = DIRECTION ( 'NONE',  ( -0.7071067811865474617, 0.000000000000000000, -0.7071067811865474617 ) ) ;
#591 = ORIENTED_EDGE ( 'NONE', *, *, #3628, .T. ) ;
#592 = VERTEX_POINT ( 'NONE', #470 ) ;
#593 = CARTESIAN_POINT ( 'NONE',  ( 5.000000000000000000, 500.0000000000000000, 15.50000000000000000 ) ) ;
#594 = DIRECTION ( 'NONE',  ( 0.000000000000000000, -1.000000000000000000, 0.000000000000000000 ) ) ;
#595 = EDGE_LOOP ( 'NONE', ( #2171, #1020, #2860, #2735 ) ) ;
#596 = ORIENTED_EDGE ( 'NONE', *, *, #47, .T. ) ;
#597 = VERTEX_POINT ( 'NONE', #2623 ) ;
#598 = ORIENTED_EDGE ( 'NONE', *, *, #4752, .T. ) ;
#599 = DIRECTION ( 'NONE',  ( -0.7071067811865474617, 0.000000000000000000, -0.7071067811865474617 ) ) ;
#600 = CARTESIAN_POINT ( 'NONE',  ( -10.65685425999999936, -500.0000000000000000, 8.535533909999999835 ) ) ;
#601 = ADVANCED_FACE ( 'NONE', ( #4251 ), #3852, .T. ) ;
#602 = EDGE_CURVE ( 'NONE', #452, #4048, #1083, .T. ) ;
#603 = FACE_OUTER_BOUND ( 'NONE', #5078, .T. ) ;
#604 = DIRECTION ( 'NONE',  ( 0.7071067825525400030, 0.000000000000000000, 0.7071067798205549204 ) ) ;
#605 = VERTEX_POINT ( 'NONE', #2241 ) ;
#606 = UNCERTAINTY_MEASURE_WITH_UNIT (LENGTH_MEASURE( 1.000000000000000082E-05 ), #4576, 'distance_accuracy_value', 'NONE');
#607 = DIRECTION ( 'NONE',  ( -1.000000000000000000, 0.000000000000000000, 0.000000000000000000 ) ) ;
#608 = ORIENTED_EDGE ( 'NONE', *, *, #1758, .T. ) ;
#609 = DIRECTION ( 'NONE',  ( 0.000000000000000000, 0.000000000000000000, 1.000000000000000000 ) ) ;
#610 = CYLINDRICAL_SURFACE ( 'NONE', #2461, 1.499999999999999556 ) ;
#611 = ORIENTED_EDGE ( 'NONE', *, *, #208, .T. ) ;
#612 = LINE ( 'NONE', #4780, #2555 ) ;
#613 = ADVANCED_FACE ( 'NONE', ( #1863 ), #4683, .T. ) ;
#614 = CARTESIAN_POINT ( 'NONE',  ( 17.69999999999999929, 502.0000000000000000, -11.79999999999999893 ) ) ;
#615 = EDGE_CURVE ( 'NONE', #4316, #3630, #1832, .T. ) ;
#616 = ORIENTED_EDGE ( 'NONE', *, *, #1166, .F. ) ;
#617 = ORIENTED_EDGE ( 'NONE', *, *, #1620, .T. ) ;
#618 = CARTESIAN_POINT ( 'NONE',  ( 0.000000000000000000, 500.0000000000000000, 0.000000000000000000 ) ) ;
#619 = DIRECTION ( 'NONE',  ( 0.000000000000000000, -1.000000000000000000, 0.000000000000000000 ) ) ;
#620 = ORIENTED_EDGE ( 'NONE', *, *, #4809, .F. ) ;
#621 = ORIENTED_EDGE ( 'NONE', *, *, #5085, .F. ) ;
#622 = AXIS2_PLACEMENT_3D ( 'NONE', #1631, #4881, #2058 ) ;
#623 = LINE ( 'NONE', #4757, #2899 ) ;
#624 = CARTESIAN_POINT ( 'NONE',  ( 14.84619406500000061, 502.0000000000000000, 10.00000000000000000 ) ) ;
#625 = LINE ( 'NONE', #3098, #295 ) ;
#626 = PLANE ( 'NONE',  #3570 ) ;
#627 = ORIENTED_EDGE ( 'NONE', *, *, #3047, .F. ) ;
#628 = DIRECTION ( 'NONE',  ( -1.000000000000000000, 0.000000000000000000, 0.000000000000000000 ) ) ;
#629 = ORIENTED_EDGE ( 'NONE', *, *, #3267, .F. ) ;
#630 = CARTESIAN_POINT ( 'NONE',  ( 7.500000000000000000, 500.0000000000000000, 17.99999999990000177 ) ) ;
#631 = CIRCLE ( 'NONE', #3117, 1.500000000000001332 ) ;
#632 = DIRECTION ( 'NONE',  ( 0.000000000000000000, 1.000000000000000000, 0.000000000000000000 ) ) ;
#633 = ORIENTED_EDGE ( 'NONE', *, *, #2066, .F. ) ;
#634 = DIRECTION ( 'NONE',  ( -1.000000000000000000, 0.000000000000000000, -4.000029474315882345E-11 ) ) ;
#635 = VECTOR ( 'NONE', #725, 1000.000000000000000 ) ;
#636 = CARTESIAN_POINT ( 'NONE',  ( 16.00000000000000000, -500.0000000000000000, 20.00000000000000000 ) ) ;
#637 = CIRCLE ( 'NONE', #3991, 0.4499999999999990119 ) ;
#638 = ORIENTED_EDGE ( 'NONE', *, *, #1396, .F. ) ;
#639 = DIRECTION ( 'NONE',  ( 0.000000000000000000, -1.000000000000000000, 0.000000000000000000 ) ) ;
#641 = AXIS2_PLACEMENT_3D ( 'NONE', #3408, #3373, #1799 ) ;
#640 = CYLINDRICAL_SURFACE ( 'NONE', #237, 4.999999962794540842 ) ;
#642 = VERTEX_POINT ( 'NONE', #3472 ) ;
#643 = VECTOR ( 'NONE', #1809, 1000.000000000000000 ) ;
#644 = CIRCLE ( 'NONE', #2547, 0.4999999999999995559 ) ;
#645 = VERTEX_POINT ( 'NONE', #1029 ) ;
#646 = VERTEX_POINT ( 'NONE', #600 ) ;
#647 = AXIS2_PLACEMENT_3D ( 'NONE', #3626, #1934, #4402 ) ;
#648 = DIRECTION ( 'NONE',  ( 0.000000000000000000, 0.000000000000000000, 1.000000000000000000 ) ) ;
#649 = AXIS2_PLACEMENT_3D ( 'NONE', #4301, #3928, #1886 ) ;
#650 = LINE ( 'NONE', #3503, #488 ) ;
#651 = AXIS2_PLACEMENT_3D ( 'NONE', #4370, #1895, #2666 ) ;
#652 = EDGE_CURVE ( 'NONE', #1458, #1452, #5141, .T. ) ;
#653 = CIRCLE ( 'NONE', #4252, 0.4499999999999990119 ) ;
#654 = CIRCLE ( 'NONE', #4505, 1.000000000000000888 ) ;
#655 = VECTOR ( 'NONE', #4250, 1000.000000000000000 ) ;
#656 = DIRECTION ( 'NONE',  ( 0.000000000000000000, 0.000000000000000000, 1.000000000000000000 ) ) ;
#657 = DIRECTION ( 'NONE',  ( 0.000000000000000000, 0.000000000000000000, 1.000000000000000000 ) ) ;
#658 = DIRECTION ( 'NONE',  ( -0.7071067816683118679, 0.000000000000000000, 0.7071067807047832776 ) ) ;
#659 = FACE_OUTER_BOUND ( 'NONE', #1827, .T. ) ;
#660 = ORIENTED_EDGE ( 'NONE', *, *, #2526, .F. ) ;
#661 = AXIS2_PLACEMENT_3D ( 'NONE', #4691, #1816, #3961 ) ;
#662 = DIRECTION ( 'NONE',  ( 1.000000000000000000, 0.000000000000000000, 0.000000000000000000 ) ) ;
#663 = VERTEX_POINT ( 'NONE', #1432 ) ;
#664 = DIRECTION ( 'NONE',  ( 1.000000000000000000, 0.000000000000000000, 0.000000000000000000 ) ) ;
#665 = DIRECTION ( 'NONE',  ( 0.000000000000000000, -1.000000000000000000, 0.000000000000000000 ) ) ;
#666 = ORIENTED_EDGE ( 'NONE', *, *, #4633, .F. ) ;
#667 = DIRECTION ( 'NONE',  ( 1.000000000000000000, 0.000000000000000000, 0.000000000000000000 ) ) ;
#668 = ADVANCED_FACE ( 'NONE', ( #3073 ), #4708, .F. ) ;
#669 = CARTESIAN_POINT ( 'NONE',  ( -8.535533909999999835, 502.0000000000000000, -10.65685425999999936 ) ) ;
#670 = DIRECTION ( 'NONE',  ( 0.000000000000000000, -1.000000000000000000, 0.000000000000000000 ) ) ;
#671 = ORIENTED_EDGE ( 'NONE', *, *, #1141, .F. ) ;
#672 = FACE_OUTER_BOUND ( 'NONE', #4406, .T. ) ;
#673 = CARTESIAN_POINT ( 'NONE',  ( -4.000000000000000000, 502.0000000000000000, -18.50000000000000000 ) ) ;
#674 = ORIENTED_EDGE ( 'NONE', *, *, #4159, .T. ) ;
#675 = ORIENTED_EDGE ( 'NONE', *, *, #3796, .T. ) ;
#676 = ORIENTED_EDGE ( 'NONE', *, *, #194, .F. ) ;
#677 = ORIENTED_EDGE ( 'NONE', *, *, #4191, .T. ) ;
#678 = DIRECTION ( 'NONE',  ( 0.000000000000000000, -1.000000000000000000, 0.000000000000000000 ) ) ;
#679 = CARTESIAN_POINT ( 'NONE',  ( 16.00000000000000000, 500.0000000000000000, -20.00000000000000000 ) ) ;
#680 = EDGE_CURVE ( 'NONE', #5216, #2450, #3526, .T. ) ;
#681 = EDGE_CURVE ( 'NONE', #2841, #943, #4254, .T. ) ;
#682 = LINE ( 'NONE', #4732, #1335 ) ;
#683 = CARTESIAN_POINT ( 'NONE',  ( 6.499999999899999992, -500.0000000000000000, -16.00000000010000178 ) ) ;
#684 = DIRECTION ( 'NONE',  ( 0.000000000000000000, 1.000000000000000000, 0.000000000000000000 ) ) ;
#685 = CARTESIAN_POINT ( 'NONE',  ( -7.000000000000000000, 502.0000000000000000, -16.00000000000000000 ) ) ;
#686 = ORIENTED_EDGE ( 'NONE', *, *, #794, .F. ) ;
#687 = VERTEX_POINT ( 'NONE', #2844 ) ;
#688 = DIRECTION ( 'NONE',  ( 3.469446951953611033E-15, 0.000000000000000000, -1.000000000000000000 ) ) ;
#689 = VERTEX_POINT ( 'NONE', #737 ) ;
#690 = DIRECTION ( 'NONE',  ( -1.000000000000000000, 0.000000000000000000, -2.222200047431583316E-10 ) ) ;
#691 = DIRECTION ( 'NONE',  ( 0.000000000000000000, 1.000000000000000000, 0.000000000000000000 ) ) ;
#692 = ORIENTED_EDGE ( 'NONE', *, *, #165, .T. ) ;
#693 = DIRECTION ( 'NONE',  ( 0.000000000000000000, -1.000000000000000000, 0.000000000000000000 ) ) ;
#694 = PLANE ( 'NONE',  #5202 ) ;
#695 = LINE ( 'NONE', #3970, #1323 ) ;
#696 = VERTEX_POINT ( 'NONE', #4386 ) ;
#697 = DIRECTION ( 'NONE',  ( 0.000000000000000000, -1.000000000000000000, 0.000000000000000000 ) ) ;
#698 = ORIENTED_EDGE ( 'NONE', *, *, #2695, .F. ) ;
#699 = VECTOR ( 'NONE', #63, 1000.000000000000000 ) ;
#700 = ORIENTED_EDGE ( 'NONE', *, *, #5148, .T. ) ;
#701 = ORIENTED_EDGE ( 'NONE', *, *, #4006, .T. ) ;
#702 = ADVANCED_FACE ( 'NONE', ( #2382 ), #1111, .F. ) ;
#703 = CARTESIAN_POINT ( 'NONE',  ( 7.000000000100000008, 502.0000000000000000, 17.55000000000000071 ) ) ;
#704 = DIRECTION ( 'NONE',  ( -2.222200047431583316E-10, 0.000000000000000000, 1.000000000000000000 ) ) ;
#705 = CARTESIAN_POINT ( 'NONE',  ( -16.00000000000000000, 500.0000000000000000, 20.00000000000000000 ) ) ;
#706 = LINE ( 'NONE', #3984, #2885 ) ;
#707 = LINE ( 'NONE', #4045, #816 ) ;
#708 = CARTESIAN_POINT ( 'NONE',  ( 7.093145749999999694, 502.0000000000000000, 9.214466100000000992 ) ) ;
#709 = DIRECTION ( 'NONE',  ( 0.000000000000000000, -1.000000000000000000, 0.000000000000000000 ) ) ;
#710 = ORIENTED_EDGE ( 'NONE', *, *, #1779, .F. ) ;
#711 = EDGE_CURVE ( 'NONE', #4028, #907, #4820, .T. ) ;
#712 = ORIENTED_EDGE ( 'NONE', *, *, #1528, .T. ) ;
#713 = CARTESIAN_POINT ( 'NONE',  ( -12.74999986990139966, -500.0000000000000000, 3.557611892023129663 ) ) ;
#714 = ORIENTED_EDGE ( 'NONE', *, *, #1414, .T. ) ;
#715 = CARTESIAN_POINT ( 'NONE',  ( -10.00000000000000000, 502.0000000000000000, -14.84619406500000061 ) ) ;
#716 = EDGE_CURVE ( 'NONE', #3415, #4108, #2762, .T. ) ;
#717 = LINE ( 'NONE', #1873, #984 ) ;
#718 = ORIENTED_EDGE ( 'NONE', *, *, #551, .F. ) ;
#719 = VERTEX_POINT ( 'NONE', #679 ) ;
#720 = EDGE_CURVE ( 'NONE', #4553, #5257, #1569, .T. ) ;
#721 = PLANE ( 'NONE',  #2453 ) ;
#722 = EDGE_CURVE ( 'NONE', #915, #592, #1513, .T. ) ;
#723 = DIRECTION ( 'NONE',  ( 0.000000000000000000, -1.000000000000000000, 0.000000000000000000 ) ) ;
#724 = VECTOR ( 'NONE', #579, 1000.000000000000000 ) ;
#725 = DIRECTION ( 'NONE',  ( 0.000000000000000000, 0.000000000000000000, 1.000000000000000000 ) ) ;
#726 = ORIENTED_EDGE ( 'NONE', *, *, #4720, .F. ) ;
#727 = LINE ( 'NONE', #3225, #1954 ) ;
#728 = ORIENTED_EDGE ( 'NONE', *, *, #4355, .F. ) ;
#729 = CIRCLE ( 'NONE', #1928, 4.999999962794540842 ) ;
#730 = EDGE_CURVE ( 'NONE', #2172, #2778, #1140, .T. ) ;
#731 = ORIENTED_EDGE ( 'NONE', *, *, #4151, .T. ) ;
#732 = ORIENTED_EDGE ( 'NONE', *, *, #3019, .F. ) ;
#733 = VECTOR ( 'NONE', #3001, 1000.000000000000000 ) ;
#734 = ORIENTED_EDGE ( 'NONE', *, *, #5132, .F. ) ;
#735 = DIRECTION ( 'NONE',  ( 1.000000000000000000, 0.000000000000000000, 0.000000000000000000 ) ) ;
#736 = VECTOR ( 'NONE', #4068, 1000.000000000000000 ) ;
#737 = CARTESIAN_POINT ( 'NONE',  ( -5.500000000000000000, -500.0000000000000000, -20.00000000000000000 ) ) ;
#738 = ADVANCED_FACE ( 'NONE', ( #1952 ), #280, .F. ) ;
#739 = AXIS2_PLACEMENT_3D ( 'NONE', #3155, #342, #4389 ) ;
#740 = VECTOR ( 'NONE', #1072, 1000.000000000000114 ) ;
#741 = CARTESIAN_POINT ( 'NONE',  ( 0.000000000000000000, 500.0000000000000000, -20.00000000000000000 ) ) ;
#742 = DIRECTION ( 'NONE',  ( 1.000000000000000000, 0.000000000000000000, 0.000000000000000000 ) ) ;
#743 = CARTESIAN_POINT ( 'NONE',  ( 11.79999999999999893, -500.0000000000000000, 17.69999999999999929 ) ) ;
#744 = LINE ( 'NONE', #3242, #736 ) ;
#745 = VECTOR ( 'NONE', #4450, 1000.000000000000000 ) ;
#746 = CARTESIAN_POINT ( 'NONE',  ( -7.000000000000000000, -500.0000000000000000, -8.387500000000001066 ) ) ;
#747 = VECTOR ( 'NONE', #2953, 1000.000000000000000 ) ;
#748 = VECTOR ( 'NONE', #15, 1000.000000000000000 ) ;
#749 = ORIENTED_EDGE ( 'NONE', *, *, #2801, .T. ) ;
#750 = FACE_OUTER_BOUND ( 'NONE', #1368, .T. ) ;
#751 = ORIENTED_EDGE ( 'NONE', *, *, #337, .F. ) ;
#752 = FACE_OUTER_BOUND ( 'NONE', #1340, .T. ) ;
#753 = ORIENTED_EDGE ( 'NONE', *, *, #2231, .T. ) ;
#754 = VERTEX_POINT ( 'NONE', #1170 ) ;
#755 = ADVANCED_FACE ( 'NONE', ( #770 ), #2818, .F. ) ;
#756 = VECTOR ( 'NONE', #4035, 1000.000000000000000 ) ;
#757 = CARTESIAN_POINT ( 'NONE',  ( 15.50000000000000000, -500.0000000000000000, -10.00000000000000000 ) ) ;
#758 = LINE ( 'NONE', #1128, #5031 ) ;
#759 = EDGE_CURVE ( 'NONE', #4959, #2295, #2410, .T. ) ;
#760 = EDGE_LOOP ( 'NONE', ( #2978, #297, #1234, #1580 ) ) ;
#761 = CARTESIAN_POINT ( 'NONE',  ( 20.00000000000000000, 500.0000000000000000, 5.500000000000000000 ) ) ;
#762 = DIRECTION ( 'NONE',  ( 0.000000000000000000, 0.000000000000000000, 1.000000000000000000 ) ) ;
#763 = CARTESIAN_POINT ( 'NONE',  ( -7.499999999899999992, 502.0000000000000000, -15.49999999989999999 ) ) ;
#764 = ORIENTED_EDGE ( 'NONE', *, *, #221, .T. ) ;
#765 = FACE_OUTER_BOUND ( 'NONE', #277, .T. ) ;
#766 = ORIENTED_EDGE ( 'NONE', *, *, #3376, .F. ) ;
#767 = ADVANCED_FACE ( 'NONE', ( #4468 ), #3637, .F. ) ;
#768 = ORIENTED_EDGE ( 'NONE', *, *, #3279, .F. ) ;
#769 = CARTESIAN_POINT ( 'NONE',  ( 9.214466100000000992, 502.0000000000000000, -7.093145749999999694 ) ) ;
#770 = FACE_OUTER_BOUND ( 'NONE', #107, .T. ) ;
#771 = CARTESIAN_POINT ( 'NONE',  ( -15.50000000000000000, 500.0000000000000000, 5.000000000000000000 ) ) ;
#772 = LINE ( 'NONE', #4925, #4154 ) ;
#773 = DIRECTION ( 'NONE',  ( 9.999813477268295448E-11, 0.000000000000000000, -1.000000000000000000 ) ) ;
#774 = DIRECTION ( 'NONE',  ( 0.000000000000000000, -1.000000000000000000, 0.000000000000000000 ) ) ;
#775 = EDGE_CURVE ( 'NONE', #4014, #4166, #1336, .T. ) ;
#776 = VERTEX_POINT ( 'NONE', #4129 ) ;
#777 = ORIENTED_EDGE ( 'NONE', *, *, #944, .F. ) ;
#778 = LINE ( 'NONE', #2440, #5011 ) ;
#779 = FACE_OUTER_BOUND ( 'NONE', #3812, .T. ) ;
#780 = CARTESIAN_POINT ( 'NONE',  ( -19.99999999990000177, 501.0000000000000000, 5.500000000000000000 ) ) ;
#781 = EDGE_LOOP ( 'NONE', ( #3179, #3365, #1504, #1869 ) ) ;
#782 = CARTESIAN_POINT ( 'NONE',  ( -7.474999999999999645, 502.0000000000000000, -18.00000000000000000 ) ) ;
#783 = PLANE ( 'NONE',  #4335 ) ;
#784 = DIRECTION ( 'NONE',  ( 0.000000000000000000, 1.000000000000000000, 0.000000000000000000 ) ) ;
#785 = VERTEX_POINT ( 'NONE', #85 ) ;
#786 = EDGE_CURVE ( 'NONE', #475, #4747, #3028, .T. ) ;
#787 = CARTESIAN_POINT ( 'NONE',  ( 18.19999999999999929, -500.0000000000000000, -12.30000000000000071 ) ) ;
#788 = ORIENTED_EDGE ( 'NONE', *, *, #4714, .F. ) ;
#789 = EDGE_CURVE ( 'NONE', #907, #475, #2380, .T. ) ;
#790 = EDGE_CURVE ( 'NONE', #4155, #2603, #589, .T. ) ;
#791 = ORIENTED_EDGE ( 'NONE', *, *, #999, .F. ) ;
#792 = ORIENTED_EDGE ( 'NONE', *, *, #1859, .T. ) ;
#793 = DIRECTION ( 'NONE',  ( 1.000000000000000000, 0.000000000000000000, 0.000000000000000000 ) ) ;
#794 = EDGE_CURVE ( 'NONE', #1165, #5099, #4969, .T. ) ;
#795 = DIRECTION ( 'NONE',  ( -1.000000000000000000, 0.000000000000000000, 0.000000000000000000 ) ) ;
#796 = CARTESIAN_POINT ( 'NONE',  ( 15.50000000000000000, 500.0000000000000000, -5.000000000000000000 ) ) ;
#797 = CARTESIAN_POINT ( 'NONE',  ( 8.535533909999999835, 502.0000000000000000, 10.65685425999999936 ) ) ;
#798 = CARTESIAN_POINT ( 'NONE',  ( -7.000000000100000008, 502.0000000000000000, -17.55000000000000071 ) ) ;
#799 = CYLINDRICAL_SURFACE ( 'NONE', #4169, 0.5000000000000004441 ) ;
#800 = VERTEX_POINT ( 'NONE', #1309 ) ;
#801 = PLANE ( 'NONE',  #3979 ) ;
#802 = DIRECTION ( 'NONE',  ( 0.000000000000000000, 0.000000000000000000, 1.000000000000000000 ) ) ;
#803 = PLANE ( 'NONE',  #4421 ) ;
#804 = ORIENTED_EDGE ( 'NONE', *, *, #4477, .F. ) ;
#805 = CARTESIAN_POINT ( 'NONE',  ( 20.00000000000000000, 500.0000000000000000, 16.00000000000000000 ) ) ;
#806 = CARTESIAN_POINT ( 'NONE',  ( -12.30000000000000071, 500.0000000000000000, 18.19999999999999929 ) ) ;
#807 = EDGE_CURVE ( 'NONE', #1269, #166, #2930, .T. ) ;
#808 = CARTESIAN_POINT ( 'NONE',  ( 7.474999999999999645, 502.0000000000000000, -18.00000000000000000 ) ) ;
#809 = ORIENTED_EDGE ( 'NONE', *, *, #2738, .F. ) ;
#810 = ORIENTED_EDGE ( 'NONE', *, *, #4752, .F. ) ;
#811 = EDGE_CURVE ( 'NONE', #5135, #338, #1801, .T. ) ;
#812 = AXIS2_PLACEMENT_3D ( 'NONE', #1918, #2302, #4711 ) ;
#813 = VERTEX_POINT ( 'NONE', #1389 ) ;
#814 = ORIENTED_EDGE ( 'NONE', *, *, #3182, .T. ) ;
#816 = VECTOR ( 'NONE', #369, 1000.000000000000000 ) ;
#815 = DIRECTION ( 'NONE',  ( -1.000000000000000000, 0.000000000000000000, -1.999928000984143172E-10 ) ) ;
#817 = VECTOR ( 'NONE', #2369, 1000.000000000000000 ) ;
#818 = DIRECTION ( 'NONE',  ( 0.000000000000000000, -1.000000000000000000, 0.000000000000000000 ) ) ;
#819 = LINE ( 'NONE', #343, #5018 ) ;
#820 = DIRECTION ( 'NONE',  ( 1.000000000000000000, 0.000000000000000000, 0.000000000000000000 ) ) ;
#821 = EDGE_CURVE ( 'NONE', #3174, #3896, #410, .T. ) ;
#822 = VECTOR ( 'NONE', #1956, 1000.000000000000000 ) ;
#823 = LINE ( 'NONE', #345, #3665 ) ;
#824 = DIRECTION ( 'NONE',  ( 0.000000000000000000, 0.000000000000000000, 1.000000000000000000 ) ) ;
#825 = VECTOR ( 'NONE', #3913, 1000.000000000000000 ) ;
#826 = AXIS2_PLACEMENT_3D ( 'NONE', #1019, #4234, #1068 ) ;
#827 = AXIS2_PLACEMENT_3D ( 'NONE', #2876, #474, #2476 ) ;
#828 = COLOUR_RGB ( '',0.7921568627450980005, 0.8196078431372548767, 0.9333333333333333481 ) ;
#829 = DIRECTION ( 'NONE',  ( 0.000000000000000000, -1.000000000000000000, 0.000000000000000000 ) ) ;
#830 = DIRECTION ( 'NONE',  ( 0.000000000000000000, -1.000000000000000000, 0.000000000000000000 ) ) ;
#831 = LINE ( 'NONE', #451, #477 ) ;
#832 = ORIENTED_EDGE ( 'NONE', *, *, #588, .F. ) ;
#833 = CIRCLE ( 'NONE', #2198, 0.4999999999999995559 ) ;
#834 = AXIS2_PLACEMENT_3D ( 'NONE', #543, #5166, #5246 ) ;
#835 = DIRECTION ( 'NONE',  ( -3.469446951953611033E-15, 0.000000000000000000, 1.000000000000000000 ) ) ;
#836 = VECTOR ( 'NONE', #2081, 1000.000000000000000 ) ;
#837 = DIRECTION ( 'NONE',  ( 0.000000000000000000, 1.000000000000000000, 0.000000000000000000 ) ) ;
#838 = AXIS2_PLACEMENT_3D ( 'NONE', #4547, #866, #2935 ) ;
#839 = CARTESIAN_POINT ( 'NONE',  ( 15.49999999989999999, 502.0000000000000000, 7.499999999899999992 ) ) ;
#840 = ORIENTED_EDGE ( 'NONE', *, *, #5147, .F. ) ;
#841 = VERTEX_POINT ( 'NONE', #2203 ) ;
#842 = EDGE_CURVE ( 'NONE', #88, #4353, #4189, .T. ) ;
#843 = CARTESIAN_POINT ( 'NONE',  ( -16.00000000010000178, -500.0000000000000000, 6.499999999899999992 ) ) ;
#844 = EDGE_CURVE ( 'NONE', #1080, #1167, #3840, .T. ) ;
#845 = ORIENTED_EDGE ( 'NONE', *, *, #9, .T. ) ;
#846 = ORIENTED_EDGE ( 'NONE', *, *, #1109, .F. ) ;
#847 = ORIENTED_EDGE ( 'NONE', *, *, #447, .T. ) ;
#848 = CARTESIAN_POINT ( 'NONE',  ( -5.000000037205460046, 500.0000000000000000, -14.19238814645449942 ) ) ;
#849 = PLANE ( 'NONE',  #2051 ) ;
#850 = CARTESIAN_POINT ( 'NONE',  ( -18.19999999999999929, -500.0000000000000000, 12.30000000000000071 ) ) ;
#851 = FACE_BOUND ( 'NONE', #177, .T. ) ;
#852 = DIRECTION ( 'NONE',  ( 0.000000000000000000, -1.000000000000000000, 0.000000000000000000 ) ) ;
#853 = DIRECTION ( 'NONE',  ( 0.000000000000000000, -1.000000000000000000, 0.000000000000000000 ) ) ;
#854 = LINE ( 'NONE', #4142, #2199 ) ;
#855 = EDGE_CURVE ( 'NONE', #785, #5240, #4626, .T. ) ;
#856 = LINE ( 'NONE', #124, #1062 ) ;
#857 = CARTESIAN_POINT ( 'NONE',  ( -9.999999999899998215, 500.0000000000000000, 15.50000000000000000 ) ) ;
#858 = VERTEX_POINT ( 'NONE', #3352 ) ;
#859 = CARTESIAN_POINT ( 'NONE',  ( -11.79999999999999893, 500.0000000000000000, -17.69999999999999929 ) ) ;
#860 = CARTESIAN_POINT ( 'NONE',  ( -7.499999999899999992, 500.0000000000000000, 15.49999999989999999 ) ) ;
#861 = ORIENTED_EDGE ( 'NONE', *, *, #711, .T. ) ;
#862 = DIRECTION ( 'NONE',  ( 0.000000000000000000, 0.000000000000000000, -1.000000000000000000 ) ) ;
#863 = CARTESIAN_POINT ( 'NONE',  ( -12.30000000000000071, 502.0000000000000000, -17.69999999999999929 ) ) ;
#864 = EDGE_LOOP ( 'NONE', ( #4699, #145, #4466, #1948 ) ) ;
#865 = ORIENTED_EDGE ( 'NONE', *, *, #1194, .T. ) ;
#866 = DIRECTION ( 'NONE',  ( 0.000000000000000000, -1.000000000000000000, 0.000000000000000000 ) ) ;
#867 = VERTEX_POINT ( 'NONE', #163 ) ;
#868 = DIRECTION ( 'NONE',  ( 1.000000000000000000, 0.000000000000000000, 0.000000000000000000 ) ) ;
#869 = ADVANCED_FACE ( 'NONE', ( #5050 ), #2561, .F. ) ;
#870 = ORIENTED_EDGE ( 'NONE', *, *, #4006, .F. ) ;
#871 = LINE ( 'NONE', #2846, #3301 ) ;
#872 = FACE_OUTER_BOUND ( 'NONE', #2790, .T. ) ;
#873 = ORIENTED_EDGE ( 'NONE', *, *, #1847, .T. ) ;
#874 = DIRECTION ( 'NONE',  ( 1.000000000000000000, 0.000000000000000000, 0.000000000000000000 ) ) ;
#875 = FACE_OUTER_BOUND ( 'NONE', #958, .T. ) ;
#876 = DIRECTION ( 'NONE',  ( 0.000000000000000000, -1.000000000000000000, 0.000000000000000000 ) ) ;
#877 = CARTESIAN_POINT ( 'NONE',  ( 12.74999986990139966, 502.0000000000000000, -3.557611892023129663 ) ) ;
#878 = VERTEX_POINT ( 'NONE', #3730 ) ;
#879 = LINE ( 'NONE', #2907, #1512 ) ;
#880 = CARTESIAN_POINT ( 'NONE',  ( 6.500000000000000000, -500.0000000000000000, 15.50000000010000001 ) ) ;
#881 = ORIENTED_EDGE ( 'NONE', *, *, #2067, .T. ) ;
#882 = ADVANCED_FACE ( 'NONE', ( #3808 ), #3004, .F. ) ;
#883 = CARTESIAN_POINT ( 'NONE',  ( 7.750000000000000000, -500.0000000000000000, 3.983630262435189909E-16 ) ) ;
#884 = CYLINDRICAL_SURFACE ( 'NONE', #441, 0.5000000000000004441 ) ;
#885 = ORIENTED_EDGE ( 'NONE', *, *, #2123, .F. ) ;
#886 = EDGE_LOOP ( 'NONE', ( #660, #1522, #1730, #346 ) ) ;
#887 = LINE ( 'NONE', #2958, #4600 ) ;
#888 = DIRECTION ( 'NONE',  ( -1.000000000000000000, 0.000000000000000000, 0.000000000000000000 ) ) ;
#889 = ORIENTED_EDGE ( 'NONE', *, *, #1478, .T. ) ;
#890 = FACE_OUTER_BOUND ( 'NONE', #5121, .T. ) ;
#891 = VECTOR ( 'NONE', #471, 1000.000000000000000 ) ;
#892 = LINE ( 'NONE', #1679, #2548 ) ;
#893 = CARTESIAN_POINT ( 'NONE',  ( -16.50000000000000000, -500.0000000000000000, -4.000000000000000000 ) ) ;
#894 = LINE ( 'NONE', #4198, #1242 ) ;
#895 = CARTESIAN_POINT ( 'NONE',  ( 14.19238815442339963, -500.0000000000000000, 5.000000017966709898 ) ) ;
#896 = EDGE_CURVE ( 'NONE', #4366, #2322, #4170, .T. ) ;
#897 = VECTOR ( 'NONE', #3167, 1000.000000000000114 ) ;
#898 = CARTESIAN_POINT ( 'NONE',  ( -7.500000000000000000, 502.0000000000000000, 18.00000000000000000 ) ) ;
#899 = DIRECTION ( 'NONE',  ( 0.000000000000000000, -1.000000000000000000, 0.000000000000000000 ) ) ;
#900 = LINE ( 'NONE', #503, #2195 ) ;
#901 = ORIENTED_EDGE ( 'NONE', *, *, #716, .F. ) ;
#902 = AXIS2_PLACEMENT_3D ( 'NONE', #1576, #2387, #3986 ) ;
#903 = AXIS2_PLACEMENT_3D ( 'NONE', #4649, #4604, #966 ) ;
#904 = VECTOR ( 'NONE', #294, 1000.000000000000000 ) ;
#905 = CIRCLE ( 'NONE', #230, 0.5000000000000004441 ) ;
#906 = CARTESIAN_POINT ( 'NONE',  ( -12.74999986990139966, 502.0000000000000000, 3.557611892023129663 ) ) ;
#907 = VERTEX_POINT ( 'NONE', #109 ) ;
#908 = VECTOR ( 'NONE', #4852, 1000.000000000000000 ) ;
#909 = VERTEX_POINT ( 'NONE', #3377 ) ;
#910 = DIRECTION ( 'NONE',  ( -1.000000000000000000, 0.000000000000000000, 0.000000000000000000 ) ) ;
#911 = AXIS2_PLACEMENT_3D ( 'NONE', #457, #4361, #1085 ) ;
#912 = DIRECTION ( 'NONE',  ( -1.000000000000000000, 0.000000000000000000, -3.999856001968282080E-11 ) ) ;
#913 = EDGE_CURVE ( 'NONE', #5064, #4205, #2173, .T. ) ;
#914 = CIRCLE ( 'NONE', #1177, 0.5000000000000004441 ) ;
#915 = VERTEX_POINT ( 'NONE', #961 ) ;
#916 = ORIENTED_EDGE ( 'NONE', *, *, #390, .T. ) ;
#917 = LINE ( 'NONE', #90, #561 ) ;
#918 = DIRECTION ( 'NONE',  ( 0.000000000000000000, -1.000000000000000000, 0.000000000000000000 ) ) ;
#919 = ORIENTED_EDGE ( 'NONE', *, *, #2820, .F. ) ;
#920 = CIRCLE ( 'NONE', #5041, 0.4499999999999999001 ) ;
#921 = CARTESIAN_POINT ( 'NONE',  ( 15.50000000010000001, 502.0000000000000000, 5.000000000000000000 ) ) ;
#922 = CARTESIAN_POINT ( 'NONE',  ( 10.00000000000000000, -500.0000000000000000, 15.50000000000000000 ) ) ;
#923 = ORIENTED_EDGE ( 'NONE', *, *, #2178, .F. ) ;
#924 = DIRECTION ( 'NONE',  ( 0.000000000000000000, 0.000000000000000000, -1.000000000000000000 ) ) ;
#925 = ORIENTED_EDGE ( 'NONE', *, *, #2474, .T. ) ;
#926 = CARTESIAN_POINT ( 'NONE',  ( -5.500000000099999120, -500.0000000000000000, -18.49999999990000177 ) ) ;
#927 = EDGE_CURVE ( 'NONE', #4609, #2533, #4771, .T. ) ;
#928 = PLANE ( 'NONE',  #3394 ) ;
#929 = CARTESIAN_POINT ( 'NONE',  ( -14.19238815442339963, 500.0000000000000000, -5.000000017966709898 ) ) ;
#930 = VERTEX_POINT ( 'NONE', #558 ) ;
#931 = ORIENTED_EDGE ( 'NONE', *, *, #34, .F. ) ;
#932 = ADVANCED_FACE ( 'NONE', ( #5070 ), #989, .F. ) ;
#933 = DIRECTION ( 'NONE',  ( 0.000000000000000000, -1.000000000000000000, 0.000000000000000000 ) ) ;
#934 = ORIENTED_EDGE ( 'NONE', *, *, #4641, .F. ) ;
#935 = ORIENTED_EDGE ( 'NONE', *, *, #5269, .F. ) ;
#936 = CARTESIAN_POINT ( 'NONE',  ( 7.074999999999999289, -500.0000000000000000, 18.19999999999999929 ) ) ;
#937 = DIRECTION ( 'NONE',  ( -1.000000000000000000, 0.000000000000000000, -1.999945348218899322E-10 ) ) ;
#938 = ADVANCED_FACE ( 'NONE', ( #4721 ), #4696, .T. ) ;
#939 = ORIENTED_EDGE ( 'NONE', *, *, #2183, .F. ) ;
#940 = VERTEX_POINT ( 'NONE', #1065 ) ;
#941 = FACE_OUTER_BOUND ( 'NONE', #2004, .T. ) ;
#942 = LINE ( 'NONE', #2180, #748 ) ;
#943 = VERTEX_POINT ( 'NONE', #2312 ) ;
#944 = EDGE_CURVE ( 'NONE', #4071, #776, #612, .T. ) ;
#945 = CARTESIAN_POINT ( 'NONE',  ( 0.000000000000000000, 0.000000000000000000, 0.000000000000000000 ) ) ;
#946 = DIRECTION ( 'NONE',  ( 0.000000000000000000, 0.000000000000000000, -1.000000000000000000 ) ) ;
#947 = DIRECTION ( 'NONE',  ( 0.000000000000000000, 1.000000000000000000, 0.000000000000000000 ) ) ;
#948 = VERTEX_POINT ( 'NONE', #4374 ) ;
#949 = CARTESIAN_POINT ( 'NONE',  ( -7.074999999999999289, 500.0000000000000000, -18.19999999999999929 ) ) ;
#950 = EDGE_CURVE ( 'NONE', #3888, #2873, #905, .T. ) ;
#951 = DIRECTION ( 'NONE',  ( 0.000000000000000000, 1.000000000000000000, 0.000000000000000000 ) ) ;
#952 = ADVANCED_FACE ( 'NONE', ( #3492 ), #3538, .T. ) ;
#953 = CARTESIAN_POINT ( 'NONE',  ( 16.00000000000000000, 500.0000000000000000, 16.00000000000000000 ) ) ;
#954 = CYLINDRICAL_SURFACE ( 'NONE', #3563, 1.000000000000000000 ) ;
#955 = ORIENTED_EDGE ( 'NONE', *, *, #1582, .T. ) ;
#956 = VECTOR ( 'NONE', #1714, 1000.000000000000000 ) ;
#957 = EDGE_CURVE ( 'NONE', #858, #1820, #2338, .T. ) ;
#958 = EDGE_LOOP ( 'NONE', ( #371, #2343, #3391, #4135 ) ) ;
#959 = CARTESIAN_POINT ( 'NONE',  ( -12.30000000000000071, 502.0000000000000000, 17.69999999999999929 ) ) ;
#960 = ORIENTED_EDGE ( 'NONE', *, *, #544, .F. ) ;
#961 = CARTESIAN_POINT ( 'NONE',  ( -4.000000000100000008, -500.0000000000000000, 18.50000000000000000 ) ) ;
#962 = EDGE_CURVE ( 'NONE', #719, #597, #2540, .T. ) ;
#963 = DIRECTION ( 'NONE',  ( 0.000000000000000000, -1.000000000000000000, 0.000000000000000000 ) ) ;
#964 = ORIENTED_EDGE ( 'NONE', *, *, #5174, .T. ) ;
#965 = ORIENTED_EDGE ( 'NONE', *, *, #178, .T. ) ;
#966 = DIRECTION ( 'NONE',  ( -1.000000000000000000, 0.000000000000000000, 0.000000000000000000 ) ) ;
#967 = CARTESIAN_POINT ( 'NONE',  ( 17.54999999989999893, 500.0000000000000000, 7.450000000100000186 ) ) ;
#968 = ORIENTED_EDGE ( 'NONE', *, *, #950, .T. ) ;
#969 = EDGE_CURVE ( 'NONE', #3945, #3490, #1764, .T. ) ;
#970 =( NAMED_UNIT ( * ) SI_UNIT ( $, .STERADIAN. ) SOLID_ANGLE_UNIT ( ) );
#971 = FACE_OUTER_BOUND ( 'NONE', #2588, .T. ) ;
#972 = CARTESIAN_POINT ( 'NONE',  ( 14.19238815442339963, 502.0000000000000000, 5.000000017966709898 ) ) ;
#973 = ORIENTED_EDGE ( 'NONE', *, *, #4807, .T. ) ;
#974 = PLANE ( 'NONE',  #570 ) ;
#975 = AXIS2_PLACEMENT_3D ( 'NONE', #204, #3564, #1527 ) ;
#976 = EDGE_CURVE ( 'NONE', #2322, #2407, #2279, .T. ) ;
#977 = EDGE_CURVE ( 'NONE', #1184, #2448, #4806, .T. ) ;
#978 = CARTESIAN_POINT ( 'NONE',  ( 18.19999999999999929, 502.0000000000000000, -16.00000000000000000 ) ) ;
#979 = DIRECTION ( 'NONE',  ( 0.7071067807047832776, 0.000000000000000000, 0.7071067816683118679 ) ) ;
#980 = ORIENTED_EDGE ( 'NONE', *, *, #2143, .F. ) ;
#981 = VECTOR ( 'NONE', #2080, 1000.000000000000000 ) ;
#982 = CARTESIAN_POINT ( 'NONE',  ( 18.00000000000000000, -500.0000000000000000, 7.500000000000000000 ) ) ;
#983 = ORIENTED_EDGE ( 'NONE', *, *, #516, .F. ) ;
#984 = VECTOR ( 'NONE', #1063, 1000.000000000000000 ) ;
#985 = CARTESIAN_POINT ( 'NONE',  ( -18.00000000000000000, 500.0000000000000000, 7.450000000000000178 ) ) ;
#986 = ORIENTED_EDGE ( 'NONE', *, *, #3403, .T. ) ;
#987 = AXIS2_PLACEMENT_3D ( 'NONE', #17, #2822, #444 ) ;
#988 = CIRCLE ( 'NONE', #2189, 1.499999999999999556 ) ;
#989 = PLANE ( 'NONE',  #4870 ) ;
#990 = CIRCLE ( 'NONE', #5025, 4.999999869901410321 ) ;
#991 = ORIENTED_EDGE ( 'NONE', *, *, #4279, .T. ) ;
#992 = CYLINDRICAL_SURFACE ( 'NONE', #5023, 0.4999999999999995559 ) ;
#993 = VECTOR ( 'NONE', #3871, 1000.000000000000000 ) ;
#994 = AXIS2_PLACEMENT_3D ( 'NONE', #618, #697, #3111 ) ;
#995 = VECTOR ( 'NONE', #924, 1000.000000000000000 ) ;
#996 = ORIENTED_EDGE ( 'NONE', *, *, #3247, .T. ) ;
#997 = VERTEX_POINT ( 'NONE', #1127 ) ;
#998 = EDGE_LOOP ( 'NONE', ( #5244, #3601, #1828, #4308 ) ) ;
#999 = EDGE_CURVE ( 'NONE', #1465, #4275, #1018, .T. ) ;
#1000 = DIRECTION ( 'NONE',  ( -2.222219322136867696E-10, 0.000000000000000000, 1.000000000000000000 ) ) ;
#1001 = DIRECTION ( 'NONE',  ( -1.000000000000000000, 0.000000000000000000, 0.000000000000000000 ) ) ;
#1002 = VERTEX_POINT ( 'NONE', #3966 ) ;
#1003 = VECTOR ( 'NONE', #795, 1000.000000000000000 ) ;
#1004 = VECTOR ( 'NONE', #4759, 1000.000000000000000 ) ;
#1005 = VECTOR ( 'NONE', #2346, 1000.000000000000000 ) ;
#1006 = ORIENTED_EDGE ( 'NONE', *, *, #4442, .T. ) ;
#1007 = DIRECTION ( 'NONE',  ( 0.000000000000000000, 1.000000000000000000, 0.000000000000000000 ) ) ;
#1008 = DIRECTION ( 'NONE',  ( 0.000000000000000000, -1.000000000000000000, 0.000000000000000000 ) ) ;
#1009 = PLANE ( 'NONE',  #2358 ) ;
#1010 = CARTESIAN_POINT ( 'NONE',  ( 12.30000000000000071, -500.0000000000000000, 18.19999999999999929 ) ) ;
#1011 = ORIENTED_EDGE ( 'NONE', *, *, #1478, .F. ) ;
#1012 = EDGE_CURVE ( 'NONE', #2074, #2583, #1838, .T. ) ;
#1013 = CARTESIAN_POINT ( 'NONE',  ( 5.500000000000000000, 501.0000000000000000, 19.99999999990000177 ) ) ;
#1014 = ORIENTED_EDGE ( 'NONE', *, *, #4807, .F. ) ;
#1015 = FACE_OUTER_BOUND ( 'NONE', #3008, .T. ) ;
#1016 = DIRECTION ( 'NONE',  ( 1.000000000000000000, 0.000000000000000000, 1.734723475976807094E-15 ) ) ;
#1017 = EDGE_LOOP ( 'NONE', ( #2215, #2040, #3266, #2370 ) ) ;
#1018 = LINE ( 'NONE', #2670, #1069 ) ;
#1019 = CARTESIAN_POINT ( 'NONE',  ( -12.75000002847990110, 502.0000000000000000, -3.557611826337780503 ) ) ;
#1020 = ORIENTED_EDGE ( 'NONE', *, *, #2596, .F. ) ;
#1021 = EDGE_LOOP ( 'NONE', ( #2605, #3329, #1584, #81 ) ) ;
#1022 = EDGE_LOOP ( 'NONE', ( #1105, #777, #2361, #2799 ) ) ;
#1023 = CARTESIAN_POINT ( 'NONE',  ( 20.00000000000000000, -500.0000000000000000, -16.00000000000000000 ) ) ;
#1024 = DIRECTION ( 'NONE',  ( 0.000000000000000000, -1.000000000000000000, 0.000000000000000000 ) ) ;
#1025 = ORIENTED_EDGE ( 'NONE', *, *, #2784, .F. ) ;
#1026 = ADVANCED_FACE ( 'NONE', ( #3085 ), #3137, .F. ) ;
#1027 = ORIENTED_EDGE ( 'NONE', *, *, #3176, .T. ) ;
#1028 = CARTESIAN_POINT ( 'NONE',  ( -9.214466100000000992, 500.0000000000000000, 7.093145749999999694 ) ) ;
#1029 = CARTESIAN_POINT ( 'NONE',  ( -3.557611840000000303, -500.0000000000000000, 7.750000000000000000 ) ) ;
#1030 = EDGE_CURVE ( 'NONE', #4166, #1470, #4288, .T. ) ;
#1031 = DIRECTION ( 'NONE',  ( 0.000000000000000000, -1.000000000000000000, 0.000000000000000000 ) ) ;
#1032 = DIRECTION ( 'NONE',  ( 0.000000000000000000, 0.000000000000000000, -1.000000000000000000 ) ) ;
#1033 = FACE_OUTER_BOUND ( 'NONE', #2591, .T. ) ;
#1034 = ORIENTED_EDGE ( 'NONE', *, *, #2296, .T. ) ;
#1035 = DIRECTION ( 'NONE',  ( 0.000000000000000000, 1.000000000000000000, 0.000000000000000000 ) ) ;
#1036 = ORIENTED_EDGE ( 'NONE', *, *, #2801, .F. ) ;
#1037 = CIRCLE ( 'NONE', #4474, 0.5000000000000004441 ) ;
#1038 = DIRECTION ( 'NONE',  ( 0.7071067798205549204, 0.000000000000000000, -0.7071067825525400030 ) ) ;
#1039 = LINE ( 'NONE', #2359, #825 ) ;
#1040 = ORIENTED_EDGE ( 'NONE', *, *, #4464, .F. ) ;
#1041 = CARTESIAN_POINT ( 'NONE',  ( 12.30000000000000071, 500.0000000000000000, -12.30000000000000071 ) ) ;
#1042 = EDGE_CURVE ( 'NONE', #2583, #4258, #266, .T. ) ;
#1043 = DIRECTION ( 'NONE',  ( 0.000000000000000000, -1.000000000000000000, 0.000000000000000000 ) ) ;
#1044 = EDGE_CURVE ( 'NONE', #452, #1268, #3569, .T. ) ;
#1045 = ORIENTED_EDGE ( 'NONE', *, *, #4592, .T. ) ;
#1046 = CARTESIAN_POINT ( 'NONE',  ( -3.557611826337780503, 502.0000000000000000, 12.75000002847990110 ) ) ;
#1047 = DIRECTION ( 'NONE',  ( 0.000000000000000000, -1.000000000000000000, 0.000000000000000000 ) ) ;
#1048 = ORIENTED_EDGE ( 'NONE', *, *, #1915, .T. ) ;
#1049 = ORIENTED_EDGE ( 'NONE', *, *, #1847, .F. ) ;
#1050 = ORIENTED_EDGE ( 'NONE', *, *, #2910, .T. ) ;
#1051 = FACE_OUTER_BOUND ( 'NONE', #4785, .T. ) ;
#1052 = DIRECTION ( 'NONE',  ( 0.000000000000000000, -1.000000000000000000, 0.000000000000000000 ) ) ;
#1053 = LINE ( 'NONE', #3983, #480 ) ;
#1054 = LINE ( 'NONE', #282, #1342 ) ;
#1055 = DIRECTION ( 'NONE',  ( 0.000000000000000000, -1.000000000000000000, 0.000000000000000000 ) ) ;
#1056 = DIRECTION ( 'NONE',  ( 0.000000000000000000, -1.000000000000000000, 0.000000000000000000 ) ) ;
#1057 = EDGE_LOOP ( 'NONE', ( #3914, #4648, #4263, #3786 ) ) ;
#1058 = EDGE_CURVE ( 'NONE', #2873, #167, #5128, .T. ) ;
#1059 = CARTESIAN_POINT ( 'NONE',  ( -8.750000000000000000, 500.0000000000000000, -4.000000000000000000 ) ) ;
#1060 = ORIENTED_EDGE ( 'NONE', *, *, #122, .F. ) ;
#1061 = CARTESIAN_POINT ( 'NONE',  ( -16.50000000000000000, 500.0000000000000000, -4.000000000000000000 ) ) ;
#1062 = VECTOR ( 'NONE', #1794, 1000.000000000000000 ) ;
#1063 = DIRECTION ( 'NONE',  ( 0.000000000000000000, -1.000000000000000000, 0.000000000000000000 ) ) ;
#1064 = VERTEX_POINT ( 'NONE', #186 ) ;
#1065 = CARTESIAN_POINT ( 'NONE',  ( -15.50000000010000001, -500.0000000000000000, -5.000000000000000000 ) ) ;
#1066 = CIRCLE ( 'NONE', #4150, 0.5000000000000004441 ) ;
#1067 = ADVANCED_FACE ( 'NONE', ( #3458 ), #3885, .F. ) ;
#1068 = DIRECTION ( 'NONE',  ( 0.7071067816683118679, 0.000000000000000000, -0.7071067807047832776 ) ) ;
#1069 = VECTOR ( 'NONE', #667, 1000.000000000000000 ) ;
#1070 = ORIENTED_EDGE ( 'NONE', *, *, #100, .F. ) ;
#1071 = ORIENTED_EDGE ( 'NONE', *, *, #100, .T. ) ;
#1072 = DIRECTION ( 'NONE',  ( -0.7071067811865474617, 0.000000000000000000, -0.7071067811865474617 ) ) ;
#1073 = FACE_OUTER_BOUND ( 'NONE', #4457, .T. ) ;
#1074 = ORIENTED_EDGE ( 'NONE', *, *, #3176, .F. ) ;
#1075 = ADVANCED_FACE ( 'NONE', ( #3218 ), #2363, .F. ) ;
#1076 = AXIS2_PLACEMENT_3D ( 'NONE', #1296, #2939, #4578 ) ;
#1077 = VECTOR ( 'NONE', #525, 1000.000000000000000 ) ;
#1078 = VECTOR ( 'NONE', #3104, 1000.000000000000000 ) ;
#1079 = ORIENTED_EDGE ( 'NONE', *, *, #1635, .F. ) ;
#1080 = VERTEX_POINT ( 'NONE', #377 ) ;
#1081 = ORIENTED_EDGE ( 'NONE', *, *, #454, .T. ) ;
#1082 = VECTOR ( 'NONE', #4183, 1000.000000000000000 ) ;
#1083 = CIRCLE ( 'NONE', #2642, 1.000000000000000000 ) ;
#1084 = DIRECTION ( 'NONE',  ( -0.7071067811865475727, 0.000000000000000000, 0.7071067811865475727 ) ) ;
#1085 = DIRECTION ( 'NONE',  ( 0.000000000000000000, 1.000000000000000000, 0.000000000000000000 ) ) ;
#1086 = CIRCLE ( 'NONE', #4094, 2.200000000000000622 ) ;
#1087 = CARTESIAN_POINT ( 'NONE',  ( 17.69999999999999929, 500.0000000000000000, 11.79999999999999893 ) ) ;
#1088 = DIRECTION ( 'NONE',  ( 0.000000000000000000, 1.000000000000000000, 0.000000000000000000 ) ) ;
#1089 = DIRECTION ( 'NONE',  ( -1.000000000000000000, 0.000000000000000000, -2.222200047431583316E-10 ) ) ;
#1090 = DIRECTION ( 'NONE',  ( 0.7071067811865474617, 0.000000000000000000, 0.7071067811865474617 ) ) ;
#1091 = VECTOR ( 'NONE', #3056, 1000.000000000000000 ) ;
#1092 = CARTESIAN_POINT ( 'NONE',  ( -12.30000000000000071, 500.0000000000000000, -17.69999999999999929 ) ) ;
#1093 = ORIENTED_EDGE ( 'NONE', *, *, #1620, .F. ) ;
#1094 = CARTESIAN_POINT ( 'NONE',  ( -18.00000000000000000, -500.0000000000000000, 3.737499999999999822 ) ) ;
#1095 = CARTESIAN_POINT ( 'NONE',  ( 4.000000000000000000, -500.0000000000000000, -8.750000000000000000 ) ) ;
#1096 = DIRECTION ( 'NONE',  ( -8.673617379884035472E-16, 0.000000000000000000, 1.000000000000000000 ) ) ;
#1097 = DIRECTION ( 'NONE',  ( 0.000000000000000000, -1.000000000000000000, 0.000000000000000000 ) ) ;
#1098 = DIRECTION ( 'NONE',  ( -1.000000000000000000, 0.000000000000000000, -4.884684341243943186E-09 ) ) ;
#1099 = LINE ( 'NONE', #3446, #4324 ) ;
#1100 = ORIENTED_EDGE ( 'NONE', *, *, #113, .T. ) ;
#1101 = CARTESIAN_POINT ( 'NONE',  ( -4.000000000100000008, 502.0000000000000000, 18.50000000000000000 ) ) ;
#1102 = DIRECTION ( 'NONE',  ( -1.999945348218899322E-10, 0.000000000000000000, 1.000000000000000000 ) ) ;
#1103 = EDGE_LOOP ( 'NONE', ( #1424, #4640, #2528, #4567 ) ) ;
#1104 = DIRECTION ( 'NONE',  ( -1.000000000000000000, 0.000000000000000000, 0.000000000000000000 ) ) ;
#1105 = ORIENTED_EDGE ( 'NONE', *, *, #3791, .F. ) ;
#1106 = DIRECTION ( 'NONE',  ( 0.000000000000000000, -1.000000000000000000, 0.000000000000000000 ) ) ;
#1107 = ORIENTED_EDGE ( 'NONE', *, *, #260, .F. ) ;
#1108 = ORIENTED_EDGE ( 'NONE', *, *, #4185, .T. ) ;
#1109 = EDGE_CURVE ( 'NONE', #4287, #997, #394, .T. ) ;
#1110 = CARTESIAN_POINT ( 'NONE',  ( 15.50000000000000000, 500.0000000000000000, 6.500000000000000000 ) ) ;
#1111 = PLANE ( 'NONE',  #911 ) ;
#1112 = ADVANCED_FACE ( 'NONE', ( #4891 ), #2878, .F. ) ;
#1113 = DIRECTION ( 'NONE',  ( -1.000000000000000000, 0.000000000000000000, -2.222219322136867696E-10 ) ) ;
#1114 = CARTESIAN_POINT ( 'NONE',  ( -16.50000000000000000, -500.0000000000000000, 4.000000000100000008 ) ) ;
#1115 = ADVANCED_FACE ( 'NONE', ( #4458 ), #2479, .F. ) ;
#1116 = LINE ( 'NONE', #708, #1770 ) ;
#1117 = PLANE ( 'NONE',  #1253 ) ;
#1118 = VERTEX_POINT ( 'NONE', #1155 ) ;
#1119 = ADVANCED_FACE ( 'NONE', ( #3653 ), #721, .F. ) ;
#1120 = CARTESIAN_POINT ( 'NONE',  ( -16.00000000000000000, -500.0000000000000000, -6.999999999899999992 ) ) ;
#1121 = EDGE_LOOP ( 'NONE', ( #2760, #2689, #1264, #2719 ) ) ;
#1122 = DIRECTION ( 'NONE',  ( 0.000000000000000000, 1.000000000000000000, 0.000000000000000000 ) ) ;
#1124 = ADVANCED_FACE ( 'NONE', ( #1619 ), #5237, .F. ) ;
#1123 = FACE_OUTER_BOUND ( 'NONE', #595, .T. ) ;
#1125 = VERTEX_POINT ( 'NONE', #1644 ) ;
#1126 = ORIENTED_EDGE ( 'NONE', *, *, #539, .F. ) ;
#1127 = CARTESIAN_POINT ( 'NONE',  ( -4.000000000000000000, -500.0000000000000000, 16.50000000000000000 ) ) ;
#1128 = CARTESIAN_POINT ( 'NONE',  ( -18.50000000000000000, 502.0000000000000000, 4.000000000000000000 ) ) ;
#1129 = CARTESIAN_POINT ( 'NONE',  ( 4.000000000000000000, -500.0000000000000000, 18.50000000000000000 ) ) ;
#1130 = EDGE_LOOP ( 'NONE', ( #515, #751, #584, #617 ) ) ;
#1131 = DIRECTION ( 'NONE',  ( 0.000000000000000000, -1.000000000000000000, 0.000000000000000000 ) ) ;
#1132 = CARTESIAN_POINT ( 'NONE',  ( -6.499999999899999992, 500.0000000000000000, -16.00000000010000178 ) ) ;
#1133 = ORIENTED_EDGE ( 'NONE', *, *, #1630, .T. ) ;
#1134 = ADVANCED_FACE ( 'NONE', ( #4001 ), #4867, .F. ) ;
#1135 = VERTEX_POINT ( 'NONE', #1971 ) ;
#1136 = EDGE_LOOP ( 'NONE', ( #4939, #4975, #810, #3360 ) ) ;
#1137 = ORIENTED_EDGE ( 'NONE', *, *, #168, .F. ) ;
#1138 = EDGE_CURVE ( 'NONE', #4108, #300, #3602, .T. ) ;
#1139 = DIRECTION ( 'NONE',  ( 0.000000000000000000, 1.000000000000000000, 0.000000000000000000 ) ) ;
#1140 = LINE ( 'NONE', #1600, #4005 ) ;
#1141 = EDGE_CURVE ( 'NONE', #2583, #127, #1556, .T. ) ;
#1142 = DIRECTION ( 'NONE',  ( 0.000000000000000000, -1.000000000000000000, 0.000000000000000000 ) ) ;
#1143 = CARTESIAN_POINT ( 'NONE',  ( 16.00000000000000000, -500.0000000000000000, 20.00000000000000000 ) ) ;
#1144 = DIRECTION ( 'NONE',  ( -1.000000000000000000, 0.000000000000000000, -1.734723475976807094E-15 ) ) ;
#1145 = CARTESIAN_POINT ( 'NONE',  ( 17.69999999999999929, 502.0000000000000000, -12.30000000000000071 ) ) ;
#1146 = ORIENTED_EDGE ( 'NONE', *, *, #4260, .F. ) ;
#1147 = EDGE_CURVE ( 'NONE', #4441, #2407, #2049, .T. ) ;
#1148 = ORIENTED_EDGE ( 'NONE', *, *, #2130, .T. ) ;
#1149 = LINE ( 'NONE', #38, #1189 ) ;
#1150 = ORIENTED_EDGE ( 'NONE', *, *, #4237, .F. ) ;
#1151 = CARTESIAN_POINT ( 'NONE',  ( -7.500000000000000000, -500.0000000000000000, 11.79999999999999893 ) ) ;
#1152 = CARTESIAN_POINT ( 'NONE',  ( 18.49999999990000177, 500.0000000000000000, 5.500000000099999120 ) ) ;
#1153 = FACE_OUTER_BOUND ( 'NONE', #1367, .T. ) ;
#1154 = ORIENTED_EDGE ( 'NONE', *, *, #3395, .F. ) ;
#1155 = CARTESIAN_POINT ( 'NONE',  ( -15.50000000000000000, -500.0000000000000000, 5.000000000000000000 ) ) ;
#1156 = CARTESIAN_POINT ( 'NONE',  ( -10.65685425999999936, 500.0000000000000000, 8.535533909999999835 ) ) ;
#1157 = VECTOR ( 'NONE', #5286, 1000.000000000000000 ) ;
#1158 = LINE ( 'NONE', #3421, #3046 ) ;
#1159 = ORIENTED_EDGE ( 'NONE', *, *, #2859, .T. ) ;
#1160 = DIRECTION ( 'NONE',  ( 1.000000000000000000, 0.000000000000000000, 0.000000000000000000 ) ) ;
#1161 = PLANE ( 'NONE',  #4876 ) ;
#1162 = ORIENTED_EDGE ( 'NONE', *, *, #1044, .T. ) ;
#1163 = CIRCLE ( 'NONE', #1406, 4.999999962794540842 ) ;
#1164 = AXIS2_PLACEMENT_3D ( 'NONE', #1821, #5096, #3939 ) ;
#1165 = VERTEX_POINT ( 'NONE', #1230 ) ;
#1166 = EDGE_CURVE ( 'NONE', #3023, #5135, #5, .T. ) ;
#1167 = VERTEX_POINT ( 'NONE', #4433 ) ;
#1168 = DIRECTION ( 'NONE',  ( 1.000000000000000000, 0.000000000000000000, 0.000000000000000000 ) ) ;
#1169 = AXIS2_PLACEMENT_3D ( 'NONE', #3695, #4470, #1655 ) ;
#1170 = CARTESIAN_POINT ( 'NONE',  ( -7.000000000000000000, 500.0000000000000000, 17.55000000000000071 ) ) ;
#1171 = AXIS2_PLACEMENT_3D ( 'NONE', #2325, #1142, #1955 ) ;
#1172 = VECTOR ( 'NONE', #2342, 1000.000000000000000 ) ;
#1173 = CARTESIAN_POINT ( 'NONE',  ( -7.750000000000000000, -500.0000000000000000, 3.557611840000000303 ) ) ;
#1174 = DIRECTION ( 'NONE',  ( 0.000000000000000000, -1.000000000000000000, 0.000000000000000000 ) ) ;
#1175 = DIRECTION ( 'NONE',  ( 0.000000000000000000, -1.000000000000000000, 0.000000000000000000 ) ) ;
#1176 = VECTOR ( 'NONE', #1749, 1000.000000000000000 ) ;
#1177 = AXIS2_PLACEMENT_3D ( 'NONE', #2057, #2432, #5245 ) ;
#1178 = VERTEX_POINT ( 'NONE', #757 ) ;
#1179 = DIRECTION ( 'NONE',  ( -0.7071067816683118679, 0.000000000000000000, 0.7071067807047832776 ) ) ;
#1180 = ORIENTED_EDGE ( 'NONE', *, *, #3182, .F. ) ;
#1181 = DIRECTION ( 'NONE',  ( 0.7071067798205549204, 0.000000000000000000, -0.7071067825525400030 ) ) ;
#1182 = DIRECTION ( 'NONE',  ( 1.040462578258159729E-08, 0.000000000000000000, 1.000000000000000000 ) ) ;
#1183 = VERTEX_POINT ( 'NONE', #4362 ) ;
#1184 = VERTEX_POINT ( 'NONE', #3097 ) ;
#1185 = EDGE_CURVE ( 'NONE', #4651, #4305, #4242, .T. ) ;
#1186 = VECTOR ( 'NONE', #3879, 1000.000000000000000 ) ;
#1187 = CARTESIAN_POINT ( 'NONE',  ( -16.00000000000000000, 502.0000000000000000, 16.00000000000000000 ) ) ;
#1188 = CARTESIAN_POINT ( 'NONE',  ( -12.30000000000000071, 500.0000000000000000, 17.69999999999999929 ) ) ;
#1189 = VECTOR ( 'NONE', #2390, 1000.000000000000000 ) ;
#1190 = CARTESIAN_POINT ( 'NONE',  ( 7.474999999999999645, 502.0000000000000000, 18.00000000000000000 ) ) ;
#1191 = EDGE_LOOP ( 'NONE', ( #3686, #2534, #3739, #185 ) ) ;
#1192 = CARTESIAN_POINT ( 'NONE',  ( -18.19999999999999929, 500.0000000000000000, -16.00000000000000000 ) ) ;
#1193 = ORIENTED_EDGE ( 'NONE', *, *, #3258, .T. ) ;
#1194 = EDGE_CURVE ( 'NONE', #4188, #1064, #1479, .T. ) ;
#1195 = ORIENTED_EDGE ( 'NONE', *, *, #3084, .F. ) ;
#1196 = VERTEX_POINT ( 'NONE', #5118 ) ;
#1197 = DIRECTION ( 'NONE',  ( 0.000000000000000000, -1.000000000000000000, 0.000000000000000000 ) ) ;
#1198 = CARTESIAN_POINT ( 'NONE',  ( -5.000000000000000000, 502.0000000000000000, 15.50000000010000001 ) ) ;
#1199 = CARTESIAN_POINT ( 'NONE',  ( -8.881784197001250351E-16, -500.0000000000000000, 3.526368426369749712E-16 ) ) ;
#1200 = DIRECTION ( 'NONE',  ( 0.000000000000000000, 0.000000000000000000, 1.000000000000000000 ) ) ;
#1201 = CARTESIAN_POINT ( 'NONE',  ( -15.50000000010000001, 500.0000000000000000, -5.000000000000000000 ) ) ;
#1202 = CARTESIAN_POINT ( 'NONE',  ( 9.999999999899998215, 500.0000000000000000, -15.50000000000000000 ) ) ;
#1203 = ADVANCED_FACE ( 'NONE', ( #3074 ), #1917, .F. ) ;
#1204 = ORIENTED_EDGE ( 'NONE', *, *, #1900, .T. ) ;
#1205 = DIRECTION ( 'NONE',  ( 0.000000000000000000, -1.000000000000000000, 0.000000000000000000 ) ) ;
#1206 = DIRECTION ( 'NONE',  ( 1.000000000000000000, 0.000000000000000000, 0.000000000000000000 ) ) ;
#1207 = ORIENTED_EDGE ( 'NONE', *, *, #86, .T. ) ;
#1208 = ORIENTED_EDGE ( 'NONE', *, *, #5301, .F. ) ;
#1209 = DIRECTION ( 'NONE',  ( 0.000000000000000000, 0.000000000000000000, 1.000000000000000000 ) ) ;
#1210 = FACE_OUTER_BOUND ( 'NONE', #998, .T. ) ;
#1211 = FACE_OUTER_BOUND ( 'NONE', #1751, .T. ) ;
#1212 = VERTEX_POINT ( 'NONE', #5142 ) ;
#1213 = VERTEX_POINT ( 'NONE', #3903 ) ;
#1214 = ADVANCED_FACE ( 'NONE', ( #1866 ), #2706, .F. ) ;
#1215 = EDGE_CURVE ( 'NONE', #4453, #3662, #4765, .T. ) ;
#1216 = ORIENTED_EDGE ( 'NONE', *, *, #681, .F. ) ;
#1217 = ORIENTED_EDGE ( 'NONE', *, *, #3609, .T. ) ;
#1218 = CIRCLE ( 'NONE', #4561, 0.4999999999999995559 ) ;
#1219 = CARTESIAN_POINT ( 'NONE',  ( 5.000000000100000008, 500.0000000000000000, -16.50000000010000178 ) ) ;
#1220 = LINE ( 'NONE', #3338, #4431 ) ;
#1221 = DIRECTION ( 'NONE',  ( 0.000000000000000000, -1.000000000000000000, 0.000000000000000000 ) ) ;
#1222 = DIRECTION ( 'NONE',  ( 1.000000000000000000, 0.000000000000000000, 0.000000000000000000 ) ) ;
#1223 = LINE ( 'NONE', #19, #4002 ) ;
#1224 = VERTEX_POINT ( 'NONE', #3121 ) ;
#1225 = ORIENTED_EDGE ( 'NONE', *, *, #3205, .T. ) ;
#1226 = CARTESIAN_POINT ( 'NONE',  ( -3.557611826337780503, 500.0000000000000000, 12.75000002847990110 ) ) ;
#1227 = EDGE_CURVE ( 'NONE', #2295, #3965, #4933, .T. ) ;
#1228 = DIRECTION ( 'NONE',  ( 0.000000000000000000, 1.000000000000000000, 0.000000000000000000 ) ) ;
#1229 = DIRECTION ( 'NONE',  ( 0.000000000000000000, -1.000000000000000000, 0.000000000000000000 ) ) ;
#1230 = CARTESIAN_POINT ( 'NONE',  ( 7.500000000000000000, -500.0000000000000000, -18.00000000000000000 ) ) ;
#1231 = EDGE_CURVE ( 'NONE', #1387, #3479, #1054, .T. ) ;
#1232 = CARTESIAN_POINT ( 'NONE',  ( -17.99999999990000177, 502.0000000000000000, 7.500000000000000000 ) ) ;
#1233 = DIRECTION ( 'NONE',  ( 1.000000000000000000, 0.000000000000000000, 0.000000000000000000 ) ) ;
#1234 = ORIENTED_EDGE ( 'NONE', *, *, #1597, .F. ) ;
#1235 = ORIENTED_EDGE ( 'NONE', *, *, #3604, .T. ) ;
#1236 = CIRCLE ( 'NONE', #4923, 2.499999999999998668 ) ;
#1237 = AXIS2_PLACEMENT_3D ( 'NONE', #3103, #4740, #3963 ) ;
#1238 = DIRECTION ( 'NONE',  ( 0.000000000000000000, 1.000000000000000000, 0.000000000000000000 ) ) ;
#1239 = VERTEX_POINT ( 'NONE', #2740 ) ;
#1240 = VERTEX_POINT ( 'NONE', #2326 ) ;
#1242 = VECTOR ( 'NONE', #1275, 1000.000000000000000 ) ;
#1241 = CARTESIAN_POINT ( 'NONE',  ( 8.535533909999999835, -500.0000000000000000, -10.65685425999999936 ) ) ;
#1243 = EDGE_CURVE ( 'NONE', #940, #1555, #654, .T. ) ;
#1244 = VECTOR ( 'NONE', #3860, 1000.000000000000000 ) ;
#1245 = CARTESIAN_POINT ( 'NONE',  ( -3.557611840000000303, 500.0000000000000000, 7.750000000000000000 ) ) ;
#1246 = DIRECTION ( 'NONE',  ( 0.000000000000000000, -1.000000000000000000, 0.000000000000000000 ) ) ;
#1247 = CYLINDRICAL_SURFACE ( 'NONE', #2451, 0.5000000000000004441 ) ;
#1248 = AXIS2_PLACEMENT_3D ( 'NONE', #293, #1467, #3106 ) ;
#1249 = CARTESIAN_POINT ( 'NONE',  ( -5.000000000000000000, -500.0000000000000000, -15.50000000000000000 ) ) ;
#1250 = AXIS2_PLACEMENT_3D ( 'NONE', #5092, #3512, #1410 ) ;
#1251 = VECTOR ( 'NONE', #4718, 1000.000000000000000 ) ;
#1252 = CIRCLE ( 'NONE', #220, 4.999999982033290102 ) ;
#1253 = AXIS2_PLACEMENT_3D ( 'NONE', #2766, #4768, #3076 ) ;
#1254 = DIRECTION ( 'NONE',  ( 0.000000000000000000, -1.000000000000000000, 0.000000000000000000 ) ) ;
#1255 = LINE ( 'NONE', #2017, #140 ) ;
#1256 = CARTESIAN_POINT ( 'NONE',  ( -18.50000000000000000, -500.0000000000000000, 4.000000000000000000 ) ) ;
#1257 = EDGE_LOOP ( 'NONE', ( #3520, #3093, #2400, #700 ) ) ;
#1258 = CIRCLE ( 'NONE', #4253, 2.200000000000000622 ) ;
#1259 = VECTOR ( 'NONE', #1052, 1000.000000000000000 ) ;
#1260 = AXIS2_PLACEMENT_3D ( 'NONE', #4277, #252, #4326 ) ;
#1261 = CARTESIAN_POINT ( 'NONE',  ( -18.19999999999999929, 500.0000000000000000, 7.074999999999999289 ) ) ;
#1262 = AXIS2_PLACEMENT_3D ( 'NONE', #3485, #607, #4307 ) ;
#1263 = CARTESIAN_POINT ( 'NONE',  ( -5.498160177499999968, 500.0000000000000000, -3.376839827500000446 ) ) ;
#1264 = ORIENTED_EDGE ( 'NONE', *, *, #3872, .F. ) ;
#1265 = EDGE_CURVE ( 'NONE', #1224, #719, #3504, .T. ) ;
#1266 = VECTOR ( 'NONE', #1907, 1000.000000000000000 ) ;
#1267 = DIRECTION ( 'NONE',  ( -1.000000000000000000, 0.000000000000000000, 0.000000000000000000 ) ) ;
#1268 = VERTEX_POINT ( 'NONE', #2385 ) ;
#1269 = VERTEX_POINT ( 'NONE', #197 ) ;
#1270 = DIRECTION ( 'NONE',  ( -0.7071067798205549204, 0.000000000000000000, 0.7071067825525400030 ) ) ;
#1271 = ORIENTED_EDGE ( 'NONE', *, *, #3279, .T. ) ;
#1272 = CARTESIAN_POINT ( 'NONE',  ( 7.093145749999999694, 500.0000000000000000, 9.214466100000000992 ) ) ;
#1273 = CARTESIAN_POINT ( 'NONE',  ( -7.750000000000000000, 500.0000000000000000, 3.557611840000000303 ) ) ;
#1274 = CARTESIAN_POINT ( 'NONE',  ( -7.450000000100000186, 500.0000000000000000, 17.54999999989999893 ) ) ;
#1275 = DIRECTION ( 'NONE',  ( 0.000000000000000000, 0.000000000000000000, 1.000000000000000000 ) ) ;
#1276 = CARTESIAN_POINT ( 'NONE',  ( -15.50000000000000000, 500.0000000000000000, -2.875000000000000000 ) ) ;
#1277 = ADVANCED_FACE ( 'NONE', ( #5196 ), #2301, .F. ) ;
#1278 = CARTESIAN_POINT ( 'NONE',  ( 0.000000000000000000, 0.000000000000000000, 0.000000000000000000 ) ) ;
#1279 = CARTESIAN_POINT ( 'NONE',  ( -5.000000000000000000, 500.0000000000000000, 15.50000000010000001 ) ) ;
#1280 = CARTESIAN_POINT ( 'NONE',  ( 7.750000000000000000, -500.0000000000000000, -3.557611840000000303 ) ) ;
#1281 = ORIENTED_EDGE ( 'NONE', *, *, #3625, .F. ) ;
#1282 = EDGE_CURVE ( 'NONE', #3304, #4325, #3590, .T. ) ;
#1283 = LINE ( 'NONE', #4438, #1326 ) ;
#1284 = VERTEX_POINT ( 'NONE', #2764 ) ;
#1285 = CARTESIAN_POINT ( 'NONE',  ( -10.00000000000000000, 502.0000000000000000, 14.84619406500000061 ) ) ;
#1286 = DIRECTION ( 'NONE',  ( 0.000000000000000000, 0.000000000000000000, 1.000000000000000000 ) ) ;
#1287 = ORIENTED_EDGE ( 'NONE', *, *, #2292, .F. ) ;
#1288 = ORIENTED_EDGE ( 'NONE', *, *, #1597, .T. ) ;
#1289 = EDGE_CURVE ( 'NONE', #1693, #1213, #4390, .T. ) ;
#1290 = PLANE ( 'NONE',  #2813 ) ;
#1291 = LINE ( 'NONE', #2102, #1857 ) ;
#1292 = ORIENTED_EDGE ( 'NONE', *, *, #2460, .F. ) ;
#1293 = CIRCLE ( 'NONE', #3953, 5.000000028479869130 ) ;
#1294 = EDGE_CURVE ( 'NONE', #5069, #4014, #255, .T. ) ;
#1295 = DIRECTION ( 'NONE',  ( 0.000000000000000000, -1.000000000000000000, 0.000000000000000000 ) ) ;
#1296 = CARTESIAN_POINT ( 'NONE',  ( -12.30000000000000071, -500.0000000000000000, -12.30000000000000071 ) ) ;
#1297 = CYLINDRICAL_SURFACE ( 'NONE', #4497, 4.999999962794540842 ) ;
#1298 = ORIENTED_EDGE ( 'NONE', *, *, #1544, .T. ) ;
#1299 = CARTESIAN_POINT ( 'NONE',  ( 3.399999999999999911, 500.0000000000000000, -4.163799117100999573E-16 ) ) ;
#1300 = EDGE_CURVE ( 'NONE', #4723, #4366, #706, .T. ) ;
#1301 = DIRECTION ( 'NONE',  ( 0.000000000000000000, -1.000000000000000000, 0.000000000000000000 ) ) ;
#1302 = DIRECTION ( 'NONE',  ( 0.000000000000000000, -1.000000000000000000, 0.000000000000000000 ) ) ;
#1303 = DIRECTION ( 'NONE',  ( 0.000000000000000000, 1.000000000000000000, 0.000000000000000000 ) ) ;
#1304 = EDGE_LOOP ( 'NONE', ( #3160, #2321, #1287, #5207 ) ) ;
#1305 = EDGE_CURVE ( 'NONE', #1823, #3025, #2025, .T. ) ;
#1306 = CARTESIAN_POINT ( 'NONE',  ( -17.55000000000000071, 500.0000000000000000, -7.000000000000000000 ) ) ;
#1307 = LINE ( 'NONE', #1724, #4157 ) ;
#1308 = VERTEX_POINT ( 'NONE', #1143 ) ;
#1309 = CARTESIAN_POINT ( 'NONE',  ( 16.50000000000000000, -500.0000000000000000, -4.000000000100000008 ) ) ;
#1310 = CARTESIAN_POINT ( 'NONE',  ( -18.19999999999999929, -500.0000000000000000, -16.00000000000000000 ) ) ;
#1311 = EDGE_LOOP ( 'NONE', ( #567, #1079, #3632, #2619 ) ) ;
#1312 = VERTEX_POINT ( 'NONE', #2787 ) ;
#1313 = CARTESIAN_POINT ( 'NONE',  ( 17.69999999999999929, -500.0000000000000000, -12.30000000000000071 ) ) ;
#1314 = CARTESIAN_POINT ( 'NONE',  ( 20.00000000000000000, 500.0000000000000000, -16.00000000000000000 ) ) ;
#1315 = VERTEX_POINT ( 'NONE', #4117 ) ;
#1316 = EDGE_CURVE ( 'NONE', #3880, #2277, #307, .T. ) ;
#1317 = VECTOR ( 'NONE', #2062, 1000.000000000000000 ) ;
#1318 = DIRECTION ( 'NONE',  ( 0.000000000000000000, -1.000000000000000000, 0.000000000000000000 ) ) ;
#1319 = CARTESIAN_POINT ( 'NONE',  ( -12.30000000000000071, 500.0000000000000000, 11.79999999999999893 ) ) ;
#1320 = VERTEX_POINT ( 'NONE', #1173 ) ;
#1321 = DIRECTION ( 'NONE',  ( -8.673617379884035472E-16, 0.000000000000000000, 1.000000000000000000 ) ) ;
#1322 = EDGE_CURVE ( 'NONE', #3375, #3113, #772, .T. ) ;
#1323 = VECTOR ( 'NONE', #670, 1000.000000000000000 ) ;
#1324 = VECTOR ( 'NONE', #2749, 1000.000000000000000 ) ;
#1325 = LINE ( 'NONE', #2551, #891 ) ;
#1326 = VECTOR ( 'NONE', #3706, 1000.000000000000000 ) ;
#1327 = FACE_OUTER_BOUND ( 'NONE', #112, .T. ) ;
#1328 = DIRECTION ( 'NONE',  ( -3.999856001968282080E-11, 0.000000000000000000, 1.000000000000000000 ) ) ;
#1329 = EDGE_LOOP ( 'NONE', ( #4995, #3801, #1542, #3760 ) ) ;
#1330 = VECTOR ( 'NONE', #1366, 1000.000000000000000 ) ;
#1331 = VECTOR ( 'NONE', #67, 1000.000000000000000 ) ;
#1332 = AXIS2_PLACEMENT_3D ( 'NONE', #3270, #4907, #2904 ) ;
#1333 = ORIENTED_EDGE ( 'NONE', *, *, #1630, .F. ) ;
#1334 = ADVANCED_FACE ( 'NONE', ( #2411 ), #3674, .F. ) ;
#1335 = VECTOR ( 'NONE', #2300, 1000.000000000000000 ) ;
#1336 = CIRCLE ( 'NONE', #3664, 2.200000000000000622 ) ;
#1337 = LINE ( 'NONE', #1819, #2456 ) ;
#1338 = ORIENTED_EDGE ( 'NONE', *, *, #2763, .F. ) ;
#1339 = VECTOR ( 'NONE', #874, 1000.000000000000000 ) ;
#1340 = EDGE_LOOP ( 'NONE', ( #809, #1154, #621, #2290 ) ) ;
#1341 = CARTESIAN_POINT ( 'NONE',  ( -7.074999999999999289, -500.0000000000000000, 18.19999999999999929 ) ) ;
#1342 = VECTOR ( 'NONE', #4733, 1000.000000000000000 ) ;
#1343 = DIRECTION ( 'NONE',  ( 0.000000000000000000, 1.000000000000000000, 0.000000000000000000 ) ) ;
#1344 = VECTOR ( 'NONE', #4385, 1000.000000000000000 ) ;
#1345 = ADVANCED_FACE ( 'NONE', ( #2869 ), #1986, .T. ) ;
#1346 = VERTEX_POINT ( 'NONE', #4097 ) ;
#1347 = ORIENTED_EDGE ( 'NONE', *, *, #4306, .F. ) ;
#1348 = EDGE_CURVE ( 'NONE', #943, #4689, #871, .T. ) ;
#1349 = DIRECTION ( 'NONE',  ( 0.000000000000000000, -1.000000000000000000, 0.000000000000000000 ) ) ;
#1350 = CARTESIAN_POINT ( 'NONE',  ( -3.399999999999999911, -500.0000000000000000, 4.163799117100999573E-16 ) ) ;
#1351 = ORIENTED_EDGE ( 'NONE', *, *, #4260, .T. ) ;
#1352 = LINE ( 'NONE', #4678, #4509 ) ;
#1353 = CARTESIAN_POINT ( 'NONE',  ( -20.00000000000000000, 500.0000000000000000, 16.00000000000000000 ) ) ;
#1354 = CARTESIAN_POINT ( 'NONE',  ( -16.00000000000000000, 500.0000000000000000, 16.00000000000000000 ) ) ;
#1355 = CARTESIAN_POINT ( 'NONE',  ( -2.875000000000000000, 500.0000000000000000, -15.50000000000000000 ) ) ;
#1356 = DIRECTION ( 'NONE',  ( 0.000000000000000000, 1.000000000000000000, 0.000000000000000000 ) ) ;
#1357 = DIRECTION ( 'NONE',  ( 1.000000000000000000, 0.000000000000000000, 0.000000000000000000 ) ) ;
#1358 = ORIENTED_EDGE ( 'NONE', *, *, #4120, .F. ) ;
#1359 = EDGE_CURVE ( 'NONE', #2026, #605, #637, .T. ) ;
#1360 = ORIENTED_EDGE ( 'NONE', *, *, #545, .F. ) ;
#1361 = EDGE_CURVE ( 'NONE', #5158, #111, #819, .T. ) ;
#1362 = CARTESIAN_POINT ( 'NONE',  ( 7.499999999899999992, 500.0000000000000000, -15.49999999989999999 ) ) ;
#1363 = VERTEX_POINT ( 'NONE', #4901 ) ;
#1364 = ORIENTED_EDGE ( 'NONE', *, *, #2250, .T. ) ;
#1365 = DIRECTION ( 'NONE',  ( 0.000000000000000000, 1.000000000000000000, 0.000000000000000000 ) ) ;
#1366 = DIRECTION ( 'NONE',  ( 0.000000000000000000, -1.000000000000000000, 0.000000000000000000 ) ) ;
#1367 = EDGE_LOOP ( 'NONE', ( #3197, #3293, #1910, #3272 ) ) ;
#1368 = EDGE_LOOP ( 'NONE', ( #4622, #4400, #2581, #1562 ) ) ;
#1369 = CARTESIAN_POINT ( 'NONE',  ( 19.99999999990000177, 501.0000000000000000, -5.500000000000000000 ) ) ;
#1370 = FACE_OUTER_BOUND ( 'NONE', #1710, .T. ) ;
#1371 = ORIENTED_EDGE ( 'NONE', *, *, #1884, .F. ) ;
#1372 = EDGE_CURVE ( 'NONE', #250, #2709, #368, .T. ) ;
#1373 = DIRECTION ( 'NONE',  ( 0.000000000000000000, 0.000000000000000000, 1.000000000000000000 ) ) ;
#1374 = CARTESIAN_POINT ( 'NONE',  ( -20.00000000000000000, 500.0000000000000000, 16.00000000000000000 ) ) ;
#1375 = CARTESIAN_POINT ( 'NONE',  ( -8.750000000000000000, 500.0000000000000000, 4.000000000000000000 ) ) ;
#1376 = ORIENTED_EDGE ( 'NONE', *, *, #3679, .T. ) ;
#1377 = CARTESIAN_POINT ( 'NONE',  ( 7.450000000100000186, 502.0000000000000000, -17.54999999989999893 ) ) ;
#1378 = ADVANCED_FACE ( 'NONE', ( #2079 ), #2467, .F. ) ;
#1379 = PLANE ( 'NONE',  #5271 ) ;
#1380 = CARTESIAN_POINT ( 'NONE',  ( 7.450000000000000178, 500.0000000000000000, 18.00000000000000000 ) ) ;
#1381 = VERTEX_POINT ( 'NONE', #5275 ) ;
#1382 = AXIS2_PLACEMENT_3D ( 'NONE', #3710, #4211, #12 ) ;
#1383 = EDGE_CURVE ( 'NONE', #4689, #3231, #1944, .T. ) ;
#1384 = LINE ( 'NONE', #1059, #4013 ) ;
#1385 = EDGE_LOOP ( 'NONE', ( #2227, #1969, #633, #3150 ) ) ;
#1386 = CARTESIAN_POINT ( 'NONE',  ( 16.00000000000000000, 502.0000000000000000, -18.19999999999999929 ) ) ;
#1387 = VERTEX_POINT ( 'NONE', #41 ) ;
#1388 = EDGE_CURVE ( 'NONE', #2192, #2439, #3392, .T. ) ;
#1389 = CARTESIAN_POINT ( 'NONE',  ( -12.30000000000000071, -500.0000000000000000, 11.79999999999999893 ) ) ;
#1390 = DIRECTION ( 'NONE',  ( 1.000000000000000000, 0.000000000000000000, 0.000000000000000000 ) ) ;
#1391 = ORIENTED_EDGE ( 'NONE', *, *, #1878, .F. ) ;
#1392 = ORIENTED_EDGE ( 'NONE', *, *, #2417, .T. ) ;
#1393 = DIRECTION ( 'NONE',  ( -1.000000000000000000, 0.000000000000000000, -2.222200047431583316E-10 ) ) ;
#1394 = DIRECTION ( 'NONE',  ( -0.7071067825525400030, 0.000000000000000000, -0.7071067798205549204 ) ) ;
#1395 = VERTEX_POINT ( 'NONE', #4044 ) ;
#1396 = EDGE_CURVE ( 'NONE', #1315, #4950, #1605, .T. ) ;
#1397 = DIRECTION ( 'NONE',  ( 0.000000000000000000, -1.000000000000000000, 0.000000000000000000 ) ) ;
#1398 = CARTESIAN_POINT ( 'NONE',  ( 10.65685425999999936, 500.0000000000000000, 8.535533909999999835 ) ) ;
#1399 = ADVANCED_FACE ( 'NONE', ( #4529, #1680, #851, #4847, #2918, #4448 ), #3240, .T. ) ;
#1400 = CARTESIAN_POINT ( 'NONE',  ( 7.423097032500000303, -500.0000000000000000, -10.00000000000000000 ) ) ;
#1401 = DIRECTION ( 'NONE',  ( 1.000000000000000000, 0.000000000000000000, 6.666657966410603605E-11 ) ) ;
#1402 = AXIS2_PLACEMENT_3D ( 'NONE', #198, #684, #2327 ) ;
#1403 = CARTESIAN_POINT ( 'NONE',  ( 6.499999999899999992, 500.0000000000000000, 16.00000000010000178 ) ) ;
#1404 = CARTESIAN_POINT ( 'NONE',  ( -15.50000000000000000, 500.0000000000000000, 10.00000000000000000 ) ) ;
#1405 = ORIENTED_EDGE ( 'NONE', *, *, #1227, .F. ) ;
#1406 = AXIS2_PLACEMENT_3D ( 'NONE', #4098, #4824, #4416 ) ;
#1407 = CARTESIAN_POINT ( 'NONE',  ( 10.00000000000000000, -500.0000000000000000, 14.19238813000000121 ) ) ;
#1408 = VERTEX_POINT ( 'NONE', #796 ) ;
#1409 = VECTOR ( 'NONE', #3042, 1000.000000000000000 ) ;
#1410 = DIRECTION ( 'NONE',  ( 1.000000000000000000, 0.000000000000000000, 0.000000000000000000 ) ) ;
#1411 = DIRECTION ( 'NONE',  ( 0.000000000000000000, 1.000000000000000000, 0.000000000000000000 ) ) ;
#1412 = ORIENTED_EDGE ( 'NONE', *, *, #4067, .T. ) ;
#1413 = CARTESIAN_POINT ( 'NONE',  ( -20.00000000000000000, 500.0000000000000000, 0.000000000000000000 ) ) ;
#1414 = EDGE_CURVE ( 'NONE', #5236, #518, #3316, .T. ) ;
#1415 = AXIS2_PLACEMENT_3D ( 'NONE', #49, #1691, #2119 ) ;
#1416 = DIRECTION ( 'NONE',  ( 1.000000000000000000, 0.000000000000000000, 0.000000000000000000 ) ) ;
#1417 = CIRCLE ( 'NONE', #4770, 0.4999999999999995559 ) ;
#1418 = AXIS2_PLACEMENT_3D ( 'NONE', #1853, #3172, #190 ) ;
#1419 = AXIS2_PLACEMENT_3D ( 'NONE', #4199, #3342, #1684 ) ;
#1420 = ORIENTED_EDGE ( 'NONE', *, *, #1510, .T. ) ;
#1421 = ORIENTED_EDGE ( 'NONE', *, *, #5097, .F. ) ;
#1422 = DIRECTION ( 'NONE',  ( 0.000000000000000000, 1.000000000000000000, 0.000000000000000000 ) ) ;
#1423 = CARTESIAN_POINT ( 'NONE',  ( -16.00000000010000178, 502.0000000000000000, 6.499999999899999992 ) ) ;
#1424 = ORIENTED_EDGE ( 'NONE', *, *, #2154, .F. ) ;
#1425 = PRODUCT_DEFINITION ( 'UNKNOWN', '', #3411, #4259 ) ;
#1426 = AXIS2_PLACEMENT_3D ( 'NONE', #2128, #1726, #4156 ) ;
#1427 = CIRCLE ( 'NONE', #3671, 3.399999999999999911 ) ;
#1428 = ORIENTED_EDGE ( 'NONE', *, *, #3828, .T. ) ;
#1429 = AXIS2_PLACEMENT_3D ( 'NONE', #1818, #1122, #5151 ) ;
#1430 = VECTOR ( 'NONE', #3935, 1000.000000000000000 ) ;
#1431 = FACE_OUTER_BOUND ( 'NONE', #57, .T. ) ;
#1432 = CARTESIAN_POINT ( 'NONE',  ( 16.00000000000000000, -500.0000000000000000, 6.999999999899999992 ) ) ;
#1433 = CARTESIAN_POINT ( 'NONE',  ( -9.214466100000000992, 502.0000000000000000, 7.093145749999999694 ) ) ;
#1434 = DIRECTION ( 'NONE',  ( 0.000000000000000000, -1.000000000000000000, 0.000000000000000000 ) ) ;
#1435 = DIRECTION ( 'NONE',  ( 0.000000000000000000, -1.000000000000000000, 0.000000000000000000 ) ) ;
#1436 = EDGE_CURVE ( 'NONE', #754, #2233, #3823, .T. ) ;
#1437 = CARTESIAN_POINT ( 'NONE',  ( 7.000000000000000000, 502.0000000000000000, 16.77500000000000213 ) ) ;
#1438 = EDGE_LOOP ( 'NONE', ( #1216, #2838, #1947, #3260 ) ) ;
#1439 = CARTESIAN_POINT ( 'NONE',  ( 5.000000037205460046, -500.0000000000000000, 14.19238814645449942 ) ) ;
#1440 = DIRECTION ( 'NONE',  ( -1.000000000000000000, 0.000000000000000000, -6.666657966410603605E-11 ) ) ;
#1441 = EDGE_LOOP ( 'NONE', ( #4669, #2825, #4625, #2523 ) ) ;
#1442 = DIRECTION ( 'NONE',  ( 0.000000000000000000, -1.000000000000000000, 0.000000000000000000 ) ) ;
#1443 = LINE ( 'NONE', #3811, #2889 ) ;
#1444 = VERTEX_POINT ( 'NONE', #3015 ) ;
#1445 = ORIENTED_EDGE ( 'NONE', *, *, #1030, .T. ) ;
#1446 = DIRECTION ( 'NONE',  ( 0.000000000000000000, 1.000000000000000000, 0.000000000000000000 ) ) ;
#1447 = CYLINDRICAL_SURFACE ( 'NONE', #4176, 4.999999982033290102 ) ;
#1448 = ORIENTED_EDGE ( 'NONE', *, *, #4921, .T. ) ;
#1449 = AXIS2_PLACEMENT_3D ( 'NONE', #4190, #4264, #4341 ) ;
#1450 = ORIENTED_EDGE ( 'NONE', *, *, #2303, .F. ) ;
#1451 = ADVANCED_FACE ( 'NONE', ( #971 ), #540, .F. ) ;
#1452 = VERTEX_POINT ( 'NONE', #148 ) ;
#1453 = LINE ( 'NONE', #1400, #3574 ) ;
#1454 = EDGE_CURVE ( 'NONE', #2237, #1320, #2594, .T. ) ;
#1455 = DIRECTION ( 'NONE',  ( 0.000000000000000000, 0.000000000000000000, 1.000000000000000000 ) ) ;
#1456 = CYLINDRICAL_SURFACE ( 'NONE', #1923, 2.500000000000000444 ) ;
#1457 = DIRECTION ( 'NONE',  ( 2.222200047431583316E-10, 0.000000000000000000, -1.000000000000000000 ) ) ;
#1458 = VERTEX_POINT ( 'NONE', #1715 ) ;
#1459 = EDGE_CURVE ( 'NONE', #2957, #1363, #4246, .T. ) ;
#1460 = CARTESIAN_POINT ( 'NONE',  ( 10.65685425999999936, -500.0000000000000000, -8.535533909999999835 ) ) ;
#1461 = ORIENTED_EDGE ( 'NONE', *, *, #3625, .T. ) ;
#1462 = AXIS2_PLACEMENT_3D ( 'NONE', #4791, #336, #1650 ) ;
#1463 = CARTESIAN_POINT ( 'NONE',  ( -10.00000000000000000, -500.0000000000000000, 7.423097032500000303 ) ) ;
#1464 = LINE ( 'NONE', #1843, #1078 ) ;
#1465 = VERTEX_POINT ( 'NONE', #3040 ) ;
#1466 = EDGE_CURVE ( 'NONE', #3437, #3385, #1352, .T. ) ;
#1467 = DIRECTION ( 'NONE',  ( 0.000000000000000000, -1.000000000000000000, 0.000000000000000000 ) ) ;
#1468 = DIRECTION ( 'NONE',  ( 1.000000000000000000, 0.000000000000000000, 0.000000000000000000 ) ) ;
#1469 = ORIENTED_EDGE ( 'NONE', *, *, #1738, .T. ) ;
#1470 = VERTEX_POINT ( 'NONE', #4172 ) ;
#1471 = PLANE ( 'NONE',  #4249 ) ;
#1472 = DIRECTION ( 'NONE',  ( 2.222219322136867696E-10, 0.000000000000000000, -1.000000000000000000 ) ) ;
#1473 = VERTEX_POINT ( 'NONE', #5035 ) ;
#1474 = VERTEX_POINT ( 'NONE', #94 ) ;
#1475 = ORIENTED_EDGE ( 'NONE', *, *, #4223, .T. ) ;
#1476 = CARTESIAN_POINT ( 'NONE',  ( -5.000000000100000008, -500.0000000000000000, -16.50000000010000178 ) ) ;
#1477 = DIRECTION ( 'NONE',  ( 0.000000000000000000, 0.000000000000000000, 1.000000000000000000 ) ) ;
#1478 = EDGE_CURVE ( 'NONE', #4133, #5136, #1734, .T. ) ;
#1479 = LINE ( 'NONE', #4302, #134 ) ;
#1480 = DIRECTION ( 'NONE',  ( 0.7071067811865475727, 0.000000000000000000, 0.7071067811865475727 ) ) ;
#1481 = LINE ( 'NONE', #3642, #2374 ) ;
#1482 = DIRECTION ( 'NONE',  ( -1.040462578258159729E-08, 0.000000000000000000, -1.000000000000000000 ) ) ;
#1483 = ORIENTED_EDGE ( 'NONE', *, *, #1668, .F. ) ;
#1484 = ADVANCED_FACE ( 'NONE', ( #572 ), #1790, .F. ) ;
#1485 = VECTOR ( 'NONE', #2795, 1000.000000000000000 ) ;
#1486 = LINE ( 'NONE', #3129, #2125 ) ;
#1487 = ORIENTED_EDGE ( 'NONE', *, *, #4562, .T. ) ;
#1488 = FACE_OUTER_BOUND ( 'NONE', #4778, .T. ) ;
#1489 = AXIS2_PLACEMENT_3D ( 'NONE', #1716, #3696, #2140 ) ;
#1490 = CARTESIAN_POINT ( 'NONE',  ( -15.49999999989999999, 502.0000000000000000, 7.499999999899999992 ) ) ;
#1491 = EDGE_LOOP ( 'NONE', ( #2964, #3502, #213, #1162 ) ) ;
#1492 = DIRECTION ( 'NONE',  ( 0.000000000000000000, -1.000000000000000000, 0.000000000000000000 ) ) ;
#1493 = ADVANCED_FACE ( 'NONE', ( #4635 ), #1760, .F. ) ;
#1494 = AXIS2_PLACEMENT_3D ( 'NONE', #839, #3325, #4107 ) ;
#1495 = CARTESIAN_POINT ( 'NONE',  ( -5.000000017966709898, 500.0000000000000000, 14.19238815442339963 ) ) ;
#1496 = EDGE_CURVE ( 'NONE', #1881, #3401, #3420, .T. ) ;
#1497 = AXIS2_PLACEMENT_3D ( 'NONE', #683, #2264, #4415 ) ;
#1498 = CIRCLE ( 'NONE', #2805, 2.500000000000000444 ) ;
#1499 = DIRECTION ( 'NONE',  ( 1.999945348218899322E-10, 0.000000000000000000, -1.000000000000000000 ) ) ;
#1500 = ORIENTED_EDGE ( 'NONE', *, *, #3999, .F. ) ;
#1501 = CARTESIAN_POINT ( 'NONE',  ( -16.00000000000000000, 500.0000000000000000, 18.19999999999999929 ) ) ;
#1503 = VECTOR ( 'NONE', #3659, 1000.000000000000000 ) ;
#1502 = CARTESIAN_POINT ( 'NONE',  ( -16.00000000000000000, -500.0000000000000000, 18.19999999999999929 ) ) ;
#1504 = ORIENTED_EDGE ( 'NONE', *, *, #1185, .F. ) ;
#1505 = VECTOR ( 'NONE', #2037, 1000.000000000000000 ) ;
#1506 = CIRCLE ( 'NONE', #4082, 1.499999999999999556 ) ;
#1507 = EDGE_CURVE ( 'NONE', #3579, #3720, #4218, .T. ) ;
#1508 = PRESENTATION_LAYER_ASSIGNMENT (  '', '', ( #4425 ) ) ;
#1509 = ORIENTED_EDGE ( 'NONE', *, *, #786, .T. ) ;
#1510 = EDGE_CURVE ( 'NONE', #3227, #2430, #5058, .T. ) ;
#1511 = VERTEX_POINT ( 'NONE', #74 ) ;
#1512 = VECTOR ( 'NONE', #2525, 1000.000000000000000 ) ;
#1513 = CIRCLE ( 'NONE', #4943, 1.499999999999999556 ) ;
#1514 = CARTESIAN_POINT ( 'NONE',  ( 7.000000000000000000, 500.0000000000000000, -17.55000000000000071 ) ) ;
#1515 = CIRCLE ( 'NONE', #1429, 1.500000000000001332 ) ;
#1516 = LINE ( 'NONE', #1568, #139 ) ;
#1517 = VECTOR ( 'NONE', #2969, 1000.000000000000000 ) ;
#1518 = CIRCLE ( 'NONE', #320, 2.499999999999998668 ) ;
#1519 = CARTESIAN_POINT ( 'NONE',  ( 7.450000000100000186, 500.0000000000000000, -17.54999999989999893 ) ) ;
#1520 = LINE ( 'NONE', #1547, #1674 ) ;
#1521 = FACE_OUTER_BOUND ( 'NONE', #2207, .T. ) ;
#1522 = ORIENTED_EDGE ( 'NONE', *, *, #292, .F. ) ;
#1523 = VECTOR ( 'NONE', #247, 1000.000000000000000 ) ;
#1524 = ORIENTED_EDGE ( 'NONE', *, *, #2638, .F. ) ;
#1525 = CARTESIAN_POINT ( 'NONE',  ( 5.750000000000000000, 502.0000000000000000, -15.50000000000000000 ) ) ;
#1526 = ORIENTED_EDGE ( 'NONE', *, *, #4159, .F. ) ;
#1527 = DIRECTION ( 'NONE',  ( -3.469446951953611033E-15, 0.000000000000000000, 1.000000000000000000 ) ) ;
#1528 = EDGE_CURVE ( 'NONE', #5216, #1823, #4981, .T. ) ;
#1529 = AXIS2_PLACEMENT_3D ( 'NONE', #2515, #2793, #1179 ) ;
#1530 = CARTESIAN_POINT ( 'NONE',  ( 16.00000000000000000, -500.0000000000000000, 16.00000000000000000 ) ) ;
#1531 = CARTESIAN_POINT ( 'NONE',  ( 5.500000000000000000, 500.0000000000000000, 19.99999999990000177 ) ) ;
#1532 = ORIENTED_EDGE ( 'NONE', *, *, #2695, .T. ) ;
#1533 = DIRECTION ( 'NONE',  ( 0.000000000000000000, -1.000000000000000000, 0.000000000000000000 ) ) ;
#1534 = DIRECTION ( 'NONE',  ( 0.000000000000000000, 0.000000000000000000, 1.000000000000000000 ) ) ;
#1535 = DIRECTION ( 'NONE',  ( -1.000000000000000000, 0.000000000000000000, 0.000000000000000000 ) ) ;
#1536 = ORIENTED_EDGE ( 'NONE', *, *, #3604, .F. ) ;
#1537 = DIRECTION ( 'NONE',  ( 0.000000000000000000, 0.000000000000000000, 1.000000000000000000 ) ) ;
#1538 = DIRECTION ( 'NONE',  ( 0.000000000000000000, -1.000000000000000000, 0.000000000000000000 ) ) ;
#1539 = ORIENTED_EDGE ( 'NONE', *, *, #1466, .F. ) ;
#1540 = EDGE_CURVE ( 'NONE', #1926, #1452, #3445, .T. ) ;
#1541 = EDGE_LOOP ( 'NONE', ( #3611, #528, #2065, #3764 ) ) ;
#1542 = ORIENTED_EDGE ( 'NONE', *, *, #4524, .F. ) ;
#1543 = CARTESIAN_POINT ( 'NONE',  ( 0.000000000000000000, 500.0000000000000000, 0.000000000000000000 ) ) ;
#1544 = EDGE_CURVE ( 'NONE', #3113, #166, #3309, .T. ) ;
#1545 = CARTESIAN_POINT ( 'NONE',  ( 7.000000000000000000, -500.0000000000000000, -8.387500000000001066 ) ) ;
#1546 = CARTESIAN_POINT ( 'NONE',  ( -6.499999999899999992, -500.0000000000000000, -16.00000000010000178 ) ) ;
#1547 = CARTESIAN_POINT ( 'NONE',  ( -11.79999999999999893, 500.0000000000000000, -7.500000000000000000 ) ) ;
#1548 = CARTESIAN_POINT ( 'NONE',  ( 16.00000000000000000, -500.0000000000000000, -18.19999999999999929 ) ) ;
#1549 = ORIENTED_EDGE ( 'NONE', *, *, #855, .T. ) ;
#1550 = ORIENTED_EDGE ( 'NONE', *, *, #1109, .T. ) ;
#1551 =( NAMED_UNIT ( * ) PLANE_ANGLE_UNIT ( ) SI_UNIT ( $, .RADIAN. ) );
#1552 = ORIENTED_EDGE ( 'NONE', *, *, #187, .T. ) ;
#1553 = DIRECTION ( 'NONE',  ( 0.000000000000000000, 0.000000000000000000, 1.000000000000000000 ) ) ;
#1554 = ORIENTED_EDGE ( 'NONE', *, *, #3386, .T. ) ;
#1555 = VERTEX_POINT ( 'NONE', #893 ) ;
#1556 = LINE ( 'NONE', #3194, #2627 ) ;
#1557 = ADVANCED_FACE ( 'NONE', ( #2543 ), #2571, .F. ) ;
#1558 = VECTOR ( 'NONE', #3770, 1000.000000000000000 ) ;
#1559 = LINE ( 'NONE', #2803, #61 ) ;
#1560 = EDGE_CURVE ( 'NONE', #1064, #1346, #4081, .T. ) ;
#1561 = CYLINDRICAL_SURFACE ( 'NONE', #2365, 4.999999982033290102 ) ;
#1562 = ORIENTED_EDGE ( 'NONE', *, *, #2229, .T. ) ;
#1563 = FACE_OUTER_BOUND ( 'NONE', #159, .T. ) ;
#1564 = ORIENTED_EDGE ( 'NONE', *, *, #1042, .T. ) ;
#1565 = VERTEX_POINT ( 'NONE', #3423 ) ;
#1566 = VERTEX_POINT ( 'NONE', #2622 ) ;
#1567 = CARTESIAN_POINT ( 'NONE',  ( -6.499999999899999992, -500.0000000000000000, 16.00000000010000178 ) ) ;
#1568 = CARTESIAN_POINT ( 'NONE',  ( 8.535533909999999835, 502.0000000000000000, -10.65685425999999936 ) ) ;
#1569 = LINE ( 'NONE', #3204, #2816 ) ;
#1570 = EDGE_CURVE ( 'NONE', #3178, #2427, #2634, .T. ) ;
#1571 = EDGE_CURVE ( 'NONE', #1346, #4689, #1516, .T. ) ;
#1572 = EDGE_CURVE ( 'NONE', #2448, #5069, #2211, .T. ) ;
#1573 = DIRECTION ( 'NONE',  ( -1.000000000000000000, 0.000000000000000000, -3.469446951953611033E-15 ) ) ;
#1574 = DIRECTION ( 'NONE',  ( 0.000000000000000000, -1.000000000000000000, 0.000000000000000000 ) ) ;
#1575 = VERTEX_POINT ( 'NONE', #3036 ) ;
#1576 = CARTESIAN_POINT ( 'NONE',  ( 14.19238814645449942, 500.0000000000000000, -5.000000037205460046 ) ) ;
#1577 = CARTESIAN_POINT ( 'NONE',  ( 12.75000002847990110, 502.0000000000000000, 3.557611826337780503 ) ) ;
#1578 = ORIENTED_EDGE ( 'NONE', *, *, #4, .F. ) ;
#1579 = CARTESIAN_POINT ( 'NONE',  ( -7.499999999899999992, -500.0000000000000000, 15.49999999989999999 ) ) ;
#1580 = ORIENTED_EDGE ( 'NONE', *, *, #1166, .T. ) ;
#1581 = PLANE ( 'NONE',  #4148 ) ;
#1582 = EDGE_CURVE ( 'NONE', #1473, #800, #4674, .T. ) ;
#1583 = CARTESIAN_POINT ( 'NONE',  ( -16.00000000000000000, -500.0000000000000000, 16.00000000000000000 ) ) ;
#1584 = ORIENTED_EDGE ( 'NONE', *, *, #962, .T. ) ;
#1585 = DIRECTION ( 'NONE',  ( 0.000000000000000000, -1.000000000000000000, 0.000000000000000000 ) ) ;
#1586 = CARTESIAN_POINT ( 'NONE',  ( 4.000000000100000008, -500.0000000000000000, -18.50000000000000000 ) ) ;
#1587 = CIRCLE ( 'NONE', #2791, 0.4499999999999990119 ) ;
#1588 = DIRECTION ( 'NONE',  ( 0.7071067811865474617, 0.000000000000000000, 0.7071067811865474617 ) ) ;
#1589 = ORIENTED_EDGE ( 'NONE', *, *, #3581, .F. ) ;
#1590 = LINE ( 'NONE', #4379, #1618 ) ;
#1591 = ORIENTED_EDGE ( 'NONE', *, *, #4922, .F. ) ;
#1592 = CIRCLE ( 'NONE', #4591, 0.5000000000000004441 ) ;
#1593 = AXIS2_PLACEMENT_3D ( 'NONE', #209, #2421, #835 ) ;
#1594 = EDGE_LOOP ( 'NONE', ( #4184, #4814, #4356, #66 ) ) ;
#1595 = CIRCLE ( 'NONE', #222, 4.000000000000000000 ) ;
#1596 = ORIENTED_EDGE ( 'NONE', *, *, #5250, .F. ) ;
#1597 = EDGE_CURVE ( 'NONE', #3023, #1080, #476, .T. ) ;
#1598 = DIRECTION ( 'NONE',  ( 0.000000000000000000, 0.000000000000000000, -1.000000000000000000 ) ) ;
#1599 = AXIS2_PLACEMENT_3D ( 'NONE', #4666, #2174, #4268 ) ;
#1600 = CARTESIAN_POINT ( 'NONE',  ( 7.750000000000000000, 500.0000000000000000, -2.220446049250309876E-16 ) ) ;
#1601 = AXIS2_PLACEMENT_3D ( 'NONE', #3737, #3438, #4630 ) ;
#1602 = AXIS2_PLACEMENT_3D ( 'NONE', #1152, #3700, #373 ) ;
#1603 = CIRCLE ( 'NONE', #2115, 0.5000000000000004441 ) ;
#1604 = VECTOR ( 'NONE', #762, 1000.000000000000000 ) ;
#1605 = LINE ( 'NONE', #2895, #5281 ) ;
#1606 = CARTESIAN_POINT ( 'NONE',  ( -3.399999999999999911, 500.0000000000000000, -4.163799117100999573E-16 ) ) ;
#1607 = CARTESIAN_POINT ( 'NONE',  ( 18.50000000000000000, 502.0000000000000000, -4.000000000000000000 ) ) ;
#1608 = VECTOR ( 'NONE', #5006, 1000.000000000000114 ) ;
#1609 = CARTESIAN_POINT ( 'NONE',  ( -12.30000000000000071, 502.0000000000000000, 18.19999999999999929 ) ) ;
#1610 = VECTOR ( 'NONE', #4331, 1000.000000000000000 ) ;
#1611 = VECTOR ( 'NONE', #4041, 1000.000000000000000 ) ;
#1612 = EDGE_LOOP ( 'NONE', ( #1204, #1392, #4484, #2332, #3032, #2602, #2814, #214 ) ) ;
#1613 = LINE ( 'NONE', #2016, #1157 ) ;
#1614 = EDGE_CURVE ( 'NONE', #3946, #2841, #1481, .T. ) ;
#1615 = CYLINDRICAL_SURFACE ( 'NONE', #1332, 0.4999999999999995559 ) ;
#1616 = CARTESIAN_POINT ( 'NONE',  ( 3.737499999999999822, 500.0000000000000000, -18.00000000000000000 ) ) ;
#1617 = ORIENTED_EDGE ( 'NONE', *, *, #4986, .T. ) ;
#1618 = VECTOR ( 'NONE', #1538, 1000.000000000000000 ) ;
#1619 = FACE_OUTER_BOUND ( 'NONE', #1022, .T. ) ;
#1620 = EDGE_CURVE ( 'NONE', #2810, #1473, #3158, .T. ) ;
#1621 = CARTESIAN_POINT ( 'NONE',  ( 7.814339829999998877, 502.0000000000000000, 9.935660179999999286 ) ) ;
#1622 = CIRCLE ( 'NONE', #1962, 4.999999869901410321 ) ;
#1623 = CARTESIAN_POINT ( 'NONE',  ( 10.00000000000000000, 502.0000000000000000, 14.84619406500000061 ) ) ;
#1624 = ORIENTED_EDGE ( 'NONE', *, *, #187, .F. ) ;
#1625 = CARTESIAN_POINT ( 'NONE',  ( 11.79999999999999893, 502.0000000000000000, -15.00000000000000000 ) ) ;
#1626 = ORIENTED_EDGE ( 'NONE', *, *, #4038, .T. ) ;
#1627 = VERTEX_POINT ( 'NONE', #4021 ) ;
#1628 = ORIENTED_EDGE ( 'NONE', *, *, #3628, .F. ) ;
#1629 = LINE ( 'NONE', #3636, #575 ) ;
#1630 = EDGE_CURVE ( 'NONE', #592, #3645, #744, .T. ) ;
#1631 = CARTESIAN_POINT ( 'NONE',  ( 3.557611826337780503, 500.0000000000000000, -12.75000002847990110 ) ) ;
#1632 = DIRECTION ( 'NONE',  ( 0.7071067811865474617, 0.000000000000000000, -0.7071067811865474617 ) ) ;
#1633 = CARTESIAN_POINT ( 'NONE',  ( 3.737499999999999822, -500.0000000000000000, 18.00000000000000000 ) ) ;
#1634 = LINE ( 'NONE', #4022, #3141 ) ;
#1635 = EDGE_CURVE ( 'NONE', #4334, #1575, #4850, .T. ) ;
#1636 = ORIENTED_EDGE ( 'NONE', *, *, #1459, .T. ) ;
#1637 = ORIENTED_EDGE ( 'NONE', *, *, #1454, .F. ) ;
#1638 = VERTEX_POINT ( 'NONE', #1201 ) ;
#1639 = CARTESIAN_POINT ( 'NONE',  ( -14.84619406500000061, 502.0000000000000000, -10.00000000000000000 ) ) ;
#1640 = CARTESIAN_POINT ( 'NONE',  ( -3.557611892023129663, 502.0000000000000000, -12.74999986990139966 ) ) ;
#1641 = DIRECTION ( 'NONE',  ( 1.000000000000000000, 0.000000000000000000, 0.000000000000000000 ) ) ;
#1642 = VERTEX_POINT ( 'NONE', #5171 ) ;
#1643 = EDGE_CURVE ( 'NONE', #4108, #3202, #219, .T. ) ;
#1644 = CARTESIAN_POINT ( 'NONE',  ( 9.214466100000000992, 500.0000000000000000, -7.093145749999999694 ) ) ;
#1645 = LINE ( 'NONE', #1232, #568 ) ;
#1646 = EDGE_CURVE ( 'NONE', #5267, #5095, #1116, .T. ) ;
#1647 = DIRECTION ( 'NONE',  ( 0.000000000000000000, -1.000000000000000000, 0.000000000000000000 ) ) ;
#1648 = DIRECTION ( 'NONE',  ( 0.000000000000000000, 0.000000000000000000, 1.000000000000000000 ) ) ;
#1649 = ORIENTED_EDGE ( 'NONE', *, *, #2937, .T. ) ;
#1650 = DIRECTION ( 'NONE',  ( 0.000000000000000000, 1.000000000000000000, 0.000000000000000000 ) ) ;
#1651 = ORIENTED_EDGE ( 'NONE', *, *, #2784, .T. ) ;
#1652 = ORIENTED_EDGE ( 'NONE', *, *, #3205, .F. ) ;
#1653 = DIRECTION ( 'NONE',  ( 0.000000000000000000, -1.000000000000000000, 0.000000000000000000 ) ) ;
#1654 = DIRECTION ( 'NONE',  ( 0.000000000000000000, 0.000000000000000000, -1.000000000000000000 ) ) ;
#1655 = DIRECTION ( 'NONE',  ( 1.000000000000000000, 0.000000000000000000, 4.884684341243943186E-09 ) ) ;
#1656 = CARTESIAN_POINT ( 'NONE',  ( 18.19999999999999929, 502.0000000000000000, -14.14999999999999858 ) ) ;
#1657 = CARTESIAN_POINT ( 'NONE',  ( -9.214466100000000992, 500.0000000000000000, -7.093145749999999694 ) ) ;
#1658 = ORIENTED_EDGE ( 'NONE', *, *, #2041, .T. ) ;
#1659 = DIRECTION ( 'NONE',  ( 0.000000000000000000, -1.000000000000000000, 0.000000000000000000 ) ) ;
#1660 = CARTESIAN_POINT ( 'NONE',  ( 6.499999999899999992, 500.0000000000000000, -16.00000000010000178 ) ) ;
#1661 = CARTESIAN_POINT ( 'NONE',  ( -18.49999999990000177, 500.0000000000000000, -5.500000000099999120 ) ) ;
#1662 = EDGE_LOOP ( 'NONE', ( #3608, #3027, #1996, #2248 ) ) ;
#1663 = ADVANCED_FACE ( 'NONE', ( #1958 ), #4472, .T. ) ;
#1664 = LINE ( 'NONE', #1261, #4607 ) ;
#1665 = CYLINDRICAL_SURFACE ( 'NONE', #4672, 1.000000000000000000 ) ;
#1666 = ORIENTED_EDGE ( 'NONE', *, *, #680, .T. ) ;
#1667 = ORIENTED_EDGE ( 'NONE', *, *, #913, .F. ) ;
#1668 = EDGE_CURVE ( 'NONE', #4595, #4275, #138, .T. ) ;
#1669 = VECTOR ( 'NONE', #1553, 1000.000000000000000 ) ;
#1670 = CARTESIAN_POINT ( 'NONE',  ( -7.093145749999999694, -500.0000000000000000, -9.214466100000000992 ) ) ;
#1671 = ORIENTED_EDGE ( 'NONE', *, *, #1507, .F. ) ;
#1672 = ORIENTED_EDGE ( 'NONE', *, *, #1686, .F. ) ;
#1674 = VECTOR ( 'NONE', #5276, 1000.000000000000000 ) ;
#1673 = DIRECTION ( 'NONE',  ( 0.000000000000000000, -1.000000000000000000, 0.000000000000000000 ) ) ;
#1675 = ADVANCED_FACE ( 'NONE', ( #4698 ), #3516, .F. ) ;
#1676 = ADVANCED_FACE ( 'NONE', ( #3841 ), #992, .T. ) ;
#1677 = VECTOR ( 'NONE', #3996, 1000.000000000000000 ) ;
#1678 = DIRECTION ( 'NONE',  ( 0.000000000000000000, -1.000000000000000000, 0.000000000000000000 ) ) ;
#1679 = CARTESIAN_POINT ( 'NONE',  ( -16.50000000000000000, 502.0000000000000000, 4.000000000100000008 ) ) ;
#1680 = FACE_BOUND ( 'NONE', #4274, .T. ) ;
#1681 = DIRECTION ( 'NONE',  ( 1.000000000000000000, 0.000000000000000000, 0.000000000000000000 ) ) ;
#1682 = ORIENTED_EDGE ( 'NONE', *, *, #539, .T. ) ;
#1683 = VECTOR ( 'NONE', #2059, 1000.000000000000000 ) ;
#1684 = DIRECTION ( 'NONE',  ( 0.000000000000000000, 0.000000000000000000, 1.000000000000000000 ) ) ;
#1685 = AXIS2_PLACEMENT_3D ( 'NONE', #4075, #1, #3650 ) ;
#1686 = EDGE_CURVE ( 'NONE', #1706, #1308, #2723, .T. ) ;
#1687 = AXIS2_PLACEMENT_3D ( 'NONE', #2617, #2139, #3792 ) ;
#1688 = CIRCLE ( 'NONE', #827, 2.500000000000000444 ) ;
#1689 = VECTOR ( 'NONE', #2012, 1000.000000000000000 ) ;
#1690 = DIRECTION ( 'NONE',  ( -2.222219322136867696E-10, 0.000000000000000000, 1.000000000000000000 ) ) ;
#1691 = DIRECTION ( 'NONE',  ( 0.000000000000000000, 1.000000000000000000, 0.000000000000000000 ) ) ;
#1692 = DIRECTION ( 'NONE',  ( -1.000000000000000000, 0.000000000000000000, 1.040462578258159729E-08 ) ) ;
#1693 = VERTEX_POINT ( 'NONE', #1822 ) ;
#1694 = VECTOR ( 'NONE', #2434, 1000.000000000000000 ) ;
#1695 = AXIS2_PLACEMENT_3D ( 'NONE', #1914, #2786, #4845 ) ;
#1696 = CIRCLE ( 'NONE', #4523, 1.500000000000001332 ) ;
#1697 = CARTESIAN_POINT ( 'NONE',  ( 15.50000000010000001, 500.0000000000000000, -6.500000000000000000 ) ) ;
#1698 = EDGE_CURVE ( 'NONE', #1627, #2983, #2648, .T. ) ;
#1699 = VECTOR ( 'NONE', #3452, 1000.000000000000000 ) ;
#1700 = DIRECTION ( 'NONE',  ( 1.000000000000000000, 0.000000000000000000, 0.000000000000000000 ) ) ;
#1701 = ORIENTED_EDGE ( 'NONE', *, *, #1892, .F. ) ;
#1702 = EDGE_LOOP ( 'NONE', ( #3833, #3432, #3212, #1509 ) ) ;
#1703 = DIRECTION ( 'NONE',  ( -0.7071067798205549204, 0.000000000000000000, 0.7071067825525400030 ) ) ;
#1704 = AXIS2_PLACEMENT_3D ( 'NONE', #2916, #4549, #868 ) ;
#1705 = CARTESIAN_POINT ( 'NONE',  ( -16.00000000000000000, 500.0000000000000000, 7.000000000000000000 ) ) ;
#1706 = VERTEX_POINT ( 'NONE', #2281 ) ;
#1707 = ORIENTED_EDGE ( 'NONE', *, *, #5079, .F. ) ;
#1708 = DIRECTION ( 'NONE',  ( 2.222200047431583316E-10, 0.000000000000000000, -1.000000000000000000 ) ) ;
#1709 = CARTESIAN_POINT ( 'NONE',  ( 20.00000000000000000, 500.0000000000000000, -16.00000000000000000 ) ) ;
#1710 = EDGE_LOOP ( 'NONE', ( #3409, #4857, #2028, #96 ) ) ;
#1711 = ADVANCED_FACE ( 'NONE', ( #3918 ), #2255, .T. ) ;
#1712 = DIRECTION ( 'NONE',  ( 0.000000000000000000, 1.000000000000000000, 0.000000000000000000 ) ) ;
#1713 = ORIENTED_EDGE ( 'NONE', *, *, #3557, .T. ) ;
#1714 = DIRECTION ( 'NONE',  ( -1.000000000000000000, 0.000000000000000000, 0.000000000000000000 ) ) ;
#1715 = CARTESIAN_POINT ( 'NONE',  ( 15.50000000000000000, -500.0000000000000000, -5.000000000000000000 ) ) ;
#1716 = CARTESIAN_POINT ( 'NONE',  ( 18.49999999990000177, 502.0000000000000000, -5.500000000099999120 ) ) ;
#1717 = ORIENTED_EDGE ( 'NONE', *, *, #4581, .F. ) ;
#1718 = EDGE_CURVE ( 'NONE', #696, #2915, #5071, .T. ) ;
#1719 = FACE_OUTER_BOUND ( 'NONE', #3887, .T. ) ;
#1720 = DIRECTION ( 'NONE',  ( 0.000000000000000000, -1.000000000000000000, 0.000000000000000000 ) ) ;
#1721 = FACE_OUTER_BOUND ( 'NONE', #285, .T. ) ;
#1722 = EDGE_LOOP ( 'NONE', ( #493, #1637, #3307, #4270 ) ) ;
#1723 = LINE ( 'NONE', #3349, #2972 ) ;
#1724 = CARTESIAN_POINT ( 'NONE',  ( 16.00000000000000000, 502.0000000000000000, 6.999999999899999992 ) ) ;
#1725 = ORIENTED_EDGE ( 'NONE', *, *, #3866, .T. ) ;
#1726 = DIRECTION ( 'NONE',  ( 0.000000000000000000, -1.000000000000000000, 0.000000000000000000 ) ) ;
#1727 = EDGE_CURVE ( 'NONE', #2014, #645, #1443, .T. ) ;
#1728 = CARTESIAN_POINT ( 'NONE',  ( -7.750000000000000000, -500.0000000000000000, -4.572618360654379782E-17 ) ) ;
#1729 = ORIENTED_EDGE ( 'NONE', *, *, #2246, .T. ) ;
#1730 = ORIENTED_EDGE ( 'NONE', *, *, #3096, .F. ) ;
#1731 = CYLINDRICAL_SURFACE ( 'NONE', #2549, 0.4499999999999990119 ) ;
#1732 = DIRECTION ( 'NONE',  ( 1.000000000000000000, 0.000000000000000000, 6.666657966410595850E-11 ) ) ;
#1733 = ORIENTED_EDGE ( 'NONE', *, *, #3014, .T. ) ;
#1734 = LINE ( 'NONE', #2517, #2459 ) ;
#1735 = DIRECTION ( 'NONE',  ( 0.000000000000000000, 0.000000000000000000, 1.000000000000000000 ) ) ;
#1736 = LINE ( 'NONE', #949, #1339 ) ;
#1737 = EDGE_CURVE ( 'NONE', #2778, #1125, #3474, .T. ) ;
#1738 = EDGE_CURVE ( 'NONE', #3351, #1881, #4347, .T. ) ;
#1739 = EDGE_CURVE ( 'NONE', #4545, #1565, #3030, .T. ) ;
#1740 = FACE_OUTER_BOUND ( 'NONE', #1772, .T. ) ;
#1741 = DIRECTION ( 'NONE',  ( 0.000000000000000000, -1.000000000000000000, 0.000000000000000000 ) ) ;
#1742 = LINE ( 'NONE', #3368, #4329 ) ;
#1743 = ORIENTED_EDGE ( 'NONE', *, *, #2596, .T. ) ;
#1744 = ADVANCED_FACE ( 'NONE', ( #2230 ), #3412, .F. ) ;
#1745 = VERTEX_POINT ( 'NONE', #1876 ) ;
#1746 = CARTESIAN_POINT ( 'NONE',  ( -2.875000000000000000, -500.0000000000000000, 15.50000000000000000 ) ) ;
#1747 = ORIENTED_EDGE ( 'NONE', *, *, #3434, .F. ) ;
#1748 = VERTEX_POINT ( 'NONE', #3865 ) ;
#1749 = DIRECTION ( 'NONE',  ( 1.000000000000000000, 0.000000000000000000, 0.000000000000000000 ) ) ;
#1750 = CARTESIAN_POINT ( 'NONE',  ( -14.19238813000000121, -500.0000000000000000, 10.00000000000000000 ) ) ;
#1751 = EDGE_LOOP ( 'NONE', ( #2373, #4010, #1070, #3729 ) ) ;
#1752 = ORIENTED_EDGE ( 'NONE', *, *, #977, .F. ) ;
#1753 = CARTESIAN_POINT ( 'NONE',  ( -7.750000000000000000, 500.0000000000000000, -6.661338147750939243E-16 ) ) ;
#1754 = LINE ( 'NONE', #5001, #5038 ) ;
#1755 = ORIENTED_EDGE ( 'NONE', *, *, #4178, .F. ) ;
#1756 = ORIENTED_EDGE ( 'NONE', *, *, #2417, .F. ) ;
#1757 = PRODUCT_CONTEXT ( 'NONE', #5259, 'mechanical' ) ;
#1758 = EDGE_CURVE ( 'NONE', #4658, #687, #3435, .T. ) ;
#1759 = AXIS2_PLACEMENT_3D ( 'NONE', #953, #1301, #501 ) ;
#1760 = PLANE ( 'NONE',  #4328 ) ;
#1761 = LINE ( 'NONE', #4956, #3214 ) ;
#1762 = CYLINDRICAL_SURFACE ( 'NONE', #562, 1.000000000000000888 ) ;
#1763 = CIRCLE ( 'NONE', #2269, 0.5000000000000004441 ) ;
#1764 = CIRCLE ( 'NONE', #2979, 2.499999999999998668 ) ;
#1765 = CARTESIAN_POINT ( 'NONE',  ( -16.00000000000000000, 500.0000000000000000, 16.00000000000000000 ) ) ;
#1766 = AXIS2_PLACEMENT_3D ( 'NONE', #808, #3255, #4057 ) ;
#1767 = LINE ( 'NONE', #3321, #4677 ) ;
#1768 = DIRECTION ( 'NONE',  ( 0.000000000000000000, -1.000000000000000000, 0.000000000000000000 ) ) ;
#1769 = ORIENTED_EDGE ( 'NONE', *, *, #1739, .F. ) ;
#1770 = VECTOR ( 'NONE', #2352, 1000.000000000000000 ) ;
#1771 = AXIS2_PLACEMENT_3D ( 'NONE', #1940, #3577, #1537 ) ;
#1772 = EDGE_LOOP ( 'NONE', ( #1817, #5057, #1217, #768 ) ) ;
#1773 = VECTOR ( 'NONE', #27, 1000.000000000000000 ) ;
#1774 = VECTOR ( 'NONE', #1782, 1000.000000000000000 ) ;
#1775 = DIRECTION ( 'NONE',  ( 0.000000000000000000, -1.000000000000000000, 0.000000000000000000 ) ) ;
#1776 = ORIENTED_EDGE ( 'NONE', *, *, #350, .F. ) ;
#1777 = CIRCLE ( 'NONE', #3829, 1.000000000000000000 ) ;
#1778 = EDGE_CURVE ( 'NONE', #127, #2232, #2278, .T. ) ;
#1779 = EDGE_CURVE ( 'NONE', #3880, #605, #5098, .T. ) ;
#1780 = VECTOR ( 'NONE', #4220, 1000.000000000000000 ) ;
#1781 = VERTEX_POINT ( 'NONE', #3005 ) ;
#1782 = DIRECTION ( 'NONE',  ( 1.000000000000000000, 0.000000000000000000, 0.000000000000000000 ) ) ;
#1783 = CARTESIAN_POINT ( 'NONE',  ( 11.79999999999999893, 502.0000000000000000, 17.69999999999999929 ) ) ;
#1784 = CIRCLE ( 'NONE', #4871, 4.999999962794540842 ) ;
#1785 = VERTEX_POINT ( 'NONE', #4646 ) ;
#1786 = EDGE_LOOP ( 'NONE', ( #555, #919, #3461, #1658 ) ) ;
#1787 = CARTESIAN_POINT ( 'NONE',  ( 16.00000000000000000, 500.0000000000000000, -7.000000000000000000 ) ) ;
#1788 = CARTESIAN_POINT ( 'NONE',  ( -16.00000000000000000, 502.0000000000000000, -18.19999999999999929 ) ) ;
#1789 = ORIENTED_EDGE ( 'NONE', *, *, #4581, .T. ) ;
#1790 = PLANE ( 'NONE',  #4680 ) ;
#1791 = DIRECTION ( 'NONE',  ( -1.000000000000000000, 0.000000000000000000, -9.999813477268295448E-11 ) ) ;
#1792 = LINE ( 'NONE', #1276, #995 ) ;
#1793 = ADVANCED_FACE ( 'NONE', ( #2608 ), #3063, .F. ) ;
#1794 = DIRECTION ( 'NONE',  ( -1.000000000000000000, 0.000000000000000000, 0.000000000000000000 ) ) ;
#1795 = CARTESIAN_POINT ( 'NONE',  ( -11.79999999999999893, 500.0000000000000000, 12.30000000000000071 ) ) ;
#1796 = ORIENTED_EDGE ( 'NONE', *, *, #1999, .F. ) ;
#1797 = PLANE ( 'NONE',  #5122 ) ;
#1798 = VERTEX_POINT ( 'NONE', #1998 ) ;
#1799 = DIRECTION ( 'NONE',  ( 1.000000000000000000, 0.000000000000000000, 6.666657966410603605E-11 ) ) ;
#1800 = ORIENTED_EDGE ( 'NONE', *, *, #4705, .F. ) ;
#1801 = LINE ( 'NONE', #4267, #2973 ) ;
#1802 = DIRECTION ( 'NONE',  ( -1.000000000000000000, 0.000000000000000000, 1.040462578258159729E-08 ) ) ;
#1803 = EDGE_CURVE ( 'NONE', #3217, #785, #2724, .T. ) ;
#1804 = ORIENTED_EDGE ( 'NONE', *, *, #178, .F. ) ;
#1805 = VERTEX_POINT ( 'NONE', #3168 ) ;
#1806 = CYLINDRICAL_SURFACE ( 'NONE', #3136, 0.4499999999999999001 ) ;
#1807 = DIRECTION ( 'NONE',  ( -1.000000000000000000, 0.000000000000000000, -1.734723475976807094E-15 ) ) ;
#1808 = VERTEX_POINT ( 'NONE', #2835 ) ;
#1809 = DIRECTION ( 'NONE',  ( 0.000000000000000000, -1.000000000000000000, 0.000000000000000000 ) ) ;
#1810 = CARTESIAN_POINT ( 'NONE',  ( 3.399999999999999911, -500.0000000000000000, -4.163799117100999573E-16 ) ) ;
#1811 = CARTESIAN_POINT ( 'NONE',  ( -12.30000000000000071, 502.0000000000000000, -12.30000000000000071 ) ) ;
#1812 = AXIS2_PLACEMENT_3D ( 'NONE', #5022, #2155, #2129 ) ;
#1813 = FACE_BOUND ( 'NONE', #4049, .T. ) ;
#1814 = LINE ( 'NONE', #5172, #2809 ) ;
#1815 = ORIENTED_EDGE ( 'NONE', *, *, #99, .F. ) ;
#1816 = DIRECTION ( 'NONE',  ( 0.000000000000000000, 1.000000000000000000, 0.000000000000000000 ) ) ;
#1817 = ORIENTED_EDGE ( 'NONE', *, *, #1282, .T. ) ;
#1818 = CARTESIAN_POINT ( 'NONE',  ( 5.500000000099999120, 500.0000000000000000, 18.49999999990000177 ) ) ;
#1819 = CARTESIAN_POINT ( 'NONE',  ( 8.387500000000001066, -500.0000000000000000, 7.000000000000000000 ) ) ;
#1820 = VERTEX_POINT ( 'NONE', #330 ) ;
#1821 = CARTESIAN_POINT ( 'NONE',  ( 14.14999999999999858, 502.0000000000000000, 18.19999999999999929 ) ) ;
#1822 = CARTESIAN_POINT ( 'NONE',  ( -7.500000000000000000, 500.0000000000000000, -17.99999999990000177 ) ) ;
#1823 = VERTEX_POINT ( 'NONE', #3195 ) ;
#1824 = ORIENTED_EDGE ( 'NONE', *, *, #811, .T. ) ;
#1825 = CYLINDRICAL_SURFACE ( 'NONE', #3824, 1.499999999999999556 ) ;
#1826 = DIRECTION ( 'NONE',  ( 1.000000000000000000, 0.000000000000000000, 0.000000000000000000 ) ) ;
#1827 = EDGE_LOOP ( 'NONE', ( #1756, #991, #1667, #526 ) ) ;
#1828 = ORIENTED_EDGE ( 'NONE', *, *, #730, .F. ) ;
#1829 = CARTESIAN_POINT ( 'NONE',  ( 11.79999999999999893, 500.0000000000000000, 7.500000000000000000 ) ) ;
#1830 = ADVANCED_FACE ( 'NONE', ( #1972 ), #783, .T. ) ;
#1831 = EDGE_CURVE ( 'NONE', #1183, #2394, #4375, .T. ) ;
#1832 = LINE ( 'NONE', #4278, #1259 ) ;
#1833 = CARTESIAN_POINT ( 'NONE',  ( -7.500000000000000000, 502.0000000000000000, -17.99999999990000177 ) ) ;
#1834 = FACE_BOUND ( 'NONE', #490, .T. ) ;
#1835 = DIRECTION ( 'NONE',  ( 1.000000000000000000, 0.000000000000000000, 0.000000000000000000 ) ) ;
#1836 = ORIENTED_EDGE ( 'NONE', *, *, #1985, .T. ) ;
#1837 = VECTOR ( 'NONE', #3904, 1000.000000000000000 ) ;
#1838 = CIRCLE ( 'NONE', #1248, 0.5000000000000004441 ) ;
#1839 = CARTESIAN_POINT ( 'NONE',  ( 7.093145749999999694, -500.0000000000000000, 9.214466100000000992 ) ) ;
#1840 = VERTEX_POINT ( 'NONE', #1156 ) ;
#1841 = AXIS2_PLACEMENT_3D ( 'NONE', #1362, #3431, #2170 ) ;
#1842 = DIRECTION ( 'NONE',  ( 0.000000000000000000, 0.000000000000000000, 1.000000000000000000 ) ) ;
#1843 = CARTESIAN_POINT ( 'NONE',  ( 7.450000000000000178, 502.0000000000000000, -17.99999999990000177 ) ) ;
#1844 = ORIENTED_EDGE ( 'NONE', *, *, #1915, .F. ) ;
#1845 = VECTOR ( 'NONE', #2108, 1000.000000000000000 ) ;
#1846 = CARTESIAN_POINT ( 'NONE',  ( 5.500000000099999120, 502.0000000000000000, 18.49999999990000177 ) ) ;
#1847 = EDGE_CURVE ( 'NONE', #2873, #2502, #3220, .T. ) ;
#1848 = DIRECTION ( 'NONE',  ( 0.000000000000000000, -1.000000000000000000, 0.000000000000000000 ) ) ;
#1849 = VECTOR ( 'NONE', #4137, 1000.000000000000000 ) ;
#1850 = CIRCLE ( 'NONE', #1945, 0.5000000000000004441 ) ;
#1851 = CIRCLE ( 'NONE', #5114, 1.000000000000000888 ) ;
#1852 = ORIENTED_EDGE ( 'NONE', *, *, #5012, .T. ) ;
#1853 = CARTESIAN_POINT ( 'NONE',  ( 17.54999999989999893, -500.0000000000000000, 7.450000000100000186 ) ) ;
#1854 = PLANE ( 'NONE',  #4952 ) ;
#1855 = EDGE_LOOP ( 'NONE', ( #459, #489, #3838, #674 ) ) ;
#1856 = AXIS2_PLACEMENT_3D ( 'NONE', #4645, #3761, #1703 ) ;
#1857 = VECTOR ( 'NONE', #2590, 1000.000000000000000 ) ;
#1858 = ORIENTED_EDGE ( 'NONE', *, *, #2131, .T. ) ;
#1859 = EDGE_CURVE ( 'NONE', #2983, #4155, #409, .T. ) ;
#1860 = CARTESIAN_POINT ( 'NONE',  ( -7.000000000000000000, 500.0000000000000000, -8.387500000000001066 ) ) ;
#1861 = AXIS2_PLACEMENT_3D ( 'NONE', #2287, #3418, #4650 ) ;
#1862 = CARTESIAN_POINT ( 'NONE',  ( -20.00000000000000000, 500.0000000000000000, 16.00000000000000000 ) ) ;
#1863 = FACE_OUTER_BOUND ( 'NONE', #864, .T. ) ;
#1864 = VECTOR ( 'NONE', #1964, 1000.000000000000000 ) ;
#1865 = ADVANCED_FACE ( 'NONE', ( #1210 ), #694, .F. ) ;
#1866 = FACE_OUTER_BOUND ( 'NONE', #1103, .T. ) ;
#1867 = CARTESIAN_POINT ( 'NONE',  ( 0.000000000000000000, 0.000000000000000000, 0.000000000000000000 ) ) ;
#1868 = CYLINDRICAL_SURFACE ( 'NONE', #1946, 4.999999962794540842 ) ;
#1869 = ORIENTED_EDGE ( 'NONE', *, *, #360, .T. ) ;
#1870 = CARTESIAN_POINT ( 'NONE',  ( -15.50000000000000000, -500.0000000000000000, 2.875000000000000000 ) ) ;
#1871 = VERTEX_POINT ( 'NONE', #4808 ) ;
#1872 = LINE ( 'NONE', #1094, #4866 ) ;
#1873 = CARTESIAN_POINT ( 'NONE',  ( -6.500000000000000000, 502.0000000000000000, 15.50000000000000000 ) ) ;
#1874 = VERTEX_POINT ( 'NONE', #1586 ) ;
#1875 = CARTESIAN_POINT ( 'NONE',  ( -3.376839827500000446, -500.0000000000000000, -5.498160177499999968 ) ) ;
#1876 = CARTESIAN_POINT ( 'NONE',  ( 17.55000000000000071, -500.0000000000000000, -7.000000000100000008 ) ) ;
#1877 = ORIENTED_EDGE ( 'NONE', *, *, #2717, .F. ) ;
#1878 = EDGE_CURVE ( 'NONE', #4642, #130, #758, .T. ) ;
#1879 = CARTESIAN_POINT ( 'NONE',  ( -16.50000000010000178, 500.0000000000000000, -5.000000000100000008 ) ) ;
#1880 = DIRECTION ( 'NONE',  ( 0.000000000000000000, -1.000000000000000000, 0.000000000000000000 ) ) ;
#1881 = VERTEX_POINT ( 'NONE', #1902 ) ;
#1882 = ORIENTED_EDGE ( 'NONE', *, *, #47, .F. ) ;
#1883 = ORIENTED_EDGE ( 'NONE', *, *, #4037, .F. ) ;
#1884 = EDGE_CURVE ( 'NONE', #250, #2398, #2379, .T. ) ;
#1885 = FACE_OUTER_BOUND ( 'NONE', #5013, .T. ) ;
#1886 = DIRECTION ( 'NONE',  ( 0.000000000000000000, 0.000000000000000000, 1.000000000000000000 ) ) ;
#1887 = CARTESIAN_POINT ( 'NONE',  ( 18.19999999999999929, -500.0000000000000000, -7.074999999999999289 ) ) ;
#1888 = ADVANCED_FACE ( 'NONE', ( #379 ), #2776, .T. ) ;
#1889 = LINE ( 'NONE', #3075, #5181 ) ;
#1890 = LINE ( 'NONE', #3530, #58 ) ;
#1891 = ORIENTED_EDGE ( 'NONE', *, *, #3795, .F. ) ;
#1892 = EDGE_CURVE ( 'NONE', #663, #5257, #833, .T. ) ;
#1893 = CARTESIAN_POINT ( 'NONE',  ( 17.54999999989999893, -500.0000000000000000, -7.450000000100000186 ) ) ;
#1894 = AXIS2_PLACEMENT_3D ( 'NONE', #4518, #1343, #4131 ) ;
#1895 = DIRECTION ( 'NONE',  ( 0.000000000000000000, 1.000000000000000000, 0.000000000000000000 ) ) ;
#1896 = DIRECTION ( 'NONE',  ( 0.000000000000000000, 0.000000000000000000, -1.000000000000000000 ) ) ;
#1897 = VERTEX_POINT ( 'NONE', #5238 ) ;
#1898 = ADVANCED_FACE ( 'NONE', ( #2857 ), #4031, .F. ) ;
#1899 = CARTESIAN_POINT ( 'NONE',  ( 18.19999999999999929, 502.0000000000000000, 12.30000000000000071 ) ) ;
#1900 = EDGE_CURVE ( 'NONE', #4660, #1973, #3396, .T. ) ;
#1901 = EDGE_CURVE ( 'NONE', #4862, #3817, #1559, .T. ) ;
#1902 = CARTESIAN_POINT ( 'NONE',  ( 9.214466100000000992, 500.0000000000000000, 7.093145749999999694 ) ) ;
#1903 = ORIENTED_EDGE ( 'NONE', *, *, #3041, .F. ) ;
#1904 = DIRECTION ( 'NONE',  ( 0.000000000000000000, -1.000000000000000000, 0.000000000000000000 ) ) ;
#1905 = ORIENTED_EDGE ( 'NONE', *, *, #3267, .T. ) ;
#1906 = CARTESIAN_POINT ( 'NONE',  ( 16.50000000000000000, 500.0000000000000000, -4.000000000100000008 ) ) ;
#1907 = DIRECTION ( 'NONE',  ( 0.000000000000000000, 0.000000000000000000, -1.000000000000000000 ) ) ;
#1908 = ORIENTED_EDGE ( 'NONE', *, *, #2879, .T. ) ;
#1909 = EDGE_CURVE ( 'NONE', #1897, #2322, #3254, .T. ) ;
#1910 = ORIENTED_EDGE ( 'NONE', *, *, #1030, .F. ) ;
#1911 = ORIENTED_EDGE ( 'NONE', *, *, #2621, .T. ) ;
#1912 = ORIENTED_EDGE ( 'NONE', *, *, #807, .T. ) ;
#1913 = CARTESIAN_POINT ( 'NONE',  ( 9.935660179999999286, 502.0000000000000000, 7.814339829999998877 ) ) ;
#1914 = CARTESIAN_POINT ( 'NONE',  ( -4.000000000000000000, 502.0000000000000000, -17.50000000000000000 ) ) ;
#1915 = EDGE_CURVE ( 'NONE', #2782, #1785, #2892, .T. ) ;
#1916 = DIRECTION ( 'NONE',  ( 0.000000000000000000, -1.000000000000000000, 0.000000000000000000 ) ) ;
#1917 = PLANE ( 'NONE',  #5295 ) ;
#1918 = CARTESIAN_POINT ( 'NONE',  ( -16.00000000000000000, -500.0000000000000000, -16.00000000000000000 ) ) ;
#1919 = DIRECTION ( 'NONE',  ( 1.000000000000000000, 0.000000000000000000, 1.734723475976807094E-15 ) ) ;
#1920 = CARTESIAN_POINT ( 'NONE',  ( -3.557611892023129663, 500.0000000000000000, -12.74999986990139966 ) ) ;
#1921 = ORIENTED_EDGE ( 'NONE', *, *, #28, .F. ) ;
#1922 = EDGE_CURVE ( 'NONE', #2239, #438, #2751, .T. ) ;
#1923 = AXIS2_PLACEMENT_3D ( 'NONE', #4303, #1434, #3876 ) ;
#1924 = ORIENTED_EDGE ( 'NONE', *, *, #5183, .F. ) ;
#1925 = CARTESIAN_POINT ( 'NONE',  ( 10.00000000000000000, 500.0000000000000000, 14.19238813000000121 ) ) ;
#1926 = VERTEX_POINT ( 'NONE', #1697 ) ;
#1927 = CYLINDRICAL_SURFACE ( 'NONE', #975, 0.5000000000000004441 ) ;
#1928 = AXIS2_PLACEMENT_3D ( 'NONE', #4902, #3675, #5307 ) ;
#1929 = CARTESIAN_POINT ( 'NONE',  ( -4.000000000000000000, 500.0000000000000000, 16.50000000000000000 ) ) ;
#1930 = DIRECTION ( 'NONE',  ( 0.000000000000000000, 0.000000000000000000, 1.000000000000000000 ) ) ;
#1931 = EDGE_CURVE ( 'NONE', #2192, #2239, #2948, .T. ) ;
#1932 = CARTESIAN_POINT ( 'NONE',  ( 7.074999999999999289, -500.0000000000000000, -18.19999999999999929 ) ) ;
#1933 = VECTOR ( 'NONE', #665, 1000.000000000000000 ) ;
#1934 = DIRECTION ( 'NONE',  ( 0.000000000000000000, -1.000000000000000000, 0.000000000000000000 ) ) ;
#1935 = EDGE_CURVE ( 'NONE', #3779, #1874, #4965, .T. ) ;
#1936 = EDGE_CURVE ( 'NONE', #538, #2192, #1664, .T. ) ;
#1937 = VECTOR ( 'NONE', #1088, 1000.000000000000000 ) ;
#1938 = CARTESIAN_POINT ( 'NONE',  ( -7.000000000000000000, 500.0000000000000000, -16.00000000000000000 ) ) ;
#1939 = EDGE_LOOP ( 'NONE', ( #1769, #3060, #2840, #5045 ) ) ;
#1940 = CARTESIAN_POINT ( 'NONE',  ( -17.69999999999999929, -500.0000000000000000, -12.30000000000000071 ) ) ;
#1941 = CARTESIAN_POINT ( 'NONE',  ( 20.00000000000000000, -500.0000000000000000, -16.00000000000000000 ) ) ;
#1942 = ORIENTED_EDGE ( 'NONE', *, *, #5040, .T. ) ;
#1943 = ORIENTED_EDGE ( 'NONE', *, *, #2118, .T. ) ;
#1944 = CIRCLE ( 'NONE', #1169, 4.999999982033290102 ) ;
#1945 = AXIS2_PLACEMENT_3D ( 'NONE', #1313, #114, #5055 ) ;
#1946 = AXIS2_PLACEMENT_3D ( 'NONE', #3905, #4688, #604 ) ;
#1947 = ORIENTED_EDGE ( 'NONE', *, *, #2193, .F. ) ;
#1948 = ORIENTED_EDGE ( 'NONE', *, *, #4034, .T. ) ;
#1949 = AXIS2_PLACEMENT_3D ( 'NONE', #741, #5247, #2821 ) ;
#1950 = AXIS2_PLACEMENT_3D ( 'NONE', #4513, #2053, #333 ) ;
#1951 = DIRECTION ( 'NONE',  ( 4.000029474315882345E-11, 0.000000000000000000, -1.000000000000000000 ) ) ;
#1952 = FACE_OUTER_BOUND ( 'NONE', #5173, .T. ) ;
#1953 = CIRCLE ( 'NONE', #838, 1.499999999999999556 ) ;
#1954 = VECTOR ( 'NONE', #4059, 1000.000000000000000 ) ;
#1955 = DIRECTION ( 'NONE',  ( 1.000000000000000000, 0.000000000000000000, 3.469446951953611033E-15 ) ) ;
#1956 = DIRECTION ( 'NONE',  ( 0.000000000000000000, -1.000000000000000000, 0.000000000000000000 ) ) ;
#1957 = CARTESIAN_POINT ( 'NONE',  ( -20.00000000000000000, 500.0000000000000000, 0.000000000000000000 ) ) ;
#1958 = FACE_OUTER_BOUND ( 'NONE', #4422, .T. ) ;
#1959 = CARTESIAN_POINT ( 'NONE',  ( 5.500000000099999120, 0.000000000000000000, -20.00000000000000000 ) ) ;
#1960 = ORIENTED_EDGE ( 'NONE', *, *, #1305, .T. ) ;
#1961 = EDGE_CURVE ( 'NONE', #3846, #375, #1417, .T. ) ;
#1962 = AXIS2_PLACEMENT_3D ( 'NONE', #713, #1712, #4979 ) ;
#1963 = ORIENTED_EDGE ( 'NONE', *, *, #2592, .T. ) ;
#1964 = DIRECTION ( 'NONE',  ( 0.000000000000000000, -1.000000000000000000, 0.000000000000000000 ) ) ;
#1965 = ORIENTED_EDGE ( 'NONE', *, *, #317, .T. ) ;
#1966 = CARTESIAN_POINT ( 'NONE',  ( -7.423097032500000303, 500.0000000000000000, -10.00000000000000000 ) ) ;
#1967 = LINE ( 'NONE', #5209, #1933 ) ;
#1968 = ORIENTED_EDGE ( 'NONE', *, *, #1572, .F. ) ;
#1969 = ORIENTED_EDGE ( 'NONE', *, *, #1909, .F. ) ;
#1970 = DIRECTION ( 'NONE',  ( 1.000000000000000000, 0.000000000000000000, 0.000000000000000000 ) ) ;
#1971 = CARTESIAN_POINT ( 'NONE',  ( -18.50000000000000000, 500.0000000000000000, -4.000000000100000008 ) ) ;
#1972 = FACE_OUTER_BOUND ( 'NONE', #268, .T. ) ;
#1973 = VERTEX_POINT ( 'NONE', #806 ) ;
#1974 = DIRECTION ( 'NONE',  ( 0.000000000000000000, 0.000000000000000000, 1.000000000000000000 ) ) ;
#1975 = ORIENTED_EDGE ( 'NONE', *, *, #2303, .T. ) ;
#1976 = EDGE_CURVE ( 'NONE', #4294, #3415, #2927, .T. ) ;
#1977 = LINE ( 'NONE', #3276, #3907 ) ;
#1978 = CARTESIAN_POINT ( 'NONE',  ( 16.00000000000000000, 500.0000000000000000, 20.00000000000000000 ) ) ;
#1979 = ORIENTED_EDGE ( 'NONE', *, *, #4217, .F. ) ;
#1980 = EDGE_CURVE ( 'NONE', #2439, #3174, #879, .T. ) ;
#1981 = ORIENTED_EDGE ( 'NONE', *, *, #400, .F. ) ;
#1982 = ORIENTED_EDGE ( 'NONE', *, *, #2607, .T. ) ;
#1983 = PLANE ( 'NONE',  #4613 ) ;
#1984 = DIRECTION ( 'NONE',  ( 1.000000000000000000, 0.000000000000000000, 6.666657966410603605E-11 ) ) ;
#1985 = EDGE_CURVE ( 'NONE', #2232, #2603, #3704, .T. ) ;
#1986 = CYLINDRICAL_SURFACE ( 'NONE', #987, 0.4999999999999995559 ) ;
#1987 = LINE ( 'NONE', #797, #2796 ) ;
#1988 = PLANE ( 'NONE',  #3055 ) ;
#1989 = ORIENTED_EDGE ( 'NONE', *, *, #2306, .T. ) ;
#1990 = EDGE_CURVE ( 'NONE', #2502, #4932, #1603, .T. ) ;
#1991 = DIRECTION ( 'NONE',  ( 0.000000000000000000, -1.000000000000000000, 0.000000000000000000 ) ) ;
#1992 = ORIENTED_EDGE ( 'NONE', *, *, #3523, .F. ) ;
#1993 = DIRECTION ( 'NONE',  ( 0.000000000000000000, -1.000000000000000000, 0.000000000000000000 ) ) ;
#1994 = CYLINDRICAL_SURFACE ( 'NONE', #4601, 4.999999869901410321 ) ;
#1995 = DIRECTION ( 'NONE',  ( 0.7071067811865474617, 0.000000000000000000, 0.7071067811865474617 ) ) ;
#1996 = ORIENTED_EDGE ( 'NONE', *, *, #4621, .F. ) ;
#1997 = CARTESIAN_POINT ( 'NONE',  ( -11.79999999999999893, 502.0000000000000000, -15.00000000000000000 ) ) ;
#1998 = CARTESIAN_POINT ( 'NONE',  ( 7.093145749999999694, 500.0000000000000000, -9.214466100000000992 ) ) ;
#1999 = EDGE_CURVE ( 'NONE', #2273, #2863, #1645, .T. ) ;
#2000 = DIRECTION ( 'NONE',  ( 1.000000000000000000, 0.000000000000000000, 0.000000000000000000 ) ) ;
#2001 = ORIENTED_EDGE ( 'NONE', *, *, #20, .F. ) ;
#2002 = CARTESIAN_POINT ( 'NONE',  ( 7.750000000000000000, 502.0000000000000000, -3.557611840000000303 ) ) ;
#2003 = ORIENTED_EDGE ( 'NONE', *, *, #440, .T. ) ;
#2004 = EDGE_LOOP ( 'NONE', ( #3709, #4998, #1126, #162 ) ) ;
#2005 = ORIENTED_EDGE ( 'NONE', *, *, #3308, .T. ) ;
#2006 = FACE_OUTER_BOUND ( 'NONE', #2329, .T. ) ;
#2007 = CARTESIAN_POINT ( 'NONE',  ( 16.00000000000000000, -500.0000000000000000, -16.00000000000000000 ) ) ;
#2008 = DIRECTION ( 'NONE',  ( 0.7071067816683118679, 0.000000000000000000, -0.7071067807047832776 ) ) ;
#2009 = CARTESIAN_POINT ( 'NONE',  ( 7.450000000100000186, 500.0000000000000000, 17.54999999989999893 ) ) ;
#2010 = DIRECTION ( 'NONE',  ( 0.000000000000000000, -1.000000000000000000, 0.000000000000000000 ) ) ;
#2011 = ADVANCED_FACE ( 'NONE', ( #4508 ), #2480, .T. ) ;
#2012 = DIRECTION ( 'NONE',  ( 0.000000000000000000, 0.000000000000000000, -1.000000000000000000 ) ) ;
#2013 = ORIENTED_EDGE ( 'NONE', *, *, #1976, .T. ) ;
#2014 = VERTEX_POINT ( 'NONE', #4539 ) ;
#2015 = VERTEX_POINT ( 'NONE', #859 ) ;
#2016 = CARTESIAN_POINT ( 'NONE',  ( 7.500000000000000000, -500.0000000000000000, 11.79999999999999893 ) ) ;
#2017 = CARTESIAN_POINT ( 'NONE',  ( -20.00000000000000000, -500.0000000000000000, 16.00000000000000000 ) ) ;
#2018 = ORIENTED_EDGE ( 'NONE', *, *, #1570, .F. ) ;
#2019 = EDGE_LOOP ( 'NONE', ( #1752, #1050, #4187, #1968 ) ) ;
#2020 = DIRECTION ( 'NONE',  ( 0.000000000000000000, -1.000000000000000000, 0.000000000000000000 ) ) ;
#2021 = CARTESIAN_POINT ( 'NONE',  ( -17.54999999989999893, -500.0000000000000000, -7.450000000100000186 ) ) ;
#2022 = FACE_OUTER_BOUND ( 'NONE', #4393, .T. ) ;
#2023 = ORIENTED_EDGE ( 'NONE', *, *, #4322, .T. ) ;
#2024 = EDGE_CURVE ( 'NONE', #3385, #2224, #2505, .T. ) ;
#2025 = CIRCLE ( 'NONE', #212, 0.5000000000000004441 ) ;
#2026 = VERTEX_POINT ( 'NONE', #82 ) ;
#2027 = AXIS2_PLACEMENT_3D ( 'NONE', #1490, #325, #4694 ) ;
#2028 = ORIENTED_EDGE ( 'NONE', *, *, #2345, .F. ) ;
#2029 = DIRECTION ( 'NONE',  ( 0.000000000000000000, 0.000000000000000000, 1.000000000000000000 ) ) ;
#2030 = VECTOR ( 'NONE', #963, 1000.000000000000000 ) ;
#2031 = AXIS2_PLACEMENT_3D ( 'NONE', #169, #5076, #1393 ) ;
#2032 = AXIS2_PLACEMENT_3D ( 'NONE', #3859, #3454, #664 ) ;
#2033 = AXIS2_PLACEMENT_3D ( 'NONE', #2441, #23, #3291 ) ;
#2034 = VECTOR ( 'NONE', #3603, 1000.000000000000000 ) ;
#2035 = VECTOR ( 'NONE', #2095, 1000.000000000000000 ) ;
#2036 = CARTESIAN_POINT ( 'NONE',  ( -5.000000017966709898, -500.0000000000000000, 14.19238815442339963 ) ) ;
#2037 = DIRECTION ( 'NONE',  ( 0.000000000000000000, 0.000000000000000000, -1.000000000000000000 ) ) ;
#2038 = DIRECTION ( 'NONE',  ( -1.000000000000000000, 0.000000000000000000, -9.999640004920706815E-11 ) ) ;
#2039 = DIRECTION ( 'NONE',  ( 0.000000000000000000, 0.000000000000000000, -1.000000000000000000 ) ) ;
#2040 = ORIENTED_EDGE ( 'NONE', *, *, #3086, .F. ) ;
#2041 = EDGE_CURVE ( 'NONE', #2450, #4241, #1723, .T. ) ;
#2042 = AXIS2_PLACEMENT_3D ( 'NONE', #3261, #3978, #306 ) ;
#2043 = ORIENTED_EDGE ( 'NONE', *, *, #4143, .T. ) ;
#2044 = FACE_OUTER_BOUND ( 'NONE', #886, .T. ) ;
#2045 = CYLINDRICAL_SURFACE ( 'NONE', #1685, 1.499999999999999556 ) ;
#2046 = DIRECTION ( 'NONE',  ( -1.000000000000000000, 0.000000000000000000, 0.000000000000000000 ) ) ;
#2047 = VERTEX_POINT ( 'NONE', #1306 ) ;
#2048 = CIRCLE ( 'NONE', #661, 4.999999869901410321 ) ;
#2049 = LINE ( 'NONE', #2396, #556 ) ;
#2050 = CARTESIAN_POINT ( 'NONE',  ( 12.30000000000000071, 500.0000000000000000, -17.69999999999999929 ) ) ;
#2051 = AXIS2_PLACEMENT_3D ( 'NONE', #1525, #2105, #2492 ) ;
#2052 = PLANE ( 'NONE',  #1766 ) ;
#2053 = DIRECTION ( 'NONE',  ( 0.000000000000000000, 1.000000000000000000, 0.000000000000000000 ) ) ;
#2054 = ORIENTED_EDGE ( 'NONE', *, *, #1496, .T. ) ;
#2055 = EDGE_LOOP ( 'NONE', ( #3110, #4756, #4208, #2220 ) ) ;
#2056 = ORIENTED_EDGE ( 'NONE', *, *, #1758, .F. ) ;
#2057 = CARTESIAN_POINT ( 'NONE',  ( 12.30000000000000071, 500.0000000000000000, 12.30000000000000071 ) ) ;
#2058 = DIRECTION ( 'NONE',  ( 0.7071067807047832776, 0.000000000000000000, 0.7071067816683118679 ) ) ;
#2059 = DIRECTION ( 'NONE',  ( 0.000000000000000000, -1.000000000000000000, 0.000000000000000000 ) ) ;
#2060 = CARTESIAN_POINT ( 'NONE',  ( -18.00000000000000000, -500.0000000000000000, 7.450000000000000178 ) ) ;
#2061 = DIRECTION ( 'NONE',  ( -0.7071067811865475727, 0.000000000000000000, 0.7071067811865475727 ) ) ;
#2062 = DIRECTION ( 'NONE',  ( 0.000000000000000000, -1.000000000000000000, 0.000000000000000000 ) ) ;
#2063 = CARTESIAN_POINT ( 'NONE',  ( -18.49999999990000177, 502.0000000000000000, 5.500000000099999120 ) ) ;
#2064 = LINE ( 'NONE', #2088, #135 ) ;
#2065 = ORIENTED_EDGE ( 'NONE', *, *, #440, .F. ) ;
#2066 = EDGE_CURVE ( 'NONE', #4441, #1897, #4330, .T. ) ;
#2067 = EDGE_CURVE ( 'NONE', #3496, #2957, #3053, .T. ) ;
#2068 = CARTESIAN_POINT ( 'NONE',  ( 7.074999999999999289, 500.0000000000000000, -18.19999999999999929 ) ) ;
#2069 = ORIENTED_EDGE ( 'NONE', *, *, #2565, .T. ) ;
#2070 = ADVANCED_FACE ( 'NONE', ( #3120 ), #2739, .F. ) ;
#2071 = EDGE_LOOP ( 'NONE', ( #2354, #1755, #142, #251 ) ) ;
#2072 = DIRECTION ( 'NONE',  ( 0.000000000000000000, -1.000000000000000000, 0.000000000000000000 ) ) ;
#2073 = ORIENTED_EDGE ( 'NONE', *, *, #3803, .F. ) ;
#2074 = VERTEX_POINT ( 'NONE', #1087 ) ;
#2075 = LINE ( 'NONE', #3359, #2205 ) ;
#2076 = EDGE_CURVE ( 'NONE', #3115, #5150, #682, .T. ) ;
#2077 = DIRECTION ( 'NONE',  ( 0.000000000000000000, 0.000000000000000000, -1.000000000000000000 ) ) ;
#2078 = DIRECTION ( 'NONE',  ( -6.666657966410595850E-11, 0.000000000000000000, 1.000000000000000000 ) ) ;
#2079 = FACE_OUTER_BOUND ( 'NONE', #2570, .T. ) ;
#2080 = DIRECTION ( 'NONE',  ( 0.000000000000000000, 0.000000000000000000, -1.000000000000000000 ) ) ;
#2081 = DIRECTION ( 'NONE',  ( 0.000000000000000000, 1.000000000000000000, 0.000000000000000000 ) ) ;
#2082 = CARTESIAN_POINT ( 'NONE',  ( -18.00000000000000000, 500.0000000000000000, 3.737499999999999822 ) ) ;
#2083 = EDGE_CURVE ( 'NONE', #2448, #4595, #4167, .T. ) ;
#2084 = VECTOR ( 'NONE', #1654, 1000.000000000000000 ) ;
#2085 = VERTEX_POINT ( 'NONE', #705 ) ;
#2086 = LINE ( 'NONE', #4177, #2355 ) ;
#2087 = CYLINDRICAL_SURFACE ( 'NONE', #2033, 0.5000000000000004441 ) ;
#2088 = CARTESIAN_POINT ( 'NONE',  ( -7.750000000000000000, 502.0000000000000000, -3.557611840000000303 ) ) ;
#2089 = EDGE_LOOP ( 'NONE', ( #2305, #1796, #4284, #3336 ) ) ;
#2090 = EDGE_CURVE ( 'NONE', #2238, #645, #1053, .T. ) ;
#2091 = EDGE_CURVE ( 'NONE', #438, #5064, #1258, .T. ) ;
#2092 = CARTESIAN_POINT ( 'NONE',  ( 16.00000000010000178, 500.0000000000000000, -6.499999999899999992 ) ) ;
#2093 = ORIENTED_EDGE ( 'NONE', *, *, #2260, .F. ) ;
#2094 = EDGE_LOOP ( 'NONE', ( #3594, #5153, #1747, #304 ) ) ;
#2095 = DIRECTION ( 'NONE',  ( 0.000000000000000000, 0.000000000000000000, 1.000000000000000000 ) ) ;
#2096 = VECTOR ( 'NONE', #324, 1000.000000000000000 ) ;
#2097 = DIRECTION ( 'NONE',  ( 0.000000000000000000, -1.000000000000000000, 0.000000000000000000 ) ) ;
#2098 = ADVANCED_FACE ( 'NONE', ( #3954 ), #4414, .T. ) ;
#2099 = ORIENTED_EDGE ( 'NONE', *, *, #2701, .F. ) ;
#2100 = VERTEX_POINT ( 'NONE', #4447 ) ;
#2101 = DIRECTION ( 'NONE',  ( -1.000000000000000000, 0.000000000000000000, 0.000000000000000000 ) ) ;
#2103 = VECTOR ( 'NONE', #1174, 1000.000000000000000 ) ;
#2102 = CARTESIAN_POINT ( 'NONE',  ( 7.500000000000000000, 500.0000000000000000, 11.79999999999999893 ) ) ;
#2104 = AXIS2_PLACEMENT_3D ( 'NONE', #959, #83, #2604 ) ;
#2105 = DIRECTION ( 'NONE',  ( 0.000000000000000000, 0.000000000000000000, -1.000000000000000000 ) ) ;
#2106 = ORIENTED_EDGE ( 'NONE', *, *, #2503, .T. ) ;
#2107 = CARTESIAN_POINT ( 'NONE',  ( -18.00000000000000000, 502.0000000000000000, 7.450000000000000178 ) ) ;
#2108 = DIRECTION ( 'NONE',  ( 0.000000000000000000, -1.000000000000000000, 0.000000000000000000 ) ) ;
#2109 = CARTESIAN_POINT ( 'NONE',  ( -7.500000000000000000, 500.0000000000000000, 18.00000000000000000 ) ) ;
#2110 = VERTEX_POINT ( 'NONE', #771 ) ;
#2111 = AXIS2_PLACEMENT_3D ( 'NONE', #1199, #4551, #2435 ) ;
#2112 = VECTOR ( 'NONE', #1641, 1000.000000000000000 ) ;
#2113 = DIRECTION ( 'NONE',  ( -4.884684341243943186E-09, 0.000000000000000000, 1.000000000000000000 ) ) ;
#2114 = MECHANICAL_DESIGN_GEOMETRIC_PRESENTATION_REPRESENTATION (  '', ( #4425 ), #4161 ) ;
#2115 = AXIS2_PLACEMENT_3D ( 'NONE', #2050, #6, #2148 ) ;
#2116 = VECTOR ( 'NONE', #2934, 1000.000000000000000 ) ;
#2117 = CYLINDRICAL_SURFACE ( 'NONE', #4491, 2.200000000000000622 ) ;
#2118 = EDGE_CURVE ( 'NONE', #3911, #4007, #318, .T. ) ;
#2119 = DIRECTION ( 'NONE',  ( -1.000000000000000000, 0.000000000000000000, -3.469446951953611033E-15 ) ) ;
#2120 = DIRECTION ( 'NONE',  ( 0.000000000000000000, 1.000000000000000000, 0.000000000000000000 ) ) ;
#2121 = ORIENTED_EDGE ( 'NONE', *, *, #2763, .T. ) ;
#2122 = AXIS2_PLACEMENT_3D ( 'NONE', #1219, #2864, #4489 ) ;
#2123 = EDGE_CURVE ( 'NONE', #4595, #3888, #2516, .T. ) ;
#2124 = CARTESIAN_POINT ( 'NONE',  ( 4.000000000000000000, -500.0000000000000000, 8.750000000000000000 ) ) ;
#2125 = VECTOR ( 'NONE', #4773, 1000.000000000000000 ) ;
#2126 = CARTESIAN_POINT ( 'NONE',  ( 15.49999999989999999, -500.0000000000000000, -7.499999999899999992 ) ) ;
#2127 = ORIENTED_EDGE ( 'NONE', *, *, #2683, .T. ) ;
#2128 = CARTESIAN_POINT ( 'NONE',  ( 16.00000000000000000, 502.0000000000000000, 16.00000000000000000 ) ) ;
#2129 = DIRECTION ( 'NONE',  ( -1.000000000000000000, 0.000000000000000000, -2.222219322136867696E-10 ) ) ;
#2130 = EDGE_CURVE ( 'NONE', #3479, #4545, #1220, .T. ) ;
#2131 = EDGE_CURVE ( 'NONE', #4269, #5265, #3481, .T. ) ;
#2132 = ORIENTED_EDGE ( 'NONE', *, *, #730, .T. ) ;
#2133 = VERTEX_POINT ( 'NONE', #2495 ) ;
#2134 = CARTESIAN_POINT ( 'NONE',  ( -20.00000000000000000, 0.000000000000000000, -5.500000000099999120 ) ) ;
#2135 = CARTESIAN_POINT ( 'NONE',  ( 18.49999999990000177, 500.0000000000000000, -5.500000000099999120 ) ) ;
#2136 = ORIENTED_EDGE ( 'NONE', *, *, #2250, .F. ) ;
#2137 = EDGE_CURVE ( 'NONE', #2745, #1212, #4924, .T. ) ;
#2138 = CARTESIAN_POINT ( 'NONE',  ( -8.387500000000001066, -500.0000000000000000, 7.000000000000000000 ) ) ;
#2139 = DIRECTION ( 'NONE',  ( 1.000000000000000000, 0.000000000000000000, 0.000000000000000000 ) ) ;
#2140 = DIRECTION ( 'NONE',  ( 1.000000000000000000, 0.000000000000000000, 6.666657966410595850E-11 ) ) ;
#2141 = ORIENTED_EDGE ( 'NONE', *, *, #1582, .F. ) ;
#2142 = LINE ( 'NONE', #4119, #1517 ) ;
#2143 = EDGE_CURVE ( 'NONE', #2172, #4353, #3715, .T. ) ;
#2144 = DIRECTION ( 'NONE',  ( 0.000000000000000000, -1.000000000000000000, 0.000000000000000000 ) ) ;
#2145 = DIRECTION ( 'NONE',  ( -1.000000000000000000, 0.000000000000000000, -9.999813477268295448E-11 ) ) ;
#2146 = LINE ( 'NONE', #4204, #1077 ) ;
#2147 = ORIENTED_EDGE ( 'NONE', *, *, #2222, .T. ) ;
#2148 = DIRECTION ( 'NONE',  ( -1.000000000000000000, 0.000000000000000000, 0.000000000000000000 ) ) ;
#2149 = ORIENTED_EDGE ( 'NONE', *, *, #2319, .T. ) ;
#2150 = CARTESIAN_POINT ( 'NONE',  ( -16.00000000000000000, 500.0000000000000000, 20.00000000000000000 ) ) ;
#2151 = ORIENTED_EDGE ( 'NONE', *, *, #4936, .T. ) ;
#2152 = EDGE_LOOP ( 'NONE', ( #3582, #5298, #2513, #4620, #3426, #4827, #968, #873 ) ) ;
#2153 = DIRECTION ( 'NONE',  ( 1.000000000000000000, 0.000000000000000000, 0.000000000000000000 ) ) ;
#2154 = EDGE_CURVE ( 'NONE', #4964, #3130, #3239, .T. ) ;
#2155 = DIRECTION ( 'NONE',  ( 0.000000000000000000, 1.000000000000000000, 0.000000000000000000 ) ) ;
#2156 = ORIENTED_EDGE ( 'NONE', *, *, #4641, .T. ) ;
#2157 = ORIENTED_EDGE ( 'NONE', *, *, #4562, .F. ) ;
#2158 = CARTESIAN_POINT ( 'NONE',  ( -18.00000000000000000, 500.0000000000000000, -3.737499999999999822 ) ) ;
#2159 = FACE_OUTER_BOUND ( 'NONE', #4833, .T. ) ;
#2160 = VECTOR ( 'NONE', #466, 1000.000000000000114 ) ;
#2161 = DIRECTION ( 'NONE',  ( 0.000000000000000000, -1.000000000000000000, 0.000000000000000000 ) ) ;
#2162 = CARTESIAN_POINT ( 'NONE',  ( 9.999999999899998215, 502.0000000000000000, -15.50000000000000000 ) ) ;
#2163 = FACE_OUTER_BOUND ( 'NONE', #781, .T. ) ;
#2164 = EDGE_CURVE ( 'NONE', #1706, #3385, #3228, .T. ) ;
#2165 = FACE_OUTER_BOUND ( 'NONE', #2094, .T. ) ;
#2166 = CARTESIAN_POINT ( 'NONE',  ( 12.30000000000000071, 500.0000000000000000, 17.69999999999999929 ) ) ;
#2167 = DIRECTION ( 'NONE',  ( 1.040462578258159729E-08, 0.000000000000000000, 1.000000000000000000 ) ) ;
#2168 = EDGE_LOOP ( 'NONE', ( #4029, #3333, #3468, #1461 ) ) ;
#2169 = ORIENTED_EDGE ( 'NONE', *, *, #4675, .F. ) ;
#2170 = DIRECTION ( 'NONE',  ( 4.000029474315882345E-11, 0.000000000000000000, -1.000000000000000000 ) ) ;
#2171 = ORIENTED_EDGE ( 'NONE', *, *, #5105, .F. ) ;
#2172 = VERTEX_POINT ( 'NONE', #40 ) ;
#2173 = LINE ( 'NONE', #1341, #1774 ) ;
#2174 = DIRECTION ( 'NONE',  ( 1.000000000000000000, 0.000000000000000000, 0.000000000000000000 ) ) ;
#2175 = EDGE_LOOP ( 'NONE', ( #2406, #326, #2315, #1743 ) ) ;
#2176 = ORIENTED_EDGE ( 'NONE', *, *, #2452, .F. ) ;
#2177 = ORIENTED_EDGE ( 'NONE', *, *, #4951, .T. ) ;
#2178 = EDGE_CURVE ( 'NONE', #3000, #3007, #892, .T. ) ;
#2179 = DIRECTION ( 'NONE',  ( 0.000000000000000000, -1.000000000000000000, 0.000000000000000000 ) ) ;
#2180 = CARTESIAN_POINT ( 'NONE',  ( -18.19999999999999929, 500.0000000000000000, -7.074999999999999289 ) ) ;
#2181 = VERTEX_POINT ( 'NONE', #2868 ) ;
#2182 = AXIS2_PLACEMENT_3D ( 'NONE', #2392, #1659, #1181 ) ;
#2183 = EDGE_CURVE ( 'NONE', #171, #2782, #391, .T. ) ;
#2184 = AXIS2_PLACEMENT_3D ( 'NONE', #4579, #2595, #1735 ) ;
#2185 = CARTESIAN_POINT ( 'NONE',  ( -7.750000000000000000, 502.0000000000000000, 3.557611840000000303 ) ) ;
#2186 = FACE_OUTER_BOUND ( 'NONE', #2702, .T. ) ;
#2187 = DIRECTION ( 'NONE',  ( 0.000000000000000000, 1.000000000000000000, 0.000000000000000000 ) ) ;
#2188 = AXIS2_PLACEMENT_3D ( 'NONE', #906, #507, #4593 ) ;
#2189 = AXIS2_PLACEMENT_3D ( 'NONE', #1661, #1303, #24 ) ;
#2190 = DIRECTION ( 'NONE',  ( -1.000000000000000000, 0.000000000000000000, 0.000000000000000000 ) ) ;
#2191 = CYLINDRICAL_SURFACE ( 'NONE', #4507, 4.000000000000000000 ) ;
#2192 = VERTEX_POINT ( 'NONE', #3262 ) ;
#2193 = EDGE_CURVE ( 'NONE', #1798, #3946, #4834, .T. ) ;
#2194 = VECTOR ( 'NONE', #1104, 1000.000000000000000 ) ;
#2195 = VECTOR ( 'NONE', #1768, 1000.000000000000000 ) ;
#2196 = CIRCLE ( 'NONE', #5193, 0.5000000000000004441 ) ;
#2197 = VERTEX_POINT ( 'NONE', #2938 ) ;
#2198 = AXIS2_PLACEMENT_3D ( 'NONE', #2366, #723, #5180 ) ;
#2199 = VECTOR ( 'NONE', #824, 1000.000000000000000 ) ;
#2200 = DIRECTION ( 'NONE',  ( 0.000000000000000000, -1.000000000000000000, 0.000000000000000000 ) ) ;
#2201 = ORIENTED_EDGE ( 'NONE', *, *, #1396, .T. ) ;
#2202 = AXIS2_PLACEMENT_3D ( 'NONE', #3422, #522, #2573 ) ;
#2203 = CARTESIAN_POINT ( 'NONE',  ( 12.30000000000000071, 500.0000000000000000, 18.19999999999999929 ) ) ;
#2204 = DIRECTION ( 'NONE',  ( 1.000000000000000000, 0.000000000000000000, 0.000000000000000000 ) ) ;
#2205 = VECTOR ( 'NONE', #4605, 1000.000000000000000 ) ;
#2206 = ORIENTED_EDGE ( 'NONE', *, *, #896, .T. ) ;
#2207 = EDGE_LOOP ( 'NONE', ( #732, #3436, #3688, #51 ) ) ;
#2208 = CARTESIAN_POINT ( 'NONE',  ( -5.500000000000000000, 501.0000000000000000, -19.99999999990000177 ) ) ;
#2209 = DIRECTION ( 'NONE',  ( 0.000000000000000000, -1.000000000000000000, 0.000000000000000000 ) ) ;
#2210 = EDGE_LOOP ( 'NONE', ( #3002, #1911, #2881, #1682, #792, #4039, #4742, #2656 ) ) ;
#2211 = LINE ( 'NONE', #3847, #993 ) ;
#2212 = AXIS2_PLACEMENT_3D ( 'NONE', #4813, #3973, #4405 ) ;
#2213 = CARTESIAN_POINT ( 'NONE',  ( 10.00000000000000000, 502.0000000000000000, -14.84619406500000061 ) ) ;
#2214 = DIRECTION ( 'NONE',  ( 1.000000000000000000, 0.000000000000000000, 0.000000000000000000 ) ) ;
#2215 = ORIENTED_EDGE ( 'NONE', *, *, #582, .F. ) ;
#2216 = DIRECTION ( 'NONE',  ( 1.000000000000000000, 0.000000000000000000, 0.000000000000000000 ) ) ;
#2217 = EDGE_CURVE ( 'NONE', #4048, #2224, #93, .T. ) ;
#2218 = DIRECTION ( 'NONE',  ( 0.000000000000000000, -1.000000000000000000, 0.000000000000000000 ) ) ;
#2219 = CARTESIAN_POINT ( 'NONE',  ( 5.000000000100000008, -500.0000000000000000, -16.50000000010000178 ) ) ;
#2220 = ORIENTED_EDGE ( 'NONE', *, *, #2861, .T. ) ;
#2221 = UNCERTAINTY_MEASURE_WITH_UNIT (LENGTH_MEASURE( 1.000000000000000082E-05 ), #4831, 'distance_accuracy_value', 'NONE');
#2222 = EDGE_CURVE ( 'NONE', #111, #642, #5089, .T. ) ;
#2223 = DIRECTION ( 'NONE',  ( 1.000000000000000000, 0.000000000000000000, 0.000000000000000000 ) ) ;
#2224 = VERTEX_POINT ( 'NONE', #5305 ) ;
#2225 = CARTESIAN_POINT ( 'NONE',  ( 18.19999999999999929, -500.0000000000000000, 16.00000000000000000 ) ) ;
#2226 = LINE ( 'NONE', #3350, #4761 ) ;
#2227 = ORIENTED_EDGE ( 'NONE', *, *, #976, .F. ) ;
#2228 = DIRECTION ( 'NONE',  ( 0.000000000000000000, -1.000000000000000000, 0.000000000000000000 ) ) ;
#2229 = EDGE_CURVE ( 'NONE', #3893, #2564, #4116, .T. ) ;
#2230 = FACE_OUTER_BOUND ( 'NONE', #1702, .T. ) ;
#2231 = EDGE_CURVE ( 'NONE', #1125, #3023, #3283, .T. ) ;
#2232 = VERTEX_POINT ( 'NONE', #4954 ) ;
#2233 = VERTEX_POINT ( 'NONE', #2542 ) ;
#2234 = DIRECTION ( 'NONE',  ( 0.000000000000000000, -1.000000000000000000, 0.000000000000000000 ) ) ;
#2235 = CARTESIAN_POINT ( 'NONE',  ( -16.00000000000000000, -500.0000000000000000, 7.000000000000000000 ) ) ;
#2236 = ORIENTED_EDGE ( 'NONE', *, *, #2090, .T. ) ;
#2237 = VERTEX_POINT ( 'NONE', #1273 ) ;
#2238 = VERTEX_POINT ( 'NONE', #1245 ) ;
#2239 = VERTEX_POINT ( 'NONE', #850 ) ;
#2240 = DIRECTION ( 'NONE',  ( -1.040462578258159729E-08, 0.000000000000000000, -1.000000000000000000 ) ) ;
#2241 = CARTESIAN_POINT ( 'NONE',  ( 7.450000000000000178, -500.0000000000000000, 18.00000000000000000 ) ) ;
#2242 = AXIS2_PLACEMENT_3D ( 'NONE', #843, #4110, #4569 ) ;
#2243 = CARTESIAN_POINT ( 'NONE',  ( 16.00000000000000000, 502.0000000000000000, -7.000000000000000000 ) ) ;
#2244 = CARTESIAN_POINT ( 'NONE',  ( 4.000000000100000008, 500.0000000000000000, 16.50000000000000000 ) ) ;
#2245 = ORIENTED_EDGE ( 'NONE', *, *, #2066, .T. ) ;
#2246 = EDGE_CURVE ( 'NONE', #3610, #3162, #2917, .T. ) ;
#2247 = DIRECTION ( 'NONE',  ( 1.000000000000000000, 0.000000000000000000, 0.000000000000000000 ) ) ;
#2248 = ORIENTED_EDGE ( 'NONE', *, *, #5073, .T. ) ;
#2249 = CARTESIAN_POINT ( 'NONE',  ( -5.000000000000000000, 500.0000000000000000, -15.50000000000000000 ) ) ;
#2250 = EDGE_CURVE ( 'NONE', #4028, #4287, #2845, .T. ) ;
#2251 = CARTESIAN_POINT ( 'NONE',  ( -7.450000000000000178, -500.0000000000000000, 17.99999999990000177 ) ) ;
#2252 = ORIENTED_EDGE ( 'NONE', *, *, #4056, .T. ) ;
#2253 = CARTESIAN_POINT ( 'NONE',  ( 16.00000000000000000, 500.0000000000000000, -16.00000000000000000 ) ) ;
#2254 = EDGE_CURVE ( 'NONE', #645, #5158, #1293, .T. ) ;
#2255 = CYLINDRICAL_SURFACE ( 'NONE', #2804, 0.5000000000000004441 ) ;
#2256 = VERTEX_POINT ( 'NONE', #3633 ) ;
#2257 = CARTESIAN_POINT ( 'NONE',  ( -18.19999999999999929, 500.0000000000000000, 16.00000000000000000 ) ) ;
#2258 = CARTESIAN_POINT ( 'NONE',  ( -14.19238814645449942, 500.0000000000000000, 5.000000037205460046 ) ) ;
#2259 = ORIENTED_EDGE ( 'NONE', *, *, #1572, .T. ) ;
#2260 = EDGE_CURVE ( 'NONE', #2915, #3756, #2376, .T. ) ;
#2261 = ORIENTED_EDGE ( 'NONE', *, *, #1058, .T. ) ;
#2262 = DIRECTION ( 'NONE',  ( -1.000000000000000000, 0.000000000000000000, 0.000000000000000000 ) ) ;
#2263 = VECTOR ( 'NONE', #1993, 1000.000000000000000 ) ;
#2264 = DIRECTION ( 'NONE',  ( 0.000000000000000000, -1.000000000000000000, 0.000000000000000000 ) ) ;
#2265 = CARTESIAN_POINT ( 'NONE',  ( 11.79999999999999893, 500.0000000000000000, -12.30000000000000071 ) ) ;
#2266 = CIRCLE ( 'NONE', #2364, 4.000000000000000000 ) ;
#2267 = DIRECTION ( 'NONE',  ( 0.000000000000000000, 0.000000000000000000, 1.000000000000000000 ) ) ;
#2268 = EDGE_LOOP ( 'NONE', ( #734, #2563, #1891, #2882 ) ) ;
#2269 = AXIS2_PLACEMENT_3D ( 'NONE', #4247, #3575, #1499 ) ;
#2270 = AXIS2_PLACEMENT_3D ( 'NONE', #2253, #4401, #4313 ) ;
#2271 = ADVANCED_FACE ( 'NONE', ( #765 ), #2404, .T. ) ;
#2272 = CARTESIAN_POINT ( 'NONE',  ( -7.000000000000000000, -500.0000000000000000, 17.55000000000000071 ) ) ;
#2273 = VERTEX_POINT ( 'NONE', #2955 ) ;
#2274 = AXIS2_PLACEMENT_3D ( 'NONE', #4662, #5015, #106 ) ;
#2275 = CARTESIAN_POINT ( 'NONE',  ( 18.19999999999999929, 500.0000000000000000, -12.30000000000000071 ) ) ;
#2276 = LINE ( 'NONE', #1095, #2802 ) ;
#2277 = VERTEX_POINT ( 'NONE', #3763 ) ;
#2278 = CIRCLE ( 'NONE', #3567, 2.200000000000000622 ) ;
#2279 = LINE ( 'NONE', #1875, #897 ) ;
#2280 = VECTOR ( 'NONE', #2418, 1000.000000000000000 ) ;
#2281 = CARTESIAN_POINT ( 'NONE',  ( 5.500000000000000000, -500.0000000000000000, 20.00000000000000000 ) ) ;
#2282 = VECTOR ( 'NONE', #3614, 1000.000000000000000 ) ;
#2283 = AXIS2_PLACEMENT_3D ( 'NONE', #3051, #5199, #2686 ) ;
#2284 = ORIENTED_EDGE ( 'NONE', *, *, #1718, .F. ) ;
#2285 = ORIENTED_EDGE ( 'NONE', *, *, #1348, .T. ) ;
#2286 = LINE ( 'NONE', #3943, #1172 ) ;
#2287 = CARTESIAN_POINT ( 'NONE',  ( -16.50000000010000178, -500.0000000000000000, 5.000000000100000008 ) ) ;
#2288 = VERTEX_POINT ( 'NONE', #1750 ) ;
#2289 = AXIS2_PLACEMENT_3D ( 'NONE', #3624, #4054, #329 ) ;
#2290 = ORIENTED_EDGE ( 'NONE', *, *, #400, .T. ) ;
#2291 = AXIS2_PLACEMENT_3D ( 'NONE', #1811, #3447, #3470 ) ;
#2292 = EDGE_CURVE ( 'NONE', #3946, #1312, #110, .T. ) ;
#2293 = EDGE_CURVE ( 'NONE', #1452, #3298, #1037, .T. ) ;
#2294 = ORIENTED_EDGE ( 'NONE', *, *, #3403, .F. ) ;
#2295 = VERTEX_POINT ( 'NONE', #2931 ) ;
#2296 = EDGE_CURVE ( 'NONE', #5099, #4959, #2856, .T. ) ;
#2297 = CIRCLE ( 'NONE', #2649, 4.000000000000000000 ) ;
#2298 = LINE ( 'NONE', #5140, #655 ) ;
#2299 = AXIS2_PLACEMENT_3D ( 'NONE', #1579, #347, #5206 ) ;
#2300 = DIRECTION ( 'NONE',  ( 0.000000000000000000, 0.000000000000000000, -1.000000000000000000 ) ) ;
#2301 = CYLINDRICAL_SURFACE ( 'NONE', #2732, 0.4499999999999999001 ) ;
#2302 = DIRECTION ( 'NONE',  ( 0.000000000000000000, 1.000000000000000000, 0.000000000000000000 ) ) ;
#2303 = EDGE_CURVE ( 'NONE', #4553, #696, #1218, .T. ) ;
#2304 = DIRECTION ( 'NONE',  ( 0.000000000000000000, -1.000000000000000000, 0.000000000000000000 ) ) ;
#2305 = ORIENTED_EDGE ( 'NONE', *, *, #70, .F. ) ;
#2306 = EDGE_CURVE ( 'NONE', #3974, #3496, #4945, .T. ) ;
#2307 = DIRECTION ( 'NONE',  ( 0.000000000000000000, 0.000000000000000000, 1.000000000000000000 ) ) ;
#2308 = ORIENTED_EDGE ( 'NONE', *, *, #4556, .T. ) ;
#2309 = CARTESIAN_POINT ( 'NONE',  ( -17.54999999989999893, 500.0000000000000000, 7.450000000100000186 ) ) ;
#2310 = CARTESIAN_POINT ( 'NONE',  ( -15.50000000000000000, 500.0000000000000000, 2.875000000000000000 ) ) ;
#2311 = ORIENTED_EDGE ( 'NONE', *, *, #5079, .T. ) ;
#2312 = CARTESIAN_POINT ( 'NONE',  ( 7.093145749999999694, -500.0000000000000000, -9.214466100000000992 ) ) ;
#2313 = CARTESIAN_POINT ( 'NONE',  ( 7.750000000000000000, 502.0000000000000000, 4.440892098500630106E-16 ) ) ;
#2314 = CARTESIAN_POINT ( 'NONE',  ( 0.000000000000000000, -500.0000000000000000, 0.000000000000000000 ) ) ;
#2315 = ORIENTED_EDGE ( 'NONE', *, *, #3457, .F. ) ;
#2316 = DIRECTION ( 'NONE',  ( 1.000000000000000000, 0.000000000000000000, 2.222200047431583316E-10 ) ) ;
#2317 = CARTESIAN_POINT ( 'NONE',  ( -7.450000000100000186, 500.0000000000000000, -17.54999999989999893 ) ) ;
#2318 = ORIENTED_EDGE ( 'NONE', *, *, #1361, .F. ) ;
#2319 = EDGE_CURVE ( 'NONE', #3645, #2085, #510, .T. ) ;
#2320 = ORIENTED_EDGE ( 'NONE', *, *, #3613, .T. ) ;
#2321 = ORIENTED_EDGE ( 'NONE', *, *, #4709, .F. ) ;
#2322 = VERTEX_POINT ( 'NONE', #4543 ) ;
#2323 = EDGE_CURVE ( 'NONE', #2957, #4553, #4917, .T. ) ;
#2324 = LINE ( 'NONE', #279, #4779 ) ;
#2325 = CARTESIAN_POINT ( 'NONE',  ( 17.69999999999999929, 500.0000000000000000, -12.30000000000000071 ) ) ;
#2326 = CARTESIAN_POINT ( 'NONE',  ( -5.500000000000000000, 500.0000000000000000, -20.00000000000000000 ) ) ;
#2327 = DIRECTION ( 'NONE',  ( -1.000000000000000000, 0.000000000000000000, 1.040462578258159729E-08 ) ) ;
#2328 = CARTESIAN_POINT ( 'NONE',  ( 5.498160177499999968, -500.0000000000000000, 3.376839827500000446 ) ) ;
#2329 = EDGE_LOOP ( 'NONE', ( #1536, #4841, #2853, #1364 ) ) ;
#2330 = FACE_OUTER_BOUND ( 'NONE', #432, .T. ) ;
#2331 = EDGE_CURVE ( 'NONE', #1320, #3911, #437, .T. ) ;
#2332 = ORIENTED_EDGE ( 'NONE', *, *, #1936, .T. ) ;
#2333 = FACE_OUTER_BOUND ( 'NONE', #3280, .T. ) ;
#2334 = EDGE_LOOP ( 'NONE', ( #4357, #2259, #1776, #1483 ) ) ;
#2335 = DIRECTION ( 'NONE',  ( 0.000000000000000000, -1.000000000000000000, 0.000000000000000000 ) ) ;
#2336 = DIRECTION ( 'NONE',  ( -0.7071067825525400030, 0.000000000000000000, -0.7071067798205549204 ) ) ;
#2337 = CARTESIAN_POINT ( 'NONE',  ( 15.50000000000000000, 502.0000000000000000, -5.000000000000000000 ) ) ;
#2338 = LINE ( 'NONE', #5179, #414 ) ;
#2339 = DIRECTION ( 'NONE',  ( 1.000000000000000000, 0.000000000000000000, 2.222200047431583316E-10 ) ) ;
#2340 = DIRECTION ( 'NONE',  ( 0.000000000000000000, -1.000000000000000000, 0.000000000000000000 ) ) ;
#2341 = VERTEX_POINT ( 'NONE', #3785 ) ;
#2342 = DIRECTION ( 'NONE',  ( 0.000000000000000000, 0.000000000000000000, 1.000000000000000000 ) ) ;
#2343 = ORIENTED_EDGE ( 'NONE', *, *, #1138, .F. ) ;
#2344 = ORIENTED_EDGE ( 'NONE', *, *, #3693, .F. ) ;
#2345 = EDGE_CURVE ( 'NONE', #2394, #858, #527, .T. ) ;
#2346 = DIRECTION ( 'NONE',  ( 0.000000000000000000, -1.000000000000000000, 0.000000000000000000 ) ) ;
#2347 = CARTESIAN_POINT ( 'NONE',  ( -16.00000000000000000, -500.0000000000000000, -16.00000000000000000 ) ) ;
#2348 = CARTESIAN_POINT ( 'NONE',  ( 20.00000000000000000, 500.0000000000000000, -16.00000000000000000 ) ) ;
#2349 = EDGE_CURVE ( 'NONE', #1820, #4964, #3703, .T. ) ;
#2350 = DIRECTION ( 'NONE',  ( 2.222219322136867696E-10, 0.000000000000000000, -1.000000000000000000 ) ) ;
#2351 = DIRECTION ( 'NONE',  ( -0.7071067811865475727, 0.000000000000000000, -0.7071067811865475727 ) ) ;
#2352 = DIRECTION ( 'NONE',  ( 0.000000000000000000, -1.000000000000000000, 0.000000000000000000 ) ) ;
#2353 = LINE ( 'NONE', #1959, #836 ) ;
#2354 = ORIENTED_EDGE ( 'NONE', *, *, #422, .F. ) ;
#2355 = VECTOR ( 'NONE', #2600, 1000.000000000000000 ) ;
#2356 = EDGE_LOOP ( 'NONE', ( #846, #2136, #4033, #2568 ) ) ;
#2357 = CYLINDRICAL_SURFACE ( 'NONE', #2182, 4.999999962794540842 ) ;
#2358 = AXIS2_PLACEMENT_3D ( 'NONE', #5119, #2010, #4471 ) ;
#2359 = CARTESIAN_POINT ( 'NONE',  ( -15.50000000000000000, 502.0000000000000000, 5.000000000000000000 ) ) ;
#2360 = CARTESIAN_POINT ( 'NONE',  ( 7.499999999899999992, -500.0000000000000000, 15.49999999989999999 ) ) ;
#2361 = ORIENTED_EDGE ( 'NONE', *, *, #3509, .F. ) ;
#2362 = ADVANCED_FACE ( 'NONE', ( #4598 ), #884, .F. ) ;
#2363 = PLANE ( 'NONE',  #5034 ) ;
#2364 = AXIS2_PLACEMENT_3D ( 'NONE', #1583, #3193, #1096 ) ;
#2365 = AXIS2_PLACEMENT_3D ( 'NONE', #972, #2340, #4376 ) ;
#2366 = CARTESIAN_POINT ( 'NONE',  ( 16.00000000010000178, -500.0000000000000000, 6.499999999899999992 ) ) ;
#2367 = AXIS2_PLACEMENT_3D ( 'NONE', #3529, #3957, #1919 ) ;
#2368 = VECTOR ( 'NONE', #2832, 1000.000000000000000 ) ;
#2369 = DIRECTION ( 'NONE',  ( 0.000000000000000000, -1.000000000000000000, 0.000000000000000000 ) ) ;
#2370 = ORIENTED_EDGE ( 'NONE', *, *, #3361, .T. ) ;
#2371 = DIRECTION ( 'NONE',  ( 0.000000000000000000, -1.000000000000000000, 0.000000000000000000 ) ) ;
#2372 = ORIENTED_EDGE ( 'NONE', *, *, #4697, .F. ) ;
#2373 = ORIENTED_EDGE ( 'NONE', *, *, #2076, .F. ) ;
#2374 = VECTOR ( 'NONE', #2437, 1000.000000000000000 ) ;
#2375 = CIRCLE ( 'NONE', #2890, 4.999999869901410321 ) ;
#2376 = LINE ( 'NONE', #3149, #5162 ) ;
#2377 = ORIENTED_EDGE ( 'NONE', *, *, #3772, .F. ) ;
#2378 = ORIENTED_EDGE ( 'NONE', *, *, #2836, .T. ) ;
#2379 = CIRCLE ( 'NONE', #4516, 0.4499999999999990119 ) ;
#2380 = CIRCLE ( 'NONE', #486, 0.4999999999999995559 ) ;
#2381 = DIRECTION ( 'NONE',  ( 1.000000000000000000, 0.000000000000000000, 0.000000000000000000 ) ) ;
#2382 = FACE_OUTER_BOUND ( 'NONE', #2950, .T. ) ;
#2383 = AXIS2_PLACEMENT_3D ( 'NONE', #2914, #2512, #4134 ) ;
#2384 = VECTOR ( 'NONE', #238, 1000.000000000000000 ) ;
#2385 = CARTESIAN_POINT ( 'NONE',  ( 5.000000000000000000, -500.0000000000000000, 15.50000000000000000 ) ) ;
#2386 = FACE_OUTER_BOUND ( 'NONE', #362, .T. ) ;
#2387 = DIRECTION ( 'NONE',  ( 0.000000000000000000, -1.000000000000000000, 0.000000000000000000 ) ) ;
#2388 = CARTESIAN_POINT ( 'NONE',  ( 18.19999999999999929, -500.0000000000000000, 12.30000000000000071 ) ) ;
#2389 = ORIENTED_EDGE ( 'NONE', *, *, #122, .T. ) ;
#2390 = DIRECTION ( 'NONE',  ( 0.000000000000000000, -1.000000000000000000, 0.000000000000000000 ) ) ;
#2391 = VERTEX_POINT ( 'NONE', #2532 ) ;
#2392 = CARTESIAN_POINT ( 'NONE',  ( 5.000000037205460046, 502.0000000000000000, 14.19238814645449942 ) ) ;
#2393 = FACE_OUTER_BOUND ( 'NONE', #2961, .T. ) ;
#2394 = VERTEX_POINT ( 'NONE', #1705 ) ;
#2395 = ORIENTED_EDGE ( 'NONE', *, *, #4451, .T. ) ;
#2396 = CARTESIAN_POINT ( 'NONE',  ( -7.093145749999999694, 502.0000000000000000, -9.214466100000000992 ) ) ;
#2397 = DIRECTION ( 'NONE',  ( 0.000000000000000000, -1.000000000000000000, 0.000000000000000000 ) ) ;
#2398 = VERTEX_POINT ( 'NONE', #4158 ) ;
#2399 = DIRECTION ( 'NONE',  ( -1.000000000000000000, 0.000000000000000000, -9.999640004920706815E-11 ) ) ;
#2400 = ORIENTED_EDGE ( 'NONE', *, *, #927, .F. ) ;
#2401 = FACE_OUTER_BOUND ( 'NONE', #4369, .T. ) ;
#2402 = DIRECTION ( 'NONE',  ( 0.000000000000000000, -1.000000000000000000, 0.000000000000000000 ) ) ;
#2403 = ORIENTED_EDGE ( 'NONE', *, *, #2599, .T. ) ;
#2404 = PLANE ( 'NONE',  #1462 ) ;
#2405 = EDGE_CURVE ( 'NONE', #1642, #878, #3441, .T. ) ;
#2406 = ORIENTED_EDGE ( 'NONE', *, *, #4394, .F. ) ;
#2407 = VERTEX_POINT ( 'NONE', #1670 ) ;
#2408 = CARTESIAN_POINT ( 'NONE',  ( 17.69999999999999929, 500.0000000000000000, -11.79999999999999893 ) ) ;
#2409 = DIRECTION ( 'NONE',  ( 0.000000000000000000, -1.000000000000000000, 0.000000000000000000 ) ) ;
#2410 = LINE ( 'NONE', #1545, #2035 ) ;
#2411 = FACE_OUTER_BOUND ( 'NONE', #4728, .T. ) ;
#2412 = CARTESIAN_POINT ( 'NONE',  ( -7.000000000000000000, -500.0000000000000000, -16.00000000000000000 ) ) ;
#2413 = CARTESIAN_POINT ( 'NONE',  ( -16.00000000000000000, 500.0000000000000000, -20.00000000000000000 ) ) ;
#2414 = ORIENTED_EDGE ( 'NONE', *, *, #999, .T. ) ;
#2415 = VERTEX_POINT ( 'NONE', #2986 ) ;
#2416 = DIRECTION ( 'NONE',  ( 0.000000000000000000, -1.000000000000000000, 0.000000000000000000 ) ) ;
#2417 = EDGE_CURVE ( 'NONE', #1973, #403, #2911, .T. ) ;
#2418 = DIRECTION ( 'NONE',  ( 0.000000000000000000, -1.000000000000000000, 0.000000000000000000 ) ) ;
#2419 = CARTESIAN_POINT ( 'NONE',  ( -15.50000000000000000, 502.0000000000000000, 5.750000000000000000 ) ) ;
#2420 = ORIENTED_EDGE ( 'NONE', *, *, #2701, .T. ) ;
#2421 = DIRECTION ( 'NONE',  ( 0.000000000000000000, -1.000000000000000000, 0.000000000000000000 ) ) ;
#2422 = DIRECTION ( 'NONE',  ( 0.000000000000000000, 1.000000000000000000, 0.000000000000000000 ) ) ;
#2423 = ADVANCED_FACE ( 'NONE', ( #4627 ), #4997, .F. ) ;
#2424 = CARTESIAN_POINT ( 'NONE',  ( 17.99999999990000177, -500.0000000000000000, -7.500000000000000000 ) ) ;
#2425 = ORIENTED_EDGE ( 'NONE', *, *, #2621, .F. ) ;
#2426 = LINE ( 'NONE', #1941, #1266 ) ;
#2427 = VERTEX_POINT ( 'NONE', #1310 ) ;
#2428 = EDGE_CURVE ( 'NONE', #2197, #1693, #4387, .T. ) ;
#2429 = ORIENTED_EDGE ( 'NONE', *, *, #5110, .T. ) ;
#2430 = VERTEX_POINT ( 'NONE', #2562 ) ;
#2431 = ORIENTED_EDGE ( 'NONE', *, *, #652, .F. ) ;
#2432 = DIRECTION ( 'NONE',  ( 0.000000000000000000, -1.000000000000000000, 0.000000000000000000 ) ) ;
#2433 = EDGE_CURVE ( 'NONE', #2110, #3000, #3187, .T. ) ;
#2434 = DIRECTION ( 'NONE',  ( 0.000000000000000000, 0.000000000000000000, 1.000000000000000000 ) ) ;
#2435 = DIRECTION ( 'NONE',  ( 0.000000000000000000, 0.000000000000000000, -1.000000000000000000 ) ) ;
#2436 = CARTESIAN_POINT ( 'NONE',  ( -7.093145749999999694, 500.0000000000000000, 9.214466100000000992 ) ) ;
#2437 = DIRECTION ( 'NONE',  ( 0.000000000000000000, -1.000000000000000000, 0.000000000000000000 ) ) ;
#2438 = CYLINDRICAL_SURFACE ( 'NONE', #2891, 1.000000000000000888 ) ;
#2439 = VERTEX_POINT ( 'NONE', #240 ) ;
#2440 = CARTESIAN_POINT ( 'NONE',  ( -17.55000000000000071, 502.0000000000000000, 7.000000000100000008 ) ) ;
#2441 = CARTESIAN_POINT ( 'NONE',  ( 12.30000000000000071, 502.0000000000000000, 12.30000000000000071 ) ) ;
#2442 = LINE ( 'NONE', #4479, #2368 ) ;
#2443 = EDGE_LOOP ( 'NONE', ( #726, #3619, #2425, #2999 ) ) ;
#2444 = DIRECTION ( 'NONE',  ( 0.000000000000000000, -1.000000000000000000, 0.000000000000000000 ) ) ;
#2445 = EDGE_CURVE ( 'NONE', #3162, #2863, #1872, .T. ) ;
#2446 = AXIS2_PLACEMENT_3D ( 'NONE', #1765, #2520, #2903 ) ;
#2447 = DIRECTION ( 'NONE',  ( 1.000000000000000000, 0.000000000000000000, 0.000000000000000000 ) ) ;
#2448 = VERTEX_POINT ( 'NONE', #2275 ) ;
#2449 = CARTESIAN_POINT ( 'NONE',  ( 1.012373348378020069E-16, 500.0000000000000000, 7.750000000000000000 ) ) ;
#2450 = VERTEX_POINT ( 'NONE', #2249 ) ;
#2451 = AXIS2_PLACEMENT_3D ( 'NONE', #2572, #520, #468 ) ;
#2452 = EDGE_CURVE ( 'NONE', #800, #1458, #3742, .T. ) ;
#2453 = AXIS2_PLACEMENT_3D ( 'NONE', #2855, #5292, #1585 ) ;
#2454 = CIRCLE ( 'NONE', #309, 2.500000000000000444 ) ;
#2455 = ORIENTED_EDGE ( 'NONE', *, *, #2738, .T. ) ;
#2456 = VECTOR ( 'NONE', #2982, 1000.000000000000000 ) ;
#2457 = ORIENTED_EDGE ( 'NONE', *, *, #1459, .F. ) ;
#2458 = CARTESIAN_POINT ( 'NONE',  ( -4.000000000100000008, 500.0000000000000000, -16.50000000000000000 ) ) ;
#2459 = VECTOR ( 'NONE', #3821, 1000.000000000000000 ) ;
#2460 = EDGE_CURVE ( 'NONE', #518, #3893, #3908, .T. ) ;
#2461 = AXIS2_PLACEMENT_3D ( 'NONE', #206, #290, #1440 ) ;
#2462 = EDGE_CURVE ( 'NONE', #1408, #456, #1777, .T. ) ;
#2463 = EDGE_CURVE ( 'NONE', #3437, #76, #1515, .T. ) ;
#2464 = VECTOR ( 'NONE', #837, 1000.000000000000000 ) ;
#2465 = VECTOR ( 'NONE', #136, 1000.000000000000000 ) ;
#2466 = DIRECTION ( 'NONE',  ( 0.7071067816683118679, 0.000000000000000000, -0.7071067807047832776 ) ) ;
#2467 = CYLINDRICAL_SURFACE ( 'NONE', #3901, 0.5000000000000004441 ) ;
#2468 = CARTESIAN_POINT ( 'NONE',  ( -15.50000000000000000, 502.0000000000000000, -6.500000000000000000 ) ) ;
#2469 = VECTOR ( 'NONE', #427, 1000.000000000000000 ) ;
#2470 = DIRECTION ( 'NONE',  ( 0.000000000000000000, -1.000000000000000000, 0.000000000000000000 ) ) ;
#2471 = VECTOR ( 'NONE', #3897, 1000.000000000000000 ) ;
#2472 = EDGE_CURVE ( 'NONE', #512, #1184, #231, .T. ) ;
#2473 = DIRECTION ( 'NONE',  ( 0.000000000000000000, -1.000000000000000000, 0.000000000000000000 ) ) ;
#2474 = EDGE_CURVE ( 'NONE', #642, #4704, #585, .T. ) ;
#2475 = SURFACE_SIDE_STYLE ('',( #4427 ) ) ;
#2476 = DIRECTION ( 'NONE',  ( 3.999856001968282080E-11, 0.000000000000000000, -1.000000000000000000 ) ) ;
#2477 = ORIENTED_EDGE ( 'NONE', *, *, #4524, .T. ) ;
#2478 = CIRCLE ( 'NONE', #3238, 1.000000000000000888 ) ;
#2479 = CYLINDRICAL_SURFACE ( 'NONE', #4676, 2.499999999999998668 ) ;
#2480 = CYLINDRICAL_SURFACE ( 'NONE', #3740, 1.000000000000000000 ) ;
#2481 = AXIS2_PLACEMENT_3D ( 'NONE', #4953, #2077, #3595 ) ;
#2482 = CARTESIAN_POINT ( 'NONE',  ( 4.000000000000000000, 500.0000000000000000, 18.50000000000000000 ) ) ;
#2483 = ORIENTED_EDGE ( 'NONE', *, *, #3169, .F. ) ;
#2484 = LINE ( 'NONE', #4109, #569 ) ;
#2485 = ORIENTED_EDGE ( 'NONE', *, *, #1635, .T. ) ;
#2486 = DIRECTION ( 'NONE',  ( 0.000000000000000000, 0.000000000000000000, -1.000000000000000000 ) ) ;
#2487 = EDGE_LOOP ( 'NONE', ( #5309, #2758, #5130, #712 ) ) ;
#2488 = ORIENTED_EDGE ( 'NONE', *, *, #2118, .F. ) ;
#2489 = VERTEX_POINT ( 'NONE', #2225 ) ;
#2490 = ADVANCED_FACE ( 'NONE', ( #3534 ), #5208, .F. ) ;
#2491 = DIRECTION ( 'NONE',  ( -1.000000000000000000, 0.000000000000000000, 0.000000000000000000 ) ) ;
#2492 = DIRECTION ( 'NONE',  ( 0.000000000000000000, -1.000000000000000000, 0.000000000000000000 ) ) ;
#2493 = VERTEX_POINT ( 'NONE', #1061 ) ;
#2494 = ADVANCED_FACE ( 'NONE', ( #1015 ), #289, .F. ) ;
#2495 = CARTESIAN_POINT ( 'NONE',  ( -17.99999999990000177, 500.0000000000000000, -7.450000000000000178 ) ) ;
#2496 = DIRECTION ( 'NONE',  ( -2.222200047431583316E-10, 0.000000000000000000, 1.000000000000000000 ) ) ;
#2497 = CARTESIAN_POINT ( 'NONE',  ( -17.99999999990000177, -500.0000000000000000, -7.450000000000000178 ) ) ;
#2498 = LINE ( 'NONE', #2921, #412 ) ;
#2499 = EDGE_CURVE ( 'NONE', #754, #5091, #3937, .T. ) ;
#2500 = FACE_OUTER_BOUND ( 'NONE', #3947, .T. ) ;
#2501 = DIRECTION ( 'NONE',  ( 0.000000000000000000, -1.000000000000000000, 0.000000000000000000 ) ) ;
#2502 = VERTEX_POINT ( 'NONE', #2716 ) ;
#2503 = EDGE_CURVE ( 'NONE', #3610, #1183, #1587, .T. ) ;
#2504 = ADVANCED_FACE ( 'NONE', ( #263 ), #5177, .F. ) ;
#2505 = LINE ( 'NONE', #2124, #2641 ) ;
#2506 = CARTESIAN_POINT ( 'NONE',  ( -12.30000000000000071, -500.0000000000000000, 12.30000000000000071 ) ) ;
#2507 = ORIENTED_EDGE ( 'NONE', *, *, #3929, .T. ) ;
#2508 = AXIS2_PLACEMENT_3D ( 'NONE', #458, #533, #2097 ) ;
#2509 = CARTESIAN_POINT ( 'NONE',  ( 16.00000000010000178, -500.0000000000000000, -6.499999999899999992 ) ) ;
#2510 = ORIENTED_EDGE ( 'NONE', *, *, #3012, .F. ) ;
#2511 = ORIENTED_EDGE ( 'NONE', *, *, #4762, .F. ) ;
#2512 = DIRECTION ( 'NONE',  ( 1.000000000000000000, 0.000000000000000000, 0.000000000000000000 ) ) ;
#2513 = ORIENTED_EDGE ( 'NONE', *, *, #2472, .T. ) ;
#2514 = ADVANCED_FACE ( 'NONE', ( #1488 ), #3132, .F. ) ;
#2515 = CARTESIAN_POINT ( 'NONE',  ( 12.75000002847990110, -500.0000000000000000, 3.557611826337780503 ) ) ;
#2516 = LINE ( 'NONE', #4900, #1003 ) ;
#2517 = CARTESIAN_POINT ( 'NONE',  ( 18.00000000000000000, 502.0000000000000000, 7.500000000000000000 ) ) ;
#2518 = CARTESIAN_POINT ( 'NONE',  ( -11.79999999999999893, -500.0000000000000000, -7.500000000000000000 ) ) ;
#2519 = DIRECTION ( 'NONE',  ( 0.000000000000000000, -1.000000000000000000, 0.000000000000000000 ) ) ;
#2520 = DIRECTION ( 'NONE',  ( 0.000000000000000000, -1.000000000000000000, 0.000000000000000000 ) ) ;
#2521 = CARTESIAN_POINT ( 'NONE',  ( -17.55000000000000071, 502.0000000000000000, -7.000000000000000000 ) ) ;
#2522 = DIRECTION ( 'NONE',  ( 0.000000000000000000, -1.000000000000000000, 0.000000000000000000 ) ) ;
#2523 = ORIENTED_EDGE ( 'NONE', *, *, #1931, .F. ) ;
#2524 = ADVANCED_FACE ( 'NONE', ( #3081 ), #1927, .F. ) ;
#2525 = DIRECTION ( 'NONE',  ( 1.000000000000000000, 0.000000000000000000, 0.000000000000000000 ) ) ;
#2526 = EDGE_CURVE ( 'NONE', #5150, #1781, #123, .T. ) ;
#2527 = DIRECTION ( 'NONE',  ( 3.999856001968282080E-11, 0.000000000000000000, -1.000000000000000000 ) ) ;
#2528 = ORIENTED_EDGE ( 'NONE', *, *, #1831, .F. ) ;
#2529 = EDGE_LOOP ( 'NONE', ( #728, #3622, #5219, #1148 ) ) ;
#2530 = CARTESIAN_POINT ( 'NONE',  ( -8.387500000000001066, -500.0000000000000000, -7.000000000000000000 ) ) ;
#2531 = VECTOR ( 'NONE', #2690, 1000.000000000000000 ) ;
#2532 = CARTESIAN_POINT ( 'NONE',  ( 10.65685425999999936, -500.0000000000000000, 8.535533909999999835 ) ) ;
#2533 = VERTEX_POINT ( 'NONE', #630 ) ;
#2534 = ORIENTED_EDGE ( 'NONE', *, *, #3330, .T. ) ;
#2535 = EDGE_CURVE ( 'NONE', #1183, #3130, #778, .T. ) ;
#2536 = DIRECTION ( 'NONE',  ( 0.000000000000000000, -1.000000000000000000, 0.000000000000000000 ) ) ;
#2538 = VECTOR ( 'NONE', #3771, 1000.000000000000000 ) ;
#2537 = FACE_OUTER_BOUND ( 'NONE', #4461, .T. ) ;
#2539 = ORIENTED_EDGE ( 'NONE', *, *, #499, .F. ) ;
#2540 = CIRCLE ( 'NONE', #2270, 4.000000000000000000 ) ;
#2541 = PLANE ( 'NONE',  #4789 ) ;
#2542 = CARTESIAN_POINT ( 'NONE',  ( -7.450000000000000178, 500.0000000000000000, 17.99999999990000177 ) ) ;
#2543 = FACE_OUTER_BOUND ( 'NONE', #2175, .T. ) ;
#2544 = FACE_OUTER_BOUND ( 'NONE', #3593, .T. ) ;
#2545 = VECTOR ( 'NONE', #1468, 1000.000000000000000 ) ;
#2546 = CARTESIAN_POINT ( 'NONE',  ( -7.000000000100000008, 500.0000000000000000, -17.55000000000000071 ) ) ;
#2547 = AXIS2_PLACEMENT_3D ( 'NONE', #3535, #830, #4478 ) ;
#2548 = VECTOR ( 'NONE', #1295, 1000.000000000000000 ) ;
#2549 = AXIS2_PLACEMENT_3D ( 'NONE', #461, #3334, #1708 ) ;
#2550 = AXIS2_PLACEMENT_3D ( 'NONE', #284, #4281, #1482 ) ;
#2551 = CARTESIAN_POINT ( 'NONE',  ( -15.50000000000000000, 502.0000000000000000, -9.999999999899998215 ) ) ;
#2552 = CARTESIAN_POINT ( 'NONE',  ( -7.500000000000000000, 500.0000000000000000, -11.79999999999999893 ) ) ;
#2553 = CYLINDRICAL_SURFACE ( 'NONE', #3302, 4.999999982033290102 ) ;
#2554 = ORIENTED_EDGE ( 'NONE', *, *, #1976, .F. ) ;
#2555 = VECTOR ( 'NONE', #1442, 1000.000000000000000 ) ;
#2556 = AXIS2_PLACEMENT_3D ( 'NONE', #3692, #340, #793 ) ;
#2557 = DIRECTION ( 'NONE',  ( 0.000000000000000000, -1.000000000000000000, 0.000000000000000000 ) ) ;
#2558 = AXIS2_PLACEMENT_3D ( 'NONE', #1437, #628, #2713 ) ;
#2559 = CARTESIAN_POINT ( 'NONE',  ( -3.399999999999999911, 0.000000000000000000, 4.163799117100999573E-16 ) ) ;
#2560 = ORIENTED_EDGE ( 'NONE', *, *, #4372, .T. ) ;
#2561 = PLANE ( 'NONE',  #2725 ) ;
#2562 = CARTESIAN_POINT ( 'NONE',  ( -19.99999999990000177, 500.0000000000000000, 5.500000000000000000 ) ) ;
#2563 = ORIENTED_EDGE ( 'NONE', *, *, #3684, .F. ) ;
#2564 = VERTEX_POINT ( 'NONE', #22 ) ;
#2565 = EDGE_CURVE ( 'NONE', #3066, #2238, #386, .T. ) ;
#2566 = DIRECTION ( 'NONE',  ( 1.000000000000000000, 0.000000000000000000, 9.999640004920706815E-11 ) ) ;
#2567 = DIRECTION ( 'NONE',  ( -4.884684341243943186E-09, 0.000000000000000000, 1.000000000000000000 ) ) ;
#2568 = ORIENTED_EDGE ( 'NONE', *, *, #2872, .T. ) ;
#2569 = EDGE_CURVE ( 'NONE', #841, #4155, #4073, .T. ) ;
#2570 = EDGE_LOOP ( 'NONE', ( #384, #69, #3856, #1883 ) ) ;
#2571 = PLANE ( 'NONE',  #5106 ) ;
#2572 = CARTESIAN_POINT ( 'NONE',  ( 17.69999999999999929, 502.0000000000000000, 12.30000000000000071 ) ) ;
#2573 = DIRECTION ( 'NONE',  ( 3.469446951953611033E-15, 0.000000000000000000, -1.000000000000000000 ) ) ;
#2574 = DIRECTION ( 'NONE',  ( 1.000000000000000000, 0.000000000000000000, 0.000000000000000000 ) ) ;
#2575 = EDGE_LOOP ( 'NONE', ( #3702, #4919, #2579, #3942 ) ) ;
#2576 = DIRECTION ( 'NONE',  ( 0.000000000000000000, -1.000000000000000000, 0.000000000000000000 ) ) ;
#2577 = CARTESIAN_POINT ( 'NONE',  ( 7.500000000000000000, 500.0000000000000000, -18.00000000000000000 ) ) ;
#2578 = DIRECTION ( 'NONE',  ( 4.884684341243943186E-09, 0.000000000000000000, -1.000000000000000000 ) ) ;
#2579 = ORIENTED_EDGE ( 'NONE', *, *, #2599, .F. ) ;
#2580 = ADVANCED_FACE ( 'NONE', ( #2044 ), #2357, .F. ) ;
#2581 = ORIENTED_EDGE ( 'NONE', *, *, #3758, .T. ) ;
#2582 = DIRECTION ( 'NONE',  ( 0.000000000000000000, -1.000000000000000000, 0.000000000000000000 ) ) ;
#2583 = VERTEX_POINT ( 'NONE', #3995 ) ;
#2584 = ORIENTED_EDGE ( 'NONE', *, *, #1803, .T. ) ;
#2585 = CARTESIAN_POINT ( 'NONE',  ( -6.499999999899999992, 500.0000000000000000, 16.00000000010000178 ) ) ;
#2586 = CARTESIAN_POINT ( 'NONE',  ( 8.750000000000000000, 500.0000000000000000, 4.000000000000000000 ) ) ;
#2587 = ORIENTED_EDGE ( 'NONE', *, *, #5274, .T. ) ;
#2588 = EDGE_LOOP ( 'NONE', ( #192, #3646, #931, #5053 ) ) ;
#2589 = LINE ( 'NONE', #2134, #1331 ) ;
#2590 = DIRECTION ( 'NONE',  ( 1.000000000000000000, 0.000000000000000000, 0.000000000000000000 ) ) ;
#2591 = EDGE_LOOP ( 'NONE', ( #2912, #3545, #2511, #3768 ) ) ;
#2592 = EDGE_CURVE ( 'NONE', #3490, #2100, #372, .T. ) ;
#2593 = DIRECTION ( 'NONE',  ( 1.000000000000000000, 0.000000000000000000, 0.000000000000000000 ) ) ;
#2594 = LINE ( 'NONE', #2185, #3657 ) ;
#2595 = DIRECTION ( 'NONE',  ( -1.000000000000000000, 0.000000000000000000, 0.000000000000000000 ) ) ;
#2596 = EDGE_CURVE ( 'NONE', #4212, #84, #3191, .T. ) ;
#2597 = DIRECTION ( 'NONE',  ( -1.000000000000000000, 0.000000000000000000, 0.000000000000000000 ) ) ;
#2598 = CARTESIAN_POINT ( 'NONE',  ( -6.499999999899999992, 502.0000000000000000, -16.00000000010000178 ) ) ;
#2599 = EDGE_CURVE ( 'NONE', #1474, #4651, #4499, .T. ) ;
#2600 = DIRECTION ( 'NONE',  ( 1.000000000000000000, 0.000000000000000000, 0.000000000000000000 ) ) ;
#2601 = FACE_OUTER_BOUND ( 'NONE', #1438, .T. ) ;
#2602 = ORIENTED_EDGE ( 'NONE', *, *, #1980, .T. ) ;
#2603 = VERTEX_POINT ( 'NONE', #4859 ) ;
#2604 = DIRECTION ( 'NONE',  ( 1.000000000000000000, 0.000000000000000000, 0.000000000000000000 ) ) ;
#2605 = ORIENTED_EDGE ( 'NONE', *, *, #2460, .T. ) ;
#2606 = DIRECTION ( 'NONE',  ( 0.000000000000000000, -1.000000000000000000, 0.000000000000000000 ) ) ;
#2607 = EDGE_CURVE ( 'NONE', #5268, #2014, #3213, .T. ) ;
#2608 = FACE_OUTER_BOUND ( 'NONE', #4790, .T. ) ;
#2609 = EDGE_LOOP ( 'NONE', ( #3790, #923, #3522, #3923 ) ) ;
#2610 = ORIENTED_EDGE ( 'NONE', *, *, #3872, .T. ) ;
#2611 = CARTESIAN_POINT ( 'NONE',  ( -16.00000000000000000, 500.0000000000000000, -6.999999999899999992 ) ) ;
#2612 = DIRECTION ( 'NONE',  ( 0.000000000000000000, 0.000000000000000000, 1.000000000000000000 ) ) ;
#2613 = ORIENTED_EDGE ( 'NONE', *, *, #1185, .T. ) ;
#2614 = ADVANCED_FACE ( 'NONE', ( #4887 ), #3289, .F. ) ;
#2615 = VECTOR ( 'NONE', #3248, 1000.000000000000000 ) ;
#2616 = AXIS2_PLACEMENT_3D ( 'NONE', #1867, #3505, #3476 ) ;
#2617 = CARTESIAN_POINT ( 'NONE',  ( 18.00000000000000000, 502.0000000000000000, -7.474999999999999645 ) ) ;
#2618 = CARTESIAN_POINT ( 'NONE',  ( -16.50000000000000000, 502.0000000000000000, -4.000000000000000000 ) ) ;
#2619 = ORIENTED_EDGE ( 'NONE', *, *, #1901, .T. ) ;
#2620 = CARTESIAN_POINT ( 'NONE',  ( 2.875000000000000000, -500.0000000000000000, 15.50000000000000000 ) ) ;
#2621 = EDGE_CURVE ( 'NONE', #4127, #1642, #1613, .T. ) ;
#2622 = CARTESIAN_POINT ( 'NONE',  ( -11.79999999999999893, -500.0000000000000000, -17.69999999999999929 ) ) ;
#2623 = CARTESIAN_POINT ( 'NONE',  ( 20.00000000000000000, 500.0000000000000000, -16.00000000000000000 ) ) ;
#2624 = ADVANCED_FACE ( 'NONE', ( #2851 ), #4101, .F. ) ;
#2625 = VECTOR ( 'NONE', #4032, 1000.000000000000000 ) ;
#2626 = ADVANCED_FACE ( 'NONE', ( #5234 ), #801, .T. ) ;
#2627 = VECTOR ( 'NONE', #411, 1000.000000000000000 ) ;
#2628 = AXIS2_PLACEMENT_3D ( 'NONE', #3681, #3566, #5210 ) ;
#2629 = DIRECTION ( 'NONE',  ( 0.000000000000000000, 1.000000000000000000, 0.000000000000000000 ) ) ;
#2630 = VECTOR ( 'NONE', #2924, 1000.000000000000000 ) ;
#2631 = CARTESIAN_POINT ( 'NONE',  ( 18.19999999999999929, -500.0000000000000000, -16.00000000000000000 ) ) ;
#2632 = ORIENTED_EDGE ( 'NONE', *, *, #2178, .T. ) ;
#2633 = EDGE_CURVE ( 'NONE', #3896, #4660, #5254, .T. ) ;
#2634 = CIRCLE ( 'NONE', #311, 2.200000000000000622 ) ;
#2635 = CIRCLE ( 'NONE', #3902, 1.000000000000000000 ) ;
#2636 = ADVANCED_FACE ( 'NONE', ( #3678 ), #3699, .F. ) ;
#2637 = CIRCLE ( 'NONE', #2550, 4.999999869901410321 ) ;
#2638 = EDGE_CURVE ( 'NONE', #1387, #1565, #428, .T. ) ;
#2639 = CARTESIAN_POINT ( 'NONE',  ( -7.093145749999999694, -500.0000000000000000, 9.214466100000000992 ) ) ;
#2640 = ORIENTED_EDGE ( 'NONE', *, *, #5174, .F. ) ;
#2641 = VECTOR ( 'NONE', #3757, 1000.000000000000000 ) ;
#2642 = AXIS2_PLACEMENT_3D ( 'NONE', #3045, #951, #3095 ) ;
#2643 = LINE ( 'NONE', #4994, #1244 ) ;
#2644 = ORIENTED_EDGE ( 'NONE', *, *, #521, .F. ) ;
#2645 = AXIS2_PLACEMENT_3D ( 'NONE', #492, #1653, #4215 ) ;
#2646 = DIRECTION ( 'NONE',  ( -0.7071067811865474617, 0.000000000000000000, 0.7071067811865474617 ) ) ;
#2647 = PRODUCT ( '1108038_profil_a8_40x40_leicht', '1108038_profil_a8_40x40_leicht', '', ( #1757 ) ) ;
#2648 = LINE ( 'NONE', #1783, #2720 ) ;
#2649 = AXIS2_PLACEMENT_3D ( 'NONE', #566, #2209, #1807 ) ;
#2650 = ORIENTED_EDGE ( 'NONE', *, *, #208, .F. ) ;
#2651 = ORIENTED_EDGE ( 'NONE', *, *, #276, .T. ) ;
#2652 = CARTESIAN_POINT ( 'NONE',  ( 11.79999999999999893, 502.0000000000000000, 15.00000000000000000 ) ) ;
#2653 = CARTESIAN_POINT ( 'NONE',  ( -18.49999999990000177, -500.0000000000000000, 5.500000000099999120 ) ) ;
#2654 = ORIENTED_EDGE ( 'NONE', *, *, #571, .T. ) ;
#2655 = EDGE_CURVE ( 'NONE', #813, #3, #4397, .T. ) ;
#2656 = ORIENTED_EDGE ( 'NONE', *, *, #3012, .T. ) ;
#2657 = CARTESIAN_POINT ( 'NONE',  ( 7.000000000000000000, -500.0000000000000000, 8.387500000000001066 ) ) ;
#2658 = DIRECTION ( 'NONE',  ( 0.000000000000000000, 0.000000000000000000, 1.000000000000000000 ) ) ;
#2659 = ADVANCED_FACE ( 'NONE', ( #752 ), #1581, .F. ) ;
#2660 = FACE_OUTER_BOUND ( 'NONE', #3323, .T. ) ;
#2661 = DIRECTION ( 'NONE',  ( 0.000000000000000000, 1.000000000000000000, 0.000000000000000000 ) ) ;
#2662 = ORIENTED_EDGE ( 'NONE', *, *, #4690, .F. ) ;
#2663 = ADVANCED_FACE ( 'NONE', ( #4961 ), #2944, .F. ) ;
#2664 = FACE_OUTER_BOUND ( 'NONE', #2941, .T. ) ;
#2665 = ORIENTED_EDGE ( 'NONE', *, *, #1436, .T. ) ;
#2666 = DIRECTION ( 'NONE',  ( 1.734723475976807094E-15, 0.000000000000000000, -1.000000000000000000 ) ) ;
#2667 = CARTESIAN_POINT ( 'NONE',  ( -5.500000000000000000, 500.0000000000000000, 20.00000000000000000 ) ) ;
#2668 = ORIENTED_EDGE ( 'NONE', *, *, #1012, .T. ) ;
#2669 = ADVANCED_FACE ( 'NONE', ( #2165 ), #4618, .T. ) ;
#2670 = CARTESIAN_POINT ( 'NONE',  ( 7.500000000000000000, -500.0000000000000000, -11.79999999999999893 ) ) ;
#2671 = CARTESIAN_POINT ( 'NONE',  ( 5.498160177499999968, 500.0000000000000000, 3.376839827500000446 ) ) ;
#2672 = ORIENTED_EDGE ( 'NONE', *, *, #3078, .F. ) ;
#2673 = EDGE_LOOP ( 'NONE', ( #265, #2807, #4418, #4788 ) ) ;
#2674 = ORIENTED_EDGE ( 'NONE', *, *, #4100, .T. ) ;
#2675 = DIRECTION ( 'NONE',  ( 0.000000000000000000, 0.000000000000000000, -1.000000000000000000 ) ) ;
#2676 = LINE ( 'NONE', #3439, #1523 ) ;
#2677 = ORIENTED_EDGE ( 'NONE', *, *, #794, .T. ) ;
#2678 = ORIENTED_EDGE ( 'NONE', *, *, #927, .T. ) ;
#2679 = DIRECTION ( 'NONE',  ( 0.000000000000000000, 0.000000000000000000, -1.000000000000000000 ) ) ;
#2680 = DIRECTION ( 'NONE',  ( -1.999945348218899322E-10, 0.000000000000000000, 1.000000000000000000 ) ) ;
#2681 = ADVANCED_FACE ( 'NONE', ( #1740 ), #4202, .F. ) ;
#2682 = VECTOR ( 'NONE', #4469, 1000.000000000000000 ) ;
#2683 = EDGE_CURVE ( 'NONE', #3490, #4950, #1325, .T. ) ;
#2684 = DIRECTION ( 'NONE',  ( 0.000000000000000000, -1.000000000000000000, 0.000000000000000000 ) ) ;
#2685 = CARTESIAN_POINT ( 'NONE',  ( -17.54999999989999893, 502.0000000000000000, 7.450000000100000186 ) ) ;
#2686 = DIRECTION ( 'NONE',  ( -3.469446951953611033E-15, 0.000000000000000000, 1.000000000000000000 ) ) ;
#2687 = ORIENTED_EDGE ( 'NONE', *, *, #3571, .F. ) ;
#2688 = CARTESIAN_POINT ( 'NONE',  ( -16.00000000000000000, 500.0000000000000000, 16.00000000000000000 ) ) ;
#2689 = ORIENTED_EDGE ( 'NONE', *, *, #1215, .F. ) ;
#2690 = DIRECTION ( 'NONE',  ( 0.000000000000000000, 0.000000000000000000, 1.000000000000000000 ) ) ;
#2691 = LINE ( 'NONE', #2310, #2970 ) ;
#2692 = EDGE_LOOP ( 'NONE', ( #2850, #1725, #3259, #3843 ) ) ;
#2693 = DIRECTION ( 'NONE',  ( -6.666657966410595850E-11, 0.000000000000000000, 1.000000000000000000 ) ) ;
#2694 = DIRECTION ( 'NONE',  ( 1.000000000000000000, 0.000000000000000000, 0.000000000000000000 ) ) ;
#2695 = EDGE_CURVE ( 'NONE', #3199, #189, #523, .T. ) ;
#2696 = ORIENTED_EDGE ( 'NONE', *, *, #2896, .T. ) ;
#2697 = CARTESIAN_POINT ( 'NONE',  ( 7.074999999999999289, 500.0000000000000000, 18.19999999999999929 ) ) ;
#2698 = CARTESIAN_POINT ( 'NONE',  ( 17.99999999990000177, 500.0000000000000000, 7.450000000000000178 ) ) ;
#2699 = ORIENTED_EDGE ( 'NONE', *, *, #4496, .T. ) ;
#2700 = EDGE_LOOP ( 'NONE', ( #273, #4673, #4228, #4570 ) ) ;
#2701 = EDGE_CURVE ( 'NONE', #3888, #1465, #4638, .T. ) ;
#2702 = EDGE_LOOP ( 'NONE', ( #5030, #2457, #4181, #965 ) ) ;
#2703 = CYLINDRICAL_SURFACE ( 'NONE', #1260, 1.000000000000000000 ) ;
#2704 = DIRECTION ( 'NONE',  ( 0.000000000000000000, 0.000000000000000000, -1.000000000000000000 ) ) ;
#2705 = VECTOR ( 'NONE', #2874, 1000.000000000000000 ) ;
#2706 = PLANE ( 'NONE',  #4327 ) ;
#2707 = DIRECTION ( 'NONE',  ( 1.999945348218899322E-10, 0.000000000000000000, -1.000000000000000000 ) ) ;
#2708 = CYLINDRICAL_SURFACE ( 'NONE', #5198, 1.500000000000001332 ) ;
#2709 = VERTEX_POINT ( 'NONE', #3798 ) ;
#2710 = AXIS2_PLACEMENT_3D ( 'NONE', #4020, #2351, #4494 ) ;
#2711 = AXIS2_PLACEMENT_3D ( 'NONE', #1846, #693, #2693 ) ;
#2712 = VECTOR ( 'NONE', #4399, 1000.000000000000000 ) ;
#2713 = DIRECTION ( 'NONE',  ( 0.000000000000000000, 0.000000000000000000, 1.000000000000000000 ) ) ;
#2714 = EDGE_LOOP ( 'NONE', ( #4015, #3920, #382, #3992 ) ) ;
#2715 = CIRCLE ( 'NONE', #397, 0.5000000000000004441 ) ;
#2716 = CARTESIAN_POINT ( 'NONE',  ( 11.79999999999999893, 500.0000000000000000, -17.69999999999999929 ) ) ;
#2717 = EDGE_CURVE ( 'NONE', #948, #4577, #2086, .T. ) ;
#2718 = DIRECTION ( 'NONE',  ( -1.000000000000000000, 0.000000000000000000, -6.666657966410595850E-11 ) ) ;
#2719 = ORIENTED_EDGE ( 'NONE', *, *, #1454, .T. ) ;
#2720 = VECTOR ( 'NONE', #1848, 1000.000000000000000 ) ;
#2721 = DIRECTION ( 'NONE',  ( -1.000000000000000000, 0.000000000000000000, 0.000000000000000000 ) ) ;
#2722 = AXIS2_PLACEMENT_3D ( 'NONE', #502, #155, #4558 ) ;
#2723 = LINE ( 'NONE', #636, #4420 ) ;
#2724 = CIRCLE ( 'NONE', #5111, 0.4499999999999999001 ) ;
#2725 = AXIS2_PLACEMENT_3D ( 'NONE', #3783, #5020, #1365 ) ;
#2726 = ORIENTED_EDGE ( 'NONE', *, *, #3357, .F. ) ;
#2727 = AXIS2_PLACEMENT_3D ( 'NONE', #4554, #2519, #4531 ) ;
#2728 = ORIENTED_EDGE ( 'NONE', *, *, #2683, .F. ) ;
#2729 = LINE ( 'NONE', #2697, #3741 ) ;
#2730 = DIRECTION ( 'NONE',  ( -1.000000000000000000, 0.000000000000000000, -6.666657966410595850E-11 ) ) ;
#2731 = ORIENTED_EDGE ( 'NONE', *, *, #3537, .T. ) ;
#2732 = AXIS2_PLACEMENT_3D ( 'NONE', #3931, #2684, #2350 ) ;
#2733 = CIRCLE ( 'NONE', #415, 0.5000000000000004441 ) ;
#2734 = EDGE_LOOP ( 'NONE', ( #1159, #1137, #5002, #2654 ) ) ;
#2735 = ORIENTED_EDGE ( 'NONE', *, *, #5097, .T. ) ;
#2736 = VECTOR ( 'NONE', #619, 1000.000000000000000 ) ;
#2737 = DIRECTION ( 'NONE',  ( 0.000000000000000000, -1.000000000000000000, 0.000000000000000000 ) ) ;
#2738 = EDGE_CURVE ( 'NONE', #1555, #534, #856, .T. ) ;
#2739 = CYLINDRICAL_SURFACE ( 'NONE', #3663, 0.5000000000000004441 ) ;
#2740 = CARTESIAN_POINT ( 'NONE',  ( -6.500000000000000000, -500.0000000000000000, 15.50000000000000000 ) ) ;
#2741 = DIRECTION ( 'NONE',  ( 0.000000000000000000, -1.000000000000000000, 0.000000000000000000 ) ) ;
#2742 = DIRECTION ( 'NONE',  ( 0.000000000000000000, -1.000000000000000000, 0.000000000000000000 ) ) ;
#2743 = ORIENTED_EDGE ( 'NONE', *, *, #4675, .T. ) ;
#2744 = DIRECTION ( 'NONE',  ( 0.000000000000000000, -1.000000000000000000, 0.000000000000000000 ) ) ;
#2745 = VERTEX_POINT ( 'NONE', #546 ) ;
#2746 = DIRECTION ( 'NONE',  ( 0.000000000000000000, 0.000000000000000000, -1.000000000000000000 ) ) ;
#2747 = DIRECTION ( 'NONE',  ( 0.000000000000000000, -1.000000000000000000, 0.000000000000000000 ) ) ;
#2748 = EDGE_LOOP ( 'NONE', ( #1624, #4216, #1358, #4439 ) ) ;
#2749 = DIRECTION ( 'NONE',  ( 0.000000000000000000, -1.000000000000000000, 0.000000000000000000 ) ) ;
#2750 = ADVANCED_FACE ( 'NONE', ( #875 ), #3366, .T. ) ;
#2751 = LINE ( 'NONE', #3778, #1773 ) ;
#2752 = CARTESIAN_POINT ( 'NONE',  ( 5.000000000000000000, 502.0000000000000000, -15.50000000010000001 ) ) ;
#2753 = ORIENTED_EDGE ( 'NONE', *, *, #722, .F. ) ;
#2754 = DIRECTION ( 'NONE',  ( -1.000000000000000000, 0.000000000000000000, 0.000000000000000000 ) ) ;
#2755 = CARTESIAN_POINT ( 'NONE',  ( 6.500000000000000000, 500.0000000000000000, 15.50000000010000001 ) ) ;
#2756 = EDGE_LOOP ( 'NONE', ( #1877, #1804, #4292, #5139 ) ) ;
#2757 = ORIENTED_EDGE ( 'NONE', *, *, #2910, .F. ) ;
#2758 = ORIENTED_EDGE ( 'NONE', *, *, #2041, .F. ) ;
#2759 = ORIENTED_EDGE ( 'NONE', *, *, #3210, .T. ) ;
#2760 = ORIENTED_EDGE ( 'NONE', *, *, #5310, .F. ) ;
#2761 = CARTESIAN_POINT ( 'NONE',  ( -4.000000000000000000, 500.0000000000000000, -8.750000000000000000 ) ) ;
#2762 = LINE ( 'NONE', #2348, #2282 ) ;
#2763 = EDGE_CURVE ( 'NONE', #2085, #3227, #4751, .T. ) ;
#2764 = CARTESIAN_POINT ( 'NONE',  ( 15.50000000000000000, 500.0000000000000000, -10.00000000000000000 ) ) ;
#2765 = FACE_OUTER_BOUND ( 'NONE', #2734, .T. ) ;
#2766 = CARTESIAN_POINT ( 'NONE',  ( -9.935660179999999286, 502.0000000000000000, 7.814339829999998877 ) ) ;
#2767 = ORIENTED_EDGE ( 'NONE', *, *, #4086, .T. ) ;
#2768 = VECTOR ( 'NONE', #2486, 1000.000000000000000 ) ;
#2769 = LINE ( 'NONE', #3211, #3244 ) ;
#2770 = ORIENTED_EDGE ( 'NONE', *, *, #11, .F. ) ;
#2771 = CARTESIAN_POINT ( 'NONE',  ( -11.79999999999999893, 500.0000000000000000, 7.500000000000000000 ) ) ;
#2772 = CARTESIAN_POINT ( 'NONE',  ( -14.19238815442339963, 502.0000000000000000, -5.000000017966709898 ) ) ;
#2773 = CARTESIAN_POINT ( 'NONE',  ( -10.65685425999999936, -500.0000000000000000, -8.535533909999999835 ) ) ;
#2774 = ORIENTED_EDGE ( 'NONE', *, *, #3078, .T. ) ;
#2775 = CARTESIAN_POINT ( 'NONE',  ( 11.79999999999999893, 502.0000000000000000, -12.30000000000000071 ) ) ;
#2776 = CYLINDRICAL_SURFACE ( 'NONE', #647, 0.4999999999999995559 ) ;
#2777 = LINE ( 'NONE', #3941, #549 ) ;
#2778 = VERTEX_POINT ( 'NONE', #3345 ) ;
#2779 = DIRECTION ( 'NONE',  ( 0.000000000000000000, -1.000000000000000000, 0.000000000000000000 ) ) ;
#2780 = ORIENTED_EDGE ( 'NONE', *, *, #4654, .T. ) ;
#2781 = EDGE_LOOP ( 'NONE', ( #2651, #3514, #4873, #5137 ) ) ;
#2782 = VERTEX_POINT ( 'NONE', #5007 ) ;
#2783 = ORIENTED_EDGE ( 'NONE', *, *, #1980, .F. ) ;
#2784 = EDGE_CURVE ( 'NONE', #3965, #1805, #5043, .T. ) ;
#2785 = CARTESIAN_POINT ( 'NONE',  ( 10.00000000000000000, 500.0000000000000000, 15.50000000000000000 ) ) ;
#2786 = DIRECTION ( 'NONE',  ( -1.000000000000000000, 0.000000000000000000, 0.000000000000000000 ) ) ;
#2787 = CARTESIAN_POINT ( 'NONE',  ( -3.557611840000000303, 500.0000000000000000, -7.750000000000000000 ) ) ;
#2788 = CARTESIAN_POINT ( 'NONE',  ( 18.19999999999999929, -500.0000000000000000, 7.074999999999999289 ) ) ;
#2789 = LINE ( 'NONE', #746, #1689 ) ;
#2790 = EDGE_LOOP ( 'NONE', ( #5124, #4317, #832, #3224 ) ) ;
#2791 = AXIS2_PLACEMENT_3D ( 'NONE', #2309, #4693, #690 ) ;
#2792 = ORIENTED_EDGE ( 'NONE', *, *, #4621, .T. ) ;
#2793 = DIRECTION ( 'NONE',  ( 0.000000000000000000, 1.000000000000000000, 0.000000000000000000 ) ) ;
#2794 = ORIENTED_EDGE ( 'NONE', *, *, #3968, .T. ) ;
#2795 = DIRECTION ( 'NONE',  ( -1.000000000000000000, 0.000000000000000000, 0.000000000000000000 ) ) ;
#2796 = VECTOR ( 'NONE', #1574, 1000.000000000000000 ) ;
#2797 = FACE_OUTER_BOUND ( 'NONE', #2692, .T. ) ;
#2798 = CARTESIAN_POINT ( 'NONE',  ( 18.00000000000000000, 500.0000000000000000, -3.737499999999999822 ) ) ;
#2799 = ORIENTED_EDGE ( 'NONE', *, *, #3967, .T. ) ;
#2800 = CARTESIAN_POINT ( 'NONE',  ( 10.65685425999999936, 502.0000000000000000, -8.535533909999999835 ) ) ;
#2801 = EDGE_CURVE ( 'NONE', #689, #4658, #631, .T. ) ;
#2802 = VECTOR ( 'NONE', #3513, 1000.000000000000000 ) ;
#2803 = CARTESIAN_POINT ( 'NONE',  ( -7.450000000000000178, 502.0000000000000000, -18.00000000000000000 ) ) ;
#2804 = AXIS2_PLACEMENT_3D ( 'NONE', #3459, #3886, #4722 ) ;
#2805 = AXIS2_PLACEMENT_3D ( 'NONE', #4585, #80, #1328 ) ;
#2806 = CARTESIAN_POINT ( 'NONE',  ( -12.30000000000000071, -500.0000000000000000, 17.69999999999999929 ) ) ;
#2807 = ORIENTED_EDGE ( 'NONE', *, *, #2569, .T. ) ;
#2809 = VECTOR ( 'NONE', #2304, 1000.000000000000000 ) ;
#2808 = DIRECTION ( 'NONE',  ( -0.7071067811865475727, 0.000000000000000000, 0.7071067811865475727 ) ) ;
#2810 = VERTEX_POINT ( 'NONE', #154 ) ;
#2811 = ADVANCED_FACE ( 'NONE', ( #2500 ), #2117, .F. ) ;
#2812 = AXIS2_PLACEMENT_3D ( 'NONE', #1188, #4003, #3139 ) ;
#2813 = AXIS2_PLACEMENT_3D ( 'NONE', #2652, #2101, #4214 ) ;
#2814 = ORIENTED_EDGE ( 'NONE', *, *, #821, .T. ) ;
#2815 = ORIENTED_EDGE ( 'NONE', *, *, #4237, .T. ) ;
#2816 = VECTOR ( 'NONE', #3952, 1000.000000000000000 ) ;
#2817 = DIRECTION ( 'NONE',  ( 0.000000000000000000, 1.000000000000000000, 0.000000000000000000 ) ) ;
#2818 = CYLINDRICAL_SURFACE ( 'NONE', #5291, 2.500000000000000444 ) ;
#2819 = VECTOR ( 'NONE', #3869, 1000.000000000000000 ) ;
#2820 = EDGE_CURVE ( 'NONE', #4644, #687, #4988, .T. ) ;
#2821 = DIRECTION ( 'NONE',  ( 0.000000000000000000, -1.000000000000000000, 0.000000000000000000 ) ) ;
#2822 = DIRECTION ( 'NONE',  ( 0.000000000000000000, -1.000000000000000000, 0.000000000000000000 ) ) ;
#2823 = DIRECTION ( 'NONE',  ( 0.000000000000000000, -1.000000000000000000, 0.000000000000000000 ) ) ;
#2824 = DIRECTION ( 'NONE',  ( -0.7071067816683118679, 0.000000000000000000, 0.7071067807047832776 ) ) ;
#2825 = ORIENTED_EDGE ( 'NONE', *, *, #4550, .T. ) ;
#2826 = AXIS2_PLACEMENT_3D ( 'NONE', #3337, #3561, #3714 ) ;
#2827 = EDGE_LOOP ( 'NONE', ( #5185, #1979, #5019, #4297 ) ) ;
#2828 = DIRECTION ( 'NONE',  ( 0.000000000000000000, -1.000000000000000000, 0.000000000000000000 ) ) ;
#2829 = ORIENTED_EDGE ( 'NONE', *, *, #1194, .F. ) ;
#2830 = CARTESIAN_POINT ( 'NONE',  ( 0.000000000000000000, 500.0000000000000000, 20.00000000000000000 ) ) ;
#2831 = LINE ( 'NONE', #4455, #2280 ) ;
#2832 = DIRECTION ( 'NONE',  ( 0.000000000000000000, -1.000000000000000000, 0.000000000000000000 ) ) ;
#2833 = ORIENTED_EDGE ( 'NONE', *, *, #4289, .F. ) ;
#2834 = DIRECTION ( 'NONE',  ( 0.000000000000000000, 0.000000000000000000, 1.000000000000000000 ) ) ;
#2835 = CARTESIAN_POINT ( 'NONE',  ( -17.69999999999999929, -500.0000000000000000, -11.79999999999999893 ) ) ;
#2836 = EDGE_CURVE ( 'NONE', #2047, #2133, #3038, .T. ) ;
#2837 = CARTESIAN_POINT ( 'NONE',  ( 15.50000000000000000, -500.0000000000000000, 2.875000000000000000 ) ) ;
#2838 = ORIENTED_EDGE ( 'NONE', *, *, #1614, .F. ) ;
#2839 = LINE ( 'NONE', #4462, #4265 ) ;
#2840 = ORIENTED_EDGE ( 'NONE', *, *, #1231, .F. ) ;
#2841 = VERTEX_POINT ( 'NONE', #3320 ) ;
#2842 = ORIENTED_EDGE ( 'NONE', *, *, #2867, .F. ) ;
#2843 = CARTESIAN_POINT ( 'NONE',  ( 7.450000000100000186, 502.0000000000000000, 17.54999999989999893 ) ) ;
#2844 = CARTESIAN_POINT ( 'NONE',  ( -4.000000000100000008, -500.0000000000000000, -16.50000000000000000 ) ) ;
#2845 = LINE ( 'NONE', #1198, #2682 ) ;
#2846 = CARTESIAN_POINT ( 'NONE',  ( 3.376839827500000446, -500.0000000000000000, -5.498160177499999968 ) ) ;
#2847 = LINE ( 'NONE', #3591, #3295 ) ;
#2848 = CARTESIAN_POINT ( 'NONE',  ( -7.000000000000000000, -500.0000000000000000, 8.387500000000001066 ) ) ;
#2849 = ADVANCED_FACE ( 'NONE', ( #1719 ), #1379, .F. ) ;
#2850 = ORIENTED_EDGE ( 'NONE', *, *, #4592, .F. ) ;
#2851 = FACE_OUTER_BOUND ( 'NONE', #1057, .T. ) ;
#2852 = ORIENTED_EDGE ( 'NONE', *, *, #4210, .F. ) ;
#2853 = ORIENTED_EDGE ( 'NONE', *, *, #711, .F. ) ;
#2854 = EDGE_CURVE ( 'NONE', #1871, #2197, #256, .T. ) ;
#2855 = CARTESIAN_POINT ( 'NONE',  ( -14.14999999999999858, 502.0000000000000000, -18.19999999999999929 ) ) ;
#2856 = CIRCLE ( 'NONE', #1812, 0.4499999999999999001 ) ;
#2857 = FACE_OUTER_BOUND ( 'NONE', #3146, .T. ) ;
#2858 = CARTESIAN_POINT ( 'NONE',  ( 5.000000000100000008, 502.0000000000000000, 16.50000000010000178 ) ) ;
#2859 = EDGE_CURVE ( 'NONE', #4632, #2745, #3644, .T. ) ;
#2860 = ORIENTED_EDGE ( 'NONE', *, *, #160, .F. ) ;
#2861 = EDGE_CURVE ( 'NONE', #2398, #1745, #1889, .T. ) ;
#2862 = ORIENTED_EDGE ( 'NONE', *, *, #3177, .F. ) ;
#2863 = VERTEX_POINT ( 'NONE', #283 ) ;
#2864 = DIRECTION ( 'NONE',  ( 0.000000000000000000, 1.000000000000000000, 0.000000000000000000 ) ) ;
#2865 = ADVANCED_FACE ( 'NONE', ( #4766 ), #5144, .F. ) ;
#2866 = ADVANCED_FACE ( 'NONE', ( #3528 ), #1456, .F. ) ;
#2867 = EDGE_CURVE ( 'NONE', #4133, #1387, #1236, .T. ) ;
#2868 = CARTESIAN_POINT ( 'NONE',  ( -14.19238813000000121, 500.0000000000000000, 10.00000000000000000 ) ) ;
#2869 = FACE_OUTER_BOUND ( 'NONE', #248, .T. ) ;
#2870 = PLANE ( 'NONE',  #389 ) ;
#2871 = CARTESIAN_POINT ( 'NONE',  ( -5.000000000000000000, -500.0000000000000000, 15.50000000010000001 ) ) ;
#2872 = EDGE_CURVE ( 'NONE', #3720, #997, #625, .T. ) ;
#2873 = VERTEX_POINT ( 'NONE', #2265 ) ;
#2874 = DIRECTION ( 'NONE',  ( 1.000000000000000000, 0.000000000000000000, 0.000000000000000000 ) ) ;
#2875 = FILL_AREA_STYLE_COLOUR ( '', #828 ) ;
#2876 = CARTESIAN_POINT ( 'NONE',  ( 15.49999999989999999, 500.0000000000000000, -7.499999999899999992 ) ) ;
#2877 = EDGE_LOOP ( 'NONE', ( #3464, #3711, #1371, #4805 ) ) ;
#2878 = PLANE ( 'NONE',  #4342 ) ;
#2879 = EDGE_CURVE ( 'NONE', #2533, #4213, #3448, .T. ) ;
#2880 = CYLINDRICAL_SURFACE ( 'NONE', #1494, 2.499999999999998668 ) ;
#2881 = ORIENTED_EDGE ( 'NONE', *, *, #2405, .T. ) ;
#2882 = ORIENTED_EDGE ( 'NONE', *, *, #957, .T. ) ;
#2883 = VECTOR ( 'NONE', #3455, 1000.000000000000000 ) ;
#2884 = DIRECTION ( 'NONE',  ( -1.000000000000000000, 0.000000000000000000, 0.000000000000000000 ) ) ;
#2885 = VECTOR ( 'NONE', #5226, 1000.000000000000000 ) ;
#2886 = VECTOR ( 'NONE', #1357, 1000.000000000000000 ) ;
#2887 = ORIENTED_EDGE ( 'NONE', *, *, #26, .T. ) ;
#2888 = CARTESIAN_POINT ( 'NONE',  ( -17.69999999999999929, 500.0000000000000000, -12.30000000000000071 ) ) ;
#2889 = VECTOR ( 'NONE', #4290, 1000.000000000000000 ) ;
#2890 = AXIS2_PLACEMENT_3D ( 'NONE', #3776, #103, #2167 ) ;
#2891 = AXIS2_PLACEMENT_3D ( 'NONE', #395, #2900, #5308 ) ;
#2892 = CIRCLE ( 'NONE', #4685, 4.999999982033290102 ) ;
#2893 = AXIS2_PLACEMENT_3D ( 'NONE', #5101, #1422, #2675 ) ;
#2894 = DIRECTION ( 'NONE',  ( 0.000000000000000000, -1.000000000000000000, 0.000000000000000000 ) ) ;
#2895 = CARTESIAN_POINT ( 'NONE',  ( -7.423097032500000303, -500.0000000000000000, -10.00000000000000000 ) ) ;
#2896 = EDGE_CURVE ( 'NONE', #338, #88, #3726, .T. ) ;
#2897 = DIRECTION ( 'NONE',  ( -1.000000000000000000, 0.000000000000000000, 0.000000000000000000 ) ) ;
#2898 = EDGE_CURVE ( 'NONE', #1881, #2172, #3809, .T. ) ;
#2899 = VECTOR ( 'NONE', #1477, 1000.000000000000000 ) ;
#2900 = DIRECTION ( 'NONE',  ( 0.000000000000000000, -1.000000000000000000, 0.000000000000000000 ) ) ;
#2901 = DIRECTION ( 'NONE',  ( 0.000000000000000000, 1.000000000000000000, 0.000000000000000000 ) ) ;
#2902 = VECTOR ( 'NONE', #678, 1000.000000000000000 ) ;
#2903 = DIRECTION ( 'NONE',  ( -8.673617379884035472E-16, 0.000000000000000000, 1.000000000000000000 ) ) ;
#2904 = DIRECTION ( 'NONE',  ( 1.999928000984143172E-10, 0.000000000000000000, -1.000000000000000000 ) ) ;
#2905 = FACE_OUTER_BOUND ( 'NONE', #3083, .T. ) ;
#2906 = AXIS2_PLACEMENT_3D ( 'NONE', #2317, #2402, #3607 ) ;
#2907 = CARTESIAN_POINT ( 'NONE',  ( -7.500000000000000000, 500.0000000000000000, 11.79999999999999893 ) ) ;
#2908 = CARTESIAN_POINT ( 'NONE',  ( 16.77500000000000213, 502.0000000000000000, -7.000000000000000000 ) ) ;
#2909 = ORIENTED_EDGE ( 'NONE', *, *, #4705, .T. ) ;
#2910 = EDGE_CURVE ( 'NONE', #1184, #4014, #5062, .T. ) ;
#2911 = LINE ( 'NONE', #487, #4818 ) ;
#2912 = ORIENTED_EDGE ( 'NONE', *, *, #5067, .F. ) ;
#2913 = ORIENTED_EDGE ( 'NONE', *, *, #2229, .F. ) ;
#2914 = CARTESIAN_POINT ( 'NONE',  ( -7.750000000000000000, 502.0000000000000000, -4.440892098500630106E-16 ) ) ;
#2915 = VERTEX_POINT ( 'NONE', #4280 ) ;
#2916 = CARTESIAN_POINT ( 'NONE',  ( -16.77500000000000213, 502.0000000000000000, -7.000000000000000000 ) ) ;
#2917 = LINE ( 'NONE', #2107, #1558 ) ;
#2918 = FACE_BOUND ( 'NONE', #3891, .T. ) ;
#2919 = PLANE ( 'NONE',  #210 ) ;
#2920 = EDGE_LOOP ( 'NONE', ( #5311, #1281, #3057, #2507 ) ) ;
#2921 = CARTESIAN_POINT ( 'NONE',  ( -5.498160177499999968, -500.0000000000000000, -3.376839827500000446 ) ) ;
#2922 = ADVANCED_FACE ( 'NONE', ( #603 ), #233, .F. ) ;
#2923 = DIRECTION ( 'NONE',  ( 0.000000000000000000, -1.000000000000000000, 0.000000000000000000 ) ) ;
#2924 = DIRECTION ( 'NONE',  ( -1.000000000000000000, 0.000000000000000000, 0.000000000000000000 ) ) ;
#2925 = CARTESIAN_POINT ( 'NONE',  ( -20.00000000000000000, 500.0000000000000000, -16.00000000000000000 ) ) ;
#2926 = ORIENTED_EDGE ( 'NONE', *, *, #1322, .T. ) ;
#2927 = LINE ( 'NONE', #413, #2464 ) ;
#2928 = LINE ( 'NONE', #184, #4597 ) ;
#2929 = ORIENTED_EDGE ( 'NONE', *, *, #913, .T. ) ;
#2930 = LINE ( 'NONE', #2985, #4517 ) ;
#2931 = CARTESIAN_POINT ( 'NONE',  ( 6.999999999899999992, -500.0000000000000000, -16.00000000000000000 ) ) ;
#2932 = ORIENTED_EDGE ( 'NONE', *, *, #2222, .F. ) ;
#2933 = ORIENTED_EDGE ( 'NONE', *, *, #4603, .F. ) ;
#2934 = DIRECTION ( 'NONE',  ( 0.000000000000000000, -1.000000000000000000, 0.000000000000000000 ) ) ;
#2935 = DIRECTION ( 'NONE',  ( -1.000000000000000000, 0.000000000000000000, -6.666657966410603605E-11 ) ) ;
#2936 = ORIENTED_EDGE ( 'NONE', *, *, #716, .T. ) ;
#2937 = EDGE_CURVE ( 'NONE', #5054, #4978, #1066, .T. ) ;
#2938 = CARTESIAN_POINT ( 'NONE',  ( -10.00000000000000000, 500.0000000000000000, -15.50000000000000000 ) ) ;
#2939 = DIRECTION ( 'NONE',  ( 0.000000000000000000, 1.000000000000000000, 0.000000000000000000 ) ) ;
#2940 = CARTESIAN_POINT ( 'NONE',  ( -12.30000000000000071, -500.0000000000000000, -11.79999999999999893 ) ) ;
#2941 = EDGE_LOOP ( 'NONE', ( #5243, #4905, #2294, #1146 ) ) ;
#2942 = CARTESIAN_POINT ( 'NONE',  ( -18.19999999999999929, 500.0000000000000000, -12.30000000000000071 ) ) ;
#2943 = EDGE_LOOP ( 'NONE', ( #686, #2852, #1882, #3251 ) ) ;
#2944 = PLANE ( 'NONE',  #39 ) ;
#2945 = CARTESIAN_POINT ( 'NONE',  ( -16.50000000010000178, 502.0000000000000000, 5.000000000100000008 ) ) ;
#2946 = LINE ( 'NONE', #4502, #3128 ) ;
#2947 = ORIENTED_EDGE ( 'NONE', *, *, #28, .T. ) ;
#2948 = LINE ( 'NONE', #3324, #4087 ) ;
#2949 = LINE ( 'NONE', #1386, #4500 ) ;
#2950 = EDGE_LOOP ( 'NONE', ( #1150, #4983, #2650, #2485 ) ) ;
#2951 = EDGE_CURVE ( 'NONE', #323, #3298, #3854, .T. ) ;
#2952 = ORIENTED_EDGE ( 'NONE', *, *, #3784, .F. ) ;
#2953 = DIRECTION ( 'NONE',  ( 0.000000000000000000, 0.000000000000000000, 1.000000000000000000 ) ) ;
#2954 = VECTOR ( 'NONE', #1032, 1000.000000000000000 ) ;
#2955 = CARTESIAN_POINT ( 'NONE',  ( -17.99999999990000177, 500.0000000000000000, 7.500000000000000000 ) ) ;
#2956 = ORIENTED_EDGE ( 'NONE', *, *, #2345, .T. ) ;
#2957 = VERTEX_POINT ( 'NONE', #3932 ) ;
#2958 = CARTESIAN_POINT ( 'NONE',  ( 7.000000000000000000, 502.0000000000000000, -17.55000000000000071 ) ) ;
#2960 = CIRCLE ( 'NONE', #4755, 3.399999999999999911 ) ;
#2959 = LINE ( 'NONE', #3383, #4174 ) ;
#2961 = EDGE_LOOP ( 'NONE', ( #620, #3381, #2952, #3190 ) ) ;
#2962 = AXIS2_PLACEMENT_3D ( 'NONE', #1187, #4481, #2834 ) ;
#2963 = VECTOR ( 'NONE', #3685, 1000.000000000000000 ) ;
#2964 = ORIENTED_EDGE ( 'NONE', *, *, #3014, .F. ) ;
#2965 = CARTESIAN_POINT ( 'NONE',  ( 15.50000000010000001, 502.0000000000000000, -6.500000000000000000 ) ) ;
#2966 = LINE ( 'NONE', #4982, #2538 ) ;
#2967 = AXIS2_PLACEMENT_3D ( 'NONE', #1274, #3389, #3748 ) ;
#2968 = CIRCLE ( 'NONE', #1771, 0.5000000000000004441 ) ;
#2969 = DIRECTION ( 'NONE',  ( 0.000000000000000000, 0.000000000000000000, -1.000000000000000000 ) ) ;
#2970 = VECTOR ( 'NONE', #1896, 1000.000000000000000 ) ;
#2971 = ADVANCED_FACE ( 'NONE', ( #175, #1813, #5086, #1834, #4687, #2660 ), #1009, .F. ) ;
#2972 = VECTOR ( 'NONE', #4992, 1000.000000000000000 ) ;
#2973 = VECTOR ( 'NONE', #2646, 1000.000000000000114 ) ;
#2974 = VECTOR ( 'NONE', #1090, 1000.000000000000114 ) ;
#2975 = DIRECTION ( 'NONE',  ( 0.000000000000000000, -1.000000000000000000, 0.000000000000000000 ) ) ;
#2976 = CARTESIAN_POINT ( 'NONE',  ( -7.750000000000000000, -500.0000000000000000, -3.557611840000000303 ) ) ;
#2977 = DIRECTION ( 'NONE',  ( 0.000000000000000000, 0.000000000000000000, 1.000000000000000000 ) ) ;
#2978 = ORIENTED_EDGE ( 'NONE', *, *, #3698, .F. ) ;
#2979 = AXIS2_PLACEMENT_3D ( 'NONE', #3515, #3916, #634 ) ;
#2980 = VERTEX_POINT ( 'NONE', #3553 ) ;
#2981 = AXIS2_PLACEMENT_3D ( 'NONE', #2653, #1024, #2730 ) ;
#2982 = DIRECTION ( 'NONE',  ( -1.000000000000000000, 0.000000000000000000, 0.000000000000000000 ) ) ;
#2983 = VERTEX_POINT ( 'NONE', #743 ) ;
#2984 = EDGE_LOOP ( 'NONE', ( #3102, #4602, #3736, #500 ) ) ;
#2985 = CARTESIAN_POINT ( 'NONE',  ( -11.79999999999999893, 502.0000000000000000, -12.30000000000000071 ) ) ;
#2986 = CARTESIAN_POINT ( 'NONE',  ( -12.30000000000000071, -500.0000000000000000, -18.19999999999999929 ) ) ;
#2987 = ADVANCED_FACE ( 'NONE', ( #2765 ), #5197, .T. ) ;
#2988 = ORIENTED_EDGE ( 'NONE', *, *, #1414, .F. ) ;
#2989 = ORIENTED_EDGE ( 'NONE', *, *, #720, .T. ) ;
#2990 = CARTESIAN_POINT ( 'NONE',  ( 18.00000000000000000, 500.0000000000000000, -7.450000000000000178 ) ) ;
#2991 = CARTESIAN_POINT ( 'NONE',  ( 14.19238815442339963, 500.0000000000000000, 5.000000017966709898 ) ) ;
#2992 = ORIENTED_EDGE ( 'NONE', *, *, #4720, .T. ) ;
#2993 = CARTESIAN_POINT ( 'NONE',  ( 9.214466100000000992, 502.0000000000000000, 7.093145749999999694 ) ) ;
#2994 = LINE ( 'NONE', #2518, #981 ) ;
#2995 = CARTESIAN_POINT ( 'NONE',  ( 7.450000000000000178, 500.0000000000000000, -17.99999999990000177 ) ) ;
#2996 = CARTESIAN_POINT ( 'NONE',  ( -5.500000000099999120, 502.0000000000000000, 18.49999999990000177 ) ) ;
#2997 = CARTESIAN_POINT ( 'NONE',  ( 16.00000000010000178, 502.0000000000000000, -6.499999999899999992 ) ) ;
#2998 = DIRECTION ( 'NONE',  ( 0.000000000000000000, -1.000000000000000000, 0.000000000000000000 ) ) ;
#2999 = ORIENTED_EDGE ( 'NONE', *, *, #5017, .F. ) ;
#3000 = VERTEX_POINT ( 'NONE', #344 ) ;
#3001 = DIRECTION ( 'NONE',  ( 0.000000000000000000, -1.000000000000000000, 0.000000000000000000 ) ) ;
#3002 = ORIENTED_EDGE ( 'NONE', *, *, #532, .T. ) ;
#3003 = ORIENTED_EDGE ( 'NONE', *, *, #3532, .T. ) ;
#3004 = CYLINDRICAL_SURFACE ( 'NONE', #1426, 2.200000000000000622 ) ;
#3005 = CARTESIAN_POINT ( 'NONE',  ( 8.535533909999999835, -500.0000000000000000, 10.65685425999999936 ) ) ;
#3006 = EDGE_CURVE ( 'NONE', #2015, #1269, #1520, .T. ) ;
#3007 = VERTEX_POINT ( 'NONE', #1114 ) ;
#3008 = EDGE_LOOP ( 'NONE', ( #1195, #1391, #4058, #2632 ) ) ;
#3009 = CARTESIAN_POINT ( 'NONE',  ( 9.214466100000000992, -500.0000000000000000, -7.093145749999999694 ) ) ;
#3010 = DIRECTION ( 'NONE',  ( 1.000000000000000000, 0.000000000000000000, 4.884684341243943186E-09 ) ) ;
#3011 = ORIENTED_EDGE ( 'NONE', *, *, #1778, .T. ) ;
#3012 = EDGE_CURVE ( 'NONE', #2489, #4258, #3264, .T. ) ;
#3013 = AXIS2_PLACEMENT_3D ( 'NONE', #2036, #3673, #73 ) ;
#3014 = EDGE_CURVE ( 'NONE', #2224, #1268, #4846, .T. ) ;
#3015 = CARTESIAN_POINT ( 'NONE',  ( 7.000000000000000000, -500.0000000000000000, 16.00000000000000000 ) ) ;
#3016 = CYLINDRICAL_SURFACE ( 'NONE', #4079, 1.000000000000000888 ) ;
#3017 = ORIENTED_EDGE ( 'NONE', *, *, #1294, .T. ) ;
#3018 = DIRECTION ( 'NONE',  ( 0.000000000000000000, -1.000000000000000000, 0.000000000000000000 ) ) ;
#3019 = EDGE_CURVE ( 'NONE', #2288, #646, #729, .T. ) ;
#3020 = ADVANCED_FACE ( 'NONE', ( #4848 ), #4391, .T. ) ;
#3021 = CARTESIAN_POINT ( 'NONE',  ( -10.00000000000000000, 500.0000000000000000, -7.423097032500000303 ) ) ;
#3022 = LINE ( 'NONE', #5044, #2886 ) ;
#3023 = VERTEX_POINT ( 'NONE', #5227 ) ;
#3024 = DIRECTION ( 'NONE',  ( 0.000000000000000000, -1.000000000000000000, 0.000000000000000000 ) ) ;
#3025 = VERTEX_POINT ( 'NONE', #2412 ) ;
#3026 = CYLINDRICAL_SURFACE ( 'NONE', #2188, 4.999999869901410321 ) ;
#3027 = ORIENTED_EDGE ( 'NONE', *, *, #3344, .F. ) ;
#3028 = LINE ( 'NONE', #4664, #2465 ) ;
#3029 = EDGE_CURVE ( 'NONE', #4855, #2841, #707, .T. ) ;
#3030 = LINE ( 'NONE', #5156, #2545 ) ;
#3031 = ORIENTED_EDGE ( 'NONE', *, *, #1544, .F. ) ;
#3032 = ORIENTED_EDGE ( 'NONE', *, *, #1388, .T. ) ;
#3033 = FACE_OUTER_BOUND ( 'NONE', #2877, .T. ) ;
#3034 = CARTESIAN_POINT ( 'NONE',  ( 4.000000000000000000, -500.0000000000000000, -16.50000000000000000 ) ) ;
#3035 = VERTEX_POINT ( 'NONE', #5249 ) ;
#3036 = CARTESIAN_POINT ( 'NONE',  ( -7.000000000100000008, -500.0000000000000000, -17.55000000000000071 ) ) ;
#3037 = ADVANCED_FACE ( 'NONE', ( #2386 ), #3241, .F. ) ;
#3038 = CIRCLE ( 'NONE', #4229, 0.4499999999999999001 ) ;
#3039 = AXIS2_PLACEMENT_3D ( 'NONE', #3207, #3157, #2038 ) ;
#3040 = CARTESIAN_POINT ( 'NONE',  ( 12.30000000000000071, -500.0000000000000000, -11.79999999999999893 ) ) ;
#3041 = EDGE_CURVE ( 'NONE', #4974, #1781, #1987, .T. ) ;
#3042 = DIRECTION ( 'NONE',  ( -1.000000000000000000, 0.000000000000000000, 0.000000000000000000 ) ) ;
#3043 = CYLINDRICAL_SURFACE ( 'NONE', #64, 4.999999869901410321 ) ;
#3044 = CARTESIAN_POINT ( 'NONE',  ( 5.000000017966709898, 500.0000000000000000, -14.19238815442339963 ) ) ;
#3045 = CARTESIAN_POINT ( 'NONE',  ( 5.000000000100000008, 500.0000000000000000, 16.50000000010000178 ) ) ;
#3046 = VECTOR ( 'NONE', #4810, 1000.000000000000000 ) ;
#3047 = EDGE_CURVE ( 'NONE', #605, #4213, #3985, .T. ) ;
#3048 = VECTOR ( 'NONE', #1318, 1000.000000000000000 ) ;
#3049 = CARTESIAN_POINT ( 'NONE',  ( 7.500000000000000000, 502.0000000000000000, 17.99999999990000177 ) ) ;
#3050 = VECTOR ( 'NONE', #2998, 1000.000000000000000 ) ;
#3051 = CARTESIAN_POINT ( 'NONE',  ( 12.30000000000000071, -500.0000000000000000, -12.30000000000000071 ) ) ;
#3052 = VERTEX_POINT ( 'NONE', #1606 ) ;
#3053 = CIRCLE ( 'NONE', #739, 1.000000000000000888 ) ;
#3054 = CIRCLE ( 'NONE', #903, 0.5000000000000004441 ) ;
#3055 = AXIS2_PLACEMENT_3D ( 'NONE', #4825, #2061, #3592 ) ;
#3056 = DIRECTION ( 'NONE',  ( -1.000000000000000000, 0.000000000000000000, 0.000000000000000000 ) ) ;
#3057 = ORIENTED_EDGE ( 'NONE', *, *, #2836, .F. ) ;
#3058 = CARTESIAN_POINT ( 'NONE',  ( -7.000000000000000000, 502.0000000000000000, 17.55000000000000071 ) ) ;
#3059 = LINE ( 'NONE', #3938, #1677 ) ;
#3060 = ORIENTED_EDGE ( 'NONE', *, *, #2130, .F. ) ;
#3061 = VECTOR ( 'NONE', #514, 1000.000000000000000 ) ;
#3062 = DIRECTION ( 'NONE',  ( 0.000000000000000000, 0.000000000000000000, 1.000000000000000000 ) ) ;
#3063 = PLANE ( 'NONE',  #4248 ) ;
#3064 = AXIS2_PLACEMENT_3D ( 'NONE', #3173, #358, #2808 ) ;
#3065 = ORIENTED_EDGE ( 'NONE', *, *, #3258, .F. ) ;
#3066 = VERTEX_POINT ( 'NONE', #2436 ) ;
#3067 = ADVANCED_FACE ( 'NONE', ( #314 ), #2870, .T. ) ;
#3068 = LINE ( 'NONE', #5133, #3229 ) ;
#3069 = DIRECTION ( 'NONE',  ( 1.000000000000000000, 0.000000000000000000, 1.999945348218899322E-10 ) ) ;
#3070 = ORIENTED_EDGE ( 'NONE', *, *, #2655, .F. ) ;
#3071 = ORIENTED_EDGE ( 'NONE', *, *, #499, .T. ) ;
#3072 = LINE ( 'NONE', #2620, #2471 ) ;
#3073 = FACE_OUTER_BOUND ( 'NONE', #1136, .T. ) ;
#3074 = FACE_OUTER_BOUND ( 'NONE', #1939, .T. ) ;
#3075 = CARTESIAN_POINT ( 'NONE',  ( 17.55000000000000071, 502.0000000000000000, -7.000000000100000008 ) ) ;
#3076 = DIRECTION ( 'NONE',  ( 0.000000000000000000, -1.000000000000000000, 0.000000000000000000 ) ) ;
#3077 = ORIENTED_EDGE ( 'NONE', *, *, #1300, .F. ) ;
#3078 = EDGE_CURVE ( 'NONE', #3231, #3453, #2847, .T. ) ;
#3079 = PLANE ( 'NONE',  #1262 ) ;
#3080 = ORIENTED_EDGE ( 'NONE', *, *, #3232, .T. ) ;
#3081 = FACE_OUTER_BOUND ( 'NONE', #2673, .T. ) ;
#3082 = CARTESIAN_POINT ( 'NONE',  ( 4.000000000100000008, 500.0000000000000000, -18.50000000000000000 ) ) ;
#3083 = EDGE_LOOP ( 'NONE', ( #671, #1564, #2510, #1074 ) ) ;
#3084 = EDGE_CURVE ( 'NONE', #130, #3007, #3616, .T. ) ;
#3085 = FACE_OUTER_BOUND ( 'NONE', #4842, .T. ) ;
#3086 = EDGE_CURVE ( 'NONE', #3846, #1196, #393, .T. ) ;
#3087 = CARTESIAN_POINT ( 'NONE',  ( 16.00000000000000000, 500.0000000000000000, 16.00000000000000000 ) ) ;
#3088 = ORIENTED_EDGE ( 'NONE', *, *, #3810, .T. ) ;
#3089 = DIRECTION ( 'NONE',  ( 0.000000000000000000, -1.000000000000000000, 0.000000000000000000 ) ) ;
#3090 = CARTESIAN_POINT ( 'NONE',  ( 5.000000017966709898, 502.0000000000000000, -14.19238815442339963 ) ) ;
#3091 = ORIENTED_EDGE ( 'NONE', *, *, #615, .F. ) ;
#3092 = ORIENTED_EDGE ( 'NONE', *, *, #3882, .T. ) ;
#3093 = ORIENTED_EDGE ( 'NONE', *, *, #2879, .F. ) ;
#3094 = LINE ( 'NONE', #5165, #4345 ) ;
#3095 = DIRECTION ( 'NONE',  ( -1.000000000000000000, 0.000000000000000000, -9.999640004920706815E-11 ) ) ;
#3096 = EDGE_CURVE ( 'NONE', #4974, #5233, #1163, .T. ) ;
#3097 = CARTESIAN_POINT ( 'NONE',  ( 18.19999999999999929, 500.0000000000000000, -16.00000000000000000 ) ) ;
#3098 = CARTESIAN_POINT ( 'NONE',  ( -4.000000000000000000, 502.0000000000000000, 16.50000000000000000 ) ) ;
#3099 = FACE_OUTER_BOUND ( 'NONE', #4668, .T. ) ;
#3100 = ORIENTED_EDGE ( 'NONE', *, *, #4128, .T. ) ;
#3101 = LINE ( 'NONE', #1870, #1430 ) ;
#3102 = ORIENTED_EDGE ( 'NONE', *, *, #1990, .F. ) ;
#3103 = CARTESIAN_POINT ( 'NONE',  ( 16.00000000000000000, 500.0000000000000000, -16.00000000000000000 ) ) ;
#3104 = DIRECTION ( 'NONE',  ( 0.000000000000000000, -1.000000000000000000, 0.000000000000000000 ) ) ;
#3105 = ORIENTED_EDGE ( 'NONE', *, *, #4880, .T. ) ;
#3106 = DIRECTION ( 'NONE',  ( 0.000000000000000000, 0.000000000000000000, -1.000000000000000000 ) ) ;
#3107 = ADVANCED_FACE ( 'NONE', ( #3717 ), #4612, .T. ) ;
#3108 = CARTESIAN_POINT ( 'NONE',  ( -4.000000000000000000, -500.0000000000000000, -8.750000000000000000 ) ) ;
#3109 = ADVANCED_FACE ( 'NONE', ( #3340 ), #2919, .F. ) ;
#3110 = ORIENTED_EDGE ( 'NONE', *, *, #4348, .F. ) ;
#3111 = DIRECTION ( 'NONE',  ( 1.000000000000000000, 0.000000000000000000, 0.000000000000000000 ) ) ;
#3112 = CARTESIAN_POINT ( 'NONE',  ( -8.387500000000001066, 500.0000000000000000, -7.000000000000000000 ) ) ;
#3113 = VERTEX_POINT ( 'NONE', #2940 ) ;
#3114 = ORIENTED_EDGE ( 'NONE', *, *, #1141, .T. ) ;
#3115 = VERTEX_POINT ( 'NONE', #922 ) ;
#3117 = AXIS2_PLACEMENT_3D ( 'NONE', #926, #2144, #3721 ) ;
#3116 = LINE ( 'NONE', #3547, #151 ) ;
#3118 = CARTESIAN_POINT ( 'NONE',  ( -2.875000000000000000, 500.0000000000000000, 15.50000000000000000 ) ) ;
#3119 = VECTOR ( 'NONE', #4784, 1000.000000000000000 ) ;
#3120 = FACE_OUTER_BOUND ( 'NONE', #13, .T. ) ;
#3121 = CARTESIAN_POINT ( 'NONE',  ( 5.500000000000000000, 500.0000000000000000, -20.00000000000000000 ) ) ;
#3122 = DIRECTION ( 'NONE',  ( 0.000000000000000000, -1.000000000000000000, 0.000000000000000000 ) ) ;
#3123 = LINE ( 'NONE', #4304, #4772 ) ;
#3124 = EDGE_LOOP ( 'NONE', ( #2176, #766, #3976, #4515 ) ) ;
#3125 = ADVANCED_FACE ( 'NONE', ( #3362 ), #1297, .F. ) ;
#3126 = CIRCLE ( 'NONE', #5273, 1.500000000000001332 ) ;
#3127 = VECTOR ( 'NONE', #4911, 1000.000000000000000 ) ;
#3128 = VECTOR ( 'NONE', #2977, 1000.000000000000000 ) ;
#3129 = CARTESIAN_POINT ( 'NONE',  ( 10.00000000000000000, 502.0000000000000000, 15.50000000000000000 ) ) ;
#3130 = VERTEX_POINT ( 'NONE', #3285 ) ;
#3131 = CIRCLE ( 'NONE', #641, 1.499999999999999556 ) ;
#3132 = PLANE ( 'NONE',  #465 ) ;
#3133 = CARTESIAN_POINT ( 'NONE',  ( 16.00000000000000000, 500.0000000000000000, -20.00000000000000000 ) ) ;
#3134 = ORIENTED_EDGE ( 'NONE', *, *, #4744, .T. ) ;
#3135 = VECTOR ( 'NONE', #5080, 1000.000000000000000 ) ;
#3136 = AXIS2_PLACEMENT_3D ( 'NONE', #4164, #1349, #1000 ) ;
#3137 = PLANE ( 'NONE',  #1164 ) ;
#3138 = CIRCLE ( 'NONE', #404, 0.4999999999999995559 ) ;
#3139 = DIRECTION ( 'NONE',  ( 1.000000000000000000, 0.000000000000000000, 0.000000000000000000 ) ) ;
#3140 = VECTOR ( 'NONE', #5168, 1000.000000000000114 ) ;
#3141 = VECTOR ( 'NONE', #3617, 1000.000000000000000 ) ;
#3142 = CARTESIAN_POINT ( 'NONE',  ( 6.999999999899999992, 502.0000000000000000, -16.00000000000000000 ) ) ;
#3143 = ORIENTED_EDGE ( 'NONE', *, *, #4985, .F. ) ;
#3144 = DIRECTION ( 'NONE',  ( -6.666657966410603605E-11, 0.000000000000000000, 1.000000000000000000 ) ) ;
#3145 = DIRECTION ( 'NONE',  ( 0.7071067811865474617, 0.000000000000000000, -0.7071067811865474617 ) ) ;
#3146 = EDGE_LOOP ( 'NONE', ( #3288, #1903, #3380, #4236 ) ) ;
#3147 = ORIENTED_EDGE ( 'NONE', *, *, #2867, .T. ) ;
#3148 = ADVANCED_FACE ( 'NONE', ( #872 ), #119, .F. ) ;
#3149 = CARTESIAN_POINT ( 'NONE',  ( 17.55000000000000071, 502.0000000000000000, 7.000000000000000000 ) ) ;
#3150 = ORIENTED_EDGE ( 'NONE', *, *, #1147, .T. ) ;
#3151 = ORIENTED_EDGE ( 'NONE', *, *, #3795, .T. ) ;
#3152 = CIRCLE ( 'NONE', #1861, 1.000000000000000000 ) ;
#3153 = CARTESIAN_POINT ( 'NONE',  ( -16.00000000000000000, 500.0000000000000000, -18.19999999999999929 ) ) ;
#3154 =( GEOMETRIC_REPRESENTATION_CONTEXT ( 3 ) GLOBAL_UNCERTAINTY_ASSIGNED_CONTEXT ( ( #606 ) ) GLOBAL_UNIT_ASSIGNED_CONTEXT ( ( #4576, #1551, #970 ) ) REPRESENTATION_CONTEXT ( 'NONE', 'WORKASPACE' ) );
#3155 = CARTESIAN_POINT ( 'NONE',  ( 16.50000000010000178, 500.0000000000000000, 5.000000000100000008 ) ) ;
#3156 = DIRECTION ( 'NONE',  ( 0.000000000000000000, -1.000000000000000000, 0.000000000000000000 ) ) ;
#3157 = DIRECTION ( 'NONE',  ( 0.000000000000000000, -1.000000000000000000, 0.000000000000000000 ) ) ;
#3158 = LINE ( 'NONE', #1607, #4763 ) ;
#3159 = LINE ( 'NONE', #5120, #3744 ) ;
#3160 = ORIENTED_EDGE ( 'NONE', *, *, #3029, .F. ) ;
#3161 = CARTESIAN_POINT ( 'NONE',  ( -8.535533909999999835, 502.0000000000000000, 10.65685425999999936 ) ) ;
#3162 = VERTEX_POINT ( 'NONE', #2060 ) ;
#3163 = DIRECTION ( 'NONE',  ( 0.000000000000000000, -1.000000000000000000, 0.000000000000000000 ) ) ;
#3164 = CYLINDRICAL_SURFACE ( 'NONE', #137, 4.999999982033290102 ) ;
#3165 = CARTESIAN_POINT ( 'NONE',  ( 3.376839827500000446, 500.0000000000000000, 5.498160177499999968 ) ) ;
#3166 = ORIENTED_EDGE ( 'NONE', *, *, #350, .T. ) ;
#3167 = DIRECTION ( 'NONE',  ( 0.7071067811865474617, 0.000000000000000000, 0.7071067811865474617 ) ) ;
#3168 = CARTESIAN_POINT ( 'NONE',  ( 5.000000000000000000, -500.0000000000000000, -15.50000000010000001 ) ) ;
#3169 = EDGE_CURVE ( 'NONE', #4978, #452, #497, .T. ) ;
#3170 = LINE ( 'NONE', #2752, #5014 ) ;
#3171 = ORIENTED_EDGE ( 'NONE', *, *, #11, .T. ) ;
#3172 = DIRECTION ( 'NONE',  ( 0.000000000000000000, 1.000000000000000000, 0.000000000000000000 ) ) ;
#3173 = CARTESIAN_POINT ( 'NONE',  ( 9.935660179999999286, 502.0000000000000000, -7.814339829999998877 ) ) ;
#3174 = VERTEX_POINT ( 'NONE', #1319 ) ;
#3175 = EDGE_LOOP ( 'NONE', ( #2644, #4896, #4521, #3596 ) ) ;
#3176 = EDGE_CURVE ( 'NONE', #127, #2489, #2966, .T. ) ;
#3177 = EDGE_CURVE ( 'NONE', #1346, #1798, #1761, .T. ) ;
#3178 = VERTEX_POINT ( 'NONE', #42 ) ;
#3179 = ORIENTED_EDGE ( 'NONE', *, *, #2296, .F. ) ;
#3180 = DIRECTION ( 'NONE',  ( 0.000000000000000000, -1.000000000000000000, 0.000000000000000000 ) ) ;
#3181 = CARTESIAN_POINT ( 'NONE',  ( 7.499999999899999992, 502.0000000000000000, -15.49999999989999999 ) ) ;
#3182 = EDGE_CURVE ( 'NONE', #997, #915, #894, .T. ) ;
#3183 = DIRECTION ( 'NONE',  ( 0.000000000000000000, -1.000000000000000000, 0.000000000000000000 ) ) ;
#3184 = CARTESIAN_POINT ( 'NONE',  ( -8.750000000000000000, -500.0000000000000000, 4.000000000000000000 ) ) ;
#3185 = EDGE_CURVE ( 'NONE', #5236, #1473, #3126, .T. ) ;
#3186 = CARTESIAN_POINT ( 'NONE',  ( -12.30000000000000071, -500.0000000000000000, 18.19999999999999929 ) ) ;
#3187 = CIRCLE ( 'NONE', #1449, 1.000000000000000000 ) ;
#3188 = ORIENTED_EDGE ( 'NONE', *, *, #3929, .F. ) ;
#3189 = FACE_OUTER_BOUND ( 'NONE', #3374, .T. ) ;
#3190 = ORIENTED_EDGE ( 'NONE', *, *, #1878, .T. ) ;
#3191 = LINE ( 'NONE', #349, #2615 ) ;
#3192 = CARTESIAN_POINT ( 'NONE',  ( 2.875000000000000000, 500.0000000000000000, -15.50000000000000000 ) ) ;
#3193 = DIRECTION ( 'NONE',  ( 0.000000000000000000, 1.000000000000000000, 0.000000000000000000 ) ) ;
#3194 = CARTESIAN_POINT ( 'NONE',  ( 18.19999999999999929, 500.0000000000000000, 7.074999999999999289 ) ) ;
#3195 = CARTESIAN_POINT ( 'NONE',  ( -6.500000000000000000, -500.0000000000000000, -15.50000000010000001 ) ) ;
#3196 = CARTESIAN_POINT ( 'NONE',  ( 16.50000000010000178, 502.0000000000000000, 5.000000000100000008 ) ) ;
#3197 = ORIENTED_EDGE ( 'NONE', *, *, #3442, .F. ) ;
#3198 = DIRECTION ( 'NONE',  ( 0.000000000000000000, -1.000000000000000000, 0.000000000000000000 ) ) ;
#3199 = VERTEX_POINT ( 'NONE', #2109 ) ;
#3200 = ADVANCED_FACE ( 'NONE', ( #2544 ), #1247, .F. ) ;
#3201 = VERTEX_POINT ( 'NONE', #3317 ) ;
#3202 = VERTEX_POINT ( 'NONE', #4530 ) ;
#3203 = FACE_OUTER_BOUND ( 'NONE', #2756, .T. ) ;
#3204 = CARTESIAN_POINT ( 'NONE',  ( 15.50000000000000000, 502.0000000000000000, 6.500000000000000000 ) ) ;
#3205 = EDGE_CURVE ( 'NONE', #4188, #3453, #4173, .T. ) ;
#3206 = DIRECTION ( 'NONE',  ( -1.000000000000000000, 0.000000000000000000, 0.000000000000000000 ) ) ;
#3207 = CARTESIAN_POINT ( 'NONE',  ( 5.000000000100000008, -500.0000000000000000, 16.50000000010000178 ) ) ;
#3208 = DIRECTION ( 'NONE',  ( 0.000000000000000000, -1.000000000000000000, 0.000000000000000000 ) ) ;
#3209 = DIRECTION ( 'NONE',  ( -1.000000000000000000, 0.000000000000000000, 0.000000000000000000 ) ) ;
#3210 = EDGE_CURVE ( 'NONE', #5060, #2427, #3390, .T. ) ;
#3211 = CARTESIAN_POINT ( 'NONE',  ( -9.214466100000000992, 502.0000000000000000, -7.093145749999999694 ) ) ;
#3212 = ORIENTED_EDGE ( 'NONE', *, *, #3532, .F. ) ;
#3213 = LINE ( 'NONE', #3597, #2263 ) ;
#3214 = VECTOR ( 'NONE', #18, 1000.000000000000114 ) ;
#3215 = DIRECTION ( 'NONE',  ( 0.000000000000000000, -1.000000000000000000, 0.000000000000000000 ) ) ;
#3216 = DIRECTION ( 'NONE',  ( 1.000000000000000000, 0.000000000000000000, 0.000000000000000000 ) ) ;
#3217 = VERTEX_POINT ( 'NONE', #2497 ) ;
#3218 = FACE_OUTER_BOUND ( 'NONE', #3256, .T. ) ;
#3219 = VECTOR ( 'NONE', #1700, 1000.000000000000000 ) ;
#3220 = LINE ( 'NONE', #5260, #2034 ) ;
#3221 = AXIS2_PLACEMENT_3D ( 'NONE', #3044, #253, #4221 ) ;
#3222 = VECTOR ( 'NONE', #305, 1000.000000000000000 ) ;
#3223 = FACE_OUTER_BOUND ( 'NONE', #2943, .T. ) ;
#3224 = ORIENTED_EDGE ( 'NONE', *, *, #1999, .T. ) ;
#3226 = CIRCLE ( 'NONE', #1602, 1.499999999999999556 ) ;
#3225 = CARTESIAN_POINT ( 'NONE',  ( 18.00000000000000000, 500.0000000000000000, 3.737499999999999822 ) ) ;
#3227 = VERTEX_POINT ( 'NONE', #1353 ) ;
#3228 = CIRCLE ( 'NONE', #4864, 1.500000000000001332 ) ;
#3229 = VECTOR ( 'NONE', #1131, 1000.000000000000000 ) ;
#3230 = CIRCLE ( 'NONE', #2283, 0.5000000000000004441 ) ;
#3231 = VERTEX_POINT ( 'NONE', #4118 ) ;
#3232 = EDGE_CURVE ( 'NONE', #166, #1566, #2994, .T. ) ;
#3233 = ORIENTED_EDGE ( 'NONE', *, *, #4697, .T. ) ;
#3234 = AXIS2_PLACEMENT_3D ( 'NONE', #4555, #2574, #2901 ) ;
#3235 = CARTESIAN_POINT ( 'NONE',  ( 16.77500000000000213, 502.0000000000000000, 7.000000000000000000 ) ) ;
#3236 = CIRCLE ( 'NONE', #3834, 0.4999999999999995559 ) ;
#3237 = ADVANCED_FACE ( 'NONE', ( #75 ), #4636, .F. ) ;
#3238 = AXIS2_PLACEMENT_3D ( 'NONE', #3922, #3519, #4671 ) ;
#3239 = LINE ( 'NONE', #2138, #1849 ) ;
#3240 = PLANE ( 'NONE',  #2111 ) ;
#3241 = PLANE ( 'NONE',  #2710 ) ;
#3242 = CARTESIAN_POINT ( 'NONE',  ( -5.500000000099999120, 0.000000000000000000, 20.00000000000000000 ) ) ;
#3243 = FACE_OUTER_BOUND ( 'NONE', #1385, .T. ) ;
#3244 = VECTOR ( 'NONE', #1678, 1000.000000000000000 ) ;
#3245 = EDGE_LOOP ( 'NONE', ( #4574, #1271 ) ) ;
#3246 = ORIENTED_EDGE ( 'NONE', *, *, #5183, .T. ) ;
#3247 = EDGE_CURVE ( 'NONE', #4205, #21, #1592, .T. ) ;
#3248 = DIRECTION ( 'NONE',  ( 0.000000000000000000, -1.000000000000000000, 0.000000000000000000 ) ) ;
#3249 =( NAMED_UNIT ( * ) PLANE_ANGLE_UNIT ( ) SI_UNIT ( $, .RADIAN. ) );
#3250 = PLANE ( 'NONE',  #5107 ) ;
#3251 = ORIENTED_EDGE ( 'NONE', *, *, #3769, .T. ) ;
#3252 = EDGE_CURVE ( 'NONE', #2197, #4723, #2777, .T. ) ;
#3253 = CARTESIAN_POINT ( 'NONE',  ( -14.84619406500000061, 502.0000000000000000, 10.00000000000000000 ) ) ;
#3254 = LINE ( 'NONE', #669, #3906 ) ;
#3255 = DIRECTION ( 'NONE',  ( 0.000000000000000000, 0.000000000000000000, -1.000000000000000000 ) ) ;
#3256 = EDGE_LOOP ( 'NONE', ( #4465, #2389, #4942, #3807 ) ) ;
#3257 = ORIENTED_EDGE ( 'NONE', *, *, #3047, .T. ) ;
#3258 = EDGE_CURVE ( 'NONE', #3555, #1444, #1763, .T. ) ;
#3259 = ORIENTED_EDGE ( 'NONE', *, *, #2405, .F. ) ;
#3260 = ORIENTED_EDGE ( 'NONE', *, *, #5301, .T. ) ;
#3261 = CARTESIAN_POINT ( 'NONE',  ( -15.50000000000000000, 502.0000000000000000, -5.750000000000000000 ) ) ;
#3262 = CARTESIAN_POINT ( 'NONE',  ( -18.19999999999999929, 500.0000000000000000, 12.30000000000000071 ) ) ;
#3263 = CARTESIAN_POINT ( 'NONE',  ( 7.450000000100000186, -500.0000000000000000, 17.54999999989999893 ) ) ;
#3264 = LINE ( 'NONE', #2788, #44 ) ;
#3265 = CARTESIAN_POINT ( 'NONE',  ( 17.69999999999999929, -500.0000000000000000, -11.79999999999999893 ) ) ;
#3266 = ORIENTED_EDGE ( 'NONE', *, *, #4372, .F. ) ;
#3267 = EDGE_CURVE ( 'NONE', #4577, #4294, #4233, .T. ) ;
#3268 = ORIENTED_EDGE ( 'NONE', *, *, #2254, .F. ) ;
#3269 = DIRECTION ( 'NONE',  ( 0.000000000000000000, 0.000000000000000000, -1.000000000000000000 ) ) ;
#3270 = CARTESIAN_POINT ( 'NONE',  ( -16.00000000010000178, 502.0000000000000000, -6.499999999899999992 ) ) ;
#3271 = LINE ( 'NONE', #3165, #4589 ) ;
#3272 = ORIENTED_EDGE ( 'NONE', *, *, #3573, .F. ) ;
#3273 = CARTESIAN_POINT ( 'NONE',  ( -7.499999999899999992, 502.0000000000000000, 15.49999999989999999 ) ) ;
#3274 = DIRECTION ( 'NONE',  ( -4.000029474315882345E-11, 0.000000000000000000, 1.000000000000000000 ) ) ;
#3275 = EDGE_LOOP ( 'NONE', ( #2932, #1596, #1844, #353 ) ) ;
#3276 = CARTESIAN_POINT ( 'NONE',  ( 15.50000000000000000, 500.0000000000000000, -2.875000000000000000 ) ) ;
#3277 = ORIENTED_EDGE ( 'NONE', *, *, #4526, .T. ) ;
#3278 = CARTESIAN_POINT ( 'NONE',  ( 16.00000000010000178, 500.0000000000000000, 6.499999999899999992 ) ) ;
#3279 = EDGE_CURVE ( 'NONE', #3304, #4750, #2960, .T. ) ;
#3280 = EDGE_LOOP ( 'NONE', ( #4463, #133, #2483, #3959 ) ) ;
#3281 = ORIENTED_EDGE ( 'NONE', *, *, #516, .T. ) ;
#3282 = CYLINDRICAL_SURFACE ( 'NONE', #5117, 2.499999999999998668 ) ;
#3283 = LINE ( 'NONE', #3747, #2160 ) ;
#3284 = CARTESIAN_POINT ( 'NONE',  ( -17.69999999999999929, 500.0000000000000000, 12.30000000000000071 ) ) ;
#3285 = CARTESIAN_POINT ( 'NONE',  ( -17.55000000000000071, -500.0000000000000000, 7.000000000100000008 ) ) ;
#3286 = ORIENTED_EDGE ( 'NONE', *, *, #1571, .F. ) ;
#3287 = LINE ( 'NONE', #1609, #908 ) ;
#3288 = ORIENTED_EDGE ( 'NONE', *, *, #447, .F. ) ;
#3289 = PLANE ( 'NONE',  #128 ) ;
#3290 = EDGE_CURVE ( 'NONE', #1444, #2026, #5081, .T. ) ;
#3291 = DIRECTION ( 'NONE',  ( -1.000000000000000000, 0.000000000000000000, -3.469446951953611033E-15 ) ) ;
#3292 = FACE_OUTER_BOUND ( 'NONE', #3275, .T. ) ;
#3293 = ORIENTED_EDGE ( 'NONE', *, *, #3705, .T. ) ;
#3294 = DIRECTION ( 'NONE',  ( -9.999640004920706815E-11, 0.000000000000000000, 1.000000000000000000 ) ) ;
#3295 = VECTOR ( 'NONE', #4066, 1000.000000000000000 ) ;
#3296 = LINE ( 'NONE', #4966, #2625 ) ;
#3297 = ORIENTED_EDGE ( 'NONE', *, *, #3571, .T. ) ;
#3298 = VERTEX_POINT ( 'NONE', #573 ) ;
#3299 = CIRCLE ( 'NONE', #3556, 2.500000000000000444 ) ;
#3300 = DIRECTION ( 'NONE',  ( 3.469446951953611033E-15, 0.000000000000000000, -1.000000000000000000 ) ) ;
#3301 = VECTOR ( 'NONE', #1632, 1000.000000000000114 ) ;
#3302 = AXIS2_PLACEMENT_3D ( 'NONE', #4931, #1229, #4123 ) ;
#3303 = CIRCLE ( 'NONE', #1415, 0.5000000000000004441 ) ;
#3304 = VERTEX_POINT ( 'NONE', #1810 ) ;
#3305 = ORIENTED_EDGE ( 'NONE', *, *, #4746, .T. ) ;
#3306 = DIRECTION ( 'NONE',  ( -1.000000000000000000, 0.000000000000000000, -4.000029474315882345E-11 ) ) ;
#3307 = ORIENTED_EDGE ( 'NONE', *, *, #236, .F. ) ;
#3308 = EDGE_CURVE ( 'NONE', #5136, #5088, #5184, .T. ) ;
#3309 = CIRCLE ( 'NONE', #1076, 0.5000000000000004441 ) ;
#3310 = AXIS2_PLACEMENT_3D ( 'NONE', #3498, #3868, #4378 ) ;
#3311 = AXIS2_PLACEMENT_3D ( 'NONE', #1577, #2470, #2824 ) ;
#3312 = LINE ( 'NONE', #442, #1864 ) ;
#3313 = AXIS2_PLACEMENT_3D ( 'NONE', #4043, #367, #2008 ) ;
#3314 = VECTOR ( 'NONE', #4222, 1000.000000000000000 ) ;
#3315 = CARTESIAN_POINT ( 'NONE',  ( -16.00000000000000000, -500.0000000000000000, -20.00000000000000000 ) ) ;
#3316 = LINE ( 'NONE', #4065, #1505 ) ;
#3317 = CARTESIAN_POINT ( 'NONE',  ( -18.00000000000000000, -500.0000000000000000, -7.500000000000000000 ) ) ;
#3318 = AXIS2_PLACEMENT_3D ( 'NONE', #2991, #115, #2567 ) ;
#3319 = AXIS2_PLACEMENT_3D ( 'NONE', #1132, #3543, #1102 ) ;
#3320 = CARTESIAN_POINT ( 'NONE',  ( 3.557611840000000303, -500.0000000000000000, -7.750000000000000000 ) ) ;
#3321 = CARTESIAN_POINT ( 'NONE',  ( -14.19238813000000121, 502.0000000000000000, 10.00000000000000000 ) ) ;
#3322 = PLANE ( 'NONE',  #557 ) ;
#3323 = EDGE_LOOP ( 'NONE', ( #203, #36, #2003, #2560, #286, #4111, #2378, #1965, #4312, #1963, #3858, #421, #1858, #3456, #2610, #180, #436, #361, #1100, #4774, #2106, #4840, #2956, #3151, #3486, #1554, #195, #460, #1338, #3835, #4647, #3576, #218, #861, #3777, #3003, #2665, #3277, #3724, #3997, #1048, #4091, #2069, #4754, #2767, #845, #4582, #1071, #2678, #2909, #4909, #408, #1649, #4350, #4713, #3414, #3356, #2640, #5188, #901, #3666, #1989, #881, #3787, #1975, #4036, #1448, #1617, #3147, #4377, #89, #1469, #4617, #2132, #92, #753, #1288, #1475, #692, #3925, #4769, #5109, #4053, #4739, #4140, #3884, #3305, #1014, #4428, #5074, #4206, #916, #2792, #3971, #1428, #2403, #2613, #596, #1713, #865, #4112, #506, #4991, #381, #3735, #2245, #3977, #3584, #4340, #2477, #1852, #611, #30, #1666, #3092, #2780, #511, #1526, #5138, #1040 ) ) ;
#3324 = CARTESIAN_POINT ( 'NONE',  ( -18.19999999999999929, 502.0000000000000000, 12.30000000000000071 ) ) ;
#3325 = DIRECTION ( 'NONE',  ( 0.000000000000000000, -1.000000000000000000, 0.000000000000000000 ) ) ;
#3326 = ORIENTED_EDGE ( 'NONE', *, *, #2503, .F. ) ;
#3327 = ORIENTED_EDGE ( 'NONE', *, *, #3557, .F. ) ;
#3328 = DIRECTION ( 'NONE',  ( 0.000000000000000000, -1.000000000000000000, 0.000000000000000000 ) ) ;
#3329 = ORIENTED_EDGE ( 'NONE', *, *, #3758, .F. ) ;
#3330 = EDGE_CURVE ( 'NONE', #403, #5064, #695, .T. ) ;
#3331 = DIRECTION ( 'NONE',  ( -1.999928000984143172E-10, 0.000000000000000000, 1.000000000000000000 ) ) ;
#3332 = ORIENTED_EDGE ( 'NONE', *, *, #4217, .T. ) ;
#3333 = ORIENTED_EDGE ( 'NONE', *, *, #3550, .F. ) ;
#3334 = DIRECTION ( 'NONE',  ( 0.000000000000000000, -1.000000000000000000, 0.000000000000000000 ) ) ;
#3335 = DIRECTION ( 'NONE',  ( 0.000000000000000000, -1.000000000000000000, 0.000000000000000000 ) ) ;
#3336 = ORIENTED_EDGE ( 'NONE', *, *, #944, .T. ) ;
#3337 = CARTESIAN_POINT ( 'NONE',  ( -7.499999999899999992, -500.0000000000000000, -15.49999999989999999 ) ) ;
#3338 = CARTESIAN_POINT ( 'NONE',  ( 14.19238813000000121, 502.0000000000000000, 10.00000000000000000 ) ) ;
#3339 = DIRECTION ( 'NONE',  ( 0.000000000000000000, -1.000000000000000000, 0.000000000000000000 ) ) ;
#3340 = FACE_OUTER_BOUND ( 'NONE', #2019, .T. ) ;
#3341 = ORIENTED_EDGE ( 'NONE', *, *, #1739, .T. ) ;
#3342 = DIRECTION ( 'NONE',  ( -1.000000000000000000, 0.000000000000000000, 0.000000000000000000 ) ) ;
#3343 = EDGE_CURVE ( 'NONE', #1840, #646, #1099, .T. ) ;
#3344 = EDGE_CURVE ( 'NONE', #1395, #1805, #3170, .T. ) ;
#3345 = CARTESIAN_POINT ( 'NONE',  ( 7.750000000000000000, 500.0000000000000000, -3.557611840000000303 ) ) ;
#3346 = DIRECTION ( 'NONE',  ( 0.000000000000000000, -1.000000000000000000, 0.000000000000000000 ) ) ;
#3347 = CARTESIAN_POINT ( 'NONE',  ( -11.79999999999999893, -500.0000000000000000, -12.30000000000000071 ) ) ;
#3348 = ORIENTED_EDGE ( 'NONE', *, *, #3086, .T. ) ;
#3349 = CARTESIAN_POINT ( 'NONE',  ( -5.000000000000000000, 502.0000000000000000, -15.50000000000000000 ) ) ;
#3350 = CARTESIAN_POINT ( 'NONE',  ( 6.500000000000000000, 502.0000000000000000, -15.50000000000000000 ) ) ;
#3351 = VERTEX_POINT ( 'NONE', #1398 ) ;
#3352 = CARTESIAN_POINT ( 'NONE',  ( -15.50000000010000001, 500.0000000000000000, 6.500000000000000000 ) ) ;
#3353 = VECTOR ( 'NONE', #1267, 1000.000000000000000 ) ;
#3354 = DIRECTION ( 'NONE',  ( -1.000000000000000000, 0.000000000000000000, 0.000000000000000000 ) ) ;
#3355 = EDGE_LOOP ( 'NONE', ( #4999, #420, #1360, #2236 ) ) ;
#3356 = ORIENTED_EDGE ( 'NONE', *, *, #2463, .T. ) ;
#3357 = EDGE_CURVE ( 'NONE', #1474, #2295, #5239, .T. ) ;
#3358 = DIRECTION ( 'NONE',  ( 0.000000000000000000, 0.000000000000000000, 1.000000000000000000 ) ) ;
#3359 = CARTESIAN_POINT ( 'NONE',  ( -18.19999999999999929, -500.0000000000000000, -7.074999999999999289 ) ) ;
#3360 = ORIENTED_EDGE ( 'NONE', *, *, #3210, .F. ) ;
#3361 = EDGE_CURVE ( 'NONE', #1638, #940, #3849, .T. ) ;
#3362 = FACE_OUTER_BOUND ( 'NONE', #2827, .T. ) ;
#3363 = LINE ( 'NONE', #4141, #1780 ) ;
#3364 = ADVANCED_FACE ( 'NONE', ( #3822 ), #1561, .F. ) ;
#3365 = ORIENTED_EDGE ( 'NONE', *, *, #3769, .F. ) ;
#3366 = CYLINDRICAL_SURFACE ( 'NONE', #1759, 4.000000000000000000 ) ;
#3367 = DIRECTION ( 'NONE',  ( 0.000000000000000000, 1.000000000000000000, 0.000000000000000000 ) ) ;
#3368 = CARTESIAN_POINT ( 'NONE',  ( 4.000000000000000000, 500.0000000000000000, 8.750000000000000000 ) ) ;
#3369 = ORIENTED_EDGE ( 'NONE', *, *, #4128, .F. ) ;
#3370 = ADVANCED_FACE ( 'NONE', ( #2186 ), #3016, .T. ) ;
#3371 = DIRECTION ( 'NONE',  ( 0.000000000000000000, 0.000000000000000000, -1.000000000000000000 ) ) ;
#3372 = VERTEX_POINT ( 'NONE', #1938 ) ;
#3373 = DIRECTION ( 'NONE',  ( 0.000000000000000000, 1.000000000000000000, 0.000000000000000000 ) ) ;
#3374 = EDGE_LOOP ( 'NONE', ( #1025, #4410, #3993, #3690 ) ) ;
#3375 = VERTEX_POINT ( 'NONE', #173 ) ;
#3376 = EDGE_CURVE ( 'NONE', #456, #800, #1158, .T. ) ;
#3377 = CARTESIAN_POINT ( 'NONE',  ( 12.30000000000000071, 500.0000000000000000, 11.79999999999999893 ) ) ;
#3378 = AXIS2_PLACEMENT_3D ( 'NONE', #715, #4830, #4906 ) ;
#3379 = CARTESIAN_POINT ( 'NONE',  ( 5.453265446878639698E-16, 500.0000000000000000, -7.750000000000000000 ) ) ;
#3380 = ORIENTED_EDGE ( 'NONE', *, *, #9, .F. ) ;
#3381 = ORIENTED_EDGE ( 'NONE', *, *, #26, .F. ) ;
#3382 = LINE ( 'NONE', #1369, #3482 ) ;
#3384 = AXIS2_PLACEMENT_3D ( 'NONE', #332, #3605, #541 ) ;
#3383 = CARTESIAN_POINT ( 'NONE',  ( 3.737499999999999822, 500.0000000000000000, 18.00000000000000000 ) ) ;
#3385 = VERTEX_POINT ( 'NONE', #1129 ) ;
#3386 = EDGE_CURVE ( 'NONE', #3000, #4642, #5059, .T. ) ;
#3387 = CIRCLE ( 'NONE', #5021, 2.499999999999998668 ) ;
#3388 = ORIENTED_EDGE ( 'NONE', *, *, #1560, .F. ) ;
#3389 = DIRECTION ( 'NONE',  ( 0.000000000000000000, -1.000000000000000000, 0.000000000000000000 ) ) ;
#3390 = LINE ( 'NONE', #5036, #4074 ) ;
#3391 = ORIENTED_EDGE ( 'NONE', *, *, #1643, .T. ) ;
#3392 = CIRCLE ( 'NONE', #398, 0.5000000000000004441 ) ;
#3393 = CARTESIAN_POINT ( 'NONE',  ( 20.00000000000000000, -500.0000000000000000, 5.500000000000000000 ) ) ;
#3394 = AXIS2_PLACEMENT_3D ( 'NONE', #4203, #3775, #3367 ) ;
#3395 = EDGE_CURVE ( 'NONE', #2493, #1555, #4653, .T. ) ;
#3396 = CIRCLE ( 'NONE', #2812, 0.5000000000000004441 ) ;
#3397 = VECTOR ( 'NONE', #3328, 1000.000000000000000 ) ;
#3398 = VECTOR ( 'NONE', #2679, 1000.000000000000000 ) ;
#3399 = CARTESIAN_POINT ( 'NONE',  ( 12.30000000000000071, 502.0000000000000000, -11.79999999999999893 ) ) ;
#3400 = LINE ( 'NONE', #3425, #3050 ) ;
#3401 = VERTEX_POINT ( 'NONE', #3540 ) ;
#3402 = AXIS2_PLACEMENT_3D ( 'NONE', #385, #2029, #2381 ) ;
#3403 = EDGE_CURVE ( 'NONE', #1002, #813, #2715, .T. ) ;
#3404 = EDGE_CURVE ( 'NONE', #3199, #171, #3387, .T. ) ;
#3405 = ORIENTED_EDGE ( 'NONE', *, *, #1058, .F. ) ;
#3406 = EDGE_CURVE ( 'NONE', #5257, #1363, #435, .T. ) ;
#3407 = VECTOR ( 'NONE', #2779, 1000.000000000000000 ) ;
#3408 = CARTESIAN_POINT ( 'NONE',  ( -5.500000000099999120, 500.0000000000000000, 18.49999999990000177 ) ) ;
#3409 = ORIENTED_EDGE ( 'NONE', *, *, #2349, .F. ) ;
#3410 = DIRECTION ( 'NONE',  ( 0.000000000000000000, -1.000000000000000000, 0.000000000000000000 ) ) ;
#3411 = PRODUCT_DEFINITION_FORMATION_WITH_SPECIFIED_SOURCE ( 'ANY', '', #2647, .NOT_KNOWN. ) ;
#3412 = PLANE ( 'NONE',  #1599 ) ;
#3413 = ADVANCED_FACE ( 'NONE', ( #2022 ), #357, .F. ) ;
#3414 = ORIENTED_EDGE ( 'NONE', *, *, #194, .T. ) ;
#3415 = VERTEX_POINT ( 'NONE', #761 ) ;
#3416 = ADVANCED_FACE ( 'NONE', ( #4126 ), #2880, .F. ) ;
#3417 = CARTESIAN_POINT ( 'NONE',  ( 11.79999999999999893, -500.0000000000000000, -17.69999999999999929 ) ) ;
#3418 = DIRECTION ( 'NONE',  ( 0.000000000000000000, -1.000000000000000000, 0.000000000000000000 ) ) ;
#3419 = ORIENTED_EDGE ( 'NONE', *, *, #3404, .F. ) ;
#3420 = LINE ( 'NONE', #2993, #3048 ) ;
#3421 = CARTESIAN_POINT ( 'NONE',  ( 16.50000000000000000, 502.0000000000000000, -4.000000000100000008 ) ) ;
#3422 = CARTESIAN_POINT ( 'NONE',  ( -12.30000000000000071, -500.0000000000000000, -17.69999999999999929 ) ) ;
#3423 = CARTESIAN_POINT ( 'NONE',  ( 15.50000000000000000, -500.0000000000000000, 9.999999999899998215 ) ) ;
#3424 = CARTESIAN_POINT ( 'NONE',  ( -16.00000000000000000, 502.0000000000000000, -16.00000000000000000 ) ) ;
#3425 = CARTESIAN_POINT ( 'NONE',  ( -17.69999999999999929, 502.0000000000000000, -11.79999999999999893 ) ) ;
#3426 = ORIENTED_EDGE ( 'NONE', *, *, #2083, .T. ) ;
#3427 = ADVANCED_FACE ( 'NONE', ( #7 ), #4541, .F. ) ;
#3428 = FACE_OUTER_BOUND ( 'NONE', #2168, .T. ) ;
#3429 = ORIENTED_EDGE ( 'NONE', *, *, #1466, .T. ) ;
#3430 = EDGE_CURVE ( 'NONE', #2709, #3460, #1283, .T. ) ;
#3431 = DIRECTION ( 'NONE',  ( 0.000000000000000000, -1.000000000000000000, 0.000000000000000000 ) ) ;
#3432 = ORIENTED_EDGE ( 'NONE', *, *, #2499, .F. ) ;
#3433 = DIRECTION ( 'NONE',  ( -1.000000000000000000, 0.000000000000000000, -1.999928000984143172E-10 ) ) ;
#3434 = EDGE_CURVE ( 'NONE', #323, #1926, #217, .T. ) ;
#3435 = LINE ( 'NONE', #3108, #4599 ) ;
#3436 = ORIENTED_EDGE ( 'NONE', *, *, #3967, .F. ) ;
#3437 = VERTEX_POINT ( 'NONE', #2482 ) ;
#3438 = DIRECTION ( 'NONE',  ( 0.000000000000000000, 1.000000000000000000, 0.000000000000000000 ) ) ;
#3439 = CARTESIAN_POINT ( 'NONE',  ( -7.093145749999999694, 502.0000000000000000, 9.214466100000000992 ) ) ;
#3440 = ORIENTED_EDGE ( 'NONE', *, *, #3668, .F. ) ;
#3441 = CIRCLE ( 'NONE', #1382, 0.5000000000000004441 ) ;
#3442 = EDGE_CURVE ( 'NONE', #4932, #512, #56, .T. ) ;
#3443 = EDGE_CURVE ( 'NONE', #3201, #3217, #3296, .T. ) ;
#3444 = DIRECTION ( 'NONE',  ( 0.000000000000000000, 1.000000000000000000, 0.000000000000000000 ) ) ;
#3445 = LINE ( 'NONE', #2965, #3135 ) ;
#3446 = CARTESIAN_POINT ( 'NONE',  ( -10.65685425999999936, 502.0000000000000000, 8.535533909999999835 ) ) ;
#3447 = DIRECTION ( 'NONE',  ( 0.000000000000000000, -1.000000000000000000, 0.000000000000000000 ) ) ;
#3448 = LINE ( 'NONE', #3049, #724 ) ;
#3449 = CARTESIAN_POINT ( 'NONE',  ( 20.00000000000000000, 500.0000000000000000, 16.00000000000000000 ) ) ;
#3450 = VERTEX_POINT ( 'NONE', #416 ) ;
#3451 = ADVANCED_FACE ( 'NONE', ( #29 ), #1665, .T. ) ;
#3452 = DIRECTION ( 'NONE',  ( 0.000000000000000000, -1.000000000000000000, 0.000000000000000000 ) ) ;
#3453 = VERTEX_POINT ( 'NONE', #5261 ) ;
#3454 = DIRECTION ( 'NONE',  ( 0.000000000000000000, 0.000000000000000000, 1.000000000000000000 ) ) ;
#3455 = DIRECTION ( 'NONE',  ( 0.000000000000000000, -1.000000000000000000, 0.000000000000000000 ) ) ;
#3456 = ORIENTED_EDGE ( 'NONE', *, *, #236, .T. ) ;
#3457 = EDGE_CURVE ( 'NONE', #4212, #4269, #4938, .T. ) ;
#3458 = FACE_OUTER_BOUND ( 'NONE', #4486, .T. ) ;
#3459 = CARTESIAN_POINT ( 'NONE',  ( 6.499999999899999992, 502.0000000000000000, 16.00000000010000178 ) ) ;
#3460 = VERTEX_POINT ( 'NONE', #2424 ) ;
#3461 = ORIENTED_EDGE ( 'NONE', *, *, #3882, .F. ) ;
#3462 = DIRECTION ( 'NONE',  ( 1.000000000000000000, 0.000000000000000000, 9.999813477268295448E-11 ) ) ;
#3463 = DIRECTION ( 'NONE',  ( 0.7071067825525400030, 0.000000000000000000, 0.7071067798205549204 ) ) ;
#3464 = ORIENTED_EDGE ( 'NONE', *, *, #5116, .F. ) ;
#3465 = VECTOR ( 'NONE', #4026, 1000.000000000000000 ) ;
#3466 = VECTOR ( 'NONE', #820, 1000.000000000000000 ) ;
#3467 = CARTESIAN_POINT ( 'NONE',  ( -3.557611826337780503, -500.0000000000000000, 12.75000002847990110 ) ) ;
#3468 = ORIENTED_EDGE ( 'NONE', *, *, #317, .F. ) ;
#3469 = ADVANCED_FACE ( 'NONE', ( #3223 ), #2052, .F. ) ;
#3470 = DIRECTION ( 'NONE',  ( 1.000000000000000000, 0.000000000000000000, 3.469446951953611033E-15 ) ) ;
#3471 = AXIS2_PLACEMENT_3D ( 'NONE', #2009, #5306, #4955 ) ;
#3472 = CARTESIAN_POINT ( 'NONE',  ( -10.00000000000000000, -500.0000000000000000, 14.19238813000000121 ) ) ;
#3473 = CIRCLE ( 'NONE', #3989, 4.999999962794540842 ) ;
#3474 = CIRCLE ( 'NONE', #4160, 4.999999869901410321 ) ;
#3475 = CARTESIAN_POINT ( 'NONE',  ( 3.399999999999999911, 0.000000000000000000, -4.163799117100999573E-16 ) ) ;
#3476 = DIRECTION ( 'NONE',  ( 1.000000000000000000, 0.000000000000000000, 0.000000000000000000 ) ) ;
#3477 = VECTOR ( 'NONE', #3964, 1000.000000000000000 ) ;
#3478 = CARTESIAN_POINT ( 'NONE',  ( 17.69999999999999929, -500.0000000000000000, 11.79999999999999893 ) ) ;
#3479 = VERTEX_POINT ( 'NONE', #4872 ) ;
#3480 = EDGE_CURVE ( 'NONE', #4978, #3555, #4460, .T. ) ;
#3481 = CIRCLE ( 'NONE', #4004, 5.000000028479869130 ) ;
#3482 = VECTOR ( 'NONE', #3788, 1000.000000000000000 ) ;
#3483 = AXIS2_PLACEMENT_3D ( 'NONE', #3487, #3163, #4802 ) ;
#3484 = VECTOR ( 'NONE', #2039, 1000.000000000000000 ) ;
#3485 = CARTESIAN_POINT ( 'NONE',  ( -18.00000000000000000, 502.0000000000000000, -7.474999999999999645 ) ) ;
#3486 = ORIENTED_EDGE ( 'NONE', *, *, #2433, .T. ) ;
#3487 = CARTESIAN_POINT ( 'NONE',  ( 16.50000000010000178, -500.0000000000000000, -5.000000000100000008 ) ) ;
#3488 = VECTOR ( 'NONE', #910, 1000.000000000000000 ) ;
#3489 = LINE ( 'NONE', #3565, #3994 ) ;
#3490 = VERTEX_POINT ( 'NONE', #4894 ) ;
#3491 = AXIS2_PLACEMENT_3D ( 'NONE', #2843, #3180, #704 ) ;
#3492 = FACE_OUTER_BOUND ( 'NONE', #4895, .T. ) ;
#3493 = CARTESIAN_POINT ( 'NONE',  ( 8.387500000000001066, 500.0000000000000000, 7.000000000000000000 ) ) ;
#3494 = VECTOR ( 'NONE', #4319, 1000.000000000000000 ) ;
#3495 = ORIENTED_EDGE ( 'NONE', *, *, #1361, .T. ) ;
#3496 = VERTEX_POINT ( 'NONE', #5296 ) ;
#3497 = ORIENTED_EDGE ( 'NONE', *, *, #454, .F. ) ;
#3498 = CARTESIAN_POINT ( 'NONE',  ( -7.450000000100000186, -500.0000000000000000, 17.54999999989999893 ) ) ;
#3499 = CARTESIAN_POINT ( 'NONE',  ( 14.19238814645449942, 502.0000000000000000, -5.000000037205460046 ) ) ;
#3500 = ORIENTED_EDGE ( 'NONE', *, *, #3968, .F. ) ;
#3501 = ORIENTED_EDGE ( 'NONE', *, *, #5147, .T. ) ;
#3502 = ORIENTED_EDGE ( 'NONE', *, *, #2217, .F. ) ;
#3503 = CARTESIAN_POINT ( 'NONE',  ( 11.79999999999999893, 502.0000000000000000, -17.69999999999999929 ) ) ;
#3504 = LINE ( 'NONE', #5169, #1610 ) ;
#3505 = DIRECTION ( 'NONE',  ( 0.000000000000000000, -1.000000000000000000, 0.000000000000000000 ) ) ;
#3506 = CARTESIAN_POINT ( 'NONE',  ( -7.450000000100000186, -500.0000000000000000, -17.54999999989999893 ) ) ;
#3507 = EDGE_LOOP ( 'NONE', ( #1701, #5189, #1450, #2989 ) ) ;
#3508 = ADVANCED_FACE ( 'NONE', ( #1211 ), #4482, .F. ) ;
#3509 = EDGE_CURVE ( 'NONE', #2181, #4071, #4643, .T. ) ;
#3510 = LINE ( 'NONE', #202, #1186 ) ;
#3511 = ORIENTED_EDGE ( 'NONE', *, *, #2323, .F. ) ;
#3512 = DIRECTION ( 'NONE',  ( 0.000000000000000000, 0.000000000000000000, 1.000000000000000000 ) ) ;
#3513 = DIRECTION ( 'NONE',  ( 0.000000000000000000, 0.000000000000000000, -1.000000000000000000 ) ) ;
#3514 = ORIENTED_EDGE ( 'NONE', *, *, #4464, .T. ) ;
#3515 = CARTESIAN_POINT ( 'NONE',  ( -15.49999999989999999, 500.0000000000000000, -7.499999999899999992 ) ) ;
#3516 = CYLINDRICAL_SURFACE ( 'NONE', #826, 5.000000028479869130 ) ;
#3517 = ORIENTED_EDGE ( 'NONE', *, *, #4381, .T. ) ;
#3518 = FACE_OUTER_BOUND ( 'NONE', #25, .T. ) ;
#3519 = DIRECTION ( 'NONE',  ( 0.000000000000000000, 1.000000000000000000, 0.000000000000000000 ) ) ;
#3520 = ORIENTED_EDGE ( 'NONE', *, *, #86, .F. ) ;
#3521 = EDGE_LOOP ( 'NONE', ( #1628, #2093, #2284, #4914 ) ) ;
#3522 = ORIENTED_EDGE ( 'NONE', *, *, #2433, .F. ) ;
#3523 = EDGE_CURVE ( 'NONE', #3645, #3579, #3131, .T. ) ;
#3524 = ORIENTED_EDGE ( 'NONE', *, *, #1316, .F. ) ;
#3525 = CYLINDRICAL_SURFACE ( 'NONE', #3491, 0.4499999999999990119 ) ;
#3526 = LINE ( 'NONE', #1355, #3314 ) ;
#3527 = DIRECTION ( 'NONE',  ( 0.000000000000000000, 0.000000000000000000, -1.000000000000000000 ) ) ;
#3528 = FACE_OUTER_BOUND ( 'NONE', #1257, .T. ) ;
#3529 = CARTESIAN_POINT ( 'NONE',  ( 16.00000000000000000, 500.0000000000000000, 16.00000000000000000 ) ) ;
#3530 = CARTESIAN_POINT ( 'NONE',  ( 10.65685425999999936, 502.0000000000000000, 8.535533909999999835 ) ) ;
#3531 = ORIENTED_EDGE ( 'NONE', *, *, #2293, .T. ) ;
#3532 = EDGE_CURVE ( 'NONE', #475, #754, #2928, .T. ) ;
#3533 = CARTESIAN_POINT ( 'NONE',  ( 7.450000000000000178, -500.0000000000000000, -17.99999999990000177 ) ) ;
#3534 = FACE_OUTER_BOUND ( 'NONE', #417, .T. ) ;
#3535 = CARTESIAN_POINT ( 'NONE',  ( -16.00000000010000178, -500.0000000000000000, -6.499999999899999992 ) ) ;
#3536 = ORIENTED_EDGE ( 'NONE', *, *, #422, .T. ) ;
#3537 = EDGE_CURVE ( 'NONE', #2085, #4077, #5068, .T. ) ;
#3538 = CYLINDRICAL_SURFACE ( 'NONE', #2711, 1.500000000000001332 ) ;
#3539 = DIRECTION ( 'NONE',  ( 0.000000000000000000, -1.000000000000000000, 0.000000000000000000 ) ) ;
#3540 = CARTESIAN_POINT ( 'NONE',  ( 9.214466100000000992, -500.0000000000000000, 7.093145749999999694 ) ) ;
#3541 = ORIENTED_EDGE ( 'NONE', *, *, #433, .T. ) ;
#3542 = CARTESIAN_POINT ( 'NONE',  ( -18.49999999990000177, 502.0000000000000000, -5.500000000099999120 ) ) ;
#3543 = DIRECTION ( 'NONE',  ( 0.000000000000000000, 1.000000000000000000, 0.000000000000000000 ) ) ;
#3544 = ORIENTED_EDGE ( 'NONE', *, *, #1668, .T. ) ;
#3545 = ORIENTED_EDGE ( 'NONE', *, *, #3343, .F. ) ;
#3546 = ORIENTED_EDGE ( 'NONE', *, *, #3252, .F. ) ;
#3548 = AXIS2_PLACEMENT_3D ( 'NONE', #2685, #2218, #1089 ) ;
#3547 = CARTESIAN_POINT ( 'NONE',  ( -3.737499999999999822, 500.0000000000000000, 18.00000000000000000 ) ) ;
#3549 = DIRECTION ( 'NONE',  ( 0.000000000000000000, -1.000000000000000000, 0.000000000000000000 ) ) ;
#3550 = EDGE_CURVE ( 'NONE', #3945, #3201, #3780, .T. ) ;
#3551 = VECTOR ( 'NONE', #2897, 1000.000000000000000 ) ;
#3552 = DIRECTION ( 'NONE',  ( 1.000000000000000000, 0.000000000000000000, 9.999813477268295448E-11 ) ) ;
#3553 = CARTESIAN_POINT ( 'NONE',  ( 11.79999999999999893, 500.0000000000000000, 12.30000000000000071 ) ) ;
#3554 = DIRECTION ( 'NONE',  ( 1.040462578258159729E-08, 0.000000000000000000, 1.000000000000000000 ) ) ;
#3555 = VERTEX_POINT ( 'NONE', #880 ) ;
#3556 = AXIS2_PLACEMENT_3D ( 'NONE', #2126, #5047, #2527 ) ;
#3557 = EDGE_CURVE ( 'NONE', #3948, #4188, #5279, .T. ) ;
#3558 = VECTOR ( 'NONE', #2444, 1000.000000000000000 ) ;
#3559 = AXIS2_PLACEMENT_3D ( 'NONE', #877, #2501, #1692 ) ;
#3560 = ORIENTED_EDGE ( 'NONE', *, *, #2717, .T. ) ;
#3561 = DIRECTION ( 'NONE',  ( 0.000000000000000000, 1.000000000000000000, 0.000000000000000000 ) ) ;
#3562 = ORIENTED_EDGE ( 'NONE', *, *, #3084, .T. ) ;
#3563 = AXIS2_PLACEMENT_3D ( 'NONE', #2945, #1302, #4584 ) ;
#3564 = DIRECTION ( 'NONE',  ( 0.000000000000000000, -1.000000000000000000, 0.000000000000000000 ) ) ;
#3565 = CARTESIAN_POINT ( 'NONE',  ( 18.50000000000000000, 502.0000000000000000, 4.000000000100000008 ) ) ;
#3566 = DIRECTION ( 'NONE',  ( 0.000000000000000000, 1.000000000000000000, 0.000000000000000000 ) ) ;
#3567 = AXIS2_PLACEMENT_3D ( 'NONE', #3087, #1043, #2694 ) ;
#3568 = VECTOR ( 'NONE', #5000, 1000.000000000000000 ) ;
#3569 = LINE ( 'NONE', #5212, #3654 ) ;
#3570 = AXIS2_PLACEMENT_3D ( 'NONE', #4735, #2267, #1835 ) ;
#3571 = EDGE_CURVE ( 'NONE', #1269, #3375, #3731, .T. ) ;
#3572 = DIRECTION ( 'NONE',  ( 1.000000000000000000, 0.000000000000000000, 0.000000000000000000 ) ) ;
#3573 = EDGE_CURVE ( 'NONE', #512, #4166, #2949, .T. ) ;
#3574 = VECTOR ( 'NONE', #2262, 1000.000000000000000 ) ;
#3575 = DIRECTION ( 'NONE',  ( 0.000000000000000000, -1.000000000000000000, 0.000000000000000000 ) ) ;
#3576 = ORIENTED_EDGE ( 'NONE', *, *, #1507, .T. ) ;
#3577 = DIRECTION ( 'NONE',  ( 0.000000000000000000, 1.000000000000000000, 0.000000000000000000 ) ) ;
#3578 = FACE_OUTER_BOUND ( 'NONE', #2071, .T. ) ;
#3579 = VERTEX_POINT ( 'NONE', #586 ) ;
#3580 = ORIENTED_EDGE ( 'NONE', *, *, #165, .F. ) ;
#3581 = EDGE_CURVE ( 'NONE', #3460, #1178, #3299, .T. ) ;
#3582 = ORIENTED_EDGE ( 'NONE', *, *, #1990, .T. ) ;
#3583 = ADVANCED_FACE ( 'NONE', ( #3759 ), #4152, .F. ) ;
#3584 = ORIENTED_EDGE ( 'NONE', *, *, #2854, .T. ) ;
#3585 = VECTOR ( 'NONE', #144, 1000.000000000000000 ) ;
#3586 = CARTESIAN_POINT ( 'NONE',  ( -4.000000000000000000, -500.0000000000000000, -18.50000000000000000 ) ) ;
#3587 = CARTESIAN_POINT ( 'NONE',  ( 15.49999999989999999, 502.0000000000000000, -7.499999999899999992 ) ) ;
#3588 = EDGE_CURVE ( 'NONE', #696, #663, #1307, .T. ) ;
#3589 = DIRECTION ( 'NONE',  ( 0.000000000000000000, 1.000000000000000000, 0.000000000000000000 ) ) ;
#3590 = LINE ( 'NONE', #3475, #1937 ) ;
#3591 = CARTESIAN_POINT ( 'NONE',  ( 10.00000000000000000, -500.0000000000000000, -7.423097032500000303 ) ) ;
#3592 = DIRECTION ( 'NONE',  ( 0.000000000000000000, 1.000000000000000000, 0.000000000000000000 ) ) ;
#3593 = EDGE_LOOP ( 'NONE', ( #3634, #35, #141, #5027 ) ) ;
#3594 = ORIENTED_EDGE ( 'NONE', *, *, #2293, .F. ) ;
#3595 = DIRECTION ( 'NONE',  ( 0.000000000000000000, -1.000000000000000000, 0.000000000000000000 ) ) ;
#3596 = ORIENTED_EDGE ( 'NONE', *, *, #2260, .T. ) ;
#3597 = CARTESIAN_POINT ( 'NONE',  ( 3.557611840000000303, 502.0000000000000000, 7.750000000000000000 ) ) ;
#3598 = ADVANCED_FACE ( 'NONE', ( #4266 ), #3026, .F. ) ;
#3599 = CARTESIAN_POINT ( 'NONE',  ( 14.19238814645449942, -500.0000000000000000, -5.000000037205460046 ) ) ;
#3600 = CARTESIAN_POINT ( 'NONE',  ( -17.69999999999999929, -500.0000000000000000, 11.79999999999999893 ) ) ;
#3601 = ORIENTED_EDGE ( 'NONE', *, *, #5040, .F. ) ;
#3602 = LINE ( 'NONE', #805, #3558 ) ;
#3603 = DIRECTION ( 'NONE',  ( 0.000000000000000000, 0.000000000000000000, -1.000000000000000000 ) ) ;
#3604 = EDGE_CURVE ( 'NONE', #1239, #4287, #4207, .T. ) ;
#3605 = DIRECTION ( 'NONE',  ( 0.000000000000000000, -1.000000000000000000, 0.000000000000000000 ) ) ;
#3606 = ORIENTED_EDGE ( 'NONE', *, *, #4178, .T. ) ;
#3607 = DIRECTION ( 'NONE',  ( 2.222200047431583316E-10, 0.000000000000000000, -1.000000000000000000 ) ) ;
#3608 = ORIENTED_EDGE ( 'NONE', *, *, #4151, .F. ) ;
#3609 = EDGE_CURVE ( 'NONE', #3052, #4750, #554, .T. ) ;
#3610 = VERTEX_POINT ( 'NONE', #985 ) ;
#3611 = ORIENTED_EDGE ( 'NONE', *, *, #1243, .F. ) ;
#3612 = PLANE ( 'NONE',  #2042 ) ;
#3613 = EDGE_CURVE ( 'NONE', #1748, #3965, #2226, .T. ) ;
#3614 = DIRECTION ( 'NONE',  ( 0.000000000000000000, 0.000000000000000000, 1.000000000000000000 ) ) ;
#3615 = DIRECTION ( 'NONE',  ( 0.000000000000000000, 0.000000000000000000, -1.000000000000000000 ) ) ;
#3616 = LINE ( 'NONE', #3184, #3466 ) ;
#3617 = DIRECTION ( 'NONE',  ( 0.000000000000000000, -1.000000000000000000, 0.000000000000000000 ) ) ;
#3618 = PLANE ( 'NONE',  #1704 ) ;
#3619 = ORIENTED_EDGE ( 'NONE', *, *, #4987, .T. ) ;
#3620 = DIRECTION ( 'NONE',  ( 0.000000000000000000, 0.000000000000000000, -1.000000000000000000 ) ) ;
#3621 = FACE_OUTER_BOUND ( 'NONE', #4424, .T. ) ;
#3622 = ORIENTED_EDGE ( 'NONE', *, *, #4067, .F. ) ;
#3623 = ORIENTED_EDGE ( 'NONE', *, *, #4056, .F. ) ;
#3624 = CARTESIAN_POINT ( 'NONE',  ( -5.000000000100000008, -500.0000000000000000, 16.50000000010000178 ) ) ;
#3625 = EDGE_CURVE ( 'NONE', #2133, #3217, #2643, .T. ) ;
#3626 = CARTESIAN_POINT ( 'NONE',  ( 6.499999999899999992, 502.0000000000000000, -16.00000000010000178 ) ) ;
#3627 = EDGE_LOOP ( 'NONE', ( #4875, #1524, #2842, #889 ) ) ;
#3628 = EDGE_CURVE ( 'NONE', #3756, #663, #1337, .T. ) ;
#3629 = DIRECTION ( 'NONE',  ( 0.000000000000000000, 0.000000000000000000, 1.000000000000000000 ) ) ;
#3630 = VERTEX_POINT ( 'NONE', #5094 ) ;
#3631 = DIRECTION ( 'NONE',  ( 0.000000000000000000, 0.000000000000000000, 1.000000000000000000 ) ) ;
#3632 = ORIENTED_EDGE ( 'NONE', *, *, #5012, .F. ) ;
#3633 = CARTESIAN_POINT ( 'NONE',  ( -20.00000000000000000, 500.0000000000000000, -16.00000000000000000 ) ) ;
#3634 = ORIENTED_EDGE ( 'NONE', *, *, #1012, .F. ) ;
#3635 = VERTEX_POINT ( 'NONE', #529 ) ;
#3636 = CARTESIAN_POINT ( 'NONE',  ( -11.79999999999999893, -500.0000000000000000, 7.500000000000000000 ) ) ;
#3637 = CYLINDRICAL_SURFACE ( 'NONE', #4686, 2.499999999999998668 ) ;
#3638 = EDGE_CURVE ( 'NONE', #867, #2415, #4623, .T. ) ;
#3639 = EDGE_CURVE ( 'NONE', #1224, #3779, #4240, .T. ) ;
#3640 = DIRECTION ( 'NONE',  ( 0.000000000000000000, -1.000000000000000000, 0.000000000000000000 ) ) ;
#3641 = CARTESIAN_POINT ( 'NONE',  ( -16.00000000000000000, 500.0000000000000000, -16.00000000000000000 ) ) ;
#3642 = CARTESIAN_POINT ( 'NONE',  ( 3.557611840000000303, 502.0000000000000000, -7.750000000000000000 ) ) ;
#3643 = CARTESIAN_POINT ( 'NONE',  ( -3.737499999999999822, -500.0000000000000000, -18.00000000000000000 ) ) ;
#3644 = CIRCLE ( 'NONE', #812, 4.000000000000000000 ) ;
#3645 = VERTEX_POINT ( 'NONE', #2667 ) ;
#3646 = ORIENTED_EDGE ( 'NONE', *, *, #1372, .F. ) ;
#3647 = CARTESIAN_POINT ( 'NONE',  ( 15.50000000000000000, 502.0000000000000000, 9.999999999899998215 ) ) ;
#3648 = ADVANCED_FACE ( 'NONE', ( #1123 ), #3164, .F. ) ;
#3649 = VECTOR ( 'NONE', #4403, 1000.000000000000000 ) ;
#3650 = DIRECTION ( 'NONE',  ( 6.666657966410603605E-11, 0.000000000000000000, -1.000000000000000000 ) ) ;
#3651 = ORIENTED_EDGE ( 'NONE', *, *, #259, .F. ) ;
#3652 = ORIENTED_EDGE ( 'NONE', *, *, #2349, .T. ) ;
#3653 = FACE_OUTER_BOUND ( 'NONE', #4404, .T. ) ;
#3654 = VECTOR ( 'NONE', #1533, 1000.000000000000000 ) ;
#3655 = VECTOR ( 'NONE', #2200, 1000.000000000000000 ) ;
#3656 = DIRECTION ( 'NONE',  ( 0.000000000000000000, -1.000000000000000000, 0.000000000000000000 ) ) ;
#3657 = VECTOR ( 'NONE', #4611, 1000.000000000000000 ) ;
#3658 = VECTOR ( 'NONE', #648, 1000.000000000000000 ) ;
#3659 = DIRECTION ( 'NONE',  ( 0.000000000000000000, -1.000000000000000000, 0.000000000000000000 ) ) ;
#3660 = ORIENTED_EDGE ( 'NONE', *, *, #5155, .F. ) ;
#3661 = VECTOR ( 'NONE', #1206, 1000.000000000000000 ) ;
#3662 = VERTEX_POINT ( 'NONE', #4398 ) ;
#3663 = AXIS2_PLACEMENT_3D ( 'NONE', #254, #3930, #5225 ) ;
#3664 = AXIS2_PLACEMENT_3D ( 'NONE', #2007, #5272, #862 ) ;
#3665 = VECTOR ( 'NONE', #709, 1000.000000000000000 ) ;
#3666 = ORIENTED_EDGE ( 'NONE', *, *, #3803, .T. ) ;
#3667 = ORIENTED_EDGE ( 'NONE', *, *, #2091, .T. ) ;
#3668 = EDGE_CURVE ( 'NONE', #2782, #642, #1967, .T. ) ;
#3669 = VECTOR ( 'NONE', #3527, 1000.000000000000000 ) ;
#3670 = CARTESIAN_POINT ( 'NONE',  ( 7.499999999899999992, -500.0000000000000000, -15.49999999989999999 ) ) ;
#3671 = AXIS2_PLACEMENT_3D ( 'NONE', #1543, #4093, #1168 ) ;
#3672 = CIRCLE ( 'NONE', #4349, 0.5000000000000004441 ) ;
#3673 = DIRECTION ( 'NONE',  ( 0.000000000000000000, 1.000000000000000000, 0.000000000000000000 ) ) ;
#3674 = PLANE ( 'NONE',  #4849 ) ;
#3675 = DIRECTION ( 'NONE',  ( 0.000000000000000000, 1.000000000000000000, 0.000000000000000000 ) ) ;
#3676 = FACE_OUTER_BOUND ( 'NONE', #383, .T. ) ;
#3677 = ORIENTED_EDGE ( 'NONE', *, *, #3006, .T. ) ;
#3678 = FACE_OUTER_BOUND ( 'NONE', #4320, .T. ) ;
#3679 = EDGE_CURVE ( 'NONE', #907, #1239, #717, .T. ) ;
#3680 = DIRECTION ( 'NONE',  ( 1.000000000000000000, 0.000000000000000000, 1.999928000984143172E-10 ) ) ;
#3681 = CARTESIAN_POINT ( 'NONE',  ( -15.49999999989999999, -500.0000000000000000, 7.499999999899999992 ) ) ;
#3682 = VERTEX_POINT ( 'NONE', #2251 ) ;
#3683 = DIRECTION ( 'NONE',  ( 0.000000000000000000, -1.000000000000000000, 0.000000000000000000 ) ) ;
#3684 = EDGE_CURVE ( 'NONE', #2110, #1118, #1039, .T. ) ;
#3685 = DIRECTION ( 'NONE',  ( 0.000000000000000000, 0.000000000000000000, -1.000000000000000000 ) ) ;
#3686 = ORIENTED_EDGE ( 'NONE', *, *, #5143, .F. ) ;
#3687 = PLANE ( 'NONE',  #5115 ) ;
#3688 = ORIENTED_EDGE ( 'NONE', *, *, #4868, .F. ) ;
#3689 = CARTESIAN_POINT ( 'NONE',  ( -7.499999999899999992, 500.0000000000000000, -15.49999999989999999 ) ) ;
#3690 = ORIENTED_EDGE ( 'NONE', *, *, #3344, .T. ) ;
#3691 = ORIENTED_EDGE ( 'NONE', *, *, #3430, .T. ) ;
#3692 = CARTESIAN_POINT ( 'NONE',  ( -5.750000000000000000, 502.0000000000000000, 15.50000000000000000 ) ) ;
#3693 = EDGE_CURVE ( 'NONE', #4826, #1874, #2276, .T. ) ;
#3694 = CARTESIAN_POINT ( 'NONE',  ( 4.000000000100000008, 502.0000000000000000, 16.50000000000000000 ) ) ;
#3695 = CARTESIAN_POINT ( 'NONE',  ( 5.000000017966709898, -500.0000000000000000, -14.19238815442339963 ) ) ;
#3696 = DIRECTION ( 'NONE',  ( 0.000000000000000000, -1.000000000000000000, 0.000000000000000000 ) ) ;
#3697 = LINE ( 'NONE', #4417, #229 ) ;
#3698 = EDGE_CURVE ( 'NONE', #1167, #5135, #3473, .T. ) ;
#3699 = PLANE ( 'NONE',  #3378 ) ;
#3700 = DIRECTION ( 'NONE',  ( 0.000000000000000000, 1.000000000000000000, 0.000000000000000000 ) ) ;
#3701 = CARTESIAN_POINT ( 'NONE',  ( -16.00000000000000000, 500.0000000000000000, -20.00000000000000000 ) ) ;
#3702 = ORIENTED_EDGE ( 'NONE', *, *, #759, .F. ) ;
#3703 = CIRCLE ( 'NONE', #2242, 0.5000000000000004441 ) ;
#3704 = LINE ( 'NONE', #4912, #146 ) ;
#3705 = EDGE_CURVE ( 'NONE', #4932, #1470, #3059, .T. ) ;
#3706 = DIRECTION ( 'NONE',  ( 0.000000000000000000, 0.000000000000000000, -1.000000000000000000 ) ) ;
#3707 = ORIENTED_EDGE ( 'NONE', *, *, #4487, .F. ) ;
#3708 = CARTESIAN_POINT ( 'NONE',  ( 11.79999999999999893, -500.0000000000000000, 7.500000000000000000 ) ) ;
#3709 = ORIENTED_EDGE ( 'NONE', *, *, #4409, .F. ) ;
#3710 = CARTESIAN_POINT ( 'NONE',  ( 12.30000000000000071, -500.0000000000000000, 12.30000000000000071 ) ) ;
#3711 = ORIENTED_EDGE ( 'NONE', *, *, #2861, .F. ) ;
#3712 = ORIENTED_EDGE ( 'NONE', *, *, #5310, .T. ) ;
#3713 = CARTESIAN_POINT ( 'NONE',  ( -5.498160177499999968, 500.0000000000000000, 3.376839827500000446 ) ) ;
#3714 = DIRECTION ( 'NONE',  ( -1.000000000000000000, 0.000000000000000000, -3.999856001968282080E-11 ) ) ;
#3715 = LINE ( 'NONE', #4096, #226 ) ;
#3716 = DIRECTION ( 'NONE',  ( 0.000000000000000000, -1.000000000000000000, 0.000000000000000000 ) ) ;
#3717 = FACE_OUTER_BOUND ( 'NONE', #1130, .T. ) ;
#3718 = CARTESIAN_POINT ( 'NONE',  ( 7.750000000000000000, -500.0000000000000000, 3.557611840000000303 ) ) ;
#3719 = DIRECTION ( 'NONE',  ( 0.000000000000000000, 0.000000000000000000, -1.000000000000000000 ) ) ;
#3720 = VERTEX_POINT ( 'NONE', #1929 ) ;
#3721 = DIRECTION ( 'NONE',  ( 6.666657966410595850E-11, 0.000000000000000000, -1.000000000000000000 ) ) ;
#3722 = CARTESIAN_POINT ( 'NONE',  ( -9.214466100000000992, -500.0000000000000000, -7.093145749999999694 ) ) ;
#3723 = DIRECTION ( 'NONE',  ( 0.000000000000000000, -1.000000000000000000, 0.000000000000000000 ) ) ;
#3724 = ORIENTED_EDGE ( 'NONE', *, *, #3404, .T. ) ;
#3725 = ADVANCED_FACE ( 'NONE', ( #5152 ), #4741, .F. ) ;
#3726 = CIRCLE ( 'NONE', #1402, 4.999999869901410321 ) ;
#3727 = VECTOR ( 'NONE', #1222, 1000.000000000000000 ) ;
#3728 = DIRECTION ( 'NONE',  ( -1.000000000000000000, 0.000000000000000000, -1.999945348218899322E-10 ) ) ;
#3729 = ORIENTED_EDGE ( 'NONE', *, *, #292, .T. ) ;
#3730 = CARTESIAN_POINT ( 'NONE',  ( 11.79999999999999893, -500.0000000000000000, 12.30000000000000071 ) ) ;
#3731 = CIRCLE ( 'NONE', #2274, 0.5000000000000004441 ) ;
#3732 = DIRECTION ( 'NONE',  ( 0.000000000000000000, -1.000000000000000000, 0.000000000000000000 ) ) ;
#3733 = VECTOR ( 'NONE', #4652, 1000.000000000000000 ) ;
#3734 = VECTOR ( 'NONE', #547, 1000.000000000000000 ) ;
#3735 = ORIENTED_EDGE ( 'NONE', *, *, #4120, .T. ) ;
#3736 = ORIENTED_EDGE ( 'NONE', *, *, #365, .F. ) ;
#3737 = CARTESIAN_POINT ( 'NONE',  ( -15.49999999989999999, -500.0000000000000000, -7.499999999899999992 ) ) ;
#3738 = FACE_OUTER_BOUND ( 'NONE', #1722, .T. ) ;
#3739 = ORIENTED_EDGE ( 'NONE', *, *, #2091, .F. ) ;
#3740 = AXIS2_PLACEMENT_3D ( 'NONE', #434, #453, #3294 ) ;
#3741 = VECTOR ( 'NONE', #2754, 1000.000000000000000 ) ;
#3742 = CIRCLE ( 'NONE', #3483, 1.000000000000000000 ) ;
#3743 = EDGE_CURVE ( 'NONE', #1308, #300, #1595, .T. ) ;
#3744 = VECTOR ( 'NONE', #234, 1000.000000000000000 ) ;
#3745 = DIRECTION ( 'NONE',  ( 0.000000000000000000, 1.000000000000000000, 0.000000000000000000 ) ) ;
#3746 = AXIS2_PLACEMENT_3D ( 'NONE', #2996, #5084, #1401 ) ;
#3747 = CARTESIAN_POINT ( 'NONE',  ( 5.498160177499999968, 500.0000000000000000, -3.376839827500000446 ) ) ;
#3748 = DIRECTION ( 'NONE',  ( 1.000000000000000000, 0.000000000000000000, 2.222219322136867696E-10 ) ) ;
#3749 = DIRECTION ( 'NONE',  ( 0.000000000000000000, -1.000000000000000000, 0.000000000000000000 ) ) ;
#3750 = CIRCLE ( 'NONE', #2981, 1.500000000000001332 ) ;
#3751 = CARTESIAN_POINT ( 'NONE',  ( -10.00000000000000000, -500.0000000000000000, -14.19238813000000121 ) ) ;
#3752 = AXIS2_PLACEMENT_3D ( 'NONE', #1893, #5149, #5090 ) ;
#3753 = CARTESIAN_POINT ( 'NONE',  ( 18.00000000000000000, 502.0000000000000000, 7.474999999999999645 ) ) ;
#3754 = CARTESIAN_POINT ( 'NONE',  ( 3.557611826337780503, 502.0000000000000000, -12.75000002847990110 ) ) ;
#3755 = CARTESIAN_POINT ( 'NONE',  ( -8.535533909999999835, -500.0000000000000000, 10.65685425999999936 ) ) ;
#3756 = VERTEX_POINT ( 'NONE', #5126 ) ;
#3757 = DIRECTION ( 'NONE',  ( 0.000000000000000000, 0.000000000000000000, -1.000000000000000000 ) ) ;
#3758 = EDGE_CURVE ( 'NONE', #719, #3893, #3883, .T. ) ;
#3759 = FACE_OUTER_BOUND ( 'NONE', #2700, .T. ) ;
#3760 = ORIENTED_EDGE ( 'NONE', *, *, #1289, .T. ) ;
#3761 = DIRECTION ( 'NONE',  ( 0.000000000000000000, 1.000000000000000000, 0.000000000000000000 ) ) ;
#3762 = ADVANCED_FACE ( 'NONE', ( #4286 ), #610, .T. ) ;
#3763 = CARTESIAN_POINT ( 'NONE',  ( 7.000000000100000008, 500.0000000000000000, 17.55000000000000071 ) ) ;
#3764 = ORIENTED_EDGE ( 'NONE', *, *, #3395, .T. ) ;
#3765 = ORIENTED_EDGE ( 'NONE', *, *, #4809, .T. ) ;
#3766 = CARTESIAN_POINT ( 'NONE',  ( -7.074999999999999289, -500.0000000000000000, -18.19999999999999929 ) ) ;
#3767 = CARTESIAN_POINT ( 'NONE',  ( -9.999999999899998215, -500.0000000000000000, 15.50000000000000000 ) ) ;
#3768 = ORIENTED_EDGE ( 'NONE', *, *, #1215, .T. ) ;
#3769 = EDGE_CURVE ( 'NONE', #4305, #5099, #1464, .T. ) ;
#3770 = DIRECTION ( 'NONE',  ( 0.000000000000000000, -1.000000000000000000, 0.000000000000000000 ) ) ;
#3771 = DIRECTION ( 'NONE',  ( 0.000000000000000000, -1.000000000000000000, 0.000000000000000000 ) ) ;
#3772 = EDGE_CURVE ( 'NONE', #3974, #4577, #3489, .T. ) ;
#3773 = LINE ( 'NONE', #4984, #3909 ) ;
#3774 = DIRECTION ( 'NONE',  ( 0.000000000000000000, 0.000000000000000000, -1.000000000000000000 ) ) ;
#3775 = DIRECTION ( 'NONE',  ( 1.000000000000000000, 0.000000000000000000, 0.000000000000000000 ) ) ;
#3776 = CARTESIAN_POINT ( 'NONE',  ( -3.557611892023129663, -500.0000000000000000, -12.74999986990139966 ) ) ;
#3777 = ORIENTED_EDGE ( 'NONE', *, *, #789, .T. ) ;
#3778 = CARTESIAN_POINT ( 'NONE',  ( -18.19999999999999929, -500.0000000000000000, 7.074999999999999289 ) ) ;
#3779 = VERTEX_POINT ( 'NONE', #3082 ) ;
#3780 = LINE ( 'NONE', #482, #2883 ) ;
#3781 = ORIENTED_EDGE ( 'NONE', *, *, #259, .T. ) ;
#3782 = ORIENTED_EDGE ( 'NONE', *, *, #582, .T. ) ;
#3783 = CARTESIAN_POINT ( 'NONE',  ( 4.000000000000000000, 502.0000000000000000, 17.50000000000000000 ) ) ;
#3784 = EDGE_CURVE ( 'NONE', #4642, #2430, #4084, .T. ) ;
#3785 = CARTESIAN_POINT ( 'NONE',  ( -4.000000000000000000, 500.0000000000000000, -18.50000000000000000 ) ) ;
#3786 = ORIENTED_EDGE ( 'NONE', *, *, #844, .T. ) ;
#3787 = ORIENTED_EDGE ( 'NONE', *, *, #2323, .T. ) ;
#3788 = DIRECTION ( 'NONE',  ( 0.000000000000000000, -1.000000000000000000, 0.000000000000000000 ) ) ;
#3789 = DIRECTION ( 'NONE',  ( 0.000000000000000000, -1.000000000000000000, 0.000000000000000000 ) ) ;
#3790 = ORIENTED_EDGE ( 'NONE', *, *, #4904, .F. ) ;
#3791 = EDGE_CURVE ( 'NONE', #776, #2288, #4343, .T. ) ;
#3792 = DIRECTION ( 'NONE',  ( 0.000000000000000000, 1.000000000000000000, 0.000000000000000000 ) ) ;
#3793 = DIRECTION ( 'NONE',  ( 0.000000000000000000, -1.000000000000000000, 0.000000000000000000 ) ) ;
#3794 = FACE_OUTER_BOUND ( 'NONE', #2984, .T. ) ;
#3795 = EDGE_CURVE ( 'NONE', #858, #2110, #2691, .T. ) ;
#3796 = EDGE_CURVE ( 'NONE', #5240, #1196, #644, .T. ) ;
#3797 = EDGE_CURVE ( 'NONE', #1395, #1748, #430, .T. ) ;
#3798 = CARTESIAN_POINT ( 'NONE',  ( 18.00000000000000000, -500.0000000000000000, -7.450000000000000178 ) ) ;
#3799 = CARTESIAN_POINT ( 'NONE',  ( 16.50000000010000178, -500.0000000000000000, 5.000000000100000008 ) ) ;
#3800 = DIRECTION ( 'NONE',  ( 1.000000000000000000, 0.000000000000000000, 3.999856001968282080E-11 ) ) ;
#3801 = ORIENTED_EDGE ( 'NONE', *, *, #1901, .F. ) ;
#3802 = ADVANCED_FACE ( 'NONE', ( #406 ), #1994, .F. ) ;
#3803 = EDGE_CURVE ( 'NONE', #3415, #3974, #3226, .T. ) ;
#3804 = ORIENTED_EDGE ( 'NONE', *, *, #387, .F. ) ;
#3805 = AXIS2_PLACEMENT_3D ( 'NONE', #4285, #609, #3881 ) ;
#3806 = DIRECTION ( 'NONE',  ( 0.000000000000000000, -1.000000000000000000, 0.000000000000000000 ) ) ;
#3807 = ORIENTED_EDGE ( 'NONE', *, *, #807, .F. ) ;
#3808 = FACE_OUTER_BOUND ( 'NONE', #4488, .T. ) ;
#3809 = CIRCLE ( 'NONE', #301, 5.000000028479869130 ) ;
#3810 = EDGE_CURVE ( 'NONE', #3635, #3450, #1255, .T. ) ;
#3811 = CARTESIAN_POINT ( 'NONE',  ( -6.661338147750939243E-16, -500.0000000000000000, 7.750000000000000000 ) ) ;
#3812 = EDGE_LOOP ( 'NONE', ( #629, #2377, #2073, #2554 ) ) ;
#3813 = EDGE_LOOP ( 'NONE', ( #3623, #3878, #116, #1412 ) ) ;
#3814 = LINE ( 'NONE', #143, #2116 ) ;
#3816 = AXIS2_PLACEMENT_3D ( 'NONE', #2092, #784, #3728 ) ;
#3815 = CARTESIAN_POINT ( 'NONE',  ( 15.50000000000000000, 502.0000000000000000, -10.00000000000000000 ) ) ;
#3817 = VERTEX_POINT ( 'NONE', #5287 ) ;
#3818 = VECTOR ( 'NONE', #3864, 1000.000000000000000 ) ;
#3819 = AXIS2_PLACEMENT_3D ( 'NONE', #2908, #3629, #2000 ) ;
#3820 = ADVANCED_FACE ( 'NONE', ( #2797 ), #2087, .F. ) ;
#3821 = DIRECTION ( 'NONE',  ( 0.000000000000000000, -1.000000000000000000, 0.000000000000000000 ) ) ;
#3822 = FACE_OUTER_BOUND ( 'NONE', #2529, .T. ) ;
#3823 = CIRCLE ( 'NONE', #2967, 0.4499999999999999001 ) ;
#3824 = AXIS2_PLACEMENT_3D ( 'NONE', #3542, #4702, #215 ) ;
#3825 = FACE_OUTER_BOUND ( 'NONE', #359, .T. ) ;
#3826 = AXIS2_PLACEMENT_3D ( 'NONE', #1621, #267, #3656 ) ;
#3827 = AXIS2_PLACEMENT_3D ( 'NONE', #2598, #4730, #2680 ) ;
#3828 = EDGE_CURVE ( 'NONE', #1748, #1474, #3138, .T. ) ;
#3829 = AXIS2_PLACEMENT_3D ( 'NONE', #3912, #4309, #182 ) ;
#3830 = AXIS2_PLACEMENT_3D ( 'NONE', #1354, #4580, #1321 ) ;
#3831 = CARTESIAN_POINT ( 'NONE',  ( 2.875000000000000000, -500.0000000000000000, -15.50000000000000000 ) ) ;
#3832 = LINE ( 'NONE', #580, #2630 ) ;
#3833 = ORIENTED_EDGE ( 'NONE', *, *, #4191, .F. ) ;
#3834 = AXIS2_PLACEMENT_3D ( 'NONE', #1567, #4446, #815 ) ;
#3835 = ORIENTED_EDGE ( 'NONE', *, *, #2319, .F. ) ;
#3836 = AXIS2_PLACEMENT_3D ( 'NONE', #1423, #594, #3069 ) ;
#3837 = DIRECTION ( 'NONE',  ( 0.000000000000000000, 0.000000000000000000, 1.000000000000000000 ) ) ;
#3838 = ORIENTED_EDGE ( 'NONE', *, *, #571, .F. ) ;
#3839 = ADVANCED_FACE ( 'NONE', ( #779 ), #2045, .T. ) ;
#3840 = LINE ( 'NONE', #509, #3397 ) ;
#3841 = FACE_OUTER_BOUND ( 'NONE', #3507, .T. ) ;
#3842 = ORIENTED_EDGE ( 'NONE', *, *, #5274, .F. ) ;
#3843 = ORIENTED_EDGE ( 'NONE', *, *, #4987, .F. ) ;
#3844 = DIRECTION ( 'NONE',  ( 0.000000000000000000, -1.000000000000000000, 0.000000000000000000 ) ) ;
#3845 = FACE_OUTER_BOUND ( 'NONE', #760, .T. ) ;
#3846 = VERTEX_POINT ( 'NONE', #4930 ) ;
#3847 = CARTESIAN_POINT ( 'NONE',  ( 18.19999999999999929, 502.0000000000000000, -12.30000000000000071 ) ) ;
#3848 = DIRECTION ( 'NONE',  ( 0.000000000000000000, 0.000000000000000000, -1.000000000000000000 ) ) ;
#3849 = LINE ( 'NONE', #149, #3119 ) ;
#3850 = ORIENTED_EDGE ( 'NONE', *, *, #1737, .F. ) ;
#3851 = CYLINDRICAL_SURFACE ( 'NONE', #2291, 0.5000000000000004441 ) ;
#3852 = CYLINDRICAL_SURFACE ( 'NONE', #3746, 1.499999999999999556 ) ;
#3853 = ADVANCED_FACE ( 'NONE', ( #3621 ), #1615, .T. ) ;
#3854 = LINE ( 'NONE', #2243, #3982 ) ;
#3855 = DIRECTION ( 'NONE',  ( 0.000000000000000000, -1.000000000000000000, 0.000000000000000000 ) ) ;
#3856 = ORIENTED_EDGE ( 'NONE', *, *, #4023, .F. ) ;
#3857 = LINE ( 'NONE', #179, #1091 ) ;
#3858 = ORIENTED_EDGE ( 'NONE', *, *, #160, .T. ) ;
#3859 = CARTESIAN_POINT ( 'NONE',  ( 15.00000000000000000, 502.0000000000000000, -11.79999999999999893 ) ) ;
#3860 = DIRECTION ( 'NONE',  ( 0.000000000000000000, -1.000000000000000000, 0.000000000000000000 ) ) ;
#3861 = ORIENTED_EDGE ( 'NONE', *, *, #3550, .T. ) ;
#3862 = MANIFOLD_SOLID_BREP ( 'item_0002633_Profil 8 40x40 leicht_L=1000_1[1]', #4667 ) ;
#3863 = ADVANCED_FACE ( 'NONE', ( #2393 ), #351, .T. ) ;
#3864 = DIRECTION ( 'NONE',  ( -1.000000000000000000, 0.000000000000000000, 0.000000000000000000 ) ) ;
#3865 = CARTESIAN_POINT ( 'NONE',  ( 6.500000000000000000, 500.0000000000000000, -15.50000000000000000 ) ) ;
#3866 = EDGE_CURVE ( 'NONE', #2980, #878, #2831, .T. ) ;
#3867 = ORIENTED_EDGE ( 'NONE', *, *, #1935, .T. ) ;
#3868 = DIRECTION ( 'NONE',  ( 0.000000000000000000, 1.000000000000000000, 0.000000000000000000 ) ) ;
#3869 = DIRECTION ( 'NONE',  ( 0.000000000000000000, 0.000000000000000000, 1.000000000000000000 ) ) ;
#3870 = EDGE_LOOP ( 'NONE', ( #2887, #3088, #3707, #1420 ) ) ;
#3871 = DIRECTION ( 'NONE',  ( 0.000000000000000000, -1.000000000000000000, 0.000000000000000000 ) ) ;
#3872 = EDGE_CURVE ( 'NONE', #2237, #4453, #990, .T. ) ;
#3873 = APPLICATION_PROTOCOL_DEFINITION ( 'draft international standard', 'automotive_design', 1998, #5259 ) ;
#3874 = ORIENTED_EDGE ( 'NONE', *, *, #1779, .T. ) ;
#3875 = CARTESIAN_POINT ( 'NONE',  ( 14.19238813000000121, -500.0000000000000000, 10.00000000000000000 ) ) ;
#3876 = DIRECTION ( 'NONE',  ( 1.000000000000000000, 0.000000000000000000, 3.999856001968282080E-11 ) ) ;
#3877 = LINE ( 'NONE', #685, #5108 ) ;
#3878 = ORIENTED_EDGE ( 'NONE', *, *, #1496, .F. ) ;
#3879 = DIRECTION ( 'NONE',  ( 0.000000000000000000, -1.000000000000000000, 0.000000000000000000 ) ) ;
#3880 = VERTEX_POINT ( 'NONE', #1380 ) ;
#3881 = DIRECTION ( 'NONE',  ( 1.000000000000000000, 0.000000000000000000, 0.000000000000000000 ) ) ;
#3882 = EDGE_CURVE ( 'NONE', #2450, #4644, #5285, .T. ) ;
#3883 = LINE ( 'NONE', #3133, #3477 ) ;
#3884 = ORIENTED_EDGE ( 'NONE', *, *, #3898, .T. ) ;
#3885 = CYLINDRICAL_SURFACE ( 'NONE', #1593, 0.5000000000000004441 ) ;
#3886 = DIRECTION ( 'NONE',  ( 0.000000000000000000, -1.000000000000000000, 0.000000000000000000 ) ) ;
#3887 = EDGE_LOOP ( 'NONE', ( #5127, #1208, #2862, #4273 ) ) ;
#3888 = VERTEX_POINT ( 'NONE', #5008 ) ;
#3889 = LINE ( 'NONE', #3708, #1604 ) ;
#3890 = CARTESIAN_POINT ( 'NONE',  ( -17.69999999999999929, 500.0000000000000000, -11.79999999999999893 ) ) ;
#3891 = EDGE_LOOP ( 'NONE', ( #996, #1789, #986, #10, #4700, #262, #3667, #2929 ) ) ;
#3892 = VECTOR ( 'NONE', #78, 1000.000000000000000 ) ;
#3893 = VERTEX_POINT ( 'NONE', #4962 ) ;
#3894 = EDGE_CURVE ( 'NONE', #1363, #948, #4935, .T. ) ;
#3895 = AXIS2_PLACEMENT_3D ( 'NONE', #4219, #1535, #1974 ) ;
#3896 = VERTEX_POINT ( 'NONE', #1795 ) ;
#3897 = DIRECTION ( 'NONE',  ( 1.000000000000000000, 0.000000000000000000, 0.000000000000000000 ) ) ;
#3898 = EDGE_CURVE ( 'NONE', #456, #2810, #3022, .T. ) ;
#3899 = AXIS2_PLACEMENT_3D ( 'NONE', #1519, #3955, #1113 ) ;
#3900 = CIRCLE ( 'NONE', #2628, 2.500000000000000444 ) ;
#3901 = AXIS2_PLACEMENT_3D ( 'NONE', #425, #3716, #1573 ) ;
#3902 = AXIS2_PLACEMENT_3D ( 'NONE', #1476, #2179, #2566 ) ;
#3903 = CARTESIAN_POINT ( 'NONE',  ( -7.500000000000000000, -500.0000000000000000, -17.99999999990000177 ) ) ;
#3904 = DIRECTION ( 'NONE',  ( 0.000000000000000000, -1.000000000000000000, 0.000000000000000000 ) ) ;
#3905 = CARTESIAN_POINT ( 'NONE',  ( -14.19238814645449942, 502.0000000000000000, 5.000000037205460046 ) ) ;
#3906 = VECTOR ( 'NONE', #3539, 1000.000000000000000 ) ;
#3907 = VECTOR ( 'NONE', #5263, 1000.000000000000000 ) ;
#3908 = CIRCLE ( 'NONE', #651, 4.000000000000000000 ) ;
#3909 = VECTOR ( 'NONE', #4637, 1000.000000000000000 ) ;
#3910 = LINE ( 'NONE', #1013, #2384 ) ;
#3911 = VERTEX_POINT ( 'NONE', #2976 ) ;
#3912 = CARTESIAN_POINT ( 'NONE',  ( 16.50000000010000178, 500.0000000000000000, -5.000000000100000008 ) ) ;
#3913 = DIRECTION ( 'NONE',  ( 0.000000000000000000, -1.000000000000000000, 0.000000000000000000 ) ) ;
#3914 = ORIENTED_EDGE ( 'NONE', *, *, #4490, .F. ) ;
#3915 = CIRCLE ( 'NONE', #2122, 1.000000000000000888 ) ;
#3916 = DIRECTION ( 'NONE',  ( 0.000000000000000000, -1.000000000000000000, 0.000000000000000000 ) ) ;
#3917 = ADVANCED_FACE ( 'NONE', ( #1327 ), #928, .F. ) ;
#3918 = FACE_OUTER_BOUND ( 'NONE', #274, .T. ) ;
#3919 = CIRCLE ( 'NONE', #3319, 0.5000000000000004441 ) ;
#3920 = ORIENTED_EDGE ( 'NONE', *, *, #1935, .F. ) ;
#3921 = CYLINDRICAL_SURFACE ( 'NONE', #4168, 5.000000028479869130 ) ;
#3922 = CARTESIAN_POINT ( 'NONE',  ( -5.000000000100000008, 500.0000000000000000, 16.50000000010000178 ) ) ;
#3923 = ORIENTED_EDGE ( 'NONE', *, *, #3684, .T. ) ;
#3924 = VECTOR ( 'NONE', #4800, 1000.000000000000000 ) ;
#3925 = ORIENTED_EDGE ( 'NONE', *, *, #34, .T. ) ;
#3926 = ORIENTED_EDGE ( 'NONE', *, *, #4506, .F. ) ;
#3927 = DIRECTION ( 'NONE',  ( -1.000000000000000000, 0.000000000000000000, 0.000000000000000000 ) ) ;
#3928 = DIRECTION ( 'NONE',  ( -1.000000000000000000, 0.000000000000000000, 0.000000000000000000 ) ) ;
#3929 = EDGE_CURVE ( 'NONE', #2047, #785, #5063, .T. ) ;
#3930 = DIRECTION ( 'NONE',  ( 0.000000000000000000, -1.000000000000000000, 0.000000000000000000 ) ) ;
#3931 = CARTESIAN_POINT ( 'NONE',  ( 17.54999999989999893, 502.0000000000000000, 7.450000000100000186 ) ) ;
#3932 = CARTESIAN_POINT ( 'NONE',  ( 15.50000000010000001, 500.0000000000000000, 5.000000000000000000 ) ) ;
#3933 = DIRECTION ( 'NONE',  ( 1.000000000000000000, 0.000000000000000000, 4.000029474315882345E-11 ) ) ;
#3934 = ORIENTED_EDGE ( 'NONE', *, *, #1778, .F. ) ;
#3935 = DIRECTION ( 'NONE',  ( 0.000000000000000000, 0.000000000000000000, 1.000000000000000000 ) ) ;
#3936 = ORIENTED_EDGE ( 'NONE', *, *, #2024, .T. ) ;
#3937 = LINE ( 'NONE', #3058, #4934 ) ;
#3938 = CARTESIAN_POINT ( 'NONE',  ( 12.30000000000000071, 502.0000000000000000, -18.19999999999999929 ) ) ;
#3939 = DIRECTION ( 'NONE',  ( 1.000000000000000000, 0.000000000000000000, 0.000000000000000000 ) ) ;
#3940 = CARTESIAN_POINT ( 'NONE',  ( 17.54999999989999893, 500.0000000000000000, -7.450000000100000186 ) ) ;
#3941 = CARTESIAN_POINT ( 'NONE',  ( -10.00000000000000000, 502.0000000000000000, -15.50000000000000000 ) ) ;
#3942 = ORIENTED_EDGE ( 'NONE', *, *, #3357, .T. ) ;
#3943 = CARTESIAN_POINT ( 'NONE',  ( 4.000000000000000000, 500.0000000000000000, -8.750000000000000000 ) ) ;
#3944 = CYLINDRICAL_SURFACE ( 'NONE', #578, 2.500000000000000444 ) ;
#3945 = VERTEX_POINT ( 'NONE', #4619 ) ;
#3946 = VERTEX_POINT ( 'NONE', #79 ) ;
#3947 = EDGE_LOOP ( 'NONE', ( #788, #2759, #2018, #4382 ) ) ;
#3948 = VERTEX_POINT ( 'NONE', #2577 ) ;
#3949 = ORIENTED_EDGE ( 'NONE', *, *, #4490, .T. ) ;
#3950 = EDGE_CURVE ( 'NONE', #841, #1627, #2196, .T. ) ;
#3951 = DIRECTION ( 'NONE',  ( 0.000000000000000000, -1.000000000000000000, 0.000000000000000000 ) ) ;
#3952 = DIRECTION ( 'NONE',  ( 0.000000000000000000, -1.000000000000000000, 0.000000000000000000 ) ) ;
#3953 = AXIS2_PLACEMENT_3D ( 'NONE', #3467, #3444, #3975 ) ;
#3954 = FACE_OUTER_BOUND ( 'NONE', #1855, .T. ) ;
#3955 = DIRECTION ( 'NONE',  ( 0.000000000000000000, -1.000000000000000000, 0.000000000000000000 ) ) ;
#3956 = CARTESIAN_POINT ( 'NONE',  ( 7.814339829999998877, 502.0000000000000000, -9.935660179999999286 ) ) ;
#3957 = DIRECTION ( 'NONE',  ( 0.000000000000000000, -1.000000000000000000, 0.000000000000000000 ) ) ;
#3958 = DIRECTION ( 'NONE',  ( 0.000000000000000000, -1.000000000000000000, 0.000000000000000000 ) ) ;
#3959 = ORIENTED_EDGE ( 'NONE', *, *, #3480, .T. ) ;
#3960 = ADVANCED_FACE ( 'NONE', ( #102 ), #2191, .T. ) ;
#3961 = DIRECTION ( 'NONE',  ( -1.040462578258159729E-08, 0.000000000000000000, -1.000000000000000000 ) ) ;
#3962 = ORIENTED_EDGE ( 'NONE', *, *, #4121, .F. ) ;
#3963 = DIRECTION ( 'NONE',  ( 0.000000000000000000, 0.000000000000000000, -1.000000000000000000 ) ) ;
#3964 = DIRECTION ( 'NONE',  ( 0.000000000000000000, -1.000000000000000000, 0.000000000000000000 ) ) ;
#3965 = VERTEX_POINT ( 'NONE', #4657 ) ;
#3966 = CARTESIAN_POINT ( 'NONE',  ( -11.79999999999999893, -500.0000000000000000, 12.30000000000000071 ) ) ;
#3967 = EDGE_CURVE ( 'NONE', #2181, #2288, #1767, .T. ) ;
#3968 = EDGE_CURVE ( 'NONE', #4897, #1808, #3400, .T. ) ;
#3969 = CARTESIAN_POINT ( 'NONE',  ( -8.387500000000001066, 500.0000000000000000, 7.000000000000000000 ) ) ;
#3970 = CARTESIAN_POINT ( 'NONE',  ( -16.00000000000000000, 502.0000000000000000, 18.19999999999999929 ) ) ;
#3971 = ORIENTED_EDGE ( 'NONE', *, *, #3797, .T. ) ;
#3972 = CARTESIAN_POINT ( 'NONE',  ( -6.999999999899999992, 500.0000000000000000, 16.00000000000000000 ) ) ;
#3973 = DIRECTION ( 'NONE',  ( 0.000000000000000000, -1.000000000000000000, 0.000000000000000000 ) ) ;
#3974 = VERTEX_POINT ( 'NONE', #4989 ) ;
#3975 = DIRECTION ( 'NONE',  ( -0.7071067807047832776, 0.000000000000000000, -0.7071067816683118679 ) ) ;
#3976 = ORIENTED_EDGE ( 'NONE', *, *, #2462, .F. ) ;
#3977 = ORIENTED_EDGE ( 'NONE', *, *, #4731, .T. ) ;
#3979 = AXIS2_PLACEMENT_3D ( 'NONE', #2830, #4050, #4928 ) ;
#3978 = DIRECTION ( 'NONE',  ( -1.000000000000000000, 0.000000000000000000, 0.000000000000000000 ) ) ;
#3980 = DIRECTION ( 'NONE',  ( 0.000000000000000000, 1.000000000000000000, 0.000000000000000000 ) ) ;
#3981 = ADVANCED_FACE ( 'NONE', ( #4639 ), #954, .T. ) ;
#3982 = VECTOR ( 'NONE', #4332, 1000.000000000000000 ) ;
#3983 = CARTESIAN_POINT ( 'NONE',  ( -3.557611840000000303, 502.0000000000000000, 7.750000000000000000 ) ) ;
#3984 = CARTESIAN_POINT ( 'NONE',  ( -10.00000000000000000, -500.0000000000000000, -7.423097032500000303 ) ) ;
#3985 = LINE ( 'NONE', #1633, #3727 ) ;
#3986 = DIRECTION ( 'NONE',  ( -0.7071067825525400030, 0.000000000000000000, -0.7071067798205549204 ) ) ;
#3987 = DIRECTION ( 'NONE',  ( 1.000000000000000000, 0.000000000000000000, 0.000000000000000000 ) ) ;
#3988 = EDGE_LOOP ( 'NONE', ( #934, #1652, #3327, #4062 ) ) ;
#3989 = AXIS2_PLACEMENT_3D ( 'NONE', #3599, #4371, #2336 ) ;
#3990 = ADVANCED_FACE ( 'NONE', ( #2601 ), #4226, .F. ) ;
#3991 = AXIS2_PLACEMENT_3D ( 'NONE', #3263, #4493, #2496 ) ;
#3992 = ORIENTED_EDGE ( 'NONE', *, *, #4291, .F. ) ;
#3993 = ORIENTED_EDGE ( 'NONE', *, *, #3797, .F. ) ;
#3994 = VECTOR ( 'NONE', #264, 1000.000000000000000 ) ;
#3995 = CARTESIAN_POINT ( 'NONE',  ( 18.19999999999999929, 500.0000000000000000, 12.30000000000000071 ) ) ;
#3996 = DIRECTION ( 'NONE',  ( 0.000000000000000000, -1.000000000000000000, 0.000000000000000000 ) ) ;
#3997 = ORIENTED_EDGE ( 'NONE', *, *, #2183, .T. ) ;
#3998 = ORIENTED_EDGE ( 'NONE', *, *, #337, .T. ) ;
#3999 = EDGE_CURVE ( 'NONE', #689, #4632, #3832, .T. ) ;
#4000 = VECTOR ( 'NONE', #3358, 1000.000000000000000 ) ;
#4001 = FACE_OUTER_BOUND ( 'NONE', #1191, .T. ) ;
#4002 = VECTOR ( 'NONE', #315, 1000.000000000000000 ) ;
#4003 = DIRECTION ( 'NONE',  ( 0.000000000000000000, -1.000000000000000000, 0.000000000000000000 ) ) ;
#4004 = AXIS2_PLACEMENT_3D ( 'NONE', #4980, #818, #2466 ) ;
#4005 = VECTOR ( 'NONE', #308, 1000.000000000000000 ) ;
#4006 = EDGE_CURVE ( 'NONE', #3375, #4897, #473, .T. ) ;
#4007 = VERTEX_POINT ( 'NONE', #3722 ) ;
#4008 = AXIS2_PLACEMENT_3D ( 'NONE', #4411, #1139, #735 ) ;
#4009 = DIRECTION ( 'NONE',  ( 0.000000000000000000, -1.000000000000000000, 0.000000000000000000 ) ) ;
#4010 = ORIENTED_EDGE ( 'NONE', *, *, #5148, .F. ) ;
#4011 = LINE ( 'NONE', #1978, #328 ) ;
#4012 = ORIENTED_EDGE ( 'NONE', *, *, #3950, .T. ) ;
#4013 = VECTOR ( 'NONE', #662, 1000.000000000000000 ) ;
#4014 = VERTEX_POINT ( 'NONE', #2631 ) ;
#4015 = ORIENTED_EDGE ( 'NONE', *, *, #4744, .F. ) ;
#4016 = CARTESIAN_POINT ( 'NONE',  ( -18.50000000000000000, 500.0000000000000000, 4.000000000000000000 ) ) ;
#4017 = DIRECTION ( 'NONE',  ( -1.000000000000000000, 0.000000000000000000, 0.000000000000000000 ) ) ;
#4018 = CARTESIAN_POINT ( 'NONE',  ( -5.500000000099999120, -500.0000000000000000, 18.49999999990000177 ) ) ;
#4019 = CARTESIAN_POINT ( 'NONE',  ( 18.00000000000000000, 502.0000000000000000, -7.450000000000000178 ) ) ;
#4020 = CARTESIAN_POINT ( 'NONE',  ( -7.814339829999998877, 502.0000000000000000, 9.935660179999999286 ) ) ;
#4021 = CARTESIAN_POINT ( 'NONE',  ( 11.79999999999999893, 500.0000000000000000, 17.69999999999999929 ) ) ;
#4022 = CARTESIAN_POINT ( 'NONE',  ( -11.79999999999999893, 502.0000000000000000, 12.30000000000000071 ) ) ;
#4023 = EDGE_CURVE ( 'NONE', #3, #2239, #3303, .T. ) ;
#4024 = CARTESIAN_POINT ( 'NONE',  ( -7.750000000000000000, 500.0000000000000000, -3.557611840000000303 ) ) ;
#4025 = EDGE_LOOP ( 'NONE', ( #108, #3440, #939, #2674 ) ) ;
#4026 = DIRECTION ( 'NONE',  ( 0.000000000000000000, 0.000000000000000000, -1.000000000000000000 ) ) ;
#4027 = DIRECTION ( 'NONE',  ( 0.000000000000000000, -1.000000000000000000, 0.000000000000000000 ) ) ;
#4028 = VERTEX_POINT ( 'NONE', #1279 ) ;
#4029 = ORIENTED_EDGE ( 'NONE', *, *, #3443, .F. ) ;
#4030 = DIRECTION ( 'NONE',  ( 0.000000000000000000, -1.000000000000000000, 0.000000000000000000 ) ) ;
#4031 = PLANE ( 'NONE',  #3826 ) ;
#4032 = DIRECTION ( 'NONE',  ( 0.000000000000000000, 0.000000000000000000, 1.000000000000000000 ) ) ;
#4033 = ORIENTED_EDGE ( 'NONE', *, *, #4915, .F. ) ;
#4034 = EDGE_CURVE ( 'NONE', #3372, #3025, #3877, .T. ) ;
#4035 = DIRECTION ( 'NONE',  ( 0.000000000000000000, -1.000000000000000000, 0.000000000000000000 ) ) ;
#4036 = ORIENTED_EDGE ( 'NONE', *, *, #1718, .T. ) ;
#4037 = EDGE_CURVE ( 'NONE', #2439, #3, #1814, .T. ) ;
#4038 = EDGE_CURVE ( 'NONE', #1565, #5136, #478, .T. ) ;
#4039 = ORIENTED_EDGE ( 'NONE', *, *, #790, .T. ) ;
#4040 = ORIENTED_EDGE ( 'NONE', *, *, #4338, .T. ) ;
#4041 = DIRECTION ( 'NONE',  ( 0.000000000000000000, -1.000000000000000000, 0.000000000000000000 ) ) ;
#4042 = DIRECTION ( 'NONE',  ( 0.000000000000000000, -1.000000000000000000, 0.000000000000000000 ) ) ;
#4043 = CARTESIAN_POINT ( 'NONE',  ( -12.75000002847990110, -500.0000000000000000, -3.557611826337780503 ) ) ;
#4044 = CARTESIAN_POINT ( 'NONE',  ( 5.000000000000000000, 500.0000000000000000, -15.50000000010000001 ) ) ;
#4045 = CARTESIAN_POINT ( 'NONE',  ( -2.220446049250309876E-16, -500.0000000000000000, -7.750000000000000000 ) ) ;
#4046 = DIRECTION ( 'NONE',  ( 1.000000000000000000, 0.000000000000000000, 3.469446951953611033E-15 ) ) ;
#4047 = VECTOR ( 'NONE', #1286, 1000.000000000000000 ) ;
#4048 = VERTEX_POINT ( 'NONE', #2244 ) ;
#4049 = EDGE_LOOP ( 'NONE', ( #3233, #4282, #574, #2023, #207, #3677, #3297, #701 ) ) ;
#4050 = DIRECTION ( 'NONE',  ( 0.000000000000000000, 0.000000000000000000, 1.000000000000000000 ) ) ;
#4051 = CARTESIAN_POINT ( 'NONE',  ( -12.74999986990139966, 500.0000000000000000, 3.557611892023129663 ) ) ;
#4052 = CARTESIAN_POINT ( 'NONE',  ( 14.14999999999999858, 502.0000000000000000, -18.19999999999999929 ) ) ;
#4053 = ORIENTED_EDGE ( 'NONE', *, *, #3434, .T. ) ;
#4054 = DIRECTION ( 'NONE',  ( 0.000000000000000000, -1.000000000000000000, 0.000000000000000000 ) ) ;
#4055 = DIRECTION ( 'NONE',  ( 0.000000000000000000, 0.000000000000000000, 1.000000000000000000 ) ) ;
#4056 = EDGE_CURVE ( 'NONE', #3401, #2391, #5087, .T. ) ;
#4057 = DIRECTION ( 'NONE',  ( 0.000000000000000000, -1.000000000000000000, 0.000000000000000000 ) ) ;
#4058 = ORIENTED_EDGE ( 'NONE', *, *, #3386, .F. ) ;
#4059 = DIRECTION ( 'NONE',  ( 0.000000000000000000, 0.000000000000000000, 1.000000000000000000 ) ) ;
#4060 = ORIENTED_EDGE ( 'NONE', *, *, #5250, .T. ) ;
#4061 = ORIENTED_EDGE ( 'NONE', *, *, #201, .F. ) ;
#4062 = ORIENTED_EDGE ( 'NONE', *, *, #4210, .T. ) ;
#4063 = CARTESIAN_POINT ( 'NONE',  ( -16.00000000000000000, -500.0000000000000000, -20.00000000000000000 ) ) ;
#4064 = CARTESIAN_POINT ( 'NONE',  ( 5.500000000099999120, -500.0000000000000000, 18.49999999990000177 ) ) ;
#4065 = CARTESIAN_POINT ( 'NONE',  ( 20.00000000000000000, -500.0000000000000000, -16.00000000000000000 ) ) ;
#4066 = DIRECTION ( 'NONE',  ( 0.000000000000000000, 0.000000000000000000, -1.000000000000000000 ) ) ;
#4067 = EDGE_CURVE ( 'NONE', #3351, #2391, #1890, .T. ) ;
#4068 = DIRECTION ( 'NONE',  ( 0.000000000000000000, 1.000000000000000000, 0.000000000000000000 ) ) ;
#4069 = CARTESIAN_POINT ( 'NONE',  ( 7.500000000000000000, 502.0000000000000000, -18.00000000000000000 ) ) ;
#4070 = AXIS2_PLACEMENT_3D ( 'NONE', #2997, #4557, #4145 ) ;
#4071 = VERTEX_POINT ( 'NONE', #1404 ) ;
#4072 = ORIENTED_EDGE ( 'NONE', *, *, #2535, .F. ) ;
#4073 = LINE ( 'NONE', #4426, #2096 ) ;
#4074 = VECTOR ( 'NONE', #852, 1000.000000000000000 ) ;
#4075 = CARTESIAN_POINT ( 'NONE',  ( 18.49999999990000177, 502.0000000000000000, 5.500000000099999120 ) ) ;
#4076 = LINE ( 'NONE', #2798, #4760 ) ;
#4077 = VERTEX_POINT ( 'NONE', #257 ) ;
#4078 = DIRECTION ( 'NONE',  ( 1.000000000000000000, 0.000000000000000000, 0.000000000000000000 ) ) ;
#4079 = AXIS2_PLACEMENT_3D ( 'NONE', #3196, #4837, #1791 ) ;
#4080 = DIRECTION ( 'NONE',  ( 1.999928000984143172E-10, 0.000000000000000000, -1.000000000000000000 ) ) ;
#4081 = CIRCLE ( 'NONE', #3221, 4.999999982033290102 ) ;
#4082 = AXIS2_PLACEMENT_3D ( 'NONE', #5186, #2234, #3144 ) ;
#4083 = DIRECTION ( 'NONE',  ( 0.000000000000000000, -1.000000000000000000, 0.000000000000000000 ) ) ;
#4084 = CIRCLE ( 'NONE', #4767, 1.500000000000001332 ) ;
#4085 = ORIENTED_EDGE ( 'NONE', *, *, #842, .T. ) ;
#4086 = EDGE_CURVE ( 'NONE', #5268, #5267, #2637, .T. ) ;
#4087 = VECTOR ( 'NONE', #2557, 1000.000000000000000 ) ;
#4088 = VECTOR ( 'NONE', #3719, 1000.000000000000000 ) ;
#4089 = VECTOR ( 'NONE', #2597, 1000.000000000000000 ) ;
#4090 = ADVANCED_FACE ( 'NONE', ( #1033 ), #1117, .F. ) ;
#4091 = ORIENTED_EDGE ( 'NONE', *, *, #4310, .T. ) ;
#4092 = ORIENTED_EDGE ( 'NONE', *, *, #3791, .T. ) ;
#4093 = DIRECTION ( 'NONE',  ( 0.000000000000000000, -1.000000000000000000, 0.000000000000000000 ) ) ;
#4094 = AXIS2_PLACEMENT_3D ( 'NONE', #91, #918, #888 ) ;
#4095 = CIRCLE ( 'NONE', #4443, 2.200000000000000622 ) ;
#4096 = CARTESIAN_POINT ( 'NONE',  ( 7.750000000000000000, 502.0000000000000000, 3.557611840000000303 ) ) ;
#4097 = CARTESIAN_POINT ( 'NONE',  ( 8.535533909999999835, 500.0000000000000000, -10.65685425999999936 ) ) ;
#4098 = CARTESIAN_POINT ( 'NONE',  ( 5.000000037205460046, 500.0000000000000000, 14.19238814645449942 ) ) ;
#4099 = LINE ( 'NONE', #3643, #484 ) ;
#4100 = EDGE_CURVE ( 'NONE', #171, #4704, #3123, .T. ) ;
#4101 = PLANE ( 'NONE',  #4587 ) ;
#4102 = PRESENTATION_STYLE_ASSIGNMENT (( #4536 ) ) ;
#4103 = LINE ( 'NONE', #2925, #5195 ) ;
#4104 = ORIENTED_EDGE ( 'NONE', *, *, #2076, .T. ) ;
#4105 = DIRECTION ( 'NONE',  ( 0.000000000000000000, 1.000000000000000000, 0.000000000000000000 ) ) ;
#4106 = DIRECTION ( 'NONE',  ( 0.000000000000000000, -1.000000000000000000, 0.000000000000000000 ) ) ;
#4107 = DIRECTION ( 'NONE',  ( 1.000000000000000000, 0.000000000000000000, 4.000029474315882345E-11 ) ) ;
#4108 = VERTEX_POINT ( 'NONE', #3449 ) ;
#4109 = CARTESIAN_POINT ( 'NONE',  ( -16.00000000000000000, 500.0000000000000000, -20.00000000000000000 ) ) ;
#4110 = DIRECTION ( 'NONE',  ( 0.000000000000000000, -1.000000000000000000, 0.000000000000000000 ) ) ;
#4111 = ORIENTED_EDGE ( 'NONE', *, *, #4922, .T. ) ;
#4112 = ORIENTED_EDGE ( 'NONE', *, *, #1560, .T. ) ;
#4113 = CYLINDRICAL_SURFACE ( 'NONE', #2645, 2.200000000000000622 ) ;
#4114 = CARTESIAN_POINT ( 'NONE',  ( 20.00000000000000000, -500.0000000000000000, -5.500000000000000000 ) ) ;
#4115 = ADVANCED_FACE ( 'NONE', ( #659 ), #626, .F. ) ;
#4116 = LINE ( 'NONE', #3315, #956 ) ;
#4117 = CARTESIAN_POINT ( 'NONE',  ( -14.19238813000000121, -500.0000000000000000, -10.00000000000000000 ) ) ;
#4118 = CARTESIAN_POINT ( 'NONE',  ( 10.00000000000000000, -500.0000000000000000, -14.19238813000000121 ) ) ;
#4119 = CARTESIAN_POINT ( 'NONE',  ( 7.000000000000000000, 500.0000000000000000, 8.387500000000001066 ) ) ;
#4120 = EDGE_CURVE ( 'NONE', #1312, #4441, #4941, .T. ) ;
#4121 = EDGE_CURVE ( 'NONE', #167, #1465, #3230, .T. ) ;
#4122 = CARTESIAN_POINT ( 'NONE',  ( -17.54999999989999893, 500.0000000000000000, -7.450000000100000186 ) ) ;
#4123 = DIRECTION ( 'NONE',  ( -1.000000000000000000, 0.000000000000000000, -4.884684341243943186E-09 ) ) ;
#4124 = ORIENTED_EDGE ( 'NONE', *, *, #2872, .F. ) ;
#4125 = ADVANCED_FACE ( 'NONE', ( #1521 ), #1868, .F. ) ;
#4126 = FACE_OUTER_BOUND ( 'NONE', #3627, .T. ) ;
#4127 = VERTEX_POINT ( 'NONE', #3478 ) ;
#4128 = EDGE_CURVE ( 'NONE', #4077, #592, #3159, .T. ) ;
#4129 = CARTESIAN_POINT ( 'NONE',  ( -15.50000000000000000, -500.0000000000000000, 10.00000000000000000 ) ) ;
#4130 = ADVANCED_FACE ( 'NONE', ( #3099 ), #2708, .T. ) ;
#4131 = DIRECTION ( 'NONE',  ( 1.000000000000000000, 0.000000000000000000, 1.999945348218899322E-10 ) ) ;
#4132 = ORIENTED_EDGE ( 'NONE', *, *, #5110, .F. ) ;
#4133 = VERTEX_POINT ( 'NONE', #4333 ) ;
#4134 = DIRECTION ( 'NONE',  ( 0.000000000000000000, 1.000000000000000000, 0.000000000000000000 ) ) ;
#4135 = ORIENTED_EDGE ( 'NONE', *, *, #4993, .T. ) ;
#4136 = DIRECTION ( 'NONE',  ( 3.469446951953611033E-15, 0.000000000000000000, -1.000000000000000000 ) ) ;
#4137 = DIRECTION ( 'NONE',  ( -1.000000000000000000, 0.000000000000000000, 0.000000000000000000 ) ) ;
#4138 = CARTESIAN_POINT ( 'NONE',  ( -4.440892098500630106E-16, 502.0000000000000000, 7.750000000000000000 ) ) ;
#4139 = DIRECTION ( 'NONE',  ( -0.7071067798205549204, 0.000000000000000000, 0.7071067825525400030 ) ) ;
#4140 = ORIENTED_EDGE ( 'NONE', *, *, #2462, .T. ) ;
#4141 = CARTESIAN_POINT ( 'NONE',  ( 8.387500000000001066, -500.0000000000000000, -7.000000000000000000 ) ) ;
#4142 = CARTESIAN_POINT ( 'NONE',  ( -15.50000000000000000, -500.0000000000000000, -2.875000000000000000 ) ) ;
#4143 = EDGE_CURVE ( 'NONE', #1575, #3817, #653, .T. ) ;
#4144 = ORIENTED_EDGE ( 'NONE', *, *, #505, .F. ) ;
#4145 = DIRECTION ( 'NONE',  ( -1.000000000000000000, 0.000000000000000000, -1.999945348218899322E-10 ) ) ;
#4146 = DIRECTION ( 'NONE',  ( -3.469446951953611033E-15, 0.000000000000000000, 1.000000000000000000 ) ) ;
#4147 = DIRECTION ( 'NONE',  ( 0.000000000000000000, -1.000000000000000000, 0.000000000000000000 ) ) ;
#4148 = AXIS2_PLACEMENT_3D ( 'NONE', #4454, #3774, #101 ) ;
#4149 = DIRECTION ( 'NONE',  ( 0.000000000000000000, -1.000000000000000000, 0.000000000000000000 ) ) ;
#4150 = AXIS2_PLACEMENT_3D ( 'NONE', #1403, #2629, #2707 ) ;
#4151 = EDGE_CURVE ( 'NONE', #1805, #4826, #1851, .T. ) ;
#4152 = CYLINDRICAL_SURFACE ( 'NONE', #2104, 0.5000000000000004441 ) ;
#4153 = EDGE_LOOP ( 'NONE', ( #2753, #4144, #1992, #1333 ) ) ;
#4154 = VECTOR ( 'NONE', #1221, 1000.000000000000000 ) ;
#4155 = VERTEX_POINT ( 'NONE', #1010 ) ;
#4156 = DIRECTION ( 'NONE',  ( 1.000000000000000000, 0.000000000000000000, 0.000000000000000000 ) ) ;
#4157 = VECTOR ( 'NONE', #3806, 1000.000000000000000 ) ;
#4158 = CARTESIAN_POINT ( 'NONE',  ( 17.55000000000000071, 500.0000000000000000, -7.000000000100000008 ) ) ;
#4159 = EDGE_CURVE ( 'NONE', #104, #1240, #4712, .T. ) ;
#4160 = AXIS2_PLACEMENT_3D ( 'NONE', #244, #5129, #1802 ) ;
#4161 =( GEOMETRIC_REPRESENTATION_CONTEXT ( 3 ) GLOBAL_UNCERTAINTY_ASSIGNED_CONTEXT ( ( #2221 ) ) GLOBAL_UNIT_ASSIGNED_CONTEXT ( ( #4831, #3249, #450 ) ) REPRESENTATION_CONTEXT ( 'NONE', 'WORKASPACE' ) );
#4162 = ORIENTED_EDGE ( 'NONE', *, *, #4037, .T. ) ;
#4163 = ORIENTED_EDGE ( 'NONE', *, *, #4487, .T. ) ;
#4164 = CARTESIAN_POINT ( 'NONE',  ( -17.54999999989999893, 502.0000000000000000, -7.450000000100000186 ) ) ;
#4165 = DIRECTION ( 'NONE',  ( 0.000000000000000000, 1.000000000000000000, 0.000000000000000000 ) ) ;
#4166 = VERTEX_POINT ( 'NONE', #1548 ) ;
#4167 = CIRCLE ( 'NONE', #1171, 0.5000000000000004441 ) ;
#4168 = AXIS2_PLACEMENT_3D ( 'NONE', #1046, #4271, #271 ) ;
#4169 = AXIS2_PLACEMENT_3D ( 'NONE', #1145, #774, #4046 ) ;
#4170 = CIRCLE ( 'NONE', #1856, 4.999999962794540842 ) ;
#4171 = DIRECTION ( 'NONE',  ( 0.000000000000000000, -1.000000000000000000, 0.000000000000000000 ) ) ;
#4172 = CARTESIAN_POINT ( 'NONE',  ( 12.30000000000000071, -500.0000000000000000, -18.19999999999999929 ) ) ;
#4173 = LINE ( 'NONE', #2162, #4413 ) ;
#4174 = VECTOR ( 'NONE', #2491, 1000.000000000000000 ) ;
#4175 = CARTESIAN_POINT ( 'NONE',  ( 5.000000000100000008, 502.0000000000000000, -16.50000000010000178 ) ) ;
#4176 = AXIS2_PLACEMENT_3D ( 'NONE', #3090, #170, #3010 ) ;
#4177 = CARTESIAN_POINT ( 'NONE',  ( 8.750000000000000000, -500.0000000000000000, 4.000000000000000000 ) ) ;
#4178 = EDGE_CURVE ( 'NONE', #2233, #3682, #4885, .T. ) ;
#4179 = DIRECTION ( 'NONE',  ( 1.000000000000000000, 0.000000000000000000, -1.040462578258159729E-08 ) ) ;
#4180 = CARTESIAN_POINT ( 'NONE',  ( 18.19999999999999929, 500.0000000000000000, 16.00000000000000000 ) ) ;
#4181 = ORIENTED_EDGE ( 'NONE', *, *, #2067, .F. ) ;
#4182 = AXIS2_PLACEMENT_3D ( 'NONE', #945, #1373, #2593 ) ;
#4183 = DIRECTION ( 'NONE',  ( 0.000000000000000000, -1.000000000000000000, 0.000000000000000000 ) ) ;
#4184 = ORIENTED_EDGE ( 'NONE', *, *, #3290, .F. ) ;
#4185 = EDGE_CURVE ( 'NONE', #3817, #1213, #4099, .T. ) ;
#4186 = DIRECTION ( 'NONE',  ( -1.000000000000000000, 0.000000000000000000, 0.000000000000000000 ) ) ;
#4187 = ORIENTED_EDGE ( 'NONE', *, *, #1294, .F. ) ;
#4188 = VERTEX_POINT ( 'NONE', #1202 ) ;
#4189 = LINE ( 'NONE', #883, #747 ) ;
#4190 = CARTESIAN_POINT ( 'NONE',  ( -16.50000000010000178, 500.0000000000000000, 5.000000000100000008 ) ) ;
#4191 = EDGE_CURVE ( 'NONE', #5091, #4747, #4903, .T. ) ;
#4192 = EDGE_LOOP ( 'NONE', ( #2308, #3541 ) ) ;
#4193 = FACE_OUTER_BOUND ( 'NONE', #1311, .T. ) ;
#4194 = LINE ( 'NONE', #3713, #4946 ) ;
#4195 = ORIENTED_EDGE ( 'NONE', *, *, #4880, .F. ) ;
#4196 = ADVANCED_FACE ( 'NONE', ( #3676 ), #5278, .F. ) ;
#4197 = CARTESIAN_POINT ( 'NONE',  ( -9.935660179999999286, 502.0000000000000000, -7.814339829999998877 ) ) ;
#4198 = CARTESIAN_POINT ( 'NONE',  ( -4.000000000000000000, -500.0000000000000000, 8.750000000000000000 ) ) ;
#4199 = CARTESIAN_POINT ( 'NONE',  ( -18.19999999999999929, 502.0000000000000000, 14.14999999999999858 ) ) ;
#4200 = ADVANCED_FACE ( 'NONE', ( #3243 ), #1988, .F. ) ;
#4201 = ORIENTED_EDGE ( 'NONE', *, *, #2024, .F. ) ;
#4202 = CYLINDRICAL_SURFACE ( 'NONE', #4844, 3.399999999999999911 ) ;
#4203 = CARTESIAN_POINT ( 'NONE',  ( 4.000000000000000000, 502.0000000000000000, -17.50000000000000000 ) ) ;
#4204 = CARTESIAN_POINT ( 'NONE',  ( 8.387500000000001066, 500.0000000000000000, -7.000000000000000000 ) ) ;
#4205 = VERTEX_POINT ( 'NONE', #3186 ) ;
#4206 = ORIENTED_EDGE ( 'NONE', *, *, #3639, .T. ) ;
#4207 = LINE ( 'NONE', #1746, #5103 ) ;
#4208 = ORIENTED_EDGE ( 'NONE', *, *, #183, .F. ) ;
#4209 = DIRECTION ( 'NONE',  ( 0.000000000000000000, 1.000000000000000000, 0.000000000000000000 ) ) ;
#4210 = EDGE_CURVE ( 'NONE', #3948, #1165, #4473, .T. ) ;
#4211 = DIRECTION ( 'NONE',  ( 0.000000000000000000, 1.000000000000000000, 0.000000000000000000 ) ) ;
#4212 = VERTEX_POINT ( 'NONE', #4495 ) ;
#4213 = VERTEX_POINT ( 'NONE', #5251 ) ;
#4214 = DIRECTION ( 'NONE',  ( 0.000000000000000000, 0.000000000000000000, 1.000000000000000000 ) ) ;
#4215 = DIRECTION ( 'NONE',  ( 0.000000000000000000, 0.000000000000000000, -1.000000000000000000 ) ) ;
#4216 = ORIENTED_EDGE ( 'NONE', *, *, #1147, .F. ) ;
#4217 = EDGE_CURVE ( 'NONE', #1871, #4366, #3697, .T. ) ;
#4218 = LINE ( 'NONE', #467, #4937 ) ;
#4219 = CARTESIAN_POINT ( 'NONE',  ( -4.000000000000000000, 502.0000000000000000, 17.50000000000000000 ) ) ;
#4220 = DIRECTION ( 'NONE',  ( 1.000000000000000000, 0.000000000000000000, 0.000000000000000000 ) ) ;
#4221 = DIRECTION ( 'NONE',  ( 1.000000000000000000, 0.000000000000000000, 4.884684341243943186E-09 ) ) ;
#4222 = DIRECTION ( 'NONE',  ( 1.000000000000000000, 0.000000000000000000, 0.000000000000000000 ) ) ;
#4223 = EDGE_CURVE ( 'NONE', #1080, #1284, #1223, .T. ) ;
#4224 = ADVANCED_FACE ( 'NONE', ( #370 ), #799, .F. ) ;
#4225 = DIRECTION ( 'NONE',  ( 1.000000000000000000, 0.000000000000000000, 0.000000000000000000 ) ) ;
#4226 = CYLINDRICAL_SURFACE ( 'NONE', #310, 5.000000028479869130 ) ;
#4227 = ORIENTED_EDGE ( 'NONE', *, *, #4348, .T. ) ;
#4228 = ORIENTED_EDGE ( 'NONE', *, *, #3247, .F. ) ;
#4229 = AXIS2_PLACEMENT_3D ( 'NONE', #4122, #46, #1690 ) ;
#4230 = DIRECTION ( 'NONE',  ( 1.000000000000000000, 0.000000000000000000, 0.000000000000000000 ) ) ;
#4231 = ORIENTED_EDGE ( 'NONE', *, *, #276, .F. ) ;
#4232 = DIRECTION ( 'NONE',  ( 1.000000000000000000, 0.000000000000000000, 3.999856001968282080E-11 ) ) ;
#4233 = CIRCLE ( 'NONE', #3384, 1.499999999999999556 ) ;
#4234 = DIRECTION ( 'NONE',  ( 0.000000000000000000, -1.000000000000000000, 0.000000000000000000 ) ) ;
#4235 = EDGE_LOOP ( 'NONE', ( #2488, #1815, #4695, #401 ) ) ;
#4236 = ORIENTED_EDGE ( 'NONE', *, *, #1646, .T. ) ;
#4237 = EDGE_CURVE ( 'NONE', #3025, #1575, #2789, .T. ) ;
#4238 = LINE ( 'NONE', #2208, #4432 ) ;
#4240 = CIRCLE ( 'NONE', #472, 1.499999999999999556 ) ;
#4239 = CARTESIAN_POINT ( 'NONE',  ( -15.50000000000000000, -500.0000000000000000, -9.999999999899998215 ) ) ;
#4241 = VERTEX_POINT ( 'NONE', #1249 ) ;
#4242 = CIRCLE ( 'NONE', #3899, 0.4499999999999999001 ) ;
#4243 = ADVANCED_FACE ( 'NONE', ( #5229 ), #2438, .T. ) ;
#4244 = AXIS2_PLACEMENT_3D ( 'NONE', #3799, #876, #2145 ) ;
#4245 = SHAPE_DEFINITION_REPRESENTATION ( #4298, #376 ) ;
#4246 = LINE ( 'NONE', #921, #1845 ) ;
#4247 = CARTESIAN_POINT ( 'NONE',  ( 6.499999999899999992, -500.0000000000000000, 16.00000000010000178 ) ) ;
#4248 = AXIS2_PLACEMENT_3D ( 'NONE', #559, #2204, #4315 ) ;
#4249 = AXIS2_PLACEMENT_3D ( 'NONE', #4351, #246, #639 ) ;
#4250 = DIRECTION ( 'NONE',  ( 1.000000000000000000, 0.000000000000000000, 0.000000000000000000 ) ) ;
#4251 = FACE_OUTER_BOUND ( 'NONE', #4153, .T. ) ;
#4252 = AXIS2_PLACEMENT_3D ( 'NONE', #3506, #5145, #1457 ) ;
#4253 = AXIS2_PLACEMENT_3D ( 'NONE', #4796, #3589, #656 ) ;
#4254 = CIRCLE ( 'NONE', #834, 5.000000028479869130 ) ;
#4255 = VECTOR ( 'NONE', #537, 1000.000000000000000 ) ;
#4256 = DIRECTION ( 'NONE',  ( 1.000000000000000000, 0.000000000000000000, 4.000029474315882345E-11 ) ) ;
#4257 = DIRECTION ( 'NONE',  ( 1.734723475976807094E-15, 0.000000000000000000, -1.000000000000000000 ) ) ;
#4258 = VERTEX_POINT ( 'NONE', #2388 ) ;
#4259 = PRODUCT_DEFINITION_CONTEXT ( 'detailed design', #429, 'design' ) ;
#4260 = EDGE_CURVE ( 'NONE', #3896, #1002, #1634, .T. ) ;
#4261 = VECTOR ( 'NONE', #2247, 1000.000000000000000 ) ;
#4262 = CARTESIAN_POINT ( 'NONE',  ( 5.750000000000000000, 502.0000000000000000, 15.50000000000000000 ) ) ;
#4263 = ORIENTED_EDGE ( 'NONE', *, *, #4223, .F. ) ;
#4264 = DIRECTION ( 'NONE',  ( 0.000000000000000000, 1.000000000000000000, 0.000000000000000000 ) ) ;
#4265 = VECTOR ( 'NONE', #3145, 1000.000000000000114 ) ;
#4266 = FACE_OUTER_BOUND ( 'NONE', #1121, .T. ) ;
#4267 = CARTESIAN_POINT ( 'NONE',  ( 5.498160177499999968, -500.0000000000000000, -3.376839827500000446 ) ) ;
#4268 = DIRECTION ( 'NONE',  ( 0.000000000000000000, 1.000000000000000000, 0.000000000000000000 ) ) ;
#4269 = VERTEX_POINT ( 'NONE', #1657 ) ;
#4270 = ORIENTED_EDGE ( 'NONE', *, *, #99, .T. ) ;
#4271 = DIRECTION ( 'NONE',  ( 0.000000000000000000, -1.000000000000000000, 0.000000000000000000 ) ) ;
#4272 = CARTESIAN_POINT ( 'NONE',  ( 7.000000000000000000, -500.0000000000000000, -17.55000000000000071 ) ) ;
#4273 = ORIENTED_EDGE ( 'NONE', *, *, #1571, .T. ) ;
#4274 = EDGE_LOOP ( 'NONE', ( #3281, #2311, #1298, #3080, #3517, #3781, #4408, #598 ) ) ;
#4275 = VERTEX_POINT ( 'NONE', #3265 ) ;
#4276 = CARTESIAN_POINT ( 'NONE',  ( 18.00000000000000000, -500.0000000000000000, 3.737499999999999822 ) ) ;
#4277 = CARTESIAN_POINT ( 'NONE',  ( -5.000000000100000008, 502.0000000000000000, -16.50000000010000178 ) ) ;
#4278 = CARTESIAN_POINT ( 'NONE',  ( -18.19999999999999929, 502.0000000000000000, -12.30000000000000071 ) ) ;
#4279 = EDGE_CURVE ( 'NONE', #1973, #4205, #3287, .T. ) ;
#4280 = CARTESIAN_POINT ( 'NONE',  ( 17.55000000000000071, 500.0000000000000000, 7.000000000000000000 ) ) ;
#4281 = DIRECTION ( 'NONE',  ( 0.000000000000000000, -1.000000000000000000, 0.000000000000000000 ) ) ;
#4282 = ORIENTED_EDGE ( 'NONE', *, *, #4782, .T. ) ;
#4283 = CYLINDRICAL_SURFACE ( 'NONE', #4783, 0.5000000000000004441 ) ;
#4284 = ORIENTED_EDGE ( 'NONE', *, *, #113, .F. ) ;
#4285 = CARTESIAN_POINT ( 'NONE',  ( 4.440892098500630106E-16, 502.0000000000000000, -7.750000000000000000 ) ) ;
#4286 = FACE_OUTER_BOUND ( 'NONE', #2714, .T. ) ;
#4287 = VERTEX_POINT ( 'NONE', #2871 ) ;
#4288 = LINE ( 'NONE', #1932, #3818 ) ;
#4289 = EDGE_CURVE ( 'NONE', #4660, #21, #823, .T. ) ;
#4290 = DIRECTION ( 'NONE',  ( -1.000000000000000000, 0.000000000000000000, 0.000000000000000000 ) ) ;
#4291 = EDGE_CURVE ( 'NONE', #2564, #1224, #2353, .T. ) ;
#4292 = ORIENTED_EDGE ( 'NONE', *, *, #2306, .F. ) ;
#4293 = ORIENTED_EDGE ( 'NONE', *, *, #3698, .T. ) ;
#4294 = VERTEX_POINT ( 'NONE', #3393 ) ;
#4295 = CARTESIAN_POINT ( 'NONE',  ( -18.50000000000000000, -500.0000000000000000, -4.000000000100000008 ) ) ;
#4296 = CYLINDRICAL_SURFACE ( 'NONE', #3836, 0.5000000000000004441 ) ;
#4297 = ORIENTED_EDGE ( 'NONE', *, *, #1909, .T. ) ;
#4298 = PRODUCT_DEFINITION_SHAPE ( 'NONE', 'NONE',  #1425 ) ;
#4299 = EDGE_LOOP ( 'NONE', ( #3842, #270, #3419, #1532 ) ) ;
#4300 = CARTESIAN_POINT ( 'NONE',  ( -7.093145749999999694, 500.0000000000000000, -9.214466100000000992 ) ) ;
#4301 = CARTESIAN_POINT ( 'NONE',  ( -18.19999999999999929, 502.0000000000000000, -14.14999999999999858 ) ) ;
#4302 = CARTESIAN_POINT ( 'NONE',  ( 10.00000000000000000, 500.0000000000000000, -7.423097032500000303 ) ) ;
#4303 = CARTESIAN_POINT ( 'NONE',  ( 7.499999999899999992, 502.0000000000000000, 15.49999999989999999 ) ) ;
#4304 = CARTESIAN_POINT ( 'NONE',  ( -9.999999999899998215, 502.0000000000000000, 15.50000000000000000 ) ) ;
#4305 = VERTEX_POINT ( 'NONE', #2995 ) ;
#4306 = EDGE_CURVE ( 'NONE', #1064, #3231, #3773, .T. ) ;
#4307 = DIRECTION ( 'NONE',  ( 0.000000000000000000, 0.000000000000000000, 1.000000000000000000 ) ) ;
#4308 = ORIENTED_EDGE ( 'NONE', *, *, #2143, .T. ) ;
#4309 = DIRECTION ( 'NONE',  ( 0.000000000000000000, 1.000000000000000000, 0.000000000000000000 ) ) ;
#4310 = EDGE_CURVE ( 'NONE', #1785, #3066, #446, .T. ) ;
#4311 = CARTESIAN_POINT ( 'NONE',  ( -18.49999999990000177, 500.0000000000000000, 5.500000000099999120 ) ) ;
#4312 = ORIENTED_EDGE ( 'NONE', *, *, #969, .T. ) ;
#4313 = DIRECTION ( 'NONE',  ( 1.734723475976807094E-15, 0.000000000000000000, -1.000000000000000000 ) ) ;
#4314 = ADVANCED_FACE ( 'NONE', ( #4958 ), #1762, .T. ) ;
#4315 = DIRECTION ( 'NONE',  ( 0.000000000000000000, 1.000000000000000000, 0.000000000000000000 ) ) ;
#4316 = VERTEX_POINT ( 'NONE', #2942 ) ;
#4317 = ORIENTED_EDGE ( 'NONE', *, *, #2246, .F. ) ;
#4318 = FACE_OUTER_BOUND ( 'NONE', #2487, .T. ) ;
#4319 = DIRECTION ( 'NONE',  ( 0.000000000000000000, -1.000000000000000000, 0.000000000000000000 ) ) ;
#4320 = EDGE_LOOP ( 'NONE', ( #3077, #3546, #4838, #3332 ) ) ;
#4321 = AXIS2_PLACEMENT_3D ( 'NONE', #1226, #1205, #5313 ) ;
#4322 = EDGE_CURVE ( 'NONE', #4594, #867, #1736, .T. ) ;
#4323 = ORIENTED_EDGE ( 'NONE', *, *, #786, .F. ) ;
#4324 = VECTOR ( 'NONE', #269, 1000.000000000000000 ) ;
#4325 = VERTEX_POINT ( 'NONE', #1299 ) ;
#4326 = DIRECTION ( 'NONE',  ( 1.000000000000000000, 0.000000000000000000, 9.999640004920706815E-11 ) ) ;
#4327 = AXIS2_PLACEMENT_3D ( 'NONE', #4710, #313, #3156 ) ;
#4328 = AXIS2_PLACEMENT_3D ( 'NONE', #4138, #946, #3339 ) ;
#4329 = VECTOR ( 'NONE', #5009, 1000.000000000000000 ) ;
#4330 = LINE ( 'NONE', #4822, #3140 ) ;
#4331 = DIRECTION ( 'NONE',  ( 1.000000000000000000, 0.000000000000000000, 0.000000000000000000 ) ) ;
#4332 = DIRECTION ( 'NONE',  ( 0.000000000000000000, -1.000000000000000000, 0.000000000000000000 ) ) ;
#4333 = CARTESIAN_POINT ( 'NONE',  ( 18.00000000000000000, 500.0000000000000000, 7.500000000000000000 ) ) ;
#4334 = VERTEX_POINT ( 'NONE', #2546 ) ;
#4335 = AXIS2_PLACEMENT_3D ( 'NONE', #355, #4055, #3572 ) ;
#4336 = AXIS2_PLACEMENT_3D ( 'NONE', #4568, #531, #60 ) ;
#4337 = CIRCLE ( 'NONE', #2202, 0.5000000000000004441 ) ;
#4338 = EDGE_CURVE ( 'NONE', #4241, #1823, #5039, .T. ) ;
#4339 = FACE_OUTER_BOUND ( 'NONE', #1594, .T. ) ;
#4340 = ORIENTED_EDGE ( 'NONE', *, *, #2428, .T. ) ;
#4341 = DIRECTION ( 'NONE',  ( 9.999640004920706815E-11, 0.000000000000000000, -1.000000000000000000 ) ) ;
#4342 = AXIS2_PLACEMENT_3D ( 'NONE', #782, #5258, #4030 ) ;
#4343 = LINE ( 'NONE', #241, #1251 ) ;
#4344 = ORIENTED_EDGE ( 'NONE', *, *, #2452, .T. ) ;
#4345 = VECTOR ( 'NONE', #174, 1000.000000000000000 ) ;
#4346 = CARTESIAN_POINT ( 'NONE',  ( 18.19999999999999929, 500.0000000000000000, -7.074999999999999289 ) ) ;
#4347 = LINE ( 'NONE', #2671, #560 ) ;
#4348 = EDGE_CURVE ( 'NONE', #3298, #1745, #3363, .T. ) ;
#4349 = AXIS2_PLACEMENT_3D ( 'NONE', #1092, #2744, #688 ) ;
#4350 = ORIENTED_EDGE ( 'NONE', *, *, #3169, .T. ) ;
#4351 = CARTESIAN_POINT ( 'NONE',  ( -5.750000000000000000, 502.0000000000000000, -15.50000000000000000 ) ) ;
#4352 = CARTESIAN_POINT ( 'NONE',  ( -7.474999999999999645, 502.0000000000000000, 18.00000000000000000 ) ) ;
#4353 = VERTEX_POINT ( 'NONE', #3718 ) ;
#4354 = ADVANCED_FACE ( 'NONE', ( #542 ), #43, .F. ) ;
#4355 = EDGE_CURVE ( 'NONE', #2391, #4545, #4684, .T. ) ;
#4356 = ORIENTED_EDGE ( 'NONE', *, *, #4364, .F. ) ;
#4357 = ORIENTED_EDGE ( 'NONE', *, *, #2083, .F. ) ;
#4358 = ADVANCED_FACE ( 'NONE', ( #3825 ), #469, .T. ) ;
#4359 = LINE ( 'NONE', #1860, #3658 ) ;
#4360 = DIRECTION ( 'NONE',  ( 0.000000000000000000, 1.000000000000000000, 0.000000000000000000 ) ) ;
#4361 = DIRECTION ( 'NONE',  ( 1.000000000000000000, 0.000000000000000000, 0.000000000000000000 ) ) ;
#4362 = CARTESIAN_POINT ( 'NONE',  ( -17.55000000000000071, 500.0000000000000000, 7.000000000100000008 ) ) ;
#4363 = DIRECTION ( 'NONE',  ( 0.000000000000000000, -1.000000000000000000, 0.000000000000000000 ) ) ;
#4364 = EDGE_CURVE ( 'NONE', #2277, #5054, #2142, .T. ) ;
#4365 = CARTESIAN_POINT ( 'NONE',  ( 15.49999999989999999, -500.0000000000000000, 7.499999999899999992 ) ) ;
#4366 = VERTEX_POINT ( 'NONE', #3751 ) ;
#4367 = DIRECTION ( 'NONE',  ( 0.000000000000000000, -1.000000000000000000, 0.000000000000000000 ) ) ;
#4368 = LINE ( 'NONE', #5065, #4261 ) ;
#4369 = EDGE_LOOP ( 'NONE', ( #1049, #2261, #5163, #804 ) ) ;
#4370 = CARTESIAN_POINT ( 'NONE',  ( 16.00000000000000000, -500.0000000000000000, -16.00000000000000000 ) ) ;
#4372 = EDGE_CURVE ( 'NONE', #1638, #3846, #1792, .T. ) ;
#4371 = DIRECTION ( 'NONE',  ( 0.000000000000000000, 1.000000000000000000, 0.000000000000000000 ) ) ;
#4373 = DIRECTION ( 'NONE',  ( 0.000000000000000000, -1.000000000000000000, 0.000000000000000000 ) ) ;
#4374 = CARTESIAN_POINT ( 'NONE',  ( 16.50000000000000000, -500.0000000000000000, 4.000000000000000000 ) ) ;
#4375 = LINE ( 'NONE', #3969, #904 ) ;
#4376 = DIRECTION ( 'NONE',  ( -4.884684341243943186E-09, 0.000000000000000000, 1.000000000000000000 ) ) ;
#4377 = ORIENTED_EDGE ( 'NONE', *, *, #1231, .T. ) ;
#4378 = DIRECTION ( 'NONE',  ( 1.000000000000000000, 0.000000000000000000, 2.222219322136867696E-10 ) ) ;
#4379 = CARTESIAN_POINT ( 'NONE',  ( 12.30000000000000071, 502.0000000000000000, 11.79999999999999893 ) ) ;
#4380 = ORIENTED_EDGE ( 'NONE', *, *, #5132, .T. ) ;
#4381 = EDGE_CURVE ( 'NONE', #1566, #2415, #4337, .T. ) ;
#4382 = ORIENTED_EDGE ( 'NONE', *, *, #4936, .F. ) ;
#4383 = ORIENTED_EDGE ( 'NONE', *, *, #3894, .T. ) ;
#4384 = ADVANCED_FACE ( 'NONE', ( #2163 ), #5061, .F. ) ;
#4385 = DIRECTION ( 'NONE',  ( 0.000000000000000000, 0.000000000000000000, -1.000000000000000000 ) ) ;
#4386 = CARTESIAN_POINT ( 'NONE',  ( 16.00000000000000000, 500.0000000000000000, 6.999999999899999992 ) ) ;
#4387 = CIRCLE ( 'NONE', #181, 2.500000000000000444 ) ;
#4388 = ADVANCED_FACE ( 'NONE', ( #3794 ), #121, .F. ) ;
#4389 = DIRECTION ( 'NONE',  ( -1.000000000000000000, 0.000000000000000000, -9.999813477268295448E-11 ) ) ;
#4390 = LINE ( 'NONE', #1833, #5192 ) ;
#4391 = CYLINDRICAL_SURFACE ( 'NONE', #131, 1.000000000000000888 ) ;
#4392 = DIRECTION ( 'NONE',  ( 6.666657966410595850E-11, 0.000000000000000000, -1.000000000000000000 ) ) ;
#4393 = EDGE_LOOP ( 'NONE', ( #627, #710, #1800, #1908 ) ) ;
#4394 = EDGE_CURVE ( 'NONE', #4007, #84, #2498, .T. ) ;
#4395 = CARTESIAN_POINT ( 'NONE',  ( 3.557611840000000303, 500.0000000000000000, 7.750000000000000000 ) ) ;
#4396 = ORIENTED_EDGE ( 'NONE', *, *, #790, .F. ) ;
#4397 = LINE ( 'NONE', #1151, #1485 ) ;
#4398 = CARTESIAN_POINT ( 'NONE',  ( -9.214466100000000992, -500.0000000000000000, 7.093145749999999694 ) ) ;
#4399 = DIRECTION ( 'NONE',  ( 0.000000000000000000, -1.000000000000000000, 0.000000000000000000 ) ) ;
#4400 = ORIENTED_EDGE ( 'NONE', *, *, #1265, .T. ) ;
#4401 = DIRECTION ( 'NONE',  ( 0.000000000000000000, -1.000000000000000000, 0.000000000000000000 ) ) ;
#4402 = DIRECTION ( 'NONE',  ( 1.000000000000000000, 0.000000000000000000, 1.999928000984143172E-10 ) ) ;
#4403 = DIRECTION ( 'NONE',  ( 0.000000000000000000, 0.000000000000000000, -1.000000000000000000 ) ) ;
#4404 = EDGE_LOOP ( 'NONE', ( #4452, #2151, #3651, #4512 ) ) ;
#4405 = DIRECTION ( 'NONE',  ( 1.000000000000000000, 0.000000000000000000, 2.222219322136867696E-10 ) ) ;
#4406 = EDGE_LOOP ( 'NONE', ( #2539, #1981, #587, #4231 ) ) ;
#4407 = VECTOR ( 'NONE', #4528, 1000.000000000000000 ) ;
#4408 = ORIENTED_EDGE ( 'NONE', *, *, #1570, .T. ) ;
#4409 = EDGE_CURVE ( 'NONE', #1627, #2980, #5191, .T. ) ;
#4410 = ORIENTED_EDGE ( 'NONE', *, *, #3613, .F. ) ;
#4412 = AXIS2_PLACEMENT_3D ( 'NONE', #1439, #4717, #1038 ) ;
#4411 = CARTESIAN_POINT ( 'NONE',  ( 16.00000000000000000, -500.0000000000000000, 16.00000000000000000 ) ) ;
#4413 = VECTOR ( 'NONE', #3749, 1000.000000000000000 ) ;
#4414 = PLANE ( 'NONE',  #1949 ) ;
#4415 = DIRECTION ( 'NONE',  ( 1.000000000000000000, 0.000000000000000000, 1.999928000984143172E-10 ) ) ;
#4416 = DIRECTION ( 'NONE',  ( 0.7071067798205549204, 0.000000000000000000, -0.7071067825525400030 ) ) ;
#4417 = CARTESIAN_POINT ( 'NONE',  ( -10.00000000000000000, 502.0000000000000000, -14.19238813000000121 ) ) ;
#4418 = ORIENTED_EDGE ( 'NONE', *, *, #1859, .F. ) ;
#4419 = VECTOR ( 'NONE', #1904, 1000.000000000000000 ) ;
#4420 = VECTOR ( 'NONE', #1416, 1000.000000000000000 ) ;
#4421 = AXIS2_PLACEMENT_3D ( 'NONE', #4052, #4804, #4373 ) ;
#4422 = EDGE_LOOP ( 'NONE', ( #2013, #2936, #4971, #4890 ) ) ;
#4423 = PLANE ( 'NONE',  #2481 ) ;
#4424 = EDGE_LOOP ( 'NONE', ( #5161, #1921, #14, #3348 ) ) ;
#4425 = STYLED_ITEM ( 'NONE', ( #4102 ), #3862 ) ;
#4426 = CARTESIAN_POINT ( 'NONE',  ( 12.30000000000000071, 502.0000000000000000, 18.19999999999999929 ) ) ;
#4427 = SURFACE_STYLE_FILL_AREA ( #4501 ) ;
#4428 = ORIENTED_EDGE ( 'NONE', *, *, #962, .F. ) ;
#4429 = ORIENTED_EDGE ( 'NONE', *, *, #390, .F. ) ;
#4430 = ADVANCED_FACE ( 'NONE', ( #4682 ), #228, .F. ) ;
#4431 = VECTOR ( 'NONE', #4171, 1000.000000000000000 ) ;
#4432 = VECTOR ( 'NONE', #3844, 1000.000000000000000 ) ;
#4433 = CARTESIAN_POINT ( 'NONE',  ( 14.19238813000000121, -500.0000000000000000, -10.00000000000000000 ) ) ;
#4434 = AXIS2_PLACEMENT_3D ( 'NONE', #895, #2187, #2113 ) ;
#4435 = DIRECTION ( 'NONE',  ( -2.222219322136867696E-10, 0.000000000000000000, 1.000000000000000000 ) ) ;
#4436 = AXIS2_PLACEMENT_3D ( 'NONE', #485, #2606, #4232 ) ;
#4437 = CIRCLE ( 'NONE', #4008, 2.200000000000000622 ) ;
#4438 = CARTESIAN_POINT ( 'NONE',  ( 18.00000000000000000, -500.0000000000000000, -3.737499999999999822 ) ) ;
#4439 = ORIENTED_EDGE ( 'NONE', *, *, #4709, .T. ) ;
#4440 = CARTESIAN_POINT ( 'NONE',  ( 8.535533909999999835, 500.0000000000000000, 10.65685425999999936 ) ) ;
#4441 = VERTEX_POINT ( 'NONE', #4300 ) ;
#4442 = EDGE_CURVE ( 'NONE', #4829, #5088, #196, .T. ) ;
#4443 = AXIS2_PLACEMENT_3D ( 'NONE', #2688, #3024, #2307 ) ;
#4444 = ORIENTED_EDGE ( 'NONE', *, *, #759, .T. ) ;
#4445 = ORIENTED_EDGE ( 'NONE', *, *, #2569, .F. ) ;
#4446 = DIRECTION ( 'NONE',  ( 0.000000000000000000, -1.000000000000000000, 0.000000000000000000 ) ) ;
#4447 = CARTESIAN_POINT ( 'NONE',  ( -14.19238813000000121, 500.0000000000000000, -10.00000000000000000 ) ) ;
#4448 = FACE_OUTER_BOUND ( 'NONE', #335, .T. ) ;
#4449 = DIRECTION ( 'NONE',  ( 0.000000000000000000, 0.000000000000000000, -1.000000000000000000 ) ) ;
#4450 = DIRECTION ( 'NONE',  ( 0.000000000000000000, -1.000000000000000000, 0.000000000000000000 ) ) ;
#4451 = EDGE_CURVE ( 'NONE', #327, #167, #623, .T. ) ;
#4452 = ORIENTED_EDGE ( 'NONE', *, *, #4322, .F. ) ;
#4453 = VERTEX_POINT ( 'NONE', #1028 ) ;
#4454 = CARTESIAN_POINT ( 'NONE',  ( -17.50000000000000000, 502.0000000000000000, -4.000000000000000000 ) ) ;
#4455 = CARTESIAN_POINT ( 'NONE',  ( 11.79999999999999893, 502.0000000000000000, 12.30000000000000071 ) ) ;
#4456 = DIRECTION ( 'NONE',  ( 0.000000000000000000, 0.000000000000000000, 1.000000000000000000 ) ) ;
#4457 = EDGE_LOOP ( 'NONE', ( #4918, #3286, #3388, #5230 ) ) ;
#4458 = FACE_OUTER_BOUND ( 'NONE', #4299, .T. ) ;
#4459 = DIRECTION ( 'NONE',  ( 0.000000000000000000, 1.000000000000000000, 0.000000000000000000 ) ) ;
#4460 = LINE ( 'NONE', #380, #1503 ) ;
#4461 = EDGE_LOOP ( 'NONE', ( #4968, #5157, #235, #2757 ) ) ;
#4462 = CARTESIAN_POINT ( 'NONE',  ( -5.498160177499999968, -500.0000000000000000, 3.376839827500000446 ) ) ;
#4463 = ORIENTED_EDGE ( 'NONE', *, *, #4496, .F. ) ;
#4464 = EDGE_CURVE ( 'NONE', #3035, #2256, #3094, .T. ) ;
#4465 = ORIENTED_EDGE ( 'NONE', *, *, #3006, .F. ) ;
#4466 = ORIENTED_EDGE ( 'NONE', *, *, #5003, .F. ) ;
#4467 = CARTESIAN_POINT ( 'NONE',  ( -18.19999999999999929, 502.0000000000000000, 16.00000000000000000 ) ) ;
#4468 = FACE_OUTER_BOUND ( 'NONE', #3988, .T. ) ;
#4469 = DIRECTION ( 'NONE',  ( 0.000000000000000000, -1.000000000000000000, 0.000000000000000000 ) ) ;
#4470 = DIRECTION ( 'NONE',  ( 0.000000000000000000, 1.000000000000000000, 0.000000000000000000 ) ) ;
#4471 = DIRECTION ( 'NONE',  ( 0.000000000000000000, 0.000000000000000000, -1.000000000000000000 ) ) ;
#4472 = PLANE ( 'NONE',  #4854 ) ;
#4473 = LINE ( 'NONE', #4069, #745 ) ;
#4474 = AXIS2_PLACEMENT_3D ( 'NONE', #2509, #33, #937 ) ;
#4475 = ORIENTED_EDGE ( 'NONE', *, *, #4394, .T. ) ;
#4476 = CARTESIAN_POINT ( 'NONE',  ( 14.84619406500000061, 502.0000000000000000, -10.00000000000000000 ) ) ;
#4477 = EDGE_CURVE ( 'NONE', #2502, #327, #650, .T. ) ;
#4478 = DIRECTION ( 'NONE',  ( 1.999928000984143172E-10, 0.000000000000000000, -1.000000000000000000 ) ) ;
#4479 = CARTESIAN_POINT ( 'NONE',  ( -16.00000000000000000, 502.0000000000000000, -6.999999999899999992 ) ) ;
#4480 = ORIENTED_EDGE ( 'NONE', *, *, #789, .F. ) ;
#4481 = DIRECTION ( 'NONE',  ( 0.000000000000000000, -1.000000000000000000, 0.000000000000000000 ) ) ;
#4482 = PLANE ( 'NONE',  #303 ) ;
#4483 = ORIENTED_EDGE ( 'NONE', *, *, #652, .T. ) ;
#4484 = ORIENTED_EDGE ( 'NONE', *, *, #5143, .T. ) ;
#4485 = ADVANCED_FACE ( 'NONE', ( #1431 ), #3043, .F. ) ;
#4486 = EDGE_LOOP ( 'NONE', ( #535, #2420, #3962, #3405 ) ) ;
#4487 = EDGE_CURVE ( 'NONE', #3227, #3450, #4655, .T. ) ;
#4488 = EDGE_LOOP ( 'NONE', ( #3934, #1027, #2933, #5046 ) ) ;
#4489 = DIRECTION ( 'NONE',  ( -9.999813477268295448E-11, 0.000000000000000000, 1.000000000000000000 ) ) ;
#4490 = EDGE_CURVE ( 'NONE', #1178, #1167, #1453, .T. ) ;
#4491 = AXIS2_PLACEMENT_3D ( 'NONE', #3424, #1254, #4535 ) ;
#4492 = CARTESIAN_POINT ( 'NONE',  ( -10.00000000000000000, 500.0000000000000000, 7.423097032500000303 ) ) ;
#4493 = DIRECTION ( 'NONE',  ( 0.000000000000000000, 1.000000000000000000, 0.000000000000000000 ) ) ;
#4494 = DIRECTION ( 'NONE',  ( -0.7071067811865475727, 0.000000000000000000, 0.7071067811865475727 ) ) ;
#4495 = CARTESIAN_POINT ( 'NONE',  ( -10.65685425999999936, 500.0000000000000000, -8.535533909999999835 ) ) ;
#4496 = EDGE_CURVE ( 'NONE', #1268, #3555, #3072, .T. ) ;
#4497 = AXIS2_PLACEMENT_3D ( 'NONE', #4552, #3793, #4139 ) ;
#4498 = VECTOR ( 'NONE', #5288, 1000.000000000000000 ) ;
#4499 = LINE ( 'NONE', #405, #3465 ) ;
#4500 = VECTOR ( 'NONE', #2582, 1000.000000000000000 ) ;
#4501 = FILL_AREA_STYLE ('',( #2875 ) ) ;
#4502 = CARTESIAN_POINT ( 'NONE',  ( 10.00000000000000000, 500.0000000000000000, 7.423097032500000303 ) ) ;
#4503 = ORIENTED_EDGE ( 'NONE', *, *, #1686, .T. ) ;
#4504 = DIRECTION ( 'NONE',  ( 1.000000000000000000, 0.000000000000000000, 0.000000000000000000 ) ) ;
#4505 = AXIS2_PLACEMENT_3D ( 'NONE', #4797, #232, #3552 ) ;
#4506 = EDGE_CURVE ( 'NONE', #1511, #3460, #2324, .T. ) ;
#4507 = AXIS2_PLACEMENT_3D ( 'NONE', #125, #1720, #4257 ) ;
#4508 = FACE_OUTER_BOUND ( 'NONE', #3124, .T. ) ;
#4509 = VECTOR ( 'NONE', #1397, 1000.000000000000000 ) ;
#4510 = VECTOR ( 'NONE', #3089, 1000.000000000000000 ) ;
#4511 = DIRECTION ( 'NONE',  ( 3.469446951953611033E-15, 0.000000000000000000, -1.000000000000000000 ) ) ;
#4512 = ORIENTED_EDGE ( 'NONE', *, *, #3638, .F. ) ;
#4513 = CARTESIAN_POINT ( 'NONE',  ( -5.500000000099999120, 500.0000000000000000, -18.49999999990000177 ) ) ;
#4514 = VECTOR ( 'NONE', #1741, 1000.000000000000000 ) ;
#4515 = ORIENTED_EDGE ( 'NONE', *, *, #4, .T. ) ;
#4516 = AXIS2_PLACEMENT_3D ( 'NONE', #3940, #2397, #2339 ) ;
#4517 = VECTOR ( 'NONE', #3410, 1000.000000000000000 ) ;
#4518 = CARTESIAN_POINT ( 'NONE',  ( -16.00000000010000178, 500.0000000000000000, 6.499999999899999992 ) ) ;
#4519 = AXIS2_PLACEMENT_3D ( 'NONE', #1913, #1084, #4360 ) ;
#4520 = ORIENTED_EDGE ( 'NONE', *, *, #2428, .F. ) ;
#4521 = ORIENTED_EDGE ( 'NONE', *, *, #4921, .F. ) ;
#4522 = CARTESIAN_POINT ( 'NONE',  ( -10.00000000000000000, -500.0000000000000000, -15.50000000000000000 ) ) ;
#4523 = AXIS2_PLACEMENT_3D ( 'NONE', #2135, #4165, #1732 ) ;
#4524 = EDGE_CURVE ( 'NONE', #1693, #4862, #2298, .T. ) ;
#4526 = EDGE_CURVE ( 'NONE', #2233, #3199, #3116, .T. ) ;
#4525 = CARTESIAN_POINT ( 'NONE',  ( -11.79999999999999893, 502.0000000000000000, 15.00000000000000000 ) ) ;
#4527 = VECTOR ( 'NONE', #1001, 1000.000000000000000 ) ;
#4528 = DIRECTION ( 'NONE',  ( 0.000000000000000000, -1.000000000000000000, 0.000000000000000000 ) ) ;
#4529 = FACE_BOUND ( 'NONE', #3245, .T. ) ;
#4530 = CARTESIAN_POINT ( 'NONE',  ( 16.00000000000000000, 500.0000000000000000, 20.00000000000000000 ) ) ;
#4531 = DIRECTION ( 'NONE',  ( -1.000000000000000000, 0.000000000000000000, 0.000000000000000000 ) ) ;
#4532 = ADVANCED_FACE ( 'NONE', ( #576 ), #974, .F. ) ;
#4533 = CIRCLE ( 'NONE', #2826, 2.500000000000000444 ) ;
#4534 = ADVANCED_FACE ( 'NONE', ( #1051 ), #3851, .F. ) ;
#4535 = DIRECTION ( 'NONE',  ( -1.000000000000000000, 0.000000000000000000, 0.000000000000000000 ) ) ;
#4536 = SURFACE_STYLE_USAGE ( .BOTH. , #2475 ) ;
#4537 = DIRECTION ( 'NONE',  ( 0.000000000000000000, -1.000000000000000000, 0.000000000000000000 ) ) ;
#4538 = ORIENTED_EDGE ( 'NONE', *, *, #722, .T. ) ;
#4539 = CARTESIAN_POINT ( 'NONE',  ( 3.557611840000000303, -500.0000000000000000, 7.750000000000000000 ) ) ;
#4540 = ADVANCED_FACE ( 'NONE', ( #5082 ), #2703, .T. ) ;
#4541 = PLANE ( 'NONE',  #3819 ) ;
#4542 = ORIENTED_EDGE ( 'NONE', *, *, #1359, .F. ) ;
#4543 = CARTESIAN_POINT ( 'NONE',  ( -8.535533909999999835, -500.0000000000000000, -10.65685425999999936 ) ) ;
#4544 = ORIENTED_EDGE ( 'NONE', *, *, #2164, .T. ) ;
#4545 = VERTEX_POINT ( 'NONE', #3875 ) ;
#4546 = ADVANCED_FACE ( 'NONE', ( #1885 ), #3525, .F. ) ;
#4547 = CARTESIAN_POINT ( 'NONE',  ( 5.500000000099999120, -500.0000000000000000, -18.49999999990000177 ) ) ;
#4548 = ORIENTED_EDGE ( 'NONE', *, *, #3308, .F. ) ;
#4549 = DIRECTION ( 'NONE',  ( 0.000000000000000000, 0.000000000000000000, 1.000000000000000000 ) ) ;
#4550 = EDGE_CURVE ( 'NONE', #538, #438, #5270, .T. ) ;
#4551 = DIRECTION ( 'NONE',  ( 0.000000000000000000, -1.000000000000000000, 0.000000000000000000 ) ) ;
#4552 = CARTESIAN_POINT ( 'NONE',  ( -5.000000037205460046, 502.0000000000000000, -14.19238814645449942 ) ) ;
#4553 = VERTEX_POINT ( 'NONE', #1110 ) ;
#4554 = CARTESIAN_POINT ( 'NONE',  ( 12.30000000000000071, 502.0000000000000000, -17.69999999999999929 ) ) ;
#4555 = CARTESIAN_POINT ( 'NONE',  ( 15.50000000000000000, 502.0000000000000000, 5.750000000000000000 ) ) ;
#4556 = EDGE_CURVE ( 'NONE', #3052, #4325, #1427, .T. ) ;
#4557 = DIRECTION ( 'NONE',  ( 0.000000000000000000, -1.000000000000000000, 0.000000000000000000 ) ) ;
#4558 = DIRECTION ( 'NONE',  ( 1.000000000000000000, 0.000000000000000000, 9.999640004920706815E-11 ) ) ;
#4559 = CARTESIAN_POINT ( 'NONE',  ( 18.19999999999999929, 502.0000000000000000, 14.14999999999999858 ) ) ;
#4560 = ORIENTED_EDGE ( 'NONE', *, *, #3693, .T. ) ;
#4561 = AXIS2_PLACEMENT_3D ( 'NONE', #3278, #1238, #3331 ) ;
#4562 = EDGE_CURVE ( 'NONE', #1125, #338, #364, .T. ) ;
#4563 = ADVANCED_FACE ( 'NONE', ( #2006 ), #4819, .F. ) ;
#4564 = CARTESIAN_POINT ( 'NONE',  ( 4.000000000100000008, 502.0000000000000000, -18.50000000000000000 ) ) ;
#4565 = CARTESIAN_POINT ( 'NONE',  ( -7.423097032500000303, 500.0000000000000000, 10.00000000000000000 ) ) ;
#4566 = ORIENTED_EDGE ( 'NONE', *, *, #4310, .F. ) ;
#4567 = ORIENTED_EDGE ( 'NONE', *, *, #2535, .T. ) ;
#4568 = CARTESIAN_POINT ( 'NONE',  ( -12.30000000000000071, 500.0000000000000000, 12.30000000000000071 ) ) ;
#4569 = DIRECTION ( 'NONE',  ( 1.000000000000000000, 0.000000000000000000, 1.999945348218899322E-10 ) ) ;
#4570 = ORIENTED_EDGE ( 'NONE', *, *, #4279, .F. ) ;
#4571 = ORIENTED_EDGE ( 'NONE', *, *, #5255, .T. ) ;
#4572 = CARTESIAN_POINT ( 'NONE',  ( 20.00000000000000000, -500.0000000000000000, 16.00000000000000000 ) ) ;
#4573 = LINE ( 'NONE', #1314, #3061 ) ;
#4574 = ORIENTED_EDGE ( 'NONE', *, *, #20, .T. ) ;
#4575 = ADVANCED_FACE ( 'NONE', ( #423 ), #3612, .F. ) ;
#4576 =( LENGTH_UNIT ( ) NAMED_UNIT ( * ) SI_UNIT ( .MILLI., .METRE. ) );
#4577 = VERTEX_POINT ( 'NONE', #5303 ) ;
#4578 = DIRECTION ( 'NONE',  ( 1.000000000000000000, 0.000000000000000000, 3.469446951953611033E-15 ) ) ;
#4579 = CARTESIAN_POINT ( 'NONE',  ( -18.00000000000000000, 502.0000000000000000, 7.474999999999999645 ) ) ;
#4580 = DIRECTION ( 'NONE',  ( 0.000000000000000000, -1.000000000000000000, 0.000000000000000000 ) ) ;
#4581 = EDGE_CURVE ( 'NONE', #21, #1002, #1629, .T. ) ;
#4582 = ORIENTED_EDGE ( 'NONE', *, *, #3096, .T. ) ;
#4583 = CARTESIAN_POINT ( 'NONE',  ( -4.000000000100000008, 502.0000000000000000, -16.50000000000000000 ) ) ;
#4584 = DIRECTION ( 'NONE',  ( 9.999640004920706815E-11, 0.000000000000000000, -1.000000000000000000 ) ) ;
#4585 = CARTESIAN_POINT ( 'NONE',  ( -15.49999999989999999, 500.0000000000000000, 7.499999999899999992 ) ) ;
#4586 = ORIENTED_EDGE ( 'NONE', *, *, #2592, .F. ) ;
#4587 = AXIS2_PLACEMENT_3D ( 'NONE', #4476, #3269, #2416 ) ;
#4588 = ADVANCED_FACE ( 'NONE', ( #4899 ), #1983, .F. ) ;
#4589 = VECTOR ( 'NONE', #1995, 1000.000000000000114 ) ;
#4590 = CARTESIAN_POINT ( 'NONE',  ( -16.00000000010000178, 500.0000000000000000, -6.499999999899999992 ) ) ;
#4591 = AXIS2_PLACEMENT_3D ( 'NONE', #2806, #4679, #5215 ) ;
#4592 = EDGE_CURVE ( 'NONE', #2980, #909, #914, .T. ) ;
#4593 = DIRECTION ( 'NONE',  ( 1.000000000000000000, 0.000000000000000000, -1.040462578258159729E-08 ) ) ;
#4594 = VERTEX_POINT ( 'NONE', #3153 ) ;
#4595 = VERTEX_POINT ( 'NONE', #2408 ) ;
#4596 = CARTESIAN_POINT ( 'NONE',  ( 3.737499999999999822, -500.0000000000000000, -18.00000000000000000 ) ) ;
#4597 = VECTOR ( 'NONE', #3837, 1000.000000000000000 ) ;
#4598 = FACE_OUTER_BOUND ( 'NONE', #396, .T. ) ;
#4599 = VECTOR ( 'NONE', #188, 1000.000000000000000 ) ;
#4600 = VECTOR ( 'NONE', #2536, 1000.000000000000000 ) ;
#4601 = AXIS2_PLACEMENT_3D ( 'NONE', #1640, #4027, #1182 ) ;
#4602 = ORIENTED_EDGE ( 'NONE', *, *, #4477, .T. ) ;
#4603 = EDGE_CURVE ( 'NONE', #2603, #2489, #4437, .T. ) ;
#4604 = DIRECTION ( 'NONE',  ( 0.000000000000000000, 1.000000000000000000, 0.000000000000000000 ) ) ;
#4605 = DIRECTION ( 'NONE',  ( 0.000000000000000000, 0.000000000000000000, 1.000000000000000000 ) ) ;
#4606 = EDGE_LOOP ( 'NONE', ( #3804, #4072, #3326, #1729 ) ) ;
#4607 = VECTOR ( 'NONE', #3371, 1000.000000000000000 ) ;
#4608 = CIRCLE ( 'NONE', #1950, 1.500000000000001332 ) ;
#4609 = VERTEX_POINT ( 'NONE', #2785 ) ;
#4610 = VECTOR ( 'NONE', #2228, 1000.000000000000000 ) ;
#4611 = DIRECTION ( 'NONE',  ( 0.000000000000000000, -1.000000000000000000, 0.000000000000000000 ) ) ;
#4612 = CYLINDRICAL_SURFACE ( 'NONE', #1489, 1.500000000000001332 ) ;
#4613 = AXIS2_PLACEMENT_3D ( 'NONE', #3235, #4879, #1197 ) ;
#4614 = DIRECTION ( 'NONE',  ( -9.999813477268295448E-11, 0.000000000000000000, 1.000000000000000000 ) ) ;
#4615 = PLANE ( 'NONE',  #3234 ) ;
#4616 = CIRCLE ( 'NONE', #5299, 4.999999982033290102 ) ;
#4617 = ORIENTED_EDGE ( 'NONE', *, *, #2898, .T. ) ;
#4618 = CYLINDRICAL_SURFACE ( 'NONE', #4070, 0.5000000000000004441 ) ;
#4619 = CARTESIAN_POINT ( 'NONE',  ( -18.00000000000000000, 500.0000000000000000, -7.500000000000000000 ) ) ;
#4620 = ORIENTED_EDGE ( 'NONE', *, *, #977, .T. ) ;
#4621 = EDGE_CURVE ( 'NONE', #1381, #1395, #3915, .T. ) ;
#4622 = ORIENTED_EDGE ( 'NONE', *, *, #4291, .T. ) ;
#4623 = LINE ( 'NONE', #132, #553 ) ;
#4624 = EDGE_LOOP ( 'NONE', ( #1180, #4124, #1671, #316 ) ) ;
#4625 = ORIENTED_EDGE ( 'NONE', *, *, #1922, .F. ) ;
#4626 = LINE ( 'NONE', #2530, #1176 ) ;
#4627 = FACE_OUTER_BOUND ( 'NONE', #2443, .T. ) ;
#4628 = ORIENTED_EDGE ( 'NONE', *, *, #2254, .T. ) ;
#4629 = ORIENTED_EDGE ( 'NONE', *, *, #3480, .F. ) ;
#4630 = DIRECTION ( 'NONE',  ( -1.000000000000000000, 0.000000000000000000, -4.000029474315882345E-11 ) ) ;
#4631 = CARTESIAN_POINT ( 'NONE',  ( -15.49999999989999999, 502.0000000000000000, -7.499999999899999992 ) ) ;
#4632 = VERTEX_POINT ( 'NONE', #4063 ) ;
#4633 = EDGE_CURVE ( 'NONE', #4747, #1239, #3236, .T. ) ;
#4634 = ADVANCED_FACE ( 'NONE', ( #3203 ), #4843, .F. ) ;
#4635 = FACE_OUTER_BOUND ( 'NONE', #3355, .T. ) ;
#4636 = PLANE ( 'NONE',  #3895 ) ;
#4637 = DIRECTION ( 'NONE',  ( 0.000000000000000000, -1.000000000000000000, 0.000000000000000000 ) ) ;
#4638 = LINE ( 'NONE', #3399, #4661 ) ;
#4639 = FACE_OUTER_BOUND ( 'NONE', #2609, .T. ) ;
#4640 = ORIENTED_EDGE ( 'NONE', *, *, #5201, .F. ) ;
#4641 = EDGE_CURVE ( 'NONE', #3453, #1165, #1518, .T. ) ;
#4642 = VERTEX_POINT ( 'NONE', #4016 ) ;
#4643 = LINE ( 'NONE', #4565, #48 ) ;
#4644 = VERTEX_POINT ( 'NONE', #2458 ) ;
#4645 = CARTESIAN_POINT ( 'NONE',  ( -5.000000037205460046, -500.0000000000000000, -14.19238814645449942 ) ) ;
#4646 = CARTESIAN_POINT ( 'NONE',  ( -8.535533909999999835, 500.0000000000000000, 10.65685425999999936 ) ) ;
#4647 = ORIENTED_EDGE ( 'NONE', *, *, #3523, .T. ) ;
#4648 = ORIENTED_EDGE ( 'NONE', *, *, #4951, .F. ) ;
#4649 = CARTESIAN_POINT ( 'NONE',  ( 12.30000000000000071, -500.0000000000000000, -17.69999999999999929 ) ) ;
#4650 = DIRECTION ( 'NONE',  ( 9.999640004920706815E-11, 0.000000000000000000, -1.000000000000000000 ) ) ;
#4651 = VERTEX_POINT ( 'NONE', #1514 ) ;
#4652 = DIRECTION ( 'NONE',  ( 0.000000000000000000, 0.000000000000000000, -1.000000000000000000 ) ) ;
#4653 = LINE ( 'NONE', #2618, #4419 ) ;
#4654 = EDGE_CURVE ( 'NONE', #4644, #2341, #4794, .T. ) ;
#4655 = LINE ( 'NONE', #1862, #2902 ) ;
#4656 = CARTESIAN_POINT ( 'NONE',  ( 12.75000002847990110, 500.0000000000000000, 3.557611826337780503 ) ) ;
#4657 = CARTESIAN_POINT ( 'NONE',  ( 6.500000000000000000, -500.0000000000000000, -15.50000000000000000 ) ) ;
#4658 = VERTEX_POINT ( 'NONE', #3586 ) ;
#4659 = PLANE ( 'NONE',  #2558 ) ;
#4660 = VERTEX_POINT ( 'NONE', #5223 ) ;
#4661 = VECTOR ( 'NONE', #2576, 1000.000000000000000 ) ;
#4662 = CARTESIAN_POINT ( 'NONE',  ( -12.30000000000000071, 500.0000000000000000, -12.30000000000000071 ) ) ;
#4663 = ORIENTED_EDGE ( 'NONE', *, *, #4986, .F. ) ;
#4664 = CARTESIAN_POINT ( 'NONE',  ( -6.999999999899999992, 502.0000000000000000, 16.00000000000000000 ) ) ;
#4665 = AXIS2_PLACEMENT_3D ( 'NONE', #3641, #2823, #1144 ) ;
#4666 = CARTESIAN_POINT ( 'NONE',  ( -7.000000000000000000, 502.0000000000000000, 16.77500000000000213 ) ) ;
#4667 = CLOSED_SHELL ( 'NONE', ( #1399, #2987, #3960, #2750, #4358, #5266, #2098, #2636, #5042, #1112, #249, #702, #613, #402, #4540, #738, #4130, #3762, #3917, #4314, #5231, #1888, #5052, #4384, #3469, #767, #1484, #4860, #2849, #3990, #2504, #3802, #4200, #3125, #1663, #2271, #2624, #755, #1451, #388, #3427, #2669, #1793, #2011, #1334, #3107, #3839, #4634, #3370, #577, #1676, #4588, #1277, #2663, #3416, #1203, #3364, #4430, #4196, #1865, #157, #4970, #4821, #2626, #1830, #3508, #2866, #3413, #4546, #5083, #1711, #5167, #3451, #869, #952, #601, #3237, #3020, #4563, #1345, #1744, #4973, #4944, #1115, #932, #98, #3037, #424, #1493, #4485, #1898, #2580, #3067, #938, #2971, #1124, #3725, #3148, #2865, #1214, #4893, #52, #3981, #2494, #3863, #495, #2659, #4243, #4575, #3853, #5304, #223, #5072, #4776, #2614, #3648, #1557, #1675, #4795, #3598, #4090, #4125, #2681, #668, #2811, #1119, #2070, #4532, #4534, #1075, #2362, #32, #4737, #3109, #4388, #550, #1067, #2490, #4224, #158, #882, #1026, #3200, #2423, #3820, #225, #2524, #4115, #1134, #4354, #3583, #5220, #5182, #2514, #1378, #2922 ) ) ;
#4668 = EDGE_LOOP ( 'NONE', ( #1036, #5221, #960, #3105 ) ) ;
#4669 = ORIENTED_EDGE ( 'NONE', *, *, #1936, .F. ) ;
#4670 = CYLINDRICAL_SURFACE ( 'NONE', #481, 0.4499999999999990119 ) ;
#4672 = AXIS2_PLACEMENT_3D ( 'NONE', #2858, #4083, #2399 ) ;
#4671 = DIRECTION ( 'NONE',  ( 9.999813477268295448E-11, 0.000000000000000000, -1.000000000000000000 ) ) ;
#4673 = ORIENTED_EDGE ( 'NONE', *, *, #4289, .T. ) ;
#4674 = LINE ( 'NONE', #193, #2194 ) ;
#4675 = EDGE_CURVE ( 'NONE', #189, #3682, #1754, .T. ) ;
#4676 = AXIS2_PLACEMENT_3D ( 'NONE', #3273, #2020, #4835 ) ;
#4677 = VECTOR ( 'NONE', #3346, 1000.000000000000000 ) ;
#4678 = CARTESIAN_POINT ( 'NONE',  ( 4.000000000000000000, 502.0000000000000000, 18.50000000000000000 ) ) ;
#4679 = DIRECTION ( 'NONE',  ( 0.000000000000000000, 1.000000000000000000, 0.000000000000000000 ) ) ;
#4680 = AXIS2_PLACEMENT_3D ( 'NONE', #2213, #5004, #118 ) ;
#4681 = CIRCLE ( 'NONE', #55, 1.000000000000000888 ) ;
#4682 = FACE_OUTER_BOUND ( 'NONE', #3813, .T. ) ;
#4683 = CYLINDRICAL_SURFACE ( 'NONE', #3827, 0.5000000000000004441 ) ;
#4684 = CIRCLE ( 'NONE', #4434, 4.999999982033290102 ) ;
#4685 = AXIS2_PLACEMENT_3D ( 'NONE', #1495, #4781, #1098 ) ;
#4686 = AXIS2_PLACEMENT_3D ( 'NONE', #3181, #4042, #366 ) ;
#4687 = FACE_BOUND ( 'NONE', #1612, .T. ) ;
#4688 = DIRECTION ( 'NONE',  ( 0.000000000000000000, -1.000000000000000000, 0.000000000000000000 ) ) ;
#4689 = VERTEX_POINT ( 'NONE', #1241 ) ;
#4690 = EDGE_CURVE ( 'NONE', #597, #518, #4573, .T. ) ;
#4691 = CARTESIAN_POINT ( 'NONE',  ( 3.557611892023129663, -500.0000000000000000, 12.74999986990139966 ) ) ;
#4692 = ORIENTED_EDGE ( 'NONE', *, *, #855, .F. ) ;
#4693 = DIRECTION ( 'NONE',  ( 0.000000000000000000, -1.000000000000000000, 0.000000000000000000 ) ) ;
#4694 = DIRECTION ( 'NONE',  ( -3.999856001968282080E-11, 0.000000000000000000, 1.000000000000000000 ) ) ;
#4695 = ORIENTED_EDGE ( 'NONE', *, *, #2131, .F. ) ;
#4696 = PLANE ( 'NONE',  #5203 ) ;
#4697 = EDGE_CURVE ( 'NONE', #4897, #4316, #2733, .T. ) ;
#4698 = FACE_OUTER_BOUND ( 'NONE', #4235, .T. ) ;
#4699 = ORIENTED_EDGE ( 'NONE', *, *, #1305, .F. ) ;
#4700 = ORIENTED_EDGE ( 'NONE', *, *, #4023, .T. ) ;
#4701 = ORIENTED_EDGE ( 'NONE', *, *, #3252, .T. ) ;
#4702 = DIRECTION ( 'NONE',  ( 0.000000000000000000, -1.000000000000000000, 0.000000000000000000 ) ) ;
#4703 = CARTESIAN_POINT ( 'NONE',  ( 12.30000000000000071, 500.0000000000000000, -18.19999999999999929 ) ) ;
#4704 = VERTEX_POINT ( 'NONE', #3767 ) ;
#4705 = EDGE_CURVE ( 'NONE', #2533, #3880, #2959, .T. ) ;
#4706 = ORIENTED_EDGE ( 'NONE', *, *, #969, .F. ) ;
#4707 = CARTESIAN_POINT ( 'NONE',  ( 3.557611892023129663, 502.0000000000000000, 12.74999986990139966 ) ) ;
#4708 = PLANE ( 'NONE',  #649 ) ;
#4709 = EDGE_CURVE ( 'NONE', #1312, #4855, #4977, .T. ) ;
#4710 = CARTESIAN_POINT ( 'NONE',  ( -16.77500000000000213, 502.0000000000000000, 7.000000000000000000 ) ) ;
#4711 = DIRECTION ( 'NONE',  ( -1.000000000000000000, 0.000000000000000000, -1.734723475976807094E-15 ) ) ;
#4712 = LINE ( 'NONE', #2413, #147 ) ;
#4713 = ORIENTED_EDGE ( 'NONE', *, *, #602, .T. ) ;
#4714 = EDGE_CURVE ( 'NONE', #5060, #4594, #1086, .T. ) ;
#4715 = CARTESIAN_POINT ( 'NONE',  ( -14.19238815442339963, -500.0000000000000000, -5.000000017966709898 ) ) ;
#4716 = ORIENTED_EDGE ( 'NONE', *, *, #365, .T. ) ;
#4717 = DIRECTION ( 'NONE',  ( 0.000000000000000000, 1.000000000000000000, 0.000000000000000000 ) ) ;
#4718 = DIRECTION ( 'NONE',  ( 1.000000000000000000, 0.000000000000000000, 0.000000000000000000 ) ) ;
#4719 = ORIENTED_EDGE ( 'NONE', *, *, #1282, .F. ) ;
#4720 = EDGE_CURVE ( 'NONE', #909, #2074, #1291, .T. ) ;
#4721 = FACE_OUTER_BOUND ( 'NONE', #3870, .T. ) ;
#4722 = DIRECTION ( 'NONE',  ( 1.999945348218899322E-10, 0.000000000000000000, -1.000000000000000000 ) ) ;
#4723 = VERTEX_POINT ( 'NONE', #4522 ) ;
#4724 = CARTESIAN_POINT ( 'NONE',  ( 17.54999999989999893, 502.0000000000000000, -7.450000000100000186 ) ) ;
#4725 = CARTESIAN_POINT ( 'NONE',  ( -7.450000000000000178, 500.0000000000000000, -18.00000000000000000 ) ) ;
#4726 = ORIENTED_EDGE ( 'NONE', *, *, #3828, .F. ) ;
#4727 = ORIENTED_EDGE ( 'NONE', *, *, #2137, .F. ) ;
#4728 = EDGE_LOOP ( 'NONE', ( #2141, #1093, #564, #5075 ) ) ;
#4729 = CARTESIAN_POINT ( 'NONE',  ( -15.00000000000000000, 502.0000000000000000, -11.79999999999999893 ) ) ;
#4730 = DIRECTION ( 'NONE',  ( 0.000000000000000000, -1.000000000000000000, 0.000000000000000000 ) ) ;
#4731 = EDGE_CURVE ( 'NONE', #1897, #1871, #1784, .T. ) ;
#4732 = CARTESIAN_POINT ( 'NONE',  ( 10.00000000000000000, -500.0000000000000000, 7.423097032500000303 ) ) ;
#4733 = DIRECTION ( 'NONE',  ( -1.000000000000000000, 0.000000000000000000, 0.000000000000000000 ) ) ;
#4734 = DIRECTION ( 'NONE',  ( 0.000000000000000000, -1.000000000000000000, 0.000000000000000000 ) ) ;
#4735 = CARTESIAN_POINT ( 'NONE',  ( -14.14999999999999858, 502.0000000000000000, 18.19999999999999929 ) ) ;
#4736 = ORIENTED_EDGE ( 'NONE', *, *, #3029, .T. ) ;
#4737 = ADVANCED_FACE ( 'NONE', ( #2537 ), #4113, .F. ) ;
#4738 = LINE ( 'NONE', #5123, #1699 ) ;
#4739 = ORIENTED_EDGE ( 'NONE', *, *, #551, .T. ) ;
#4740 = DIRECTION ( 'NONE',  ( 0.000000000000000000, -1.000000000000000000, 0.000000000000000000 ) ) ;
#4741 = CYLINDRICAL_SURFACE ( 'NONE', #2027, 2.500000000000000444 ) ;
#4742 = ORIENTED_EDGE ( 'NONE', *, *, #4603, .T. ) ;
#4743 = DIRECTION ( 'NONE',  ( 0.000000000000000000, 0.000000000000000000, 1.000000000000000000 ) ) ;
#4744 = EDGE_CURVE ( 'NONE', #1874, #2564, #1953, .T. ) ;
#4745 = DIRECTION ( 'NONE',  ( 0.000000000000000000, -1.000000000000000000, 0.000000000000000000 ) ) ;
#4746 = EDGE_CURVE ( 'NONE', #2810, #930, #1696, .T. ) ;
#4747 = VERTEX_POINT ( 'NONE', #439 ) ;
#4748 = CARTESIAN_POINT ( 'NONE',  ( 3.376839827500000446, -500.0000000000000000, 5.498160177499999968 ) ) ;
#4749 = LINE ( 'NONE', #1788, #2736 ) ;
#4750 = VERTEX_POINT ( 'NONE', #1350 ) ;
#4751 = CIRCLE ( 'NONE', #2446, 4.000000000000000000 ) ;
#4752 = EDGE_CURVE ( 'NONE', #2427, #3630, #2075, .T. ) ;
#4753 = EDGE_CURVE ( 'NONE', #3479, #3351, #5211, .T. ) ;
#4754 = ORIENTED_EDGE ( 'NONE', *, *, #545, .T. ) ;
#4755 = AXIS2_PLACEMENT_3D ( 'NONE', #2314, #1007, #2214 ) ;
#4756 = ORIENTED_EDGE ( 'NONE', *, *, #2951, .F. ) ;
#4757 = CARTESIAN_POINT ( 'NONE',  ( 11.79999999999999893, -500.0000000000000000, -7.500000000000000000 ) ) ;
#4758 = VECTOR ( 'NONE', #5154, 1000.000000000000000 ) ;
#4759 = DIRECTION ( 'NONE',  ( -1.000000000000000000, 0.000000000000000000, 0.000000000000000000 ) ) ;
#4760 = VECTOR ( 'NONE', #4456, 1000.000000000000000 ) ;
#4761 = VECTOR ( 'NONE', #933, 1000.000000000000000 ) ;
#4762 = EDGE_CURVE ( 'NONE', #4453, #1840, #4194, .T. ) ;
#4763 = VECTOR ( 'NONE', #3208, 1000.000000000000000 ) ;
#4764 = CIRCLE ( 'NONE', #1418, 0.4499999999999999001 ) ;
#4765 = LINE ( 'NONE', #1433, #822 ) ;
#4766 = FACE_OUTER_BOUND ( 'NONE', #4606, .T. ) ;
#4767 = AXIS2_PLACEMENT_3D ( 'NONE', #4311, #632, #2718 ) ;
#4768 = DIRECTION ( 'NONE',  ( 0.7071067811865475727, 0.000000000000000000, 0.7071067811865475727 ) ) ;
#4769 = ORIENTED_EDGE ( 'NONE', *, *, #1884, .T. ) ;
#4770 = AXIS2_PLACEMENT_3D ( 'NONE', #4590, #479, #4080 ) ;
#4771 = CIRCLE ( 'NONE', #4436, 2.500000000000000444 ) ;
#4772 = VECTOR ( 'NONE', #199, 1000.000000000000000 ) ;
#4773 = DIRECTION ( 'NONE',  ( 0.000000000000000000, -1.000000000000000000, 0.000000000000000000 ) ) ;
#4774 = ORIENTED_EDGE ( 'NONE', *, *, #588, .T. ) ;
#4775 = CARTESIAN_POINT ( 'NONE',  ( -15.00000000000000000, 502.0000000000000000, 11.79999999999999893 ) ) ;
#4776 = ADVANCED_FACE ( 'NONE', ( #2159 ), #3282, .F. ) ;
#4777 = CARTESIAN_POINT ( 'NONE',  ( 5.500000000099999120, 500.0000000000000000, -18.49999999990000177 ) ) ;
#4778 = EDGE_LOOP ( 'NONE', ( #2783, #4162, #3070, #552 ) ) ;
#4779 = VECTOR ( 'NONE', #3018, 1000.000000000000000 ) ;
#4780 = CARTESIAN_POINT ( 'NONE',  ( -15.50000000000000000, 502.0000000000000000, 10.00000000000000000 ) ) ;
#4781 = DIRECTION ( 'NONE',  ( 0.000000000000000000, -1.000000000000000000, 0.000000000000000000 ) ) ;
#4782 = EDGE_CURVE ( 'NONE', #4316, #5060, #942, .T. ) ;
#4783 = AXIS2_PLACEMENT_3D ( 'NONE', #287, #2828, #4136 ) ;
#4784 = DIRECTION ( 'NONE',  ( 0.000000000000000000, -1.000000000000000000, 0.000000000000000000 ) ) ;
#4785 = EDGE_LOOP ( 'NONE', ( #2687, #1912, #3031, #5242 ) ) ;
#4786 = LINE ( 'NONE', #1101, #4510 ) ;
#4787 = CARTESIAN_POINT ( 'NONE',  ( 7.000000000000000000, 502.0000000000000000, -16.77500000000000213 ) ) ;
#4788 = ORIENTED_EDGE ( 'NONE', *, *, #1698, .F. ) ;
#4789 = AXIS2_PLACEMENT_3D ( 'NONE', #4525, #464, #3745 ) ;
#4790 = EDGE_LOOP ( 'NONE', ( #2431, #1578, #718, #239 ) ) ;
#4791 = CARTESIAN_POINT ( 'NONE',  ( 20.00000000000000000, 500.0000000000000000, 0.000000000000000000 ) ) ;
#4792 = ORIENTED_EDGE ( 'NONE', *, *, #1892, .T. ) ;
#4793 = EDGE_LOOP ( 'NONE', ( #2169, #698, #242, #3606 ) ) ;
#4794 = LINE ( 'NONE', #2761, #1344 ) ;
#4795 = ADVANCED_FACE ( 'NONE', ( #3738 ), #4920, .F. ) ;
#4796 = CARTESIAN_POINT ( 'NONE',  ( -16.00000000000000000, -500.0000000000000000, 16.00000000000000000 ) ) ;
#4797 = CARTESIAN_POINT ( 'NONE',  ( -16.50000000010000178, -500.0000000000000000, -5.000000000100000008 ) ) ;
#4798 = CARTESIAN_POINT ( 'NONE',  ( -5.000000000100000008, 502.0000000000000000, 16.50000000010000178 ) ) ;
#4799 = CARTESIAN_POINT ( 'NONE',  ( -5.500000000099999120, 502.0000000000000000, -18.49999999990000177 ) ) ;
#4800 = DIRECTION ( 'NONE',  ( 0.000000000000000000, -1.000000000000000000, 0.000000000000000000 ) ) ;
#4801 = ORIENTED_EDGE ( 'NONE', *, *, #2231, .F. ) ;
#4802 = DIRECTION ( 'NONE',  ( -9.999640004920706815E-11, 0.000000000000000000, 1.000000000000000000 ) ) ;
#4803 = DIRECTION ( 'NONE',  ( -1.000000000000000000, 0.000000000000000000, -6.666657966410603605E-11 ) ) ;
#4804 = DIRECTION ( 'NONE',  ( 0.000000000000000000, 0.000000000000000000, -1.000000000000000000 ) ) ;
#4805 = ORIENTED_EDGE ( 'NONE', *, *, #1372, .T. ) ;
#4806 = LINE ( 'NONE', #4346, #4758 ) ;
#4807 = EDGE_CURVE ( 'NONE', #597, #930, #68, .T. ) ;
#4808 = CARTESIAN_POINT ( 'NONE',  ( -10.00000000000000000, 500.0000000000000000, -14.19238813000000121 ) ) ;
#4809 = EDGE_CURVE ( 'NONE', #3635, #130, #3750, .T. ) ;
#4810 = DIRECTION ( 'NONE',  ( 0.000000000000000000, -1.000000000000000000, 0.000000000000000000 ) ) ;
#4811 = ORIENTED_EDGE ( 'NONE', *, *, #1300, .T. ) ;
#4812 = DIRECTION ( 'NONE',  ( 0.000000000000000000, -1.000000000000000000, 0.000000000000000000 ) ) ;
#4813 = CARTESIAN_POINT ( 'NONE',  ( -7.450000000100000186, 502.0000000000000000, 17.54999999989999893 ) ) ;
#4814 = ORIENTED_EDGE ( 'NONE', *, *, #5255, .F. ) ;
#4815 = ORIENTED_EDGE ( 'NONE', *, *, #2090, .F. ) ;
#4816 = ORIENTED_EDGE ( 'NONE', *, *, #2445, .T. ) ;
#4817 = EDGE_LOOP ( 'NONE', ( #870, #2926, #1707, #3500 ) ) ;
#4818 = VECTOR ( 'NONE', #3354, 1000.000000000000000 ) ;
#4819 = PLANE ( 'NONE',  #2556 ) ;
#4820 = LINE ( 'NONE', #3118, #1004 ) ;
#4821 = ADVANCED_FACE ( 'NONE', ( #3845 ), #640, .F. ) ;
#4822 = CARTESIAN_POINT ( 'NONE',  ( -3.376839827500000446, 500.0000000000000000, -5.498160177499999968 ) ) ;
#4823 = DIRECTION ( 'NONE',  ( -1.999945348218899322E-10, 0.000000000000000000, 1.000000000000000000 ) ) ;
#4824 = DIRECTION ( 'NONE',  ( 0.000000000000000000, -1.000000000000000000, 0.000000000000000000 ) ) ;
#4825 = CARTESIAN_POINT ( 'NONE',  ( -7.814339829999998877, 502.0000000000000000, -9.935660179999999286 ) ) ;
#4826 = VERTEX_POINT ( 'NONE', #3034 ) ;
#4827 = ORIENTED_EDGE ( 'NONE', *, *, #2123, .T. ) ;
#4828 = CARTESIAN_POINT ( 'NONE',  ( 15.50000000000000000, -500.0000000000000000, 6.500000000000000000 ) ) ;
#4829 = VERTEX_POINT ( 'NONE', #2698 ) ;
#4830 = DIRECTION ( 'NONE',  ( -1.000000000000000000, 0.000000000000000000, 0.000000000000000000 ) ) ;
#4831 =( LENGTH_UNIT ( ) NAMED_UNIT ( * ) SI_UNIT ( .MILLI., .METRE. ) );
#4832 = LINE ( 'NONE', #780, #2712 ) ;
#4833 = EDGE_LOOP ( 'NONE', ( #1107, #2728, #4706, #3861 ) ) ;
#4834 = CIRCLE ( 'NONE', #622, 5.000000028479869130 ) ;
#4835 = DIRECTION ( 'NONE',  ( -4.000029474315882345E-11, 0.000000000000000000, 1.000000000000000000 ) ) ;
#4836 = CARTESIAN_POINT ( 'NONE',  ( 12.30000000000000071, -500.0000000000000000, 17.69999999999999929 ) ) ;
#4837 = DIRECTION ( 'NONE',  ( 0.000000000000000000, -1.000000000000000000, 0.000000000000000000 ) ) ;
#4838 = ORIENTED_EDGE ( 'NONE', *, *, #2854, .F. ) ;
#4839 = FACE_OUTER_BOUND ( 'NONE', #2575, .T. ) ;
#4840 = ORIENTED_EDGE ( 'NONE', *, *, #1831, .T. ) ;
#4841 = ORIENTED_EDGE ( 'NONE', *, *, #3679, .F. ) ;
#4842 = EDGE_LOOP ( 'NONE', ( #3497, #1836, #4396, #4445 ) ) ;
#4844 = AXIS2_PLACEMENT_3D ( 'NONE', #1278, #2923, #4225 ) ;
#4843 = PLANE ( 'NONE',  #3402 ) ;
#4845 = DIRECTION ( 'NONE',  ( 0.000000000000000000, 0.000000000000000000, 1.000000000000000000 ) ) ;
#4846 = CIRCLE ( 'NONE', #3039, 1.000000000000000000 ) ;
#4847 = FACE_BOUND ( 'NONE', #2210, .T. ) ;
#4848 = FACE_OUTER_BOUND ( 'NONE', #2356, .T. ) ;
#4849 = AXIS2_PLACEMENT_3D ( 'NONE', #4882, #3615, #3640 ) ;
#4850 = LINE ( 'NONE', #798, #54 ) ;
#4851 = AXIS2_PLACEMENT_3D ( 'NONE', #374, #2, #3216 ) ;
#4852 = DIRECTION ( 'NONE',  ( 0.000000000000000000, -1.000000000000000000, 0.000000000000000000 ) ) ;
#4853 = AXIS2_PLACEMENT_3D ( 'NONE', #1190, #4913, #1233 ) ;
#4854 = AXIS2_PLACEMENT_3D ( 'NONE', #5228, #1970, #4105 ) ;
#4855 = VERTEX_POINT ( 'NONE', #5134 ) ;
#4856 = CARTESIAN_POINT ( 'NONE',  ( 7.093145749999999694, 502.0000000000000000, -9.214466100000000992 ) ) ;
#4857 = ORIENTED_EDGE ( 'NONE', *, *, #957, .F. ) ;
#4858 = AXIS2_PLACEMENT_3D ( 'NONE', #4365, #2661, #3933 ) ;
#4859 = CARTESIAN_POINT ( 'NONE',  ( 16.00000000000000000, -500.0000000000000000, 18.19999999999999929 ) ) ;
#4860 = ADVANCED_FACE ( 'NONE', ( #1073 ), #1447, .F. ) ;
#4861 = DIRECTION ( 'NONE',  ( -1.000000000000000000, 0.000000000000000000, -6.666657966410595850E-11 ) ) ;
#4862 = VERTEX_POINT ( 'NONE', #4725 ) ;
#4863 = ORIENTED_EDGE ( 'NONE', *, *, #3185, .T. ) ;
#4864 = AXIS2_PLACEMENT_3D ( 'NONE', #4064, #2894, #2078 ) ;
#4865 = CIRCLE ( 'NONE', #994, 3.399999999999999911 ) ;
#4866 = VECTOR ( 'NONE', #1842, 1000.000000000000000 ) ;
#4867 = CYLINDRICAL_SURFACE ( 'NONE', #2962, 2.200000000000000622 ) ;
#4868 = EDGE_CURVE ( 'NONE', #1840, #2181, #153, .T. ) ;
#4869 = DIRECTION ( 'NONE',  ( 0.000000000000000000, -1.000000000000000000, 0.000000000000000000 ) ) ;
#4870 = AXIS2_PLACEMENT_3D ( 'NONE', #1285, #4996, #3062 ) ;
#4871 = AXIS2_PLACEMENT_3D ( 'NONE', #848, #3335, #1270 ) ;
#4872 = CARTESIAN_POINT ( 'NONE',  ( 14.19238813000000121, 500.0000000000000000, 10.00000000000000000 ) ) ;
#4873 = ORIENTED_EDGE ( 'NONE', *, *, #168, .T. ) ;
#4874 = DIRECTION ( 'NONE',  ( -1.000000000000000000, 0.000000000000000000, -3.999856001968282080E-11 ) ) ;
#4875 = ORIENTED_EDGE ( 'NONE', *, *, #4038, .F. ) ;
#4876 = AXIS2_PLACEMENT_3D ( 'NONE', #4787, #272, #3631 ) ;
#4877 = ORIENTED_EDGE ( 'NONE', *, *, #4916, .F. ) ;
#4878 = ORIENTED_EDGE ( 'NONE', *, *, #521, .T. ) ;
#4879 = DIRECTION ( 'NONE',  ( 0.000000000000000000, 0.000000000000000000, -1.000000000000000000 ) ) ;
#4880 = EDGE_CURVE ( 'NONE', #2341, #4658, #5102, .T. ) ;
#4881 = DIRECTION ( 'NONE',  ( 0.000000000000000000, -1.000000000000000000, 0.000000000000000000 ) ) ;
#4882 = CARTESIAN_POINT ( 'NONE',  ( 17.50000000000000000, 502.0000000000000000, -4.000000000000000000 ) ) ;
#4883 = DIRECTION ( 'NONE',  ( -1.000000000000000000, 0.000000000000000000, 0.000000000000000000 ) ) ;
#4884 = DIRECTION ( 'NONE',  ( 0.000000000000000000, -1.000000000000000000, 0.000000000000000000 ) ) ;
#4885 = LINE ( 'NONE', #4927, #2469 ) ;
#4886 = ORIENTED_EDGE ( 'NONE', *, *, #775, .T. ) ;
#4887 = FACE_OUTER_BOUND ( 'NONE', #120, .T. ) ;
#4888 = DIRECTION ( 'NONE',  ( 0.000000000000000000, -1.000000000000000000, 0.000000000000000000 ) ) ;
#4889 = ORIENTED_EDGE ( 'NONE', *, *, #2859, .F. ) ;
#4890 = ORIENTED_EDGE ( 'NONE', *, *, #4985, .T. ) ;
#4891 = FACE_OUTER_BOUND ( 'NONE', #1329, .T. ) ;
#4892 = DIRECTION ( 'NONE',  ( -3.469446951953611033E-15, 0.000000000000000000, 1.000000000000000000 ) ) ;
#4893 = ADVANCED_FACE ( 'NONE', ( #1370 ), #4296, .T. ) ;
#4894 = CARTESIAN_POINT ( 'NONE',  ( -15.50000000000000000, 500.0000000000000000, -9.999999999899998215 ) ) ;
#4895 = EDGE_LOOP ( 'NONE', ( #5010, #4132, #5235, #3429 ) ) ;
#4896 = ORIENTED_EDGE ( 'NONE', *, *, #4442, .F. ) ;
#4897 = VERTEX_POINT ( 'NONE', #3890 ) ;
#4898 = ORIENTED_EDGE ( 'NONE', *, *, #2633, .F. ) ;
#4899 = FACE_OUTER_BOUND ( 'NONE', #3521, .T. ) ;
#4900 = CARTESIAN_POINT ( 'NONE',  ( 7.500000000000000000, 500.0000000000000000, -11.79999999999999893 ) ) ;
#4901 = CARTESIAN_POINT ( 'NONE',  ( 15.50000000010000001, -500.0000000000000000, 5.000000000000000000 ) ) ;
#4902 = CARTESIAN_POINT ( 'NONE',  ( -14.19238814645449942, -500.0000000000000000, 5.000000037205460046 ) ) ;
#4903 = LINE ( 'NONE', #2848, #3484 ) ;
#4904 = EDGE_CURVE ( 'NONE', #3007, #1118, #3152, .T. ) ;
#4905 = ORIENTED_EDGE ( 'NONE', *, *, #281, .T. ) ;
#4906 = DIRECTION ( 'NONE',  ( 0.000000000000000000, 0.000000000000000000, 1.000000000000000000 ) ) ;
#4907 = DIRECTION ( 'NONE',  ( 0.000000000000000000, -1.000000000000000000, 0.000000000000000000 ) ) ;
#4908 = CARTESIAN_POINT ( 'NONE',  ( -7.500000000000000000, -500.0000000000000000, 18.00000000000000000 ) ) ;
#4909 = ORIENTED_EDGE ( 'NONE', *, *, #1316, .T. ) ;
#4910 = PRODUCT_RELATED_PRODUCT_CATEGORY ( 'part', '', ( #2647 ) ) ;
#4911 = DIRECTION ( 'NONE',  ( 0.000000000000000000, -1.000000000000000000, 0.000000000000000000 ) ) ;
#4912 = CARTESIAN_POINT ( 'NONE',  ( 16.00000000000000000, 502.0000000000000000, 18.19999999999999929 ) ) ;
#4913 = DIRECTION ( 'NONE',  ( 0.000000000000000000, 0.000000000000000000, 1.000000000000000000 ) ) ;
#4914 = ORIENTED_EDGE ( 'NONE', *, *, #3588, .T. ) ;
#4915 = EDGE_CURVE ( 'NONE', #3720, #4028, #2478, .T. ) ;
#4916 = EDGE_CURVE ( 'NONE', #3066, #5158, #2676, .T. ) ;
#4917 = LINE ( 'NONE', #4972, #4047 ) ;
#4918 = ORIENTED_EDGE ( 'NONE', *, *, #1383, .F. ) ;
#4919 = ORIENTED_EDGE ( 'NONE', *, *, #360, .F. ) ;
#4920 = PLANE ( 'NONE',  #2383 ) ;
#4921 = EDGE_CURVE ( 'NONE', #2915, #4829, #920, .T. ) ;
#4922 = EDGE_CURVE ( 'NONE', #375, #2047, #5077, .T. ) ;
#4923 = AXIS2_PLACEMENT_3D ( 'NONE', #5170, #2741, #4256 ) ;
#4924 = LINE ( 'NONE', #16, #1694 ) ;
#4925 = CARTESIAN_POINT ( 'NONE',  ( -12.30000000000000071, 502.0000000000000000, -11.79999999999999893 ) ) ;
#4926 = CARTESIAN_POINT ( 'NONE',  ( 18.49999999990000177, -500.0000000000000000, -5.500000000099999120 ) ) ;
#4927 = CARTESIAN_POINT ( 'NONE',  ( -7.450000000000000178, 502.0000000000000000, 17.99999999990000177 ) ) ;
#4928 = DIRECTION ( 'NONE',  ( 1.000000000000000000, 0.000000000000000000, 0.000000000000000000 ) ) ;
#4929 = VECTOR ( 'NONE', #1588, 1000.000000000000114 ) ;
#4930 = CARTESIAN_POINT ( 'NONE',  ( -15.50000000000000000, 500.0000000000000000, -6.500000000000000000 ) ) ;
#4931 = CARTESIAN_POINT ( 'NONE',  ( -5.000000017966709898, 502.0000000000000000, 14.19238815442339963 ) ) ;
#4932 = VERTEX_POINT ( 'NONE', #4703 ) ;
#4933 = CIRCLE ( 'NONE', #1497, 0.4999999999999995559 ) ;
#4934 = VECTOR ( 'NONE', #5125, 1000.000000000000000 ) ;
#4935 = CIRCLE ( 'NONE', #4244, 1.000000000000000888 ) ;
#4936 = EDGE_CURVE ( 'NONE', #4594, #3178, #4749, .T. ) ;
#4937 = VECTOR ( 'NONE', #3848, 1000.000000000000000 ) ;
#4938 = LINE ( 'NONE', #1263, #4929 ) ;
#4939 = ORIENTED_EDGE ( 'NONE', *, *, #4782, .F. ) ;
#4940 = LINE ( 'NONE', #2449, #5032 ) ;
#4941 = CIRCLE ( 'NONE', #5293, 4.999999869901410321 ) ;
#4942 = ORIENTED_EDGE ( 'NONE', *, *, #3232, .F. ) ;
#4943 = AXIS2_PLACEMENT_3D ( 'NONE', #4018, #341, #1984 ) ;
#4944 = ADVANCED_FACE ( 'NONE', ( #5056 ), #1854, .F. ) ;
#4945 = LINE ( 'NONE', #2586, #363 ) ;
#4946 = VECTOR ( 'NONE', #37, 1000.000000000000114 ) ;
#4947 = ORIENTED_EDGE ( 'NONE', *, *, #5105, .T. ) ;
#4948 = EDGE_LOOP ( 'NONE', ( #302, #616, #4801, #1487 ) ) ;
#4949 = DIRECTION ( 'NONE',  ( 1.000000000000000000, 0.000000000000000000, 0.000000000000000000 ) ) ;
#4950 = VERTEX_POINT ( 'NONE', #4239 ) ;
#4951 = EDGE_CURVE ( 'NONE', #1284, #1178, #216, .T. ) ;
#4952 = AXIS2_PLACEMENT_3D ( 'NONE', #4352, #2612, #1826 ) ;
#4953 = CARTESIAN_POINT ( 'NONE',  ( 0.000000000000000000, 500.0000000000000000, -20.00000000000000000 ) ) ;
#4954 = CARTESIAN_POINT ( 'NONE',  ( 16.00000000000000000, 500.0000000000000000, 18.19999999999999929 ) ) ;
#4955 = DIRECTION ( 'NONE',  ( -2.222200047431583316E-10, 0.000000000000000000, 1.000000000000000000 ) ) ;
#4956 = CARTESIAN_POINT ( 'NONE',  ( 3.376839827500000446, 500.0000000000000000, -5.498160177499999968 ) ) ;
#4957 = EDGE_CURVE ( 'NONE', #2256, #104, #2297, .T. ) ;
#4958 = FACE_OUTER_BOUND ( 'NONE', #1662, .T. ) ;
#4959 = VERTEX_POINT ( 'NONE', #4272 ) ;
#4960 = VECTOR ( 'NONE', #1991, 1000.000000000000000 ) ;
#4961 = FACE_OUTER_BOUND ( 'NONE', #65, .T. ) ;
#4962 = CARTESIAN_POINT ( 'NONE',  ( 16.00000000000000000, -500.0000000000000000, -20.00000000000000000 ) ) ;
#4963 = DIRECTION ( 'NONE',  ( 1.000000000000000000, 0.000000000000000000, 0.000000000000000000 ) ) ;
#4964 = VERTEX_POINT ( 'NONE', #2235 ) ;
#4965 = LINE ( 'NONE', #4564, #1082 ) ;
#4966 = CARTESIAN_POINT ( 'NONE',  ( -18.00000000000000000, -500.0000000000000000, -3.737499999999999822 ) ) ;
#4967 = ORIENTED_EDGE ( 'NONE', *, *, #2526, .T. ) ;
#4968 = ORIENTED_EDGE ( 'NONE', *, *, #2472, .F. ) ;
#4969 = LINE ( 'NONE', #4596, #3488 ) ;
#4970 = ADVANCED_FACE ( 'NONE', ( #191 ), #5241, .F. ) ;
#4971 = ORIENTED_EDGE ( 'NONE', *, *, #1138, .T. ) ;
#4972 = CARTESIAN_POINT ( 'NONE',  ( 15.50000000000000000, 500.0000000000000000, 2.875000000000000000 ) ) ;
#4973 = ADVANCED_FACE ( 'NONE', ( #3578 ), #334, .F. ) ;
#4974 = VERTEX_POINT ( 'NONE', #4440 ) ;
#4975 = ORIENTED_EDGE ( 'NONE', *, *, #615, .T. ) ;
#4976 = DIRECTION ( 'NONE',  ( -1.000000000000000000, 0.000000000000000000, 0.000000000000000000 ) ) ;
#4977 = LINE ( 'NONE', #5029, #4255 ) ;
#4978 = VERTEX_POINT ( 'NONE', #2755 ) ;
#4979 = DIRECTION ( 'NONE',  ( 1.000000000000000000, 0.000000000000000000, -1.040462578258159729E-08 ) ) ;
#4980 = CARTESIAN_POINT ( 'NONE',  ( -12.75000002847990110, 500.0000000000000000, -3.557611826337780503 ) ) ;
#4981 = LINE ( 'NONE', #172, #643 ) ;
#4982 = CARTESIAN_POINT ( 'NONE',  ( 18.19999999999999929, 502.0000000000000000, 16.00000000000000000 ) ) ;
#4983 = ORIENTED_EDGE ( 'NONE', *, *, #4034, .F. ) ;
#4984 = CARTESIAN_POINT ( 'NONE',  ( 10.00000000000000000, 502.0000000000000000, -14.19238813000000121 ) ) ;
#4985 = EDGE_CURVE ( 'NONE', #300, #4294, #2426, .T. ) ;
#4986 = EDGE_CURVE ( 'NONE', #4829, #4133, #727, .T. ) ;
#4987 = EDGE_CURVE ( 'NONE', #909, #1642, #1590, .T. ) ;
#4988 = LINE ( 'NONE', #4583, #3892 ) ;
#4989 = CARTESIAN_POINT ( 'NONE',  ( 18.50000000000000000, 500.0000000000000000, 4.000000000100000008 ) ) ;
#4990 = CARTESIAN_POINT ( 'NONE',  ( 11.79999999999999893, -500.0000000000000000, -12.30000000000000071 ) ) ;
#4991 = ORIENTED_EDGE ( 'NONE', *, *, #2193, .T. ) ;
#4992 = DIRECTION ( 'NONE',  ( 0.000000000000000000, -1.000000000000000000, 0.000000000000000000 ) ) ;
#4993 = EDGE_CURVE ( 'NONE', #3202, #1308, #4011, .T. ) ;
#4994 = CARTESIAN_POINT ( 'NONE',  ( -17.99999999990000177, 502.0000000000000000, -7.450000000000000178 ) ) ;
#4995 = ORIENTED_EDGE ( 'NONE', *, *, #4185, .F. ) ;
#4996 = DIRECTION ( 'NONE',  ( -1.000000000000000000, 0.000000000000000000, 0.000000000000000000 ) ) ;
#4997 = PLANE ( 'NONE',  #2508 ) ;
#4998 = ORIENTED_EDGE ( 'NONE', *, *, #1698, .T. ) ;
#4999 = ORIENTED_EDGE ( 'NONE', *, *, #1727, .F. ) ;
#5000 = DIRECTION ( 'NONE',  ( 0.000000000000000000, 0.000000000000000000, -1.000000000000000000 ) ) ;
#5001 = CARTESIAN_POINT ( 'NONE',  ( -3.737499999999999822, -500.0000000000000000, 18.00000000000000000 ) ) ;
#5002 = ORIENTED_EDGE ( 'NONE', *, *, #4957, .T. ) ;
#5003 = EDGE_CURVE ( 'NONE', #3372, #5216, #3919, .T. ) ;
#5004 = DIRECTION ( 'NONE',  ( 1.000000000000000000, 0.000000000000000000, 0.000000000000000000 ) ) ;
#5005 = CARTESIAN_POINT ( 'NONE',  ( 2.875000000000000000, 500.0000000000000000, 15.50000000000000000 ) ) ;
#5006 = DIRECTION ( 'NONE',  ( 0.7071067811865474617, 0.000000000000000000, -0.7071067811865474617 ) ) ;
#5007 = CARTESIAN_POINT ( 'NONE',  ( -10.00000000000000000, 500.0000000000000000, 14.19238813000000121 ) ) ;
#5008 = CARTESIAN_POINT ( 'NONE',  ( 12.30000000000000071, 500.0000000000000000, -11.79999999999999893 ) ) ;
#5009 = DIRECTION ( 'NONE',  ( 0.000000000000000000, 0.000000000000000000, 1.000000000000000000 ) ) ;
#5010 = ORIENTED_EDGE ( 'NONE', *, *, #2164, .F. ) ;
#5011 = VECTOR ( 'NONE', #829, 1000.000000000000000 ) ;
#5012 = EDGE_CURVE ( 'NONE', #4862, #4334, #5214, .T. ) ;
#5013 = EDGE_LOOP ( 'NONE', ( #4542, #4061, #3524, #3874 ) ) ;
#5014 = VECTOR ( 'NONE', #296, 1000.000000000000000 ) ;
#5015 = DIRECTION ( 'NONE',  ( 0.000000000000000000, -1.000000000000000000, 0.000000000000000000 ) ) ;
#5016 = ORIENTED_EDGE ( 'NONE', *, *, #3290, .T. ) ;
#5017 = EDGE_CURVE ( 'NONE', #2074, #4127, #5187, .T. ) ;
#5018 = VECTOR ( 'NONE', #5248, 1000.000000000000114 ) ;
#5019 = ORIENTED_EDGE ( 'NONE', *, *, #4731, .F. ) ;
#5020 = DIRECTION ( 'NONE',  ( 1.000000000000000000, 0.000000000000000000, 0.000000000000000000 ) ) ;
#5021 = AXIS2_PLACEMENT_3D ( 'NONE', #860, #1647, #3274 ) ;
#5022 = CARTESIAN_POINT ( 'NONE',  ( 7.450000000100000186, -500.0000000000000000, -17.54999999989999893 ) ) ;
#5023 = AXIS2_PLACEMENT_3D ( 'NONE', #164, #4745, #211 ) ;
#5024 = CIRCLE ( 'NONE', #2893, 0.5000000000000004441 ) ;
#5025 = AXIS2_PLACEMENT_3D ( 'NONE', #4051, #4888, #4179 ) ;
#5026 = EDGE_LOOP ( 'NONE', ( #1405, #2726, #4726, #2320 ) ) ;
#5027 = ORIENTED_EDGE ( 'NONE', *, *, #1042, .F. ) ;
#5028 = FACE_OUTER_BOUND ( 'NONE', #2920, .T. ) ;
#5029 = CARTESIAN_POINT ( 'NONE',  ( -3.557611840000000303, 502.0000000000000000, -7.750000000000000000 ) ) ;
#5030 = ORIENTED_EDGE ( 'NONE', *, *, #3894, .F. ) ;
#5031 = VECTOR ( 'NONE', #4869, 1000.000000000000000 ) ;
#5032 = VECTOR ( 'NONE', #1160, 1000.000000000000000 ) ;
#5033 = AXIS2_PLACEMENT_3D ( 'NONE', #1377, #152, #77 ) ;
#5034 = AXIS2_PLACEMENT_3D ( 'NONE', #1997, #4504, #354 ) ;
#5035 = CARTESIAN_POINT ( 'NONE',  ( 18.50000000000000000, -500.0000000000000000, -4.000000000000000000 ) ) ;
#5036 = CARTESIAN_POINT ( 'NONE',  ( -18.19999999999999929, 502.0000000000000000, -16.00000000000000000 ) ) ;
#5037 = ORIENTED_EDGE ( 'NONE', *, *, #433, .F. ) ;
#5038 = VECTOR ( 'NONE', #4949, 1000.000000000000000 ) ;
#5039 = LINE ( 'NONE', #97, #4089 ) ;
#5040 = EDGE_CURVE ( 'NONE', #2778, #88, #299, .T. ) ;
#5041 = AXIS2_PLACEMENT_3D ( 'NONE', #967, #5160, #1472 ) ;
#5042 = ADVANCED_FACE ( 'NONE', ( #1563 ), #3944, .F. ) ;
#5043 = LINE ( 'NONE', #3831, #205 ) ;
#5044 = CARTESIAN_POINT ( 'NONE',  ( 8.750000000000000000, 500.0000000000000000, -4.000000000000000000 ) ) ;
#5045 = ORIENTED_EDGE ( 'NONE', *, *, #2638, .T. ) ;
#5046 = ORIENTED_EDGE ( 'NONE', *, *, #1985, .F. ) ;
#5047 = DIRECTION ( 'NONE',  ( 0.000000000000000000, 1.000000000000000000, 0.000000000000000000 ) ) ;
#5048 = EDGE_LOOP ( 'NONE', ( #4201, #1539, #676, #5104 ) ) ;
#5049 = ORIENTED_EDGE ( 'NONE', *, *, #3537, .F. ) ;
#5050 = FACE_OUTER_BOUND ( 'NONE', #5048, .T. ) ;
#5051 = CARTESIAN_POINT ( 'NONE',  ( 7.450000000000000178, 502.0000000000000000, 18.00000000000000000 ) ) ;
#5052 = ADVANCED_FACE ( 'NONE', ( #4839 ), #1161, .F. ) ;
#5053 = ORIENTED_EDGE ( 'NONE', *, *, #4506, .T. ) ;
#5054 = VERTEX_POINT ( 'NONE', #5264 ) ;
#5055 = DIRECTION ( 'NONE',  ( 1.000000000000000000, 0.000000000000000000, 3.469446951953611033E-15 ) ) ;
#5056 = FACE_OUTER_BOUND ( 'NONE', #4793, .T. ) ;
#5057 = ORIENTED_EDGE ( 'NONE', *, *, #4556, .F. ) ;
#5058 = LINE ( 'NONE', #1374, #3733 ) ;
#5059 = LINE ( 'NONE', #1375, #1409 ) ;
#5060 = VERTEX_POINT ( 'NONE', #1192 ) ;
#5061 = CYLINDRICAL_SURFACE ( 'NONE', #5033, 0.4499999999999999001 ) ;
#5062 = LINE ( 'NONE', #978, #1837 ) ;
#5063 = LINE ( 'NONE', #2521, #4514 ) ;
#5064 = VERTEX_POINT ( 'NONE', #1502 ) ;
#5065 = CARTESIAN_POINT ( 'NONE',  ( -7.500000000000000000, -500.0000000000000000, -11.79999999999999893 ) ) ;
#5066 = ORIENTED_EDGE ( 'NONE', *, *, #4355, .T. ) ;
#5067 = EDGE_CURVE ( 'NONE', #646, #3662, #2839, .T. ) ;
#5068 = LINE ( 'NONE', #2150, #733 ) ;
#5069 = VERTEX_POINT ( 'NONE', #787 ) ;
#5070 = FACE_OUTER_BOUND ( 'NONE', #4025, .T. ) ;
#5071 = LINE ( 'NONE', #3493, #5194 ) ;
#5072 = ADVANCED_FACE ( 'NONE', ( #3428 ), #3079, .F. ) ;
#5073 = EDGE_CURVE ( 'NONE', #1381, #4826, #3510, .T. ) ;
#5074 = ORIENTED_EDGE ( 'NONE', *, *, #1265, .F. ) ;
#5075 = ORIENTED_EDGE ( 'NONE', *, *, #3376, .T. ) ;
#5076 = DIRECTION ( 'NONE',  ( 0.000000000000000000, 1.000000000000000000, 0.000000000000000000 ) ) ;
#5077 = LINE ( 'NONE', #3112, #4527 ) ;
#5078 = EDGE_LOOP ( 'NONE', ( #4719, #2001, #5300, #5037 ) ) ;
#5079 = EDGE_CURVE ( 'NONE', #1808, #3113, #4368, .T. ) ;
#5080 = DIRECTION ( 'NONE',  ( 0.000000000000000000, -1.000000000000000000, 0.000000000000000000 ) ) ;
#5081 = LINE ( 'NONE', #2657, #635 ) ;
#5082 = FACE_OUTER_BOUND ( 'NONE', #1786, .T. ) ;
#5083 = ADVANCED_FACE ( 'NONE', ( #4339 ), #4659, .F. ) ;
#5084 = DIRECTION ( 'NONE',  ( 0.000000000000000000, -1.000000000000000000, 0.000000000000000000 ) ) ;
#5085 = EDGE_CURVE ( 'NONE', #1135, #2493, #1384, .T. ) ;
#5086 = FACE_BOUND ( 'NONE', #2152, .T. ) ;
#5087 = LINE ( 'NONE', #2328, #2974 ) ;
#5088 = VERTEX_POINT ( 'NONE', #5175 ) ;
#5089 = CIRCLE ( 'NONE', #3013, 4.999999982033290102 ) ;
#5090 = DIRECTION ( 'NONE',  ( 1.000000000000000000, 0.000000000000000000, 2.222200047431583316E-10 ) ) ;
#5091 = VERTEX_POINT ( 'NONE', #2272 ) ;
#5092 = CARTESIAN_POINT ( 'NONE',  ( -17.50000000000000000, 502.0000000000000000, 4.000000000000000000 ) ) ;
#5093 = VECTOR ( 'NONE', #2975, 1000.000000000000000 ) ;
#5094 = CARTESIAN_POINT ( 'NONE',  ( -18.19999999999999929, -500.0000000000000000, -12.30000000000000071 ) ) ;
#5095 = VERTEX_POINT ( 'NONE', #1839 ) ;
#5096 = DIRECTION ( 'NONE',  ( 0.000000000000000000, 0.000000000000000000, 1.000000000000000000 ) ) ;
#5097 = EDGE_CURVE ( 'NONE', #2100, #1315, #4738, .T. ) ;
#5098 = LINE ( 'NONE', #5051, #1330 ) ;
#5099 = VERTEX_POINT ( 'NONE', #3533 ) ;
#5100 = ORIENTED_EDGE ( 'NONE', *, *, #2896, .F. ) ;
#5101 = CARTESIAN_POINT ( 'NONE',  ( 17.69999999999999929, -500.0000000000000000, 12.30000000000000071 ) ) ;
#5103 = VECTOR ( 'NONE', #4230, 1000.000000000000000 ) ;
#5102 = LINE ( 'NONE', #673, #3494 ) ;
#5104 = ORIENTED_EDGE ( 'NONE', *, *, #2217, .T. ) ;
#5105 = EDGE_CURVE ( 'NONE', #84, #1315, #4616, .T. ) ;
#5106 = AXIS2_PLACEMENT_3D ( 'NONE', #4197, #519, #2161 ) ;
#5107 = AXIS2_PLACEMENT_3D ( 'NONE', #2419, #2046, #1930 ) ;
#5108 = VECTOR ( 'NONE', #1056, 1000.000000000000000 ) ;
#5109 = ORIENTED_EDGE ( 'NONE', *, *, #183, .T. ) ;
#5110 = EDGE_CURVE ( 'NONE', #76, #1706, #3910, .T. ) ;
#5111 = AXIS2_PLACEMENT_3D ( 'NONE', #2021, #4459, #4435 ) ;
#5112 = CARTESIAN_POINT ( 'NONE',  ( 17.99999999990000177, 502.0000000000000000, 7.450000000000000178 ) ) ;
#5113 = CARTESIAN_POINT ( 'NONE',  ( 15.50000000000000000, -500.0000000000000000, -2.875000000000000000 ) ) ;
#5114 = AXIS2_PLACEMENT_3D ( 'NONE', #2219, #3855, #176 ) ;
#5115 = AXIS2_PLACEMENT_3D ( 'NONE', #1625, #31, #1648 ) ;
#5116 = EDGE_CURVE ( 'NONE', #1745, #2709, #71, .T. ) ;
#5117 = AXIS2_PLACEMENT_3D ( 'NONE', #4631, #1673, #3306 ) ;
#5118 = CARTESIAN_POINT ( 'NONE',  ( -15.50000000000000000, -500.0000000000000000, -6.500000000000000000 ) ) ;
#5119 = CARTESIAN_POINT ( 'NONE',  ( 6.465638795256660138E-16, 500.0000000000000000, -8.881784197001250351E-16 ) ) ;
#5120 = CARTESIAN_POINT ( 'NONE',  ( 16.00000000000000000, -500.0000000000000000, 20.00000000000000000 ) ) ;
#5121 = EDGE_LOOP ( 'NONE', ( #4898, #1351, #1717, #2833 ) ) ;
#5122 = AXIS2_PLACEMENT_3D ( 'NONE', #4262, #583, #2223 ) ;
#5123 = CARTESIAN_POINT ( 'NONE',  ( -14.19238813000000121, 502.0000000000000000, -10.00000000000000000 ) ) ;
#5124 = ORIENTED_EDGE ( 'NONE', *, *, #2445, .F. ) ;
#5125 = DIRECTION ( 'NONE',  ( 0.000000000000000000, -1.000000000000000000, 0.000000000000000000 ) ) ;
#5126 = CARTESIAN_POINT ( 'NONE',  ( 17.55000000000000071, -500.0000000000000000, 7.000000000000000000 ) ) ;
#5127 = ORIENTED_EDGE ( 'NONE', *, *, #1348, .F. ) ;
#5128 = LINE ( 'NONE', #2775, #4610 ) ;
#5129 = DIRECTION ( 'NONE',  ( 0.000000000000000000, -1.000000000000000000, 0.000000000000000000 ) ) ;
#5130 = ORIENTED_EDGE ( 'NONE', *, *, #680, .F. ) ;
#5131 = ORIENTED_EDGE ( 'NONE', *, *, #681, .T. ) ;
#5132 = EDGE_CURVE ( 'NONE', #1118, #1820, #3101, .T. ) ;
#5133 = CARTESIAN_POINT ( 'NONE',  ( -18.50000000000000000, 502.0000000000000000, -4.000000000100000008 ) ) ;
#5134 = CARTESIAN_POINT ( 'NONE',  ( -3.557611840000000303, -500.0000000000000000, -7.750000000000000000 ) ) ;
#5135 = VERTEX_POINT ( 'NONE', #1460 ) ;
#5136 = VERTEX_POINT ( 'NONE', #982 ) ;
#5137 = ORIENTED_EDGE ( 'NONE', *, *, #2137, .T. ) ;
#5138 = ORIENTED_EDGE ( 'NONE', *, *, #4957, .F. ) ;
#5139 = ORIENTED_EDGE ( 'NONE', *, *, #3772, .T. ) ;
#5140 = CARTESIAN_POINT ( 'NONE',  ( -3.737499999999999822, 500.0000000000000000, -18.00000000000000000 ) ) ;
#5141 = LINE ( 'NONE', #5113, #319 ) ;
#5142 = CARTESIAN_POINT ( 'NONE',  ( -20.00000000000000000, -500.0000000000000000, -5.500000000000000000 ) ) ;
#5143 = EDGE_CURVE ( 'NONE', #403, #538, #4095, .T. ) ;
#5144 = CYLINDRICAL_SURFACE ( 'NONE', #3548, 0.4499999999999990119 ) ;
#5145 = DIRECTION ( 'NONE',  ( 0.000000000000000000, 1.000000000000000000, 0.000000000000000000 ) ) ;
#5146 = ORIENTED_EDGE ( 'NONE', *, *, #1243, .T. ) ;
#5147 = EDGE_CURVE ( 'NONE', #5095, #2014, #2048, .T. ) ;
#5148 = EDGE_CURVE ( 'NONE', #4609, #3115, #1486, .T. ) ;
#5149 = DIRECTION ( 'NONE',  ( 0.000000000000000000, 1.000000000000000000, 0.000000000000000000 ) ) ;
#5150 = VERTEX_POINT ( 'NONE', #1407 ) ;
#5151 = DIRECTION ( 'NONE',  ( -6.666657966410595850E-11, 0.000000000000000000, 1.000000000000000000 ) ) ;
#5152 = FACE_OUTER_BOUND ( 'NONE', #2089, .T. ) ;
#5153 = ORIENTED_EDGE ( 'NONE', *, *, #1540, .F. ) ;
#5154 = DIRECTION ( 'NONE',  ( 0.000000000000000000, 0.000000000000000000, 1.000000000000000000 ) ) ;
#5155 = EDGE_CURVE ( 'NONE', #867, #2015, #3672, .T. ) ;
#5156 = CARTESIAN_POINT ( 'NONE',  ( 7.423097032500000303, -500.0000000000000000, 10.00000000000000000 ) ) ;
#5157 = ORIENTED_EDGE ( 'NONE', *, *, #3573, .T. ) ;
#5158 = VERTEX_POINT ( 'NONE', #2639 ) ;
#5159 = CARTESIAN_POINT ( 'NONE',  ( -18.19999999999999929, -500.0000000000000000, 16.00000000000000000 ) ) ;
#5160 = DIRECTION ( 'NONE',  ( 0.000000000000000000, -1.000000000000000000, 0.000000000000000000 ) ) ;
#5161 = ORIENTED_EDGE ( 'NONE', *, *, #3796, .F. ) ;
#5162 = VECTOR ( 'NONE', #1106, 1000.000000000000000 ) ;
#5163 = ORIENTED_EDGE ( 'NONE', *, *, #4451, .F. ) ;
#5164 = ORIENTED_EDGE ( 'NONE', *, *, #2898, .F. ) ;
#5165 = CARTESIAN_POINT ( 'NONE',  ( -20.00000000000000000, 500.0000000000000000, 16.00000000000000000 ) ) ;
#5166 = DIRECTION ( 'NONE',  ( 0.000000000000000000, 1.000000000000000000, 0.000000000000000000 ) ) ;
#5167 = ADVANCED_FACE ( 'NONE', ( #2333 ), #1797, .F. ) ;
#5168 = DIRECTION ( 'NONE',  ( -0.7071067811865474617, 0.000000000000000000, -0.7071067811865474617 ) ) ;
#5169 = CARTESIAN_POINT ( 'NONE',  ( -16.00000000000000000, 500.0000000000000000, -20.00000000000000000 ) ) ;
#5170 = CARTESIAN_POINT ( 'NONE',  ( 15.49999999989999999, 500.0000000000000000, 7.499999999899999992 ) ) ;
#5171 = CARTESIAN_POINT ( 'NONE',  ( 12.30000000000000071, -500.0000000000000000, 11.79999999999999893 ) ) ;
#5172 = CARTESIAN_POINT ( 'NONE',  ( -17.69999999999999929, 502.0000000000000000, 11.79999999999999893 ) ) ;
#5173 = EDGE_LOOP ( 'NONE', ( #2056, #4195, #278, #581 ) ) ;
#5174 = EDGE_CURVE ( 'NONE', #3202, #76, #3857, .T. ) ;
#5175 = CARTESIAN_POINT ( 'NONE',  ( 17.99999999990000177, -500.0000000000000000, 7.450000000000000178 ) ) ;
#5176 = ORIENTED_EDGE ( 'NONE', *, *, #3743, .F. ) ;
#5177 = PLANE ( 'NONE',  #3805 ) ;
#5178 = DIRECTION ( 'NONE',  ( 4.884684341243943186E-09, 0.000000000000000000, -1.000000000000000000 ) ) ;
#5179 = CARTESIAN_POINT ( 'NONE',  ( -15.50000000010000001, 502.0000000000000000, 6.500000000000000000 ) ) ;
#5180 = DIRECTION ( 'NONE',  ( -1.999928000984143172E-10, 0.000000000000000000, 1.000000000000000000 ) ) ;
#5181 = VECTOR ( 'NONE', #3122, 1000.000000000000000 ) ;
#5182 = ADVANCED_FACE ( 'NONE', ( #2664 ), #4283, .F. ) ;
#5183 = EDGE_CURVE ( 'NONE', #4353, #3401, #494, .T. ) ;
#5184 = LINE ( 'NONE', #4276, #3649 ) ;
#5185 = ORIENTED_EDGE ( 'NONE', *, *, #896, .F. ) ;
#5186 = CARTESIAN_POINT ( 'NONE',  ( -18.49999999990000177, -500.0000000000000000, -5.500000000099999120 ) ) ;
#5187 = LINE ( 'NONE', #5218, #756 ) ;
#5188 = ORIENTED_EDGE ( 'NONE', *, *, #1643, .F. ) ;
#5189 = ORIENTED_EDGE ( 'NONE', *, *, #3588, .F. ) ;
#5190 = ORIENTED_EDGE ( 'NONE', *, *, #4904, .T. ) ;
#5191 = LINE ( 'NONE', #1829, #3398 ) ;
#5192 = VECTOR ( 'NONE', #1031, 1000.000000000000000 ) ;
#5193 = AXIS2_PLACEMENT_3D ( 'NONE', #2166, #524, #4146 ) ;
#5194 = VECTOR ( 'NONE', #1390, 1000.000000000000000 ) ;
#5195 = VECTOR ( 'NONE', #4147, 1000.000000000000000 ) ;
#5196 = FACE_OUTER_BOUND ( 'NONE', #3175, .T. ) ;
#5197 = CYLINDRICAL_SURFACE ( 'NONE', #4665, 4.000000000000000000 ) ;
#5198 = AXIS2_PLACEMENT_3D ( 'NONE', #4799, #1435, #4392 ) ;
#5199 = DIRECTION ( 'NONE',  ( 0.000000000000000000, 1.000000000000000000, 0.000000000000000000 ) ) ;
#5200 = ORIENTED_EDGE ( 'NONE', *, *, #260, .T. ) ;
#5201 = EDGE_CURVE ( 'NONE', #2394, #4964, #1149, .T. ) ;
#5202 = AXIS2_PLACEMENT_3D ( 'NONE', #2313, #5213, #1534 ) ;
#5203 = AXIS2_PLACEMENT_3D ( 'NONE', #1413, #2721, #4743 ) ;
#5204 = VECTOR ( 'NONE', #3951, 1000.000000000000000 ) ;
#5205 = ORIENTED_EDGE ( 'NONE', *, *, #1727, .T. ) ;
#5206 = DIRECTION ( 'NONE',  ( -4.000029474315882345E-11, 0.000000000000000000, 1.000000000000000000 ) ) ;
#5207 = ORIENTED_EDGE ( 'NONE', *, *, #1614, .T. ) ;
#5208 = PLANE ( 'NONE',  #2032 ) ;
#5209 = CARTESIAN_POINT ( 'NONE',  ( -10.00000000000000000, 502.0000000000000000, 14.19238813000000121 ) ) ;
#5210 = DIRECTION ( 'NONE',  ( -3.999856001968282080E-11, 0.000000000000000000, 1.000000000000000000 ) ) ;
#5211 = CIRCLE ( 'NONE', #3318, 4.999999982033290102 ) ;
#5212 = CARTESIAN_POINT ( 'NONE',  ( 5.000000000000000000, 502.0000000000000000, 15.50000000000000000 ) ) ;
#5213 = DIRECTION ( 'NONE',  ( -1.000000000000000000, 0.000000000000000000, 0.000000000000000000 ) ) ;
#5214 = CIRCLE ( 'NONE', #2906, 0.4499999999999990119 ) ;
#5215 = DIRECTION ( 'NONE',  ( 1.000000000000000000, 0.000000000000000000, 0.000000000000000000 ) ) ;
#5216 = VERTEX_POINT ( 'NONE', #322 ) ;
#5217 = LINE ( 'NONE', #4748, #740 ) ;
#5218 = CARTESIAN_POINT ( 'NONE',  ( 17.69999999999999929, 502.0000000000000000, 11.79999999999999893 ) ) ;
#5219 = ORIENTED_EDGE ( 'NONE', *, *, #4753, .F. ) ;
#5220 = ADVANCED_FACE ( 'NONE', ( #890 ), #2541, .F. ) ;
#5221 = ORIENTED_EDGE ( 'NONE', *, *, #378, .F. ) ;
#5222 = ORIENTED_EDGE ( 'NONE', *, *, #1359, .T. ) ;
#5223 = CARTESIAN_POINT ( 'NONE',  ( -11.79999999999999893, 500.0000000000000000, 17.69999999999999929 ) ) ;
#5224 = DIRECTION ( 'NONE',  ( 3.999856001968282080E-11, 0.000000000000000000, -1.000000000000000000 ) ) ;
#5225 = DIRECTION ( 'NONE',  ( 0.000000000000000000, 0.000000000000000000, 1.000000000000000000 ) ) ;
#5226 = DIRECTION ( 'NONE',  ( 0.000000000000000000, 0.000000000000000000, 1.000000000000000000 ) ) ;
#5227 = CARTESIAN_POINT ( 'NONE',  ( 10.65685425999999936, 500.0000000000000000, -8.535533909999999835 ) ) ;
#5228 = CARTESIAN_POINT ( 'NONE',  ( 20.00000000000000000, 500.0000000000000000, 0.000000000000000000 ) ) ;
#5229 = FACE_OUTER_BOUND ( 'NONE', #1541, .T. ) ;
#5230 = ORIENTED_EDGE ( 'NONE', *, *, #4306, .T. ) ;
#5231 = ADVANCED_FACE ( 'NONE', ( #3189 ), #849, .F. ) ;
#5232 = LINE ( 'NONE', #4856, #4960 ) ;
#5233 = VERTEX_POINT ( 'NONE', #1925 ) ;
#5234 = FACE_OUTER_BOUND ( 'NONE', #5253, .T. ) ;
#5235 = ORIENTED_EDGE ( 'NONE', *, *, #2463, .F. ) ;
#5236 = VERTEX_POINT ( 'NONE', #4114 ) ;
#5237 = PLANE ( 'NONE',  #5277 ) ;
#5238 = CARTESIAN_POINT ( 'NONE',  ( -8.535533909999999835, 500.0000000000000000, -10.65685425999999936 ) ) ;
#5239 = LINE ( 'NONE', #3142, #817 ) ;
#5240 = VERTEX_POINT ( 'NONE', #1120 ) ;
#5241 = PLANE ( 'NONE',  #3064 ) ;
#5242 = ORIENTED_EDGE ( 'NONE', *, *, #1322, .F. ) ;
#5243 = ORIENTED_EDGE ( 'NONE', *, *, #821, .F. ) ;
#5244 = ORIENTED_EDGE ( 'NONE', *, *, #842, .F. ) ;
#5245 = DIRECTION ( 'NONE',  ( -1.000000000000000000, 0.000000000000000000, -3.469446951953611033E-15 ) ) ;
#5246 = DIRECTION ( 'NONE',  ( 0.7071067807047832776, 0.000000000000000000, 0.7071067816683118679 ) ) ;
#5247 = DIRECTION ( 'NONE',  ( 0.000000000000000000, 0.000000000000000000, -1.000000000000000000 ) ) ;
#5248 = DIRECTION ( 'NONE',  ( -0.7071067811865474617, 0.000000000000000000, 0.7071067811865474617 ) ) ;
#5249 = CARTESIAN_POINT ( 'NONE',  ( -20.00000000000000000, 500.0000000000000000, -5.500000000000000000 ) ) ;
#5250 = EDGE_CURVE ( 'NONE', #1785, #111, #5252, .T. ) ;
#5251 = CARTESIAN_POINT ( 'NONE',  ( 7.500000000000000000, -500.0000000000000000, 17.99999999990000177 ) ) ;
#5252 = LINE ( 'NONE', #3161, #3924 ) ;
#5253 = EDGE_LOOP ( 'NONE', ( #1133, #2149, #2731, #3100 ) ) ;
#5254 = LINE ( 'NONE', #2771, #1669 ) ;
#5255 = EDGE_CURVE ( 'NONE', #5054, #1444, #3312, .T. ) ;
#5256 = CARTESIAN_POINT ( 'NONE',  ( -11.79999999999999893, -500.0000000000000000, 17.69999999999999929 ) ) ;
#5257 = VERTEX_POINT ( 'NONE', #4828 ) ;
#5258 = DIRECTION ( 'NONE',  ( 0.000000000000000000, 0.000000000000000000, -1.000000000000000000 ) ) ;
#5259 = APPLICATION_CONTEXT ( 'automotive_design' ) ;
#5260 = CARTESIAN_POINT ( 'NONE',  ( 11.79999999999999893, 500.0000000000000000, -7.500000000000000000 ) ) ;
#5261 = CARTESIAN_POINT ( 'NONE',  ( 9.999999999899998215, -500.0000000000000000, -15.50000000000000000 ) ) ;
#5262 = ORIENTED_EDGE ( 'NONE', *, *, #2331, .T. ) ;
#5263 = DIRECTION ( 'NONE',  ( 0.000000000000000000, 0.000000000000000000, 1.000000000000000000 ) ) ;
#5264 = CARTESIAN_POINT ( 'NONE',  ( 7.000000000000000000, 500.0000000000000000, 16.00000000000000000 ) ) ;
#5265 = VERTEX_POINT ( 'NONE', #4024 ) ;
#5266 = ADVANCED_FACE ( 'NONE', ( #750 ), #4423, .T. ) ;
#5267 = VERTEX_POINT ( 'NONE', #1272 ) ;
#5268 = VERTEX_POINT ( 'NONE', #4395 ) ;
#5269 = EDGE_CURVE ( 'NONE', #1213, #4723, #4533, .T. ) ;
#5271 = AXIS2_PLACEMENT_3D ( 'NONE', #3956, #1480, #1055 ) ;
#5270 = LINE ( 'NONE', #4467, #1005 ) ;
#5272 = DIRECTION ( 'NONE',  ( 0.000000000000000000, 1.000000000000000000, 0.000000000000000000 ) ) ;
#5273 = AXIS2_PLACEMENT_3D ( 'NONE', #4926, #95, #445 ) ;
#5274 = EDGE_CURVE ( 'NONE', #4704, #189, #496, .T. ) ;
#5275 = CARTESIAN_POINT ( 'NONE',  ( 4.000000000000000000, 500.0000000000000000, -16.50000000000000000 ) ) ;
#5276 = DIRECTION ( 'NONE',  ( 0.000000000000000000, 0.000000000000000000, 1.000000000000000000 ) ) ;
#5277 = AXIS2_PLACEMENT_3D ( 'NONE', #3253, #1209, #4078 ) ;
#5278 = CYLINDRICAL_SURFACE ( 'NONE', #3311, 5.000000028479869130 ) ;
#5279 = CIRCLE ( 'NONE', #1841, 2.499999999999998668 ) ;
#5280 = EDGE_CURVE ( 'NONE', #4269, #4007, #2769, .T. ) ;
#5281 = VECTOR ( 'NONE', #3206, 1000.000000000000000 ) ;
#5282 = VECTOR ( 'NONE', #4976, 1000.000000000000000 ) ;
#5283 = ORIENTED_EDGE ( 'NONE', *, *, #2937, .F. ) ;
#5284 = ORIENTED_EDGE ( 'NONE', *, *, #5073, .F. ) ;
#5285 = CIRCLE ( 'NONE', #2722, 1.000000000000000000 ) ;
#5286 = DIRECTION ( 'NONE',  ( -1.000000000000000000, 0.000000000000000000, 0.000000000000000000 ) ) ;
#5287 = CARTESIAN_POINT ( 'NONE',  ( -7.450000000000000178, -500.0000000000000000, -18.00000000000000000 ) ) ;
#5288 = DIRECTION ( 'NONE',  ( 0.000000000000000000, -1.000000000000000000, 0.000000000000000000 ) ) ;
#5289 = ORIENTED_EDGE ( 'NONE', *, *, #387, .T. ) ;
#5290 = AXIS2_PLACEMENT_3D ( 'NONE', #4836, #2422, #4892 ) ;
#5291 = AXIS2_PLACEMENT_3D ( 'NONE', #3587, #3549, #5224 ) ;
#5292 = DIRECTION ( 'NONE',  ( 0.000000000000000000, 0.000000000000000000, -1.000000000000000000 ) ) ;
#5293 = AXIS2_PLACEMENT_3D ( 'NONE', #1920, #2742, #3554 ) ;
#5294 = DIRECTION ( 'NONE',  ( 0.000000000000000000, -1.000000000000000000, 0.000000000000000000 ) ) ;
#5295 = AXIS2_PLACEMENT_3D ( 'NONE', #624, #1455, #742 ) ;
#5296 = CARTESIAN_POINT ( 'NONE',  ( 16.50000000000000000, 500.0000000000000000, 4.000000000000000000 ) ) ;
#5297 = ORIENTED_EDGE ( 'NONE', *, *, #976, .T. ) ;
#5298 = ORIENTED_EDGE ( 'NONE', *, *, #3442, .T. ) ;
#5299 = AXIS2_PLACEMENT_3D ( 'NONE', #4715, #1035, #261 ) ;
#5300 = ORIENTED_EDGE ( 'NONE', *, *, #3609, .F. ) ;
#5301 = EDGE_CURVE ( 'NONE', #1798, #943, #5232, .T. ) ;
#5302 = EDGE_LOOP ( 'NONE', ( #4692, #3188, #1591, #2947 ) ) ;
#5303 = CARTESIAN_POINT ( 'NONE',  ( 18.50000000000000000, -500.0000000000000000, 4.000000000100000008 ) ) ;
#5304 = ADVANCED_FACE ( 'NONE', ( #72 ), #3618, .F. ) ;
#5305 = CARTESIAN_POINT ( 'NONE',  ( 4.000000000100000008, -500.0000000000000000, 16.50000000000000000 ) ) ;
#5306 = DIRECTION ( 'NONE',  ( 0.000000000000000000, -1.000000000000000000, 0.000000000000000000 ) ) ;
#5307 = DIRECTION ( 'NONE',  ( 0.7071067825525400030, 0.000000000000000000, 0.7071067798205549204 ) ) ;
#5308 = DIRECTION ( 'NONE',  ( 1.000000000000000000, 0.000000000000000000, 9.999813477268295448E-11 ) ) ;
#5309 = ORIENTED_EDGE ( 'NONE', *, *, #4338, .F. ) ;
#5310 = EDGE_CURVE ( 'NONE', #3662, #1320, #1622, .T. ) ;
#5311 = ORIENTED_EDGE ( 'NONE', *, *, #1803, .F. ) ;
#5312 = ORIENTED_EDGE ( 'NONE', *, *, #1383, .T. ) ;
#5313 = DIRECTION ( 'NONE',  ( -0.7071067807047832776, 0.000000000000000000, -0.7071067816683118679 ) ) ;
ENDSEC;
END-ISO-10303-21;
